# Murti generated mesh: 2194 verts, 4384 faces
o a_sphere
v -0.377499 -0.112903 -0.274194
v -0.370968 -0.112903 -0.296021
v -0.370968 -0.142377 -0.274194
v -0.370968 -0.134775 -0.241935
v -0.376841 -0.112903 -0.241935
v -0.370968 -0.112903 -0.219987
v -0.374987 -0.080645 -0.306452
v -0.370968 -0.080645 -0.312146
v -0.370968 -0.098145 -0.306452
v -0.382827 -0.080645 -0.274194
v -0.383325 -0.080645 -0.241935
v -0.370968 -0.105733 -0.209677
v -0.379639 -0.080645 -0.209677
v -0.370968 -0.080645 -0.177511
v -0.379753 -0.048387 -0.306452
v -0.370968 -0.048387 -0.320114
v -0.386262 -0.048387 -0.274194
v -0.387068 -0.048387 -0.241935
v -0.385159 -0.048387 -0.209677
v -0.370968 -0.080573 -0.177419
v -0.381530 -0.048387 -0.177419
v -0.370968 -0.056012 -0.145161
v -0.374437 -0.048387 -0.145161
v -0.370968 -0.048387 -0.133537
v -0.383888 -0.016129 -0.306452
v -0.370968 -0.016129 -0.328539
v -0.389047 -0.016129 -0.274194
v -0.390415 -0.016129 -0.241935
v -0.388995 -0.016129 -0.209677
v -0.387134 -0.016129 -0.177419
v -0.382974 -0.016129 -0.145161
v -0.370968 -0.033602 -0.112903
v -0.377676 -0.016129 -0.112903
v -0.370968 -0.016129 -0.089508
v -0.385194 0.016129 -0.306452
v -0.370968 0.016129 -0.333616
v -0.390704 0.016129 -0.274194
v -0.392875 0.016129 -0.241935
v -0.391565 0.016129 -0.209677
v -0.390053 0.016129 -0.177419
v -0.386471 0.016129 -0.145161
v -0.382249 0.016129 -0.112903
v -0.370968 -0.002144 -0.080645
v -0.374678 0.016129 -0.080645
v -0.370968 0.016129 -0.065905
v -0.382181 0.048387 -0.306452
v -0.370968 0.048387 -0.327091
v -0.387697 0.048387 -0.274194
v -0.389390 0.048387 -0.241935
v -0.388738 0.048387 -0.209677
v -0.387693 0.048387 -0.177419
v -0.384149 0.048387 -0.145161
v -0.379715 0.048387 -0.112903
v -0.370968 0.048387 -0.081920
v -0.370968 0.045223 -0.080645
v -0.370968 0.077949 -0.306452
v -0.379251 0.080645 -0.274194
v -0.370968 0.080645 -0.302851
v -0.380958 0.080645 -0.241935
v -0.381308 0.080645 -0.209677
v -0.379551 0.080645 -0.177419
v -0.376334 0.080645 -0.145161
v -0.370968 0.080645 -0.122071
v -0.370968 0.074726 -0.112903
v -0.370968 0.093313 -0.274194
v -0.370968 0.096205 -0.241935
v -0.370968 0.096905 -0.209677
v -0.370968 0.094557 -0.177419
v -0.370968 0.089496 -0.145161
v -0.354552 -0.177419 -0.274194
v -0.338710 -0.177419 -0.305115
v -0.338710 -0.190464 -0.274194
v -0.338710 -0.190139 -0.241935
v -0.352220 -0.177419 -0.241935
v -0.338710 -0.178531 -0.209677
v -0.339810 -0.177419 -0.209677
v -0.338710 -0.177419 -0.207744
v -0.357204 -0.145161 -0.306452
v -0.338710 -0.145161 -0.322128
v -0.338710 -0.176326 -0.306452
v -0.369980 -0.145161 -0.274194
v -0.367142 -0.145161 -0.241935
v -0.357170 -0.145161 -0.209677
v -0.338710 -0.156671 -0.177419
v -0.345845 -0.145161 -0.177419
v -0.338710 -0.145161 -0.163889
v -0.366102 -0.112903 -0.306452
v -0.338710 -0.112903 -0.331373
v -0.367571 -0.112903 -0.209677
v -0.357481 -0.112903 -0.177419
v -0.338710 -0.128869 -0.145161
v -0.347650 -0.112903 -0.145161
v -0.338710 -0.112903 -0.121510
v -0.342293 -0.112903 0.145161
v -0.338710 -0.112903 0.118328
v -0.338710 -0.122701 0.145161
v -0.338710 -0.119411 0.177419
v -0.341111 -0.112903 0.177419
v -0.338710 -0.112903 0.191036
v -0.341837 -0.080645 -0.338710
v -0.338710 -0.080645 -0.341103
v -0.338710 -0.089154 -0.338710
v -0.370934 -0.080645 -0.177419
v -0.360612 -0.080645 -0.145161
v -0.338710 -0.107783 -0.112903
v -0.353695 -0.080645 -0.112903
v -0.338710 -0.089767 -0.080645
v -0.344714 -0.080645 -0.080645
v -0.338710 -0.080645 -0.058579
v -0.341174 -0.080645 0.048387
v -0.338710 -0.080645 0.037897
v -0.338710 -0.084783 0.048387
v -0.338710 -0.098552 0.080645
v -0.347717 -0.080645 0.080645
v -0.338710 -0.111529 0.112903
v -0.352309 -0.080645 0.112903
v -0.353104 -0.080645 0.145161
v -0.352572 -0.080645 0.177419
v -0.338710 -0.107296 0.209677
v -0.349855 -0.080645 0.209677
v -0.338710 -0.092765 0.241935
v -0.344773 -0.080645 0.241935
v -0.338710 -0.080645 0.258231
v -0.352248 -0.048387 -0.338710
v -0.338710 -0.048387 -0.348527
v -0.364634 -0.048387 -0.112903
v -0.357120 -0.048387 -0.080645
v -0.338710 -0.075338 -0.048387
v -0.351735 -0.048387 -0.048387
v -0.338710 -0.067729 -0.016129
v -0.348428 -0.048387 -0.016129
v -0.338710 -0.071114 0.016129
v -0.348992 -0.048387 0.016129
v -0.352479 -0.048387 0.048387
v -0.355535 -0.048387 0.080645
v -0.358047 -0.048387 0.112903
v -0.357736 -0.048387 0.145161
v -0.357167 -0.048387 0.177419
v -0.354687 -0.048387 0.209677
v -0.351491 -0.048387 0.241935
v -0.338710 -0.062048 0.274194
v -0.343257 -0.048387 0.274194
v -0.338710 -0.048387 0.283039
v -0.360693 -0.016129 -0.338710
v -0.338710 -0.016129 -0.354407
v -0.367831 -0.016129 -0.080645
v -0.361773 -0.016129 -0.048387
v -0.357738 -0.016129 -0.016129
v -0.357552 -0.016129 0.016129
v -0.359325 -0.016129 0.048387
v -0.361482 -0.016129 0.080645
v -0.362280 -0.016129 0.112903
v -0.361990 -0.016129 0.145161
v -0.360814 -0.016129 0.177419
v -0.358356 -0.016129 0.209677
v -0.354855 -0.016129 0.241935
v -0.349126 -0.016129 0.274194
v -0.338710 -0.016129 0.295214
v -0.366232 0.016129 -0.338710
v -0.338710 0.016129 -0.358529
v -0.366049 0.016129 -0.048387
v -0.361083 0.016129 -0.016129
v -0.359804 0.016129 0.016129
v -0.360774 0.016129 0.048387
v -0.361505 0.016129 0.080645
v -0.362668 0.016129 0.112903
v -0.361966 0.016129 0.145161
v -0.361173 0.016129 0.177419
v -0.358345 0.016129 0.209677
v -0.355328 0.016129 0.241935
v -0.349423 0.016129 0.274194
v -0.338710 0.016129 0.296201
v -0.360755 0.048387 -0.338710
v -0.338710 0.048387 -0.356486
v -0.370485 0.048387 -0.080645
v -0.362129 0.048387 -0.048387
v -0.357566 0.048387 -0.016129
v -0.355991 0.048387 0.016129
v -0.356628 0.048387 0.048387
v -0.357522 0.048387 0.080645
v -0.358743 0.048387 0.112903
v -0.358409 0.048387 0.145161
v -0.357709 0.048387 0.177419
v -0.355394 0.048387 0.209677
v -0.352114 0.048387 0.241935
v -0.343098 0.048387 0.274194
v -0.338710 0.048387 0.282144
v -0.345874 0.080645 -0.338710
v -0.338710 0.080645 -0.345049
v -0.369392 0.080645 -0.306452
v -0.368431 0.080645 -0.112903
v -0.360857 0.080645 -0.080645
v -0.354181 0.080645 -0.048387
v -0.350475 0.080645 -0.016129
v -0.348569 0.080645 0.016129
v -0.349930 0.080645 0.048387
v -0.351401 0.080645 0.080645
v -0.353510 0.080645 0.112903
v -0.353181 0.080645 0.145161
v -0.352973 0.080645 0.177419
v -0.350337 0.080645 0.209677
v -0.345600 0.080645 0.241935
v -0.338710 0.080645 0.259625
v -0.338710 0.061769 0.274194
v -0.338710 0.089012 -0.338710
v -0.345348 0.112903 -0.306452
v -0.338710 0.112903 -0.314922
v -0.355688 0.112903 -0.274194
v -0.358036 0.112903 -0.241935
v -0.358761 0.112903 -0.209677
v -0.358344 0.112903 -0.177419
v -0.355890 0.112903 -0.145161
v -0.352318 0.112903 -0.112903
v -0.345692 0.112903 -0.080645
v -0.341258 0.112903 -0.048387
v -0.338710 0.112903 -0.034567
v -0.338710 0.106739 -0.016129
v -0.338710 0.106420 0.016129
v -0.338710 0.111097 0.048387
v -0.342120 0.112903 0.080645
v -0.338710 0.112903 0.054221
v -0.344162 0.112903 0.112903
v -0.344774 0.112903 0.145161
v -0.343886 0.112903 0.177419
v -0.338852 0.112903 0.209677
v -0.338710 0.112903 0.210147
v -0.338710 0.095622 0.241935
v -0.338710 0.120223 -0.306452
v -0.338710 0.133755 -0.274194
v -0.338710 0.138802 -0.241935
v -0.338710 0.141868 -0.209677
v -0.338710 0.141829 -0.177419
v -0.338710 0.141750 -0.145161
v -0.338710 0.137872 -0.112903
v -0.338710 0.127402 -0.080645
v -0.338710 0.118491 -0.048387
v -0.338710 0.122162 0.080645
v -0.338710 0.128939 0.112903
v -0.338710 0.131611 0.145161
v -0.338710 0.127189 0.177419
v -0.338710 0.113277 0.209677
v -0.336047 -0.177419 -0.306452
v -0.306452 -0.177419 -0.313339
v -0.306452 -0.183314 -0.306452
v -0.306452 -0.195507 -0.274194
v -0.306452 -0.197154 -0.241935
v -0.306452 -0.192748 -0.209677
v -0.306452 -0.183633 -0.177419
v -0.316565 -0.177419 -0.177419
v -0.306452 -0.177419 -0.164353
v -0.306452 -0.145161 -0.331990
v -0.306452 -0.166144 -0.145161
v -0.326425 -0.145161 -0.145161
v -0.306452 -0.146221 -0.112903
v -0.307514 -0.145161 -0.112903
v -0.306452 -0.145161 -0.111254
v -0.306576 -0.145161 0.112903
v -0.306452 -0.145161 0.112775
v -0.306452 -0.145247 0.112903
v -0.306452 -0.156049 0.145161
v -0.319987 -0.145161 0.145161
v -0.306452 -0.161975 0.177419
v -0.322932 -0.145161 0.177419
v -0.306452 -0.154703 0.209677
v -0.315274 -0.145161 0.209677
v -0.306452 -0.145161 0.234084
v -0.321699 -0.112903 -0.338710
v -0.306452 -0.112903 -0.344186
v -0.306452 -0.129101 -0.338710
v -0.334314 -0.112903 -0.112903
v -0.306452 -0.126427 -0.080645
v -0.318855 -0.112903 -0.080645
v -0.306452 -0.112903 -0.052903
v -0.308861 -0.112903 0.048387
v -0.306452 -0.112903 0.043193
v -0.306452 -0.114811 0.048387
v -0.306452 -0.127367 0.080645
v -0.324247 -0.112903 0.080645
v -0.337483 -0.112903 0.112903
v -0.334842 -0.112903 0.209677
v -0.306452 -0.142185 0.241935
v -0.326005 -0.112903 0.241935
v -0.306452 -0.122000 0.274194
v -0.313771 -0.112903 0.274194
v -0.306452 -0.112903 0.284835
v -0.306452 -0.080645 -0.351949
v -0.306452 -0.110723 -0.048387
v -0.335003 -0.080645 -0.048387
v -0.306452 -0.103844 -0.016129
v -0.330036 -0.080645 -0.016129
v -0.306452 -0.104594 0.016129
v -0.332219 -0.080645 0.016129
v -0.331704 -0.080645 0.274194
v -0.306452 -0.092950 0.306452
v -0.315070 -0.080645 0.306452
v -0.306452 -0.080645 0.315692
v -0.306452 -0.048387 -0.356769
v -0.325233 -0.048387 0.306452
v -0.306452 -0.048387 0.328490
v -0.306452 -0.016129 -0.362941
v -0.331096 -0.016129 0.306452
v -0.306452 -0.016129 0.335765
v -0.306452 0.016129 -0.367726
v -0.331632 0.016129 0.306452
v -0.306452 0.016129 0.332646
v -0.306452 0.048387 -0.367130
v -0.322622 0.048387 0.306452
v -0.306452 0.048387 0.322570
v -0.306452 0.080645 -0.358086
v -0.331947 0.080645 0.274194
v -0.311894 0.080645 0.306452
v -0.306452 0.080645 0.311714
v -0.308473 0.112903 -0.338710
v -0.306452 0.112903 -0.340021
v -0.335250 0.112903 -0.016129
v -0.335564 0.112903 0.016129
v -0.337837 0.112903 0.048387
v -0.329719 0.112903 0.241935
v -0.319063 0.112903 0.274194
v -0.306452 0.112903 0.292581
v -0.306452 0.091046 0.306452
v -0.306452 0.114578 -0.338710
v -0.310760 0.145161 -0.306452
v -0.306452 0.145161 -0.310737
v -0.326695 0.145161 -0.274194
v -0.332529 0.145161 -0.241935
v -0.335555 0.145161 -0.209677
v -0.335650 0.145161 -0.177419
v -0.335929 0.145161 -0.145161
v -0.333546 0.145161 -0.112903
v -0.329070 0.145161 -0.080645
v -0.325919 0.145161 -0.048387
v -0.324125 0.145161 -0.016129
v -0.325414 0.145161 0.016129
v -0.327163 0.145161 0.048387
v -0.329696 0.145161 0.080645
v -0.332423 0.145161 0.112903
v -0.333475 0.145161 0.145161
v -0.331346 0.145161 0.177419
v -0.327058 0.145161 0.209677
v -0.320884 0.145161 0.241935
v -0.309131 0.145161 0.274194
v -0.306452 0.145161 0.278214
v -0.306452 0.149695 -0.306452
v -0.306452 0.167198 -0.274194
v -0.306452 0.173594 -0.241935
v -0.306468 0.177419 -0.209677
v -0.306452 0.177419 -0.209812
v -0.307554 0.177419 -0.177419
v -0.310131 0.177419 -0.145161
v -0.309843 0.177419 -0.112903
v -0.309213 0.177419 -0.080645
v -0.308179 0.177419 -0.048387
v -0.309536 0.177419 -0.016129
v -0.310386 0.177419 0.016129
v -0.314137 0.177419 0.048387
v -0.316328 0.177419 0.080645
v -0.319856 0.177419 0.112903
v -0.318949 0.177419 0.145161
v -0.317896 0.177419 0.177419
v -0.313078 0.177419 0.209677
v -0.306991 0.177419 0.241935
v -0.306452 0.177419 0.243253
v -0.306452 0.150910 0.274194
v -0.306452 0.177441 -0.209677
v -0.306452 0.178928 -0.177419
v -0.306452 0.182499 -0.145161
v -0.306452 0.182277 -0.112903
v -0.306452 0.181674 -0.080645
v -0.306452 0.180345 -0.048387
v -0.306452 0.182775 -0.016129
v -0.306452 0.184306 0.016129
v -0.306452 0.190398 0.048387
v -0.306452 0.195017 0.080645
v -0.306452 0.200064 0.112903
v -0.306452 0.199784 0.145161
v -0.306452 0.197957 0.177419
v -0.306452 0.191483 0.209677
v -0.306452 0.178774 0.241935
v -0.283389 -0.177419 -0.306452
v -0.274194 -0.177419 -0.302714
v -0.274194 -0.190439 -0.274194
v -0.274194 -0.193860 -0.241935
v -0.274194 -0.192022 -0.209677
v -0.274194 -0.186484 -0.177419
v -0.274194 -0.177419 -0.152394
v -0.274194 -0.145161 -0.327466
v -0.274194 -0.174437 -0.306452
v -0.274194 -0.173912 -0.145161
v -0.274194 -0.158528 -0.112903
v -0.274194 -0.145161 -0.092416
v -0.306276 -0.145161 0.112903
v -0.274194 -0.145161 0.141312
v -0.274194 -0.146737 0.145161
v -0.274194 -0.154793 0.177419
v -0.274194 -0.154646 0.209677
v -0.274194 -0.146660 0.241935
v -0.286608 -0.145161 0.241935
v -0.274194 -0.145161 0.244940
v -0.274194 -0.112903 -0.344078
v -0.274194 -0.123947 -0.338710
v -0.274194 -0.136993 -0.080645
v -0.274194 -0.122754 -0.048387
v -0.301411 -0.112903 -0.048387
v -0.274194 -0.112903 -0.016230
v -0.274194 -0.112903 0.029671
v -0.274194 -0.116774 0.048387
v -0.274194 -0.124350 0.080645
v -0.274194 -0.135594 0.112903
v -0.274194 -0.132941 0.274194
v -0.274194 -0.112903 0.302316
v -0.274194 -0.080645 -0.352593
v -0.274194 -0.112871 -0.016129
v -0.274194 -0.110207 0.016129
v -0.274194 -0.109456 0.306452
v -0.274194 -0.080645 0.330561
v -0.274194 -0.048387 -0.358175
v -0.274194 -0.064466 0.338710
v -0.289209 -0.048387 0.338710
v -0.274194 -0.048387 0.346273
v -0.274194 -0.016129 -0.363829
v -0.302187 -0.016129 0.338710
v -0.274194 -0.016129 0.352564
v -0.274194 0.016129 -0.369362
v -0.296081 0.016129 0.338710
v -0.274194 0.016129 0.349046
v -0.274194 0.048387 -0.367702
v -0.274194 0.046080 0.338710
v -0.274194 0.048387 0.337758
v -0.274194 0.080645 -0.360218
v -0.274194 0.080645 0.325282
v -0.274194 0.112903 -0.345398
v -0.283846 0.112903 0.306452
v -0.274194 0.112903 0.310897
v -0.274194 0.123036 -0.338710
v -0.274194 0.145161 -0.322845
v -0.274194 0.126240 0.306452
v -0.274194 0.145161 0.298814
v -0.274194 0.165083 -0.306452
v -0.290619 0.177419 -0.274194
v -0.274194 0.177419 -0.289507
v -0.300974 0.177419 -0.241935
v -0.283899 0.177419 0.274194
v -0.274194 0.177419 0.281488
v -0.274194 0.189842 -0.274194
v -0.274194 0.200097 -0.241935
v -0.274194 0.204827 -0.209677
v -0.274194 0.209239 -0.177419
v -0.278805 0.209677 -0.145161
v -0.274194 0.209677 -0.174164
v -0.280690 0.209677 -0.112903
v -0.281282 0.209677 -0.080645
v -0.282945 0.209677 -0.048387
v -0.284361 0.209677 -0.016129
v -0.285425 0.209677 0.016129
v -0.288421 0.209677 0.048387
v -0.292771 0.209677 0.080645
v -0.296638 0.209677 0.112903
v -0.296516 0.209677 0.145161
v -0.294512 0.209677 0.177419
v -0.290927 0.209677 0.209677
v -0.283864 0.209677 0.241935
v -0.274194 0.209677 0.257951
v -0.274194 0.193710 0.274194
v -0.274194 0.213210 -0.145161
v -0.274194 0.214714 -0.112903
v -0.274194 0.215085 -0.080645
v -0.274194 0.216291 -0.048387
v -0.274194 0.217211 -0.016129
v -0.274194 0.217795 0.016129
v -0.274194 0.219494 0.048387
v -0.274194 0.221692 0.080645
v -0.274194 0.224134 0.112903
v -0.274194 0.224057 0.145161
v -0.274194 0.223420 0.177419
v -0.274194 0.222331 0.209677
v -0.274194 0.217941 0.241935
v -0.241935 -0.177419 -0.275817
v -0.241935 -0.178323 -0.274194
v -0.241935 -0.185433 -0.241935
v -0.241935 -0.185187 -0.209677
v -0.241935 -0.182253 -0.177419
v -0.241935 -0.177419 -0.164097
v -0.241935 -0.145161 -0.316068
v -0.241935 -0.156372 -0.306452
v -0.241935 -0.169750 -0.145161
v -0.241935 -0.157060 -0.112903
v -0.241935 -0.145161 -0.093162
v -0.271913 -0.145161 0.145161
v -0.254132 -0.145161 0.177419
v -0.244565 -0.145161 0.209677
v -0.267364 -0.145161 0.241935
v -0.254891 -0.112903 -0.338710
v -0.241935 -0.112903 -0.334660
v -0.241935 -0.137304 -0.080645
v -0.241935 -0.122749 -0.048387
v -0.241935 -0.112903 -0.021507
v -0.259807 -0.112903 0.048387
v -0.241935 -0.112903 0.074952
v -0.241935 -0.113877 0.080645
v -0.241935 -0.124254 0.112903
v -0.241935 -0.132074 0.145161
v -0.241935 -0.140612 0.177419
v -0.241935 -0.144397 0.209677
v -0.241935 -0.140880 0.241935
v -0.241935 -0.132519 0.274194
v -0.241935 -0.115376 0.306452
v -0.256413 -0.112903 0.306452
v -0.241935 -0.112903 0.309170
v -0.241935 -0.080645 -0.348659
v -0.241935 -0.105239 -0.338710
v -0.241935 -0.110775 -0.016129
v -0.241935 -0.105653 0.016129
v -0.241935 -0.108766 0.048387
v -0.241935 -0.080645 0.338075
v -0.241935 -0.048387 -0.355138
v -0.241935 -0.079647 0.338710
v -0.241935 -0.048387 0.353158
v -0.241935 -0.016129 -0.359576
v -0.241935 -0.016129 0.357625
v -0.241935 0.016129 -0.362186
v -0.241935 0.016129 0.354714
v -0.241935 0.048387 -0.360482
v -0.270573 0.048387 0.338710
v -0.241935 0.048387 0.345094
v -0.241935 0.080645 -0.354815
v -0.241935 0.061333 0.338710
v -0.241935 0.080645 0.329729
v -0.241935 0.112903 -0.340233
v -0.241935 0.112903 0.317320
v -0.241935 0.115316 -0.338710
v -0.241935 0.145161 -0.320507
v -0.242328 0.145161 0.306452
v -0.241935 0.145161 0.306531
v -0.241935 0.164560 -0.306452
v -0.241935 0.177419 -0.291734
v -0.241935 0.145352 0.306452
v -0.241935 0.177419 0.289214
v -0.241935 0.193437 -0.274194
v -0.241935 0.209298 -0.241935
v -0.256579 0.209677 -0.209677
v -0.241935 0.209677 -0.239421
v -0.273041 0.209677 -0.177419
v -0.243899 0.209677 0.274194
v -0.241935 0.209677 0.274763
v -0.241935 0.213772 -0.209677
v -0.241935 0.219308 -0.177419
v -0.241935 0.222144 -0.145161
v -0.241935 0.224200 -0.112903
v -0.241935 0.224470 -0.080645
v -0.241935 0.225241 -0.048387
v -0.241935 0.225132 -0.016129
v -0.241935 0.224755 0.016129
v -0.241935 0.225464 0.048387
v -0.241935 0.226708 0.080645
v -0.241935 0.227942 0.112903
v -0.241935 0.227900 0.145161
v -0.241935 0.227563 0.177419
v -0.241935 0.227844 0.209677
v -0.241935 0.226077 0.241935
v -0.241935 0.210418 0.274194
v -0.240539 -0.177419 -0.274194
v -0.227713 -0.177419 -0.241935
v -0.225911 -0.177419 -0.209677
v -0.231381 -0.177419 -0.177419
v -0.227628 -0.145161 -0.306452
v -0.209677 -0.145161 -0.290311
v -0.209677 -0.156868 -0.274194
v -0.209677 -0.165958 -0.241935
v -0.209677 -0.168452 -0.209677
v -0.209677 -0.167297 -0.177419
v -0.209677 -0.160187 -0.145161
v -0.209677 -0.148121 -0.112903
v -0.209677 -0.145161 -0.108320
v -0.209677 -0.112903 -0.319852
v -0.209677 -0.130286 -0.306452
v -0.209677 -0.129842 -0.080645
v -0.209677 -0.116894 -0.048387
v -0.209677 -0.112903 -0.039506
v -0.239702 -0.112903 0.080645
v -0.212922 -0.112903 0.112903
v -0.209677 -0.112903 0.116526
v -0.209677 -0.122448 0.145161
v -0.209677 -0.130762 0.177419
v -0.209677 -0.135221 0.209677
v -0.209677 -0.135748 0.241935
v -0.209677 -0.131400 0.274194
v -0.209677 -0.117771 0.306452
v -0.209677 -0.112903 0.312329
v -0.215674 -0.080645 -0.338710
v -0.209677 -0.080645 -0.335828
v -0.209677 -0.103670 -0.016129
v -0.209677 -0.099223 0.016129
v -0.209677 -0.099685 0.048387
v -0.209677 -0.103032 0.080645
v -0.209677 -0.111571 0.112903
v -0.209677 -0.087698 0.338710
v -0.239248 -0.080645 0.338710
v -0.209677 -0.080645 0.344762
v -0.209677 -0.048387 -0.348301
v -0.209677 -0.074472 -0.338710
v -0.209677 -0.048387 0.356724
v -0.209677 -0.016129 -0.353289
v -0.209677 -0.016129 0.360907
v -0.209677 0.016129 -0.354806
v -0.209677 0.016129 0.357060
v -0.209677 0.048387 -0.351932
v -0.209677 0.048387 0.349579
v -0.209677 0.080645 -0.344495
v -0.209677 0.071036 0.338710
v -0.209677 0.080645 0.333414
v -0.209677 0.091261 -0.338710
v -0.238721 0.112903 -0.338710
v -0.209677 0.112903 -0.326359
v -0.209677 0.112903 0.320292
v -0.209677 0.145161 -0.310003
v -0.209677 0.145161 0.309166
v -0.209677 0.150108 -0.306452
v -0.209677 0.177419 -0.280433
v -0.209677 0.151723 0.306452
v -0.209677 0.177419 0.292115
v -0.209677 0.184084 -0.274194
v -0.209677 0.201919 -0.241935
v -0.209677 0.209677 -0.214513
v -0.209677 0.209677 0.275106
v -0.209677 0.210961 -0.209677
v -0.209677 0.217960 -0.177419
v -0.209677 0.222816 -0.145161
v -0.209677 0.224915 -0.112903
v -0.209677 0.226299 -0.080645
v -0.209677 0.226951 -0.048387
v -0.209677 0.226189 -0.016129
v -0.209677 0.224754 0.016129
v -0.209677 0.224893 0.048387
v -0.209677 0.225121 0.080645
v -0.209677 0.225202 0.112903
v -0.209677 0.224537 0.145161
v -0.209677 0.224316 0.177419
v -0.209677 0.225363 0.209677
v -0.209677 0.223796 0.241935
v -0.209677 0.210801 0.274194
v -0.193541 -0.145161 -0.274194
v -0.177419 -0.145161 -0.243765
v -0.177419 -0.145956 -0.241935
v -0.177419 -0.152036 -0.209677
v -0.177419 -0.152216 -0.177419
v -0.179839 -0.145161 -0.145161
v -0.177419 -0.145161 -0.150160
v -0.203978 -0.145161 -0.112903
v -0.185010 -0.112903 -0.306452
v -0.177419 -0.112903 -0.300937
v -0.177419 -0.133422 -0.274194
v -0.177419 -0.143687 -0.145161
v -0.177419 -0.133052 -0.112903
v -0.177419 -0.120353 -0.080645
v -0.197142 -0.112903 -0.048387
v -0.177419 -0.112903 -0.062992
v -0.177419 -0.112903 0.144785
v -0.177419 -0.113050 0.145161
v -0.177419 -0.125251 0.177419
v -0.177419 -0.130927 0.209677
v -0.177419 -0.132712 0.241935
v -0.177419 -0.130601 0.274194
v -0.177419 -0.119805 0.306452
v -0.177419 -0.112903 0.315389
v -0.177419 -0.080645 -0.323257
v -0.177419 -0.106916 -0.306452
v -0.177419 -0.106931 -0.048387
v -0.177419 -0.097543 -0.016129
v -0.177419 -0.093510 0.016129
v -0.177419 -0.093456 0.048387
v -0.177419 -0.096591 0.080645
v -0.177419 -0.103294 0.112903
v -0.177419 -0.092488 0.338710
v -0.177419 -0.080645 0.349030
v -0.180810 -0.048387 -0.338710
v -0.177419 -0.048387 -0.337222
v -0.177419 -0.048387 0.359717
v -0.177419 -0.016129 -0.345030
v -0.177419 -0.043023 -0.338710
v -0.177419 -0.016129 0.363630
v -0.177419 0.016129 -0.346662
v -0.177419 0.016129 0.359850
v -0.177419 0.048387 -0.339726
v -0.177419 0.048387 0.352354
v -0.177419 0.051022 -0.338710
v -0.198013 0.080645 -0.338710
v -0.177419 0.080645 -0.328814
v -0.177962 0.080645 0.338710
v -0.177419 0.080645 0.338813
v -0.177419 0.112903 -0.314252
v -0.177419 0.080834 0.338710
v -0.177419 0.112903 0.323733
v -0.177419 0.127612 -0.306452
v -0.201552 0.145161 -0.306452
v -0.177419 0.145161 -0.295006
v -0.177419 0.145161 0.312900
v -0.195790 0.177419 -0.274194
v -0.177419 0.169519 -0.274194
v -0.177419 0.177419 -0.261982
v -0.177419 0.160097 0.306452
v -0.177419 0.177419 0.295678
v -0.177419 0.191677 -0.241935
v -0.204929 0.209677 -0.209677
v -0.177419 0.202679 -0.209677
v -0.177419 0.209677 -0.187386
v -0.177419 0.209677 0.275139
v -0.177419 0.212743 -0.177419
v -0.177419 0.218692 -0.145161
v -0.177419 0.222518 -0.112903
v -0.177419 0.224320 -0.080645
v -0.177419 0.225735 -0.048387
v -0.177419 0.224868 -0.016129
v -0.177419 0.223449 0.016129
v -0.177419 0.222435 0.048387
v -0.177419 0.222268 0.080645
v -0.177419 0.221307 0.112903
v -0.177419 0.220374 0.145161
v -0.177419 0.219309 0.177419
v -0.177419 0.221007 0.209677
v -0.177419 0.220573 0.241935
v -0.177419 0.210652 0.274194
v -0.176335 -0.145161 -0.241935
v -0.167644 -0.145161 -0.209677
v -0.167087 -0.145161 -0.177419
v -0.146818 -0.112903 -0.274194
v -0.145161 -0.112903 -0.271259
v -0.145161 -0.124311 -0.241935
v -0.145161 -0.129620 -0.209677
v -0.145161 -0.130182 -0.177419
v -0.145161 -0.125554 -0.145161
v -0.145161 -0.117887 -0.112903
v -0.159676 -0.112903 -0.080645
v -0.145161 -0.112903 -0.099382
v -0.176815 -0.112903 0.145161
v -0.145161 -0.112903 0.159659
v -0.145161 -0.120860 0.177419
v -0.145161 -0.127614 0.209677
v -0.145161 -0.131249 0.241935
v -0.145161 -0.130027 0.274194
v -0.145161 -0.121184 0.306452
v -0.145161 -0.112903 0.317940
v -0.145161 -0.080645 -0.307549
v -0.145161 -0.081990 -0.306452
v -0.145161 -0.111517 -0.274194
v -0.145161 -0.106719 -0.080645
v -0.145161 -0.098701 -0.048387
v -0.145161 -0.091585 -0.016129
v -0.145161 -0.087656 0.016129
v -0.145161 -0.087869 0.048387
v -0.145161 -0.091628 0.080645
v -0.145161 -0.098959 0.112903
v -0.145161 -0.106476 0.145161
v -0.145161 -0.095397 0.338710
v -0.145161 -0.080645 0.351112
v -0.145161 -0.048387 -0.324097
v -0.145161 -0.048387 0.361825
v -0.162259 -0.016129 -0.338710
v -0.145161 -0.016129 -0.331042
v -0.145161 -0.016129 0.366537
v -0.159350 0.016129 -0.338710
v -0.145161 0.016129 -0.331691
v -0.145161 0.016129 0.361809
v -0.175415 0.048387 -0.338710
v -0.145161 0.048387 -0.325348
v -0.145161 0.048387 0.354513
v -0.145161 0.080645 -0.317451
v -0.145161 0.080645 0.343174
v -0.145161 0.100897 -0.306452
v -0.160696 0.112903 -0.306452
v -0.145161 0.112903 -0.298374
v -0.145161 0.090048 0.338710
v -0.145161 0.112903 0.327510
v -0.145161 0.145161 -0.280981
v -0.145161 0.145161 0.317387
v -0.145161 0.153723 -0.274194
v -0.145481 0.177419 -0.241935
v -0.145161 0.177287 -0.241935
v -0.145161 0.177419 -0.241701
v -0.145161 0.170484 0.306452
v -0.145161 0.177419 0.301101
v -0.145161 0.195288 -0.209677
v -0.162873 0.209677 -0.177419
v -0.145161 0.205721 -0.177419
v -0.145161 0.209677 -0.165626
v -0.145161 0.209677 0.276030
v -0.145161 0.215795 -0.145161
v -0.145161 0.220444 -0.112903
v -0.145161 0.224186 -0.080645
v -0.145161 0.225658 -0.048387
v -0.145161 0.225520 -0.016129
v -0.145161 0.223248 0.016129
v -0.145161 0.221729 0.048387
v -0.145161 0.219749 0.080645
v -0.145161 0.218296 0.112903
v -0.145161 0.215921 0.145161
v -0.145161 0.214856 0.177419
v -0.145161 0.216071 0.209677
v -0.145161 0.218206 0.241935
v -0.145161 0.211302 0.274194
v -0.119931 -0.112903 -0.241935
v -0.112903 -0.112903 -0.221448
v -0.112903 -0.114969 -0.209677
v -0.112903 -0.115901 -0.177419
v -0.117894 -0.112903 -0.145161
v -0.112903 -0.112903 -0.160258
v -0.131787 -0.112903 -0.112903
v -0.112903 -0.112903 0.165981
v -0.112903 -0.117652 0.177419
v -0.112903 -0.124526 0.209677
v -0.112903 -0.128675 0.241935
v -0.112903 -0.128272 0.274194
v -0.112903 -0.120317 0.306452
v -0.112903 -0.112903 0.316979
v -0.142088 -0.080645 -0.306452
v -0.112903 -0.080645 -0.294563
v -0.112903 -0.097676 -0.274194
v -0.112903 -0.109297 -0.241935
v -0.112903 -0.110455 -0.145161
v -0.112903 -0.106298 -0.112903
v -0.112903 -0.100566 -0.080645
v -0.112903 -0.095076 -0.048387
v -0.112903 -0.088595 -0.016129
v -0.112903 -0.085384 0.016129
v -0.112903 -0.086094 0.048387
v -0.112903 -0.090362 0.080645
v -0.112903 -0.097639 0.112903
v -0.112903 -0.104805 0.145161
v -0.112903 -0.095413 0.338710
v -0.112903 -0.080645 0.351304
v -0.112903 -0.048387 -0.317095
v -0.112903 -0.065786 -0.306452
v -0.112903 -0.048387 0.362120
v -0.112903 -0.016129 -0.324664
v -0.112903 -0.016129 0.368249
v -0.112903 0.016129 -0.325366
v -0.112903 0.016129 0.364203
v -0.112903 0.048387 -0.319304
v -0.112903 0.048387 0.356472
v -0.112903 0.080645 -0.309042
v -0.112903 0.080645 0.347050
v -0.112903 0.085468 -0.306452
v -0.112903 0.112903 -0.291451
v -0.112903 0.099942 0.338710
v -0.112903 0.112903 0.331921
v -0.112903 0.142829 -0.274194
v -0.119158 0.145161 -0.274194
v -0.112903 0.145161 -0.272086
v -0.112903 0.145161 0.320847
v -0.112903 0.173043 -0.241935
v -0.112903 0.177419 -0.235147
v -0.112903 0.177126 0.306452
v -0.112903 0.177419 0.306193
v -0.112903 0.193106 -0.209677
v -0.112903 0.205404 -0.177419
v -0.112903 0.209677 -0.164912
v -0.112903 0.209677 0.274932
v -0.112903 0.215936 -0.145161
v -0.112903 0.221782 -0.112903
v -0.112903 0.226561 -0.080645
v -0.112903 0.228632 -0.048387
v -0.112903 0.228809 -0.016129
v -0.112903 0.226245 0.016129
v -0.112903 0.224366 0.048387
v -0.112903 0.221375 0.080645
v -0.112903 0.217873 0.112903
v -0.112903 0.214164 0.145161
v -0.112903 0.211489 0.177419
v -0.112903 0.212878 0.209677
v -0.112903 0.215363 0.241935
v -0.112903 0.210210 0.274194
v -0.107394 -0.112903 -0.209677
v -0.105653 -0.112903 -0.177419
v -0.091711 -0.112903 0.177419
v -0.080645 -0.112903 0.189504
v -0.080645 -0.117164 0.209677
v -0.080645 -0.122535 0.241935
v -0.080645 -0.122892 0.274194
v -0.080645 -0.115280 0.306452
v -0.080645 -0.112903 0.310032
v -0.080645 -0.080645 -0.285016
v -0.080645 -0.089597 -0.274194
v -0.080645 -0.099443 -0.241935
v -0.080645 -0.104089 -0.209677
v -0.080645 -0.104111 -0.177419
v -0.080645 -0.101788 -0.145161
v -0.080645 -0.099314 -0.112903
v -0.080645 -0.096599 -0.080645
v -0.080645 -0.092540 -0.048387
v -0.080645 -0.087966 -0.016129
v -0.080645 -0.085376 0.016129
v -0.080645 -0.087292 0.048387
v -0.080645 -0.090242 0.080645
v -0.080645 -0.096866 0.112903
v -0.080645 -0.101815 0.145161
v -0.080645 -0.110340 0.177419
v -0.080645 -0.091190 0.338710
v -0.080645 -0.080645 0.347559
v -0.080645 -0.048387 -0.311617
v -0.080645 -0.055932 -0.306452
v -0.080645 -0.048387 0.360867
v -0.080645 -0.016129 -0.321350
v -0.080645 -0.016129 0.366444
v -0.080645 0.016129 -0.322547
v -0.080645 0.016129 0.363774
v -0.080645 0.048387 -0.315720
v -0.080645 0.048387 0.357005
v -0.080645 0.078334 -0.306452
v -0.088206 0.080645 -0.306452
v -0.080645 0.080645 -0.305597
v -0.080645 0.080645 0.348414
v -0.080645 0.112903 -0.289763
v -0.080645 0.105830 0.338710
v -0.080645 0.112903 0.334934
v -0.080645 0.143193 -0.274194
v -0.080645 0.145161 -0.272664
v -0.080645 0.145161 0.322559
v -0.080645 0.176373 -0.241935
v -0.080645 0.177419 -0.240534
v -0.108396 0.177419 0.306452
v -0.080645 0.177419 0.307495
v -0.080645 0.199014 -0.209677
v -0.093141 0.209677 -0.177419
v -0.080645 0.209677 -0.184191
v -0.082854 0.209677 0.209677
v -0.080645 0.209401 0.209677
v -0.080645 0.209677 0.198006
v -0.080645 0.209677 0.213511
v -0.108743 0.209677 0.274194
v -0.080645 0.205759 0.274194
v -0.080645 0.209677 0.254605
v -0.080645 0.179243 0.306452
v -0.080645 0.212405 -0.177419
v -0.080645 0.223154 -0.145161
v -0.080645 0.228332 -0.112903
v -0.080645 0.233761 -0.080645
v -0.080645 0.237067 -0.048387
v -0.080645 0.237323 -0.016129
v -0.080645 0.234567 0.016129
v -0.080645 0.231798 0.048387
v -0.080645 0.227330 0.080645
v -0.080645 0.222125 0.112903
v -0.080645 0.215307 0.145161
v -0.080645 0.210098 0.177419
v -0.080645 0.211658 0.241935
v -0.069438 -0.112903 0.209677
v -0.052644 -0.112903 0.241935
v -0.050109 -0.112903 0.274194
v -0.072348 -0.112903 0.306452
v -0.048387 -0.080645 -0.282314
v -0.048387 -0.086845 -0.274194
v -0.048387 -0.097188 -0.241935
v -0.048387 -0.099635 -0.209677
v -0.048387 -0.099169 -0.177419
v -0.048387 -0.096603 -0.145161
v -0.048387 -0.095072 -0.112903
v -0.048387 -0.093009 -0.080645
v -0.048387 -0.091451 -0.048387
v -0.048387 -0.087973 -0.016129
v -0.048387 -0.087086 0.016129
v -0.048387 -0.087719 0.048387
v -0.048387 -0.090920 0.080645
v -0.048387 -0.095596 0.112903
v -0.048387 -0.098056 0.145161
v -0.048387 -0.102992 0.177419
v -0.048387 -0.105535 0.209677
v -0.048387 -0.111227 0.241935
v -0.048387 -0.112233 0.274194
v -0.048387 -0.105918 0.306452
v -0.048387 -0.084954 0.338710
v -0.048387 -0.080645 0.342674
v -0.048387 -0.048387 -0.311196
v -0.048387 -0.055400 -0.306452
v -0.048387 -0.048387 0.357850
v -0.048387 -0.016129 -0.321424
v -0.048387 -0.016129 0.364293
v -0.048387 0.016129 -0.322612
v -0.048387 0.016129 0.363368
v -0.048387 0.048387 -0.316985
v -0.048387 0.048387 0.357495
v -0.064737 0.080645 -0.306452
v -0.048387 0.080645 -0.307266
v -0.048387 0.080645 0.350199
v -0.048387 0.082259 -0.306452
v -0.048387 0.112903 -0.291628
v -0.048387 0.111427 0.338710
v -0.048387 0.112903 0.337891
v -0.072675 0.145161 -0.274194
v -0.048387 0.145161 -0.277825
v -0.048387 0.145161 0.323671
v -0.048387 0.150776 -0.274194
v -0.077271 0.177419 -0.241935
v -0.048387 0.177419 -0.251130
v -0.064233 0.177419 0.306452
v -0.048387 0.175685 0.306452
v -0.048387 0.177419 0.304315
v -0.048387 0.187611 -0.241935
v -0.048387 0.209315 -0.209677
v -0.048387 0.209677 -0.208946
v -0.072305 0.209677 0.177419
v -0.048387 0.208380 0.177419
v -0.048387 0.209677 0.173289
v -0.048387 0.204407 0.209677
v -0.070812 0.209677 0.241935
v -0.048387 0.204747 0.241935
v -0.048387 0.197980 0.274194
v -0.048387 0.221882 -0.177419
v -0.048387 0.230789 -0.145161
v -0.048387 0.236240 -0.112903
v -0.051577 0.241935 -0.080645
v -0.048387 0.241935 -0.085103
v -0.063909 0.241935 -0.048387
v -0.066339 0.241935 -0.016129
v -0.056613 0.241935 0.016129
v -0.048387 0.241935 0.037950
v -0.048387 0.240617 0.048387
v -0.048387 0.233557 0.080645
v -0.048387 0.226331 0.112903
v -0.048387 0.217204 0.145161
v -0.048387 0.242949 -0.080645
v -0.048387 0.246887 -0.048387
v -0.048387 0.248214 -0.016129
v -0.048387 0.244929 0.016129
v -0.016129 -0.080645 -0.286162
v -0.016129 -0.090540 -0.274194
v -0.016129 -0.099629 -0.241935
v -0.016129 -0.102527 -0.209677
v -0.016129 -0.101249 -0.177419
v -0.016129 -0.098591 -0.145161
v -0.016129 -0.096713 -0.112903
v -0.016129 -0.095644 -0.080645
v -0.016129 -0.093673 -0.048387
v -0.016129 -0.090405 -0.016129
v -0.016129 -0.088645 0.016129
v -0.016129 -0.089707 0.048387
v -0.016129 -0.090834 0.080645
v -0.016129 -0.093282 0.112903
v -0.016129 -0.093195 0.145161
v -0.016129 -0.095444 0.177419
v -0.016129 -0.096791 0.209677
v -0.016129 -0.100774 0.241935
v -0.016129 -0.101774 0.274194
v -0.016129 -0.098792 0.306452
v -0.028492 -0.080645 0.338710
v -0.016129 -0.080645 0.335351
v -0.016129 -0.048387 -0.313216
v -0.016129 -0.058067 -0.306452
v -0.016129 -0.077137 0.338710
v -0.016129 -0.048387 0.356104
v -0.016129 -0.016129 -0.323457
v -0.016129 -0.016129 0.364217
v -0.016129 0.016129 -0.324733
v -0.016129 0.016129 0.364155
v -0.016129 0.048387 -0.319440
v -0.016129 0.048387 0.358958
v -0.016129 0.080645 -0.312103
v -0.016129 0.080645 0.351727
v -0.016129 0.092898 -0.306452
v -0.016129 0.112903 -0.296683
v -0.038921 0.112903 0.338710
v -0.016129 0.112903 0.340375
v -0.016129 0.145161 -0.285546
v -0.016129 0.116817 0.338710
v -0.016129 0.145161 0.324807
v -0.016129 0.164375 -0.274194
v -0.016129 0.177419 -0.262961
v -0.016129 0.174535 0.306452
v -0.016129 0.177419 0.301857
v -0.016129 0.202279 -0.241935
v -0.047722 0.209677 -0.209677
v -0.016129 0.209677 -0.232838
v -0.016129 0.208285 0.177419
v -0.016129 0.209677 0.174367
v -0.016129 0.199938 0.209677
v -0.016129 0.197847 0.241935
v -0.016129 0.192070 0.274194
v -0.016129 0.223594 -0.209677
v -0.016129 0.233363 -0.177419
v -0.018042 0.241935 -0.145161
v -0.016129 0.241935 -0.147622
v -0.034650 0.241935 -0.112903
v -0.044717 0.241935 0.048387
v -0.019002 0.241935 0.080645
v -0.016129 0.241935 0.083135
v -0.016129 0.232347 0.112903
v -0.016129 0.220553 0.145161
v -0.016129 0.242689 -0.145161
v -0.016129 0.249448 -0.112903
v -0.016129 0.255115 -0.080645
v -0.016129 0.259309 -0.048387
v -0.016129 0.260645 -0.016129
v -0.016129 0.258002 0.016129
v -0.016129 0.252158 0.048387
v -0.016129 0.242884 0.080645
v 0.016129 -0.080645 -0.294281
v 0.016129 -0.098517 -0.274194
v 0.016129 -0.110455 -0.241935
v 0.016129 -0.112621 -0.209677
v 0.016129 -0.110873 -0.177419
v 0.016129 -0.106682 -0.145161
v 0.016129 -0.104542 -0.112903
v 0.016129 -0.102601 -0.080645
v 0.016129 -0.099574 -0.048387
v 0.016129 -0.094950 -0.016129
v 0.016129 -0.092879 0.016129
v 0.016129 -0.092973 0.048387
v 0.016129 -0.093451 0.080645
v 0.016129 -0.093246 0.112903
v 0.016129 -0.091983 0.145161
v 0.016129 -0.092026 0.177419
v 0.016129 -0.092973 0.209677
v 0.016129 -0.096180 0.241935
v 0.016129 -0.097974 0.274194
v 0.016129 -0.095436 0.306452
v 0.016129 -0.080645 0.334385
v 0.016129 -0.048387 -0.316739
v 0.016129 -0.065439 -0.306452
v 0.016129 -0.076903 0.338710
v 0.016129 -0.048387 0.356386
v 0.016129 -0.016129 -0.325810
v 0.016129 -0.016129 0.365663
v 0.016129 0.016129 -0.327457
v 0.016129 0.016129 0.366124
v 0.016129 0.048387 -0.322592
v 0.016129 0.048387 0.360377
v 0.016129 0.080645 -0.315787
v 0.016129 0.080645 0.353149
v 0.016129 0.103984 -0.306452
v 0.016129 0.112903 -0.302115
v 0.016129 0.112903 0.341993
v 0.016129 0.145161 -0.290790
v 0.016129 0.119875 0.338710
v 0.016129 0.145161 0.323878
v 0.016129 0.175778 -0.274194
v 0.016129 0.177419 -0.272844
v 0.016129 0.168458 0.306452
v 0.016129 0.177419 0.289329
v 0.001325 0.209677 -0.241935
v 0.016129 0.209677 -0.247496
v 0.016129 0.205558 0.177419
v 0.016129 0.209677 0.170150
v 0.016129 0.195296 0.209677
v 0.016129 0.191014 0.241935
v 0.016129 0.184106 0.274194
v 0.016129 0.215215 -0.241935
v 0.016129 0.233469 -0.209677
v 0.008383 0.241935 -0.177419
v 0.016129 0.241935 -0.185655
v 0.016129 0.236141 0.112903
v 0.016129 0.241935 0.098948
v 0.016129 0.221519 0.145161
v 0.016129 0.244725 -0.177419
v 0.016129 0.253487 -0.145161
v 0.016129 0.259514 -0.112903
v 0.016129 0.265070 -0.080645
v 0.016129 0.269767 -0.048387
v 0.016129 0.269981 -0.016129
v 0.016129 0.267034 0.016129
v 0.016129 0.260391 0.048387
v 0.016129 0.250032 0.080645
v 0.043249 -0.112903 -0.274194
v 0.048387 -0.112903 -0.277475
v 0.048387 -0.116248 -0.274194
v 0.048387 -0.130720 -0.241935
v 0.019967 -0.112903 -0.241935
v 0.048387 -0.132726 -0.209677
v 0.016547 -0.112903 -0.209677
v 0.048387 -0.130746 -0.177419
v 0.019310 -0.112903 -0.177419
v 0.048387 -0.126406 -0.145161
v 0.026677 -0.112903 -0.145161
v 0.048387 -0.122267 -0.112903
v 0.032355 -0.112903 -0.112903
v 0.048387 -0.117241 -0.080645
v 0.039604 -0.112903 -0.080645
v 0.048387 -0.112903 -0.061269
v 0.048387 -0.080645 -0.304043
v 0.048387 -0.110243 -0.048387
v 0.048387 -0.103535 -0.016129
v 0.048387 -0.099592 0.016129
v 0.048387 -0.099242 0.048387
v 0.048387 -0.098142 0.080645
v 0.048387 -0.097180 0.112903
v 0.048387 -0.094357 0.145161
v 0.048387 -0.093854 0.177419
v 0.048387 -0.093996 0.209677
v 0.048387 -0.097740 0.241935
v 0.048387 -0.099955 0.274194
v 0.048387 -0.099277 0.306452
v 0.048387 -0.083146 0.338710
v 0.033503 -0.080645 0.338710
v 0.048387 -0.080645 0.341326
v 0.048387 -0.048387 -0.320793
v 0.048387 -0.077147 -0.306452
v 0.048387 -0.048387 0.361671
v 0.048387 -0.016129 -0.328201
v 0.048387 -0.016129 0.370009
v 0.048387 0.016129 -0.330431
v 0.048387 0.016129 0.369436
v 0.048387 0.048387 -0.325109
v 0.048387 0.048387 0.362286
v 0.048387 0.080645 -0.319769
v 0.048387 0.080645 0.353669
v 0.038282 0.112903 -0.306452
v 0.048387 0.112903 -0.308367
v 0.048387 0.112903 0.341072
v 0.048387 0.117423 -0.306452
v 0.048387 0.145161 -0.295586
v 0.048387 0.117229 0.338710
v 0.048387 0.145161 0.320117
v 0.020597 0.177419 -0.274194
v 0.048387 0.177419 -0.280359
v 0.043040 0.177419 0.274194
v 0.048387 0.176067 0.274194
v 0.048387 0.177419 0.268640
v 0.048387 0.162072 0.306452
v 0.048387 0.187458 -0.274194
v 0.048387 0.209677 -0.256539
v 0.048387 0.202538 0.177419
v 0.048387 0.209677 0.166526
v 0.048387 0.189838 0.209677
v 0.048387 0.183154 0.241935
v 0.048387 0.224197 -0.241935
v 0.043711 0.241935 -0.209677
v 0.048387 0.241935 -0.212261
v 0.048387 0.237724 0.112903
v 0.048387 0.241935 0.104598
v 0.048387 0.221771 0.145161
v 0.048387 0.243300 -0.209677
v 0.048387 0.253925 -0.177419
v 0.048387 0.262204 -0.145161
v 0.048387 0.268578 -0.112903
v 0.043756 0.274194 -0.080645
v 0.048387 0.274194 -0.087413
v 0.031082 0.274194 -0.048387
v 0.030442 0.274194 -0.016129
v 0.048387 0.274194 0.011096
v 0.048387 0.273202 0.016129
v 0.048387 0.265199 0.048387
v 0.048387 0.254194 0.080645
v 0.048387 0.275826 -0.080645
v 0.048387 0.278928 -0.048387
v 0.048387 0.279214 -0.016129
v 0.066214 -0.145161 -0.241935
v 0.080645 -0.145161 -0.266865
v 0.080645 -0.159393 -0.241935
v 0.080645 -0.158457 -0.209677
v 0.065123 -0.145161 -0.209677
v 0.080645 -0.155144 -0.177419
v 0.068307 -0.145161 -0.177419
v 0.080645 -0.146805 -0.145161
v 0.078413 -0.145161 -0.145161
v 0.080645 -0.145161 -0.138512
v 0.080645 -0.112903 -0.292573
v 0.080645 -0.140275 -0.274194
v 0.080645 -0.139390 -0.112903
v 0.080645 -0.131640 -0.080645
v 0.080645 -0.123762 -0.048387
v 0.054671 -0.112903 -0.048387
v 0.080645 -0.113369 -0.016129
v 0.079275 -0.112903 -0.016129
v 0.080645 -0.112903 -0.013739
v 0.059554 -0.080645 -0.306452
v 0.080645 -0.080645 -0.310154
v 0.080645 -0.088138 -0.306452
v 0.080645 -0.107735 0.016129
v 0.080645 -0.106240 0.048387
v 0.080645 -0.105098 0.080645
v 0.080645 -0.102970 0.112903
v 0.080645 -0.100281 0.145161
v 0.080645 -0.098780 0.177419
v 0.080645 -0.099210 0.209677
v 0.080645 -0.102541 0.241935
v 0.080645 -0.105796 0.274194
v 0.080645 -0.104192 0.306452
v 0.080645 -0.089901 0.338710
v 0.080645 -0.080645 0.348214
v 0.080645 -0.048387 -0.321449
v 0.080645 -0.048387 0.363933
v 0.080645 -0.016129 -0.327677
v 0.080645 -0.016129 0.370423
v 0.080645 0.016129 -0.329722
v 0.080645 0.016129 0.367605
v 0.080645 0.048387 -0.325328
v 0.080645 0.048387 0.359438
v 0.080645 0.080645 -0.320023
v 0.080645 0.080645 0.349828
v 0.080645 0.112903 -0.308651
v 0.058029 0.112903 0.338710
v 0.080645 0.103365 0.338710
v 0.080645 0.112903 0.331755
v 0.080645 0.118133 -0.306452
v 0.080645 0.145161 -0.296002
v 0.080645 0.145161 0.306730
v 0.080645 0.177419 -0.280886
v 0.064908 0.177419 0.241935
v 0.080645 0.171829 0.241935
v 0.080645 0.177419 0.225925
v 0.080645 0.162588 0.274194
v 0.080645 0.145468 0.306452
v 0.080645 0.187818 -0.274194
v 0.080645 0.209677 -0.257213
v 0.080645 0.197481 0.177419
v 0.080645 0.209677 0.160371
v 0.080645 0.182464 0.209677
v 0.080645 0.225716 -0.241935
v 0.080645 0.241935 -0.217837
v 0.080645 0.236034 0.112903
v 0.080645 0.241935 0.101837
v 0.080645 0.219348 0.145161
v 0.080645 0.246651 -0.209677
v 0.080645 0.258175 -0.177419
v 0.080645 0.266871 -0.145161
v 0.075107 0.274194 -0.112903
v 0.080645 0.274194 -0.116990
v 0.080645 0.273701 0.016129
v 0.080645 0.274194 0.013736
v 0.080645 0.263883 0.048387
v 0.080645 0.253428 0.080645
v 0.080645 0.275417 -0.112903
v 0.080645 0.280249 -0.080645
v 0.080645 0.282944 -0.048387
v 0.080645 0.279979 -0.016129
v 0.109692 -0.177419 -0.274194
v 0.112903 -0.177419 -0.277345
v 0.112903 -0.180095 -0.274194
v 0.112903 -0.187971 -0.241935
v 0.098547 -0.177419 -0.241935
v 0.112903 -0.185192 -0.209677
v 0.102054 -0.177419 -0.209677
v 0.112903 -0.177419 -0.178122
v 0.085602 -0.145161 -0.274194
v 0.112903 -0.145161 -0.292481
v 0.112903 -0.177208 -0.177419
v 0.112903 -0.168129 -0.145161
v 0.112903 -0.159829 -0.112903
v 0.088868 -0.145161 -0.112903
v 0.112903 -0.149338 -0.080645
v 0.105636 -0.145161 -0.080645
v 0.112903 -0.145161 -0.070171
v 0.112903 -0.112903 -0.301036
v 0.112903 -0.136971 -0.048387
v 0.112903 -0.125950 -0.016129
v 0.112903 -0.119915 0.016129
v 0.093799 -0.112903 0.016129
v 0.112903 -0.118309 0.048387
v 0.097764 -0.112903 0.048387
v 0.112903 -0.116913 0.080645
v 0.101847 -0.112903 0.080645
v 0.112903 -0.115141 0.112903
v 0.107140 -0.112903 0.112903
v 0.112903 -0.112903 0.128720
v 0.108276 -0.112903 0.241935
v 0.112903 -0.112903 0.230093
v 0.112903 -0.114836 0.241935
v 0.112903 -0.116694 0.274194
v 0.101598 -0.112903 0.274194
v 0.112903 -0.113504 0.306452
v 0.110856 -0.112903 0.306452
v 0.112903 -0.112903 0.307696
v 0.112903 -0.080645 -0.313971
v 0.112903 -0.100939 -0.306452
v 0.112903 -0.110615 0.145161
v 0.112903 -0.109562 0.177419
v 0.112903 -0.109538 0.209677
v 0.112903 -0.095536 0.338710
v 0.112903 -0.080645 0.352091
v 0.112903 -0.048387 -0.321752
v 0.112903 -0.048387 0.364600
v 0.112903 -0.016129 -0.325941
v 0.112903 -0.016129 0.368567
v 0.112903 0.016129 -0.327601
v 0.112903 0.016129 0.362841
v 0.112903 0.048387 -0.323370
v 0.112903 0.048387 0.354108
v 0.112903 0.080645 -0.318931
v 0.112903 0.080645 0.341372
v 0.112903 0.111629 -0.306452
v 0.105182 0.112903 -0.306452
v 0.112903 0.112903 -0.305735
v 0.112903 0.085293 0.338710
v 0.112903 0.112903 0.318631
v 0.112903 0.145161 -0.293936
v 0.081170 0.145161 0.306452
v 0.112903 0.127728 0.306452
v 0.112903 0.145161 0.280904
v 0.112903 0.177419 -0.276617
v 0.103529 0.177419 0.209677
v 0.112903 0.175241 0.209677
v 0.112903 0.177419 0.206594
v 0.112903 0.161576 0.241935
v 0.112903 0.149196 0.274194
v 0.112903 0.181091 -0.274194
v 0.112903 0.209677 -0.253835
v 0.112903 0.193811 0.177419
v 0.112903 0.209677 0.156220
v 0.112903 0.222413 -0.241935
v 0.112903 0.241935 -0.215994
v 0.112903 0.233786 0.112903
v 0.112903 0.241935 0.096867
v 0.112903 0.217284 0.145161
v 0.112903 0.246179 -0.209677
v 0.112903 0.259422 -0.177419
v 0.112903 0.271269 -0.145161
v 0.112903 0.274194 -0.133446
v 0.112903 0.270862 0.016129
v 0.112903 0.274194 0.005441
v 0.112903 0.261856 0.048387
v 0.112903 0.250796 0.080645
v 0.112903 0.279207 -0.112903
v 0.112903 0.284068 -0.080645
v 0.112903 0.283648 -0.048387
v 0.112903 0.280743 -0.016129
v 0.145161 -0.177419 -0.298567
v 0.145161 -0.202991 -0.274194
v 0.145161 -0.208848 -0.241935
v 0.145161 -0.200518 -0.209677
v 0.145161 -0.194483 -0.177419
v 0.113186 -0.177419 -0.177419
v 0.145161 -0.185676 -0.145161
v 0.128867 -0.177419 -0.145161
v 0.145161 -0.177419 -0.118972
v 0.145161 -0.145161 -0.305041
v 0.145161 -0.175194 -0.112903
v 0.145161 -0.163007 -0.080645
v 0.145161 -0.152430 -0.048387
v 0.129153 -0.145161 -0.048387
v 0.145161 -0.145161 -0.032287
v 0.132806 -0.112903 -0.306452
v 0.145161 -0.112903 -0.309506
v 0.145161 -0.136418 -0.306452
v 0.145161 -0.137970 -0.016129
v 0.145161 -0.131468 0.016129
v 0.145161 -0.129423 0.048387
v 0.145161 -0.128579 0.080645
v 0.145161 -0.126665 0.112903
v 0.145161 -0.124597 0.145161
v 0.117487 -0.112903 0.145161
v 0.145161 -0.122802 0.177419
v 0.120188 -0.112903 0.177419
v 0.145161 -0.122444 0.209677
v 0.120573 -0.112903 0.209677
v 0.145161 -0.123665 0.241935
v 0.145161 -0.123845 0.274194
v 0.145161 -0.118291 0.306452
v 0.145161 -0.112903 0.315255
v 0.145161 -0.080645 -0.316654
v 0.145161 -0.094809 0.338710
v 0.145161 -0.080645 0.350090
v 0.145161 -0.048387 -0.321623
v 0.145161 -0.048387 0.359590
v 0.145161 -0.016129 -0.324739
v 0.145161 -0.016129 0.361394
v 0.145161 0.016129 -0.325764
v 0.145161 0.016129 0.355683
v 0.145161 0.048387 -0.322232
v 0.145161 0.048387 0.344923
v 0.145161 0.080645 -0.316831
v 0.118719 0.080645 0.338710
v 0.145161 0.059979 0.338710
v 0.145161 0.080645 0.326209
v 0.145161 0.105325 -0.306452
v 0.145161 0.112903 -0.302512
v 0.138063 0.112903 0.306452
v 0.145161 0.108906 0.306452
v 0.145161 0.112903 0.301837
v 0.145161 0.145161 -0.290723
v 0.122039 0.145161 0.274194
v 0.145161 0.134959 0.274194
v 0.145161 0.145161 0.257505
v 0.145161 0.173213 -0.274194
v 0.126476 0.177419 -0.274194
v 0.145161 0.177419 -0.270730
v 0.145161 0.171194 0.209677
v 0.145161 0.177419 0.201225
v 0.145161 0.153715 0.241935
v 0.145161 0.209677 -0.247907
v 0.145161 0.192258 0.177419
v 0.145161 0.209677 0.154410
v 0.145161 0.216486 -0.241935
v 0.145161 0.241935 -0.211928
v 0.145161 0.232416 0.112903
v 0.145161 0.241935 0.094111
v 0.145161 0.216190 0.145161
v 0.145161 0.243632 -0.209677
v 0.145161 0.260162 -0.177419
v 0.145161 0.271945 -0.145161
v 0.145161 0.274194 -0.137701
v 0.145161 0.268104 0.016129
v 0.145161 0.274194 -0.004981
v 0.145161 0.259374 0.048387
v 0.145161 0.249175 0.080645
v 0.145161 0.281169 -0.112903
v 0.145161 0.284445 -0.080645
v 0.145161 0.283798 -0.048387
v 0.145161 0.277736 -0.016129
v 0.156371 -0.209677 -0.274194
v 0.177419 -0.209677 -0.289099
v 0.177419 -0.218518 -0.274194
v 0.177419 -0.221163 -0.241935
v 0.146609 -0.209677 -0.241935
v 0.177419 -0.215725 -0.209677
v 0.163835 -0.209677 -0.209677
v 0.177419 -0.209677 -0.192505
v 0.163410 -0.177419 -0.306452
v 0.177419 -0.177419 -0.310794
v 0.177419 -0.187190 -0.306452
v 0.177419 -0.203992 -0.177419
v 0.177419 -0.194820 -0.145161
v 0.177419 -0.186589 -0.112903
v 0.150269 -0.177419 -0.112903
v 0.177419 -0.177419 -0.089129
v 0.148760 -0.145161 -0.306452
v 0.177419 -0.145161 -0.314261
v 0.177419 -0.173698 -0.080645
v 0.177419 -0.163138 -0.048387
v 0.177419 -0.153855 -0.016129
v 0.158801 -0.145161 -0.016129
v 0.177419 -0.146795 0.016129
v 0.174307 -0.145161 0.016129
v 0.177419 -0.145161 0.027315
v 0.177419 -0.112903 -0.315659
v 0.177419 -0.142082 0.048387
v 0.177419 -0.140808 0.080645
v 0.177419 -0.137960 0.112903
v 0.177419 -0.135379 0.145161
v 0.177419 -0.131922 0.177419
v 0.177419 -0.130230 0.209677
v 0.177419 -0.129081 0.241935
v 0.177419 -0.126836 0.274194
v 0.177419 -0.117323 0.306452
v 0.177419 -0.112903 0.312354
v 0.177419 -0.080645 -0.319578
v 0.177419 -0.086254 0.338710
v 0.177419 -0.080645 0.342709
v 0.177419 -0.048387 -0.322911
v 0.177419 -0.048387 0.351545
v 0.177419 -0.016129 -0.325032
v 0.177419 -0.016129 0.352186
v 0.177419 0.016129 -0.325799
v 0.177419 0.016129 0.345586
v 0.177419 0.048387 -0.321435
v 0.158980 0.048387 0.338710
v 0.177419 0.031252 0.338710
v 0.177419 0.048387 0.329797
v 0.177419 0.080645 -0.316021
v 0.177419 0.080645 0.311259
v 0.177419 0.101391 -0.306452
v 0.177419 0.112903 -0.300306
v 0.177419 0.087372 0.306452
v 0.177419 0.112903 0.282205
v 0.177419 0.145161 -0.288543
v 0.177419 0.120794 0.274194
v 0.177419 0.145161 0.244138
v 0.177419 0.167774 -0.274194
v 0.177419 0.177419 -0.266089
v 0.177419 0.171019 0.209677
v 0.177419 0.177419 0.202391
v 0.177419 0.146867 0.241935
v 0.177419 0.209677 -0.243552
v 0.177419 0.194797 0.177419
v 0.177419 0.209677 0.157651
v 0.177419 0.211563 -0.241935
v 0.177419 0.241935 -0.209779
v 0.177419 0.233340 0.112903
v 0.177419 0.241935 0.095210
v 0.177419 0.218317 0.145161
v 0.177419 0.242019 -0.209677
v 0.177419 0.259854 -0.177419
v 0.169972 0.274194 -0.145161
v 0.177419 0.274194 -0.146482
v 0.177419 0.266019 0.016129
v 0.177419 0.274194 -0.007952
v 0.177419 0.258425 0.048387
v 0.177419 0.249328 0.080645
v 0.177419 0.274904 -0.145161
v 0.177419 0.282311 -0.112903
v 0.177419 0.285717 -0.080645
v 0.177419 0.283017 -0.048387
v 0.177419 0.277404 -0.016129
v 0.209677 -0.209677 -0.295849
v 0.209677 -0.223139 -0.274194
v 0.209677 -0.224781 -0.241935
v 0.209677 -0.219542 -0.209677
v 0.209677 -0.209677 -0.179534
v 0.209677 -0.177419 -0.312991
v 0.209677 -0.193669 -0.306452
v 0.209677 -0.208765 -0.177419
v 0.209677 -0.197198 -0.145161
v 0.209677 -0.190002 -0.112903
v 0.209677 -0.179501 -0.080645
v 0.198168 -0.177419 -0.080645
v 0.209677 -0.177419 -0.075831
v 0.209677 -0.145161 -0.315860
v 0.209677 -0.167664 -0.048387
v 0.209677 -0.160350 -0.016129
v 0.209677 -0.155361 0.016129
v 0.209677 -0.153014 0.048387
v 0.185471 -0.145161 0.048387
v 0.209677 -0.150782 0.080645
v 0.191016 -0.145161 0.080645
v 0.209677 -0.148622 0.112903
v 0.199547 -0.145161 0.112903
v 0.209677 -0.145161 0.131795
v 0.209677 -0.112903 -0.317708
v 0.209677 -0.142582 0.145161
v 0.209677 -0.137842 0.177419
v 0.209677 -0.133879 0.209677
v 0.209677 -0.130262 0.241935
v 0.209677 -0.124979 0.274194
v 0.196013 -0.112903 0.306452
v 0.209677 -0.112903 0.300351
v 0.209677 -0.080645 -0.320591
v 0.209677 -0.108739 0.306452
v 0.187771 -0.080645 0.338710
v 0.209677 -0.080645 0.329474
v 0.209677 -0.048387 -0.323334
v 0.209677 -0.051487 0.338710
v 0.209677 -0.048387 0.339597
v 0.209677 -0.016129 -0.325474
v 0.209677 -0.016129 0.340162
v 0.209677 0.016129 -0.325552
v 0.192386 0.016129 0.338710
v 0.209677 -0.011681 0.338710
v 0.209677 0.016129 0.329926
v 0.209677 0.048387 -0.321388
v 0.209677 0.048387 0.316485
v 0.209677 0.080645 -0.314813
v 0.186978 0.080645 0.306452
v 0.209677 0.064228 0.306452
v 0.209677 0.080645 0.294869
v 0.209677 0.098519 -0.306452
v 0.209677 0.112903 -0.299147
v 0.193918 0.112903 0.274194
v 0.209677 0.105795 0.274194
v 0.209677 0.112903 0.266646
v 0.209677 0.145161 -0.286719
v 0.188905 0.145161 0.241935
v 0.209677 0.141428 0.241935
v 0.209677 0.145161 0.238928
v 0.209677 0.164607 -0.274194
v 0.209677 0.177419 -0.264099
v 0.209677 0.175733 0.209677
v 0.209677 0.177419 0.207953
v 0.209677 0.208098 -0.241935
v 0.195277 0.209677 -0.241935
v 0.209677 0.209677 -0.240545
v 0.209677 0.199960 0.177419
v 0.209677 0.209677 0.165620
v 0.179046 0.241935 -0.209677
v 0.209677 0.240300 -0.209677
v 0.209677 0.241935 -0.207478
v 0.209677 0.236554 0.112903
v 0.209677 0.241935 0.101528
v 0.209677 0.222978 0.145161
v 0.209677 0.260296 -0.177419
v 0.209677 0.274194 -0.146371
v 0.209677 0.265973 0.016129
v 0.209677 0.274194 -0.014535
v 0.209677 0.258586 0.048387
v 0.209677 0.251137 0.080645
v 0.209677 0.274805 -0.145161
v 0.209677 0.283370 -0.112903
v 0.209677 0.284821 -0.080645
v 0.209677 0.282595 -0.048387
v 0.209677 0.274718 -0.016129
v 0.241935 -0.209677 -0.286736
v 0.241935 -0.218537 -0.274194
v 0.241935 -0.221578 -0.241935
v 0.241935 -0.214609 -0.209677
v 0.241935 -0.209677 -0.196326
v 0.241935 -0.177419 -0.308867
v 0.241935 -0.182239 -0.306452
v 0.241935 -0.202665 -0.177419
v 0.241935 -0.193602 -0.145161
v 0.241935 -0.187066 -0.112903
v 0.241935 -0.178009 -0.080645
v 0.241935 -0.177419 -0.079214
v 0.241935 -0.145161 -0.313761
v 0.241935 -0.167577 -0.048387
v 0.241935 -0.161783 -0.016129
v 0.241935 -0.158524 0.016129
v 0.241935 -0.155918 0.048387
v 0.241935 -0.154189 0.080645
v 0.241935 -0.150029 0.112903
v 0.241935 -0.145161 0.137991
v 0.241935 -0.112903 -0.316321
v 0.241935 -0.143573 0.145161
v 0.241935 -0.135312 0.177419
v 0.241935 -0.129306 0.209677
v 0.241935 -0.122918 0.241935
v 0.241935 -0.113560 0.274194
v 0.241935 -0.112903 0.275335
v 0.241935 -0.080645 -0.319450
v 0.241935 -0.090294 0.306452
v 0.241935 -0.080645 0.313997
v 0.241935 -0.048387 -0.322873
v 0.211424 -0.048387 0.338710
v 0.241935 -0.048387 0.322460
v 0.241935 -0.016129 -0.324243
v 0.212574 -0.016129 0.338710
v 0.241935 -0.016129 0.323144
v 0.241935 0.016129 -0.324218
v 0.241935 0.016129 0.314841
v 0.241935 0.048387 -0.318903
v 0.230425 0.048387 0.306452
v 0.241935 0.035088 0.306452
v 0.241935 0.048387 0.299588
v 0.241935 0.080645 -0.311705
v 0.241935 0.080645 0.280739
v 0.241935 0.091413 -0.306452
v 0.241935 0.112903 -0.296062
v 0.241935 0.090427 0.274194
v 0.241935 0.112903 0.256311
v 0.241935 0.145161 -0.283670
v 0.241935 0.136764 0.241935
v 0.241935 0.145161 0.237412
v 0.241935 0.159265 -0.274194
v 0.241935 0.177419 -0.259691
v 0.216668 0.177419 0.209677
v 0.241935 0.177419 0.215853
v 0.241935 0.202039 -0.241935
v 0.241935 0.209677 -0.235642
v 0.239247 0.209677 0.177419
v 0.241935 0.209677 0.178687
v 0.241935 0.183084 0.209677
v 0.241935 0.236745 -0.209677
v 0.241935 0.241935 -0.202458
v 0.239780 0.241935 0.112903
v 0.241935 0.241935 0.113754
v 0.241935 0.228241 0.145161
v 0.241935 0.210629 0.177419
v 0.241935 0.257175 -0.177419
v 0.220752 0.274194 -0.145161
v 0.241935 0.272956 -0.145161
v 0.241935 0.274194 -0.140622
v 0.217571 0.274194 -0.016129
v 0.241935 0.272621 -0.016129
v 0.241935 0.274194 -0.024529
v 0.241935 0.264746 0.016129
v 0.241935 0.259113 0.048387
v 0.241935 0.252556 0.080645
v 0.241935 0.242370 0.112903
v 0.241935 0.280805 -0.112903
v 0.241935 0.282716 -0.080645
v 0.241935 0.278591 -0.048387
v 0.255885 -0.209677 -0.274194
v 0.263423 -0.209677 -0.241935
v 0.250607 -0.209677 -0.209677
v 0.247109 -0.177419 -0.306452
v 0.274194 -0.177419 -0.291263
v 0.274194 -0.195263 -0.274194
v 0.274194 -0.201550 -0.241935
v 0.274194 -0.195967 -0.209677
v 0.274194 -0.189915 -0.177419
v 0.274194 -0.182560 -0.145161
v 0.270698 -0.177419 -0.112903
v 0.274194 -0.177419 -0.119596
v 0.243823 -0.177419 -0.080645
v 0.261765 -0.145161 -0.306452
v 0.274194 -0.145161 -0.300357
v 0.274194 -0.175915 -0.112903
v 0.274194 -0.169048 -0.080645
v 0.274194 -0.163987 -0.048387
v 0.274194 -0.159857 -0.016129
v 0.274194 -0.157195 0.016129
v 0.274194 -0.155096 0.048387
v 0.274194 -0.151932 0.080645
v 0.274194 -0.146503 0.112903
v 0.274194 -0.145161 0.118143
v 0.274194 -0.112903 -0.306742
v 0.274194 -0.114462 -0.306452
v 0.274194 -0.138390 0.145161
v 0.274194 -0.129928 0.177419
v 0.274194 -0.121334 0.209677
v 0.268440 -0.112903 0.241935
v 0.274194 -0.112903 0.235205
v 0.243679 -0.112903 0.274194
v 0.274194 -0.080645 -0.312628
v 0.274194 -0.109996 0.241935
v 0.274194 -0.098811 0.274194
v 0.260815 -0.080645 0.306452
v 0.274194 -0.080645 0.297820
v 0.274194 -0.048387 -0.317202
v 0.274194 -0.063812 0.306452
v 0.274194 -0.048387 0.311640
v 0.274194 -0.016129 -0.318906
v 0.274194 -0.016129 0.312607
v 0.274194 0.016129 -0.317526
v 0.267391 0.016129 0.306452
v 0.274194 0.006560 0.306452
v 0.274194 0.016129 0.303370
v 0.274194 0.048387 -0.311091
v 0.274194 0.048387 0.287687
v 0.274194 0.061992 -0.306452
v 0.257270 0.080645 -0.306452
v 0.274194 0.080645 -0.299963
v 0.260518 0.080645 0.274194
v 0.274194 0.071480 0.274194
v 0.274194 0.080645 0.268022
v 0.274194 0.112903 -0.289010
v 0.274194 0.112903 0.251523
v 0.274194 0.141769 -0.274194
v 0.269235 0.145161 -0.274194
v 0.274194 0.145161 -0.271808
v 0.274194 0.134426 0.241935
v 0.274194 0.145161 0.237620
v 0.274194 0.177419 -0.250818
v 0.274194 0.177419 0.221346
v 0.274194 0.189246 -0.241935
v 0.274194 0.209677 -0.224732
v 0.274194 0.189750 0.209677
v 0.274194 0.209677 0.187878
v 0.274194 0.225731 -0.209677
v 0.274194 0.241935 -0.189355
v 0.274194 0.233293 0.145161
v 0.274194 0.241935 0.123306
v 0.274194 0.217005 0.177419
v 0.274194 0.250351 -0.177419
v 0.274194 0.264750 -0.145161
v 0.272896 0.274194 -0.112903
v 0.274194 0.273849 -0.112903
v 0.274194 0.274194 -0.105722
v 0.265229 0.274194 -0.048387
v 0.274194 0.272321 -0.048387
v 0.274194 0.274194 -0.069060
v 0.274194 0.267071 -0.016129
v 0.274194 0.262982 0.016129
v 0.274194 0.258448 0.048387
v 0.274194 0.253520 0.080645
v 0.274194 0.245875 0.112903
v 0.274194 0.275293 -0.080645
v 0.288940 -0.177419 -0.274194
v 0.294957 -0.177419 -0.241935
v 0.292719 -0.177419 -0.209677
v 0.288149 -0.177419 -0.177419
v 0.280785 -0.177419 -0.145161
v 0.298887 -0.145161 -0.274194
v 0.306452 -0.145161 -0.253528
v 0.306452 -0.153475 -0.241935
v 0.306452 -0.153011 -0.209677
v 0.306452 -0.151464 -0.177419
v 0.306452 -0.149990 -0.145161
v 0.306452 -0.150973 -0.112903
v 0.306452 -0.150818 -0.080645
v 0.306452 -0.150239 -0.048387
v 0.306452 -0.146960 -0.016129
v 0.306452 -0.146245 0.016129
v 0.302661 -0.145161 0.048387
v 0.306452 -0.145161 0.028783
v 0.293462 -0.145161 0.080645
v 0.277198 -0.145161 0.112903
v 0.274594 -0.112903 -0.306452
v 0.306452 -0.112903 -0.275467
v 0.306452 -0.116521 -0.274194
v 0.306452 -0.143406 0.048387
v 0.306452 -0.139908 0.080645
v 0.306452 -0.132735 0.112903
v 0.306452 -0.125764 0.145161
v 0.306452 -0.113008 0.177419
v 0.289064 -0.112903 0.209677
v 0.306452 -0.112903 0.177713
v 0.282963 -0.080645 -0.306452
v 0.306452 -0.080645 -0.284621
v 0.306452 -0.100064 0.209677
v 0.306452 -0.086755 0.241935
v 0.300358 -0.080645 0.274194
v 0.306452 -0.080645 0.260307
v 0.290208 -0.048387 -0.306452
v 0.306452 -0.048387 -0.290902
v 0.306452 -0.070797 0.274194
v 0.286736 -0.048387 0.306452
v 0.306452 -0.048387 0.290378
v 0.292943 -0.016129 -0.306452
v 0.306452 -0.016129 -0.293834
v 0.289730 -0.016129 0.306452
v 0.306452 -0.016129 0.294023
v 0.290441 0.016129 -0.306452
v 0.306452 0.016129 -0.291761
v 0.306452 0.016129 0.283550
v 0.280696 0.048387 -0.306452
v 0.306452 0.048387 -0.284538
v 0.297203 0.048387 0.274194
v 0.306452 0.033506 0.274194
v 0.306452 0.048387 0.264681
v 0.306452 0.080645 -0.275235
v 0.306452 0.080645 0.247058
v 0.306452 0.083336 -0.274194
v 0.294898 0.112903 -0.274194
v 0.306452 0.112903 -0.260204
v 0.293362 0.112903 0.241935
v 0.306452 0.092656 0.241935
v 0.306452 0.112903 0.235566
v 0.306452 0.145161 -0.245234
v 0.306452 0.145161 0.228145
v 0.306452 0.150007 -0.241935
v 0.286142 0.177419 -0.241935
v 0.306452 0.177419 -0.221150
v 0.306452 0.177419 0.214312
v 0.292395 0.209677 -0.209677
v 0.306452 0.191791 -0.209677
v 0.306452 0.209677 -0.191619
v 0.306452 0.182477 0.209677
v 0.306452 0.209677 0.183008
v 0.287071 0.241935 -0.177419
v 0.306452 0.222742 -0.177419
v 0.306452 0.241935 -0.150795
v 0.303505 0.241935 0.112903
v 0.306452 0.241440 0.112903
v 0.306452 0.241935 0.111069
v 0.306452 0.230538 0.145161
v 0.306452 0.213852 0.177419
v 0.306452 0.245176 -0.145161
v 0.306452 0.254254 -0.112903
v 0.276462 0.274194 -0.080645
v 0.306452 0.258593 -0.080645
v 0.306452 0.257663 -0.048387
v 0.306452 0.257209 -0.016129
v 0.306452 0.255126 0.016129
v 0.306452 0.252832 0.048387
v 0.306452 0.248488 0.080645
v 0.310405 -0.145161 -0.241935
v 0.310850 -0.145161 -0.209677
v 0.310806 -0.145161 -0.177419
v 0.310141 -0.145161 -0.145161
v 0.311683 -0.145161 -0.112903
v 0.312356 -0.145161 -0.080645
v 0.312794 -0.145161 -0.048387
v 0.308913 -0.145161 -0.016129
v 0.308073 -0.145161 0.016129
v 0.307452 -0.112903 -0.274194
v 0.317443 -0.112903 -0.241935
v 0.320043 -0.112903 -0.209677
v 0.322247 -0.112903 -0.177419
v 0.325223 -0.112903 -0.145161
v 0.330047 -0.112903 -0.112903
v 0.336642 -0.112903 -0.080645
v 0.338710 -0.112903 -0.073279
v 0.338710 -0.120587 -0.048387
v 0.338710 -0.123744 -0.016129
v 0.338710 -0.125575 0.016129
v 0.338710 -0.125200 0.048387
v 0.338710 -0.122794 0.080645
v 0.338710 -0.114251 0.112903
v 0.324908 -0.112903 0.145161
v 0.338710 -0.112903 0.116511
v 0.306590 -0.112903 0.177419
v 0.314440 -0.080645 -0.274194
v 0.322206 -0.080645 -0.241935
v 0.325782 -0.080645 -0.209677
v 0.329272 -0.080645 -0.177419
v 0.336440 -0.080645 -0.145161
v 0.338710 -0.080645 -0.138338
v 0.338710 -0.096306 -0.112903
v 0.338710 -0.109976 -0.080645
v 0.338710 -0.101202 0.145161
v 0.338710 -0.084693 0.177419
v 0.327031 -0.080645 0.209677
v 0.338710 -0.080645 0.185891
v 0.313263 -0.080645 0.241935
v 0.318737 -0.048387 -0.274194
v 0.326133 -0.048387 -0.241935
v 0.330956 -0.048387 -0.209677
v 0.337422 -0.048387 -0.177419
v 0.338710 -0.048387 -0.173788
v 0.338710 -0.074770 -0.145161
v 0.338710 -0.055881 0.209677
v 0.338710 -0.048387 0.218124
v 0.328097 -0.048387 0.241935
v 0.317786 -0.048387 0.274194
v 0.320433 -0.016129 -0.274194
v 0.327757 -0.016129 -0.241935
v 0.334192 -0.016129 -0.209677
v 0.338710 -0.016129 -0.193993
v 0.338710 -0.042008 -0.177419
v 0.332309 -0.016129 0.241935
v 0.338710 -0.016129 0.231790
v 0.320387 -0.016129 0.274194
v 0.319556 0.016129 -0.274194
v 0.327967 0.016129 -0.241935
v 0.336001 0.016129 -0.209677
v 0.338710 0.016129 -0.201227
v 0.327008 0.016129 0.241935
v 0.338710 0.016129 0.224049
v 0.313616 0.016129 0.274194
v 0.314772 0.048387 -0.274194
v 0.325002 0.048387 -0.241935
v 0.333084 0.048387 -0.209677
v 0.338710 0.048387 -0.192021
v 0.320265 0.048387 0.241935
v 0.338710 0.048387 0.217127
v 0.307354 0.080645 -0.274194
v 0.322757 0.080645 -0.241935
v 0.331431 0.080645 -0.209677
v 0.338710 0.080645 -0.187161
v 0.335588 0.080645 0.209677
v 0.338710 0.068381 0.209677
v 0.338710 0.080645 0.205791
v 0.310320 0.080645 0.241935
v 0.317388 0.112903 -0.241935
v 0.327599 0.112903 -0.209677
v 0.338710 0.106108 -0.177419
v 0.337712 0.112903 -0.177419
v 0.338710 0.112903 -0.175136
v 0.330563 0.112903 0.209677
v 0.338710 0.112903 0.199652
v 0.309009 0.145161 -0.241935
v 0.324091 0.145161 -0.209677
v 0.333948 0.145161 -0.177419
v 0.338710 0.145161 -0.166906
v 0.323195 0.145161 0.209677
v 0.338710 0.145161 0.191132
v 0.314069 0.177419 -0.209677
v 0.325457 0.177419 -0.177419
v 0.338710 0.174371 -0.145161
v 0.337558 0.177419 -0.145161
v 0.338710 0.177419 -0.142065
v 0.335773 0.177419 0.177419
v 0.338710 0.171204 0.177419
v 0.338710 0.177419 0.173844
v 0.310568 0.177419 0.209677
v 0.314276 0.209677 -0.177419
v 0.325884 0.209677 -0.145161
v 0.338710 0.200383 -0.112903
v 0.334242 0.209677 -0.112903
v 0.338710 0.209677 -0.096542
v 0.334055 0.209677 0.145161
v 0.338710 0.204515 0.145161
v 0.338710 0.209677 0.136783
v 0.311150 0.209677 0.177419
v 0.309217 0.241935 -0.145161
v 0.317223 0.241935 -0.112903
v 0.338710 0.216864 -0.080645
v 0.322362 0.241935 -0.080645
v 0.325043 0.241935 -0.048387
v 0.338710 0.225691 -0.048387
v 0.327202 0.241935 -0.016129
v 0.338710 0.230669 -0.016129
v 0.327257 0.241935 0.016129
v 0.338710 0.232463 0.016129
v 0.325272 0.241935 0.048387
v 0.338710 0.231896 0.048387
v 0.318444 0.241935 0.080645
v 0.338710 0.228440 0.080645
v 0.338710 0.220702 0.112903
v 0.345203 -0.112903 -0.048387
v 0.349111 -0.112903 -0.016129
v 0.351840 -0.112903 0.016129
v 0.352589 -0.112903 0.048387
v 0.349965 -0.112903 0.080645
v 0.340234 -0.112903 0.112903
v 0.346311 -0.080645 -0.112903
v 0.353364 -0.080645 -0.080645
v 0.359880 -0.080645 -0.048387
v 0.367508 -0.080645 -0.016129
v 0.370968 -0.080645 0.002138
v 0.370968 -0.084673 0.016129
v 0.370968 -0.089691 0.048387
v 0.370968 -0.086190 0.080645
v 0.370968 -0.080645 0.096416
v 0.366502 -0.080645 0.112903
v 0.355570 -0.080645 0.145161
v 0.341997 -0.080645 0.177419
v 0.347122 -0.048387 -0.145161
v 0.353646 -0.048387 -0.112903
v 0.360875 -0.048387 -0.080645
v 0.370842 -0.048387 -0.048387
v 0.370968 -0.048387 -0.048037
v 0.370968 -0.073199 -0.016129
v 0.370968 -0.072351 0.112903
v 0.370968 -0.048387 0.141645
v 0.369380 -0.048387 0.145161
v 0.354324 -0.048387 0.177419
v 0.341578 -0.048387 0.209677
v 0.343459 -0.016129 -0.177419
v 0.350987 -0.016129 -0.145161
v 0.357232 -0.016129 -0.112903
v 0.366351 -0.016129 -0.080645
v 0.370968 -0.016129 -0.068689
v 0.370968 -0.047947 -0.048387
v 0.370968 -0.042090 0.145161
v 0.370968 -0.016129 0.155436
v 0.359175 -0.016129 0.177419
v 0.348016 -0.016129 0.209677
v 0.345453 0.016129 -0.177419
v 0.352951 0.016129 -0.145161
v 0.359166 0.016129 -0.112903
v 0.370821 0.016129 -0.080645
v 0.370968 0.016129 -0.080286
v 0.359332 0.016129 0.177419
v 0.370968 0.016129 0.157642
v 0.345697 0.016129 0.209677
v 0.343418 0.048387 -0.177419
v 0.352278 0.048387 -0.145161
v 0.359078 0.048387 -0.112903
v 0.370382 0.048387 -0.080645
v 0.370968 0.048387 -0.079196
v 0.356991 0.048387 0.177419
v 0.370968 0.048387 0.153549
v 0.342654 0.048387 0.209677
v 0.342018 0.080645 -0.177419
v 0.351532 0.080645 -0.145161
v 0.358038 0.080645 -0.112903
v 0.368799 0.080645 -0.080645
v 0.370968 0.080645 -0.074857
v 0.353584 0.080645 0.177419
v 0.370968 0.080645 0.147654
v 0.348935 0.112903 -0.145161
v 0.356384 0.112903 -0.112903
v 0.365310 0.112903 -0.080645
v 0.370968 0.112903 -0.065001
v 0.367124 0.112903 0.145161
v 0.370968 0.090170 0.145161
v 0.370968 0.112903 0.137888
v 0.350616 0.112903 0.177419
v 0.347027 0.145161 -0.145161
v 0.354105 0.145161 -0.112903
v 0.361636 0.145161 -0.080645
v 0.370968 0.145161 -0.049425
v 0.362046 0.145161 0.145161
v 0.370968 0.145161 0.125120
v 0.346628 0.145161 0.177419
v 0.347460 0.177419 -0.112903
v 0.354165 0.177419 -0.080645
v 0.370968 0.146169 -0.048387
v 0.360694 0.177419 -0.048387
v 0.368387 0.177419 -0.016129
v 0.370968 0.171483 -0.016129
v 0.370968 0.177419 0.000166
v 0.364170 0.177419 0.112903
v 0.370968 0.160317 0.112903
v 0.370968 0.177419 0.088271
v 0.353134 0.177419 0.145161
v 0.342686 0.209677 -0.080645
v 0.348359 0.209677 -0.048387
v 0.353132 0.209677 -0.016129
v 0.370968 0.181655 0.016129
v 0.355679 0.209677 0.016129
v 0.356337 0.209677 0.048387
v 0.370968 0.185947 0.048387
v 0.353963 0.209677 0.080645
v 0.370968 0.180822 0.080645
v 0.347598 0.209677 0.112903
v 0.373488 -0.080645 0.016129
v 0.376682 -0.080645 0.048387
v 0.374536 -0.080645 0.080645
v 0.379946 -0.048387 -0.016129
v 0.383907 -0.048387 0.016129
v 0.386409 -0.048387 0.048387
v 0.385442 -0.048387 0.080645
v 0.380243 -0.048387 0.112903
v 0.378306 -0.016129 -0.048387
v 0.384753 -0.016129 -0.016129
v 0.388189 -0.016129 0.016129
v 0.390446 -0.016129 0.048387
v 0.389884 -0.016129 0.080645
v 0.384926 -0.016129 0.112903
v 0.375938 -0.016129 0.145161
v 0.381010 0.016129 -0.048387
v 0.386590 0.016129 -0.016129
v 0.390421 0.016129 0.016129
v 0.392758 0.016129 0.048387
v 0.391883 0.016129 0.080645
v 0.386371 0.016129 0.112903
v 0.377296 0.016129 0.145161
v 0.380732 0.048387 -0.048387
v 0.386626 0.048387 -0.016129
v 0.390016 0.048387 0.016129
v 0.392220 0.048387 0.048387
v 0.390842 0.048387 0.080645
v 0.385613 0.048387 0.112903
v 0.375548 0.048387 0.145161
v 0.379184 0.080645 -0.048387
v 0.385415 0.080645 -0.016129
v 0.388540 0.080645 0.016129
v 0.390168 0.080645 0.048387
v 0.388747 0.080645 0.080645
v 0.383591 0.080645 0.112903
v 0.372425 0.080645 0.145161
v 0.376612 0.112903 -0.048387
v 0.383369 0.112903 -0.016129
v 0.386173 0.112903 0.016129
v 0.387496 0.112903 0.048387
v 0.385906 0.112903 0.080645
v 0.380635 0.112903 0.112903
v 0.371315 0.145161 -0.048387
v 0.379232 0.145161 -0.016129
v 0.382841 0.145161 0.016129
v 0.383742 0.145161 0.048387
v 0.381914 0.145161 0.080645
v 0.375747 0.145161 0.112903
v 0.373137 0.177419 0.016129
v 0.375425 0.177419 0.048387
v 0.372789 0.177419 0.080645
vn -0.975473 -0.199293 -0.093459
vn -0.921280 -0.230067 -0.313546
vn -0.959125 -0.241116 -0.148126
vn -0.958496 -0.264014 0.107617
vn -0.961955 -0.244714 0.121484
vn -0.911562 -0.302756 0.278198
vn -0.952701 -0.151886 -0.263234
vn -0.701330 -0.195136 -0.685608
vn -0.851433 -0.234501 -0.469118
vn -0.985742 -0.129990 -0.106843
vn -0.986147 -0.159491 0.045570
vn -0.908151 -0.333622 0.252901
vn -0.954280 -0.242007 0.175450
vn -0.903378 -0.338152 0.263746
vn -0.949186 -0.120291 -0.290820
vn -0.768433 -0.154613 -0.620972
vn -0.987033 -0.104814 -0.121573
vn -0.993786 -0.110146 0.016066
vn -0.986098 -0.142961 0.084693
vn -0.922411 -0.302856 0.239659
vn -0.955541 -0.236995 0.175425
vn -0.903718 -0.348987 0.247994
vn -0.933719 -0.293617 0.204835
vn -0.886176 -0.379740 0.265497
vn -0.947586 -0.080403 -0.309219
vn -0.824615 -0.099549 -0.556866
vn -0.990630 -0.079223 -0.111248
vn -0.996174 -0.087335 0.003136
vn -0.993869 -0.097959 0.051258
vn -0.987362 -0.124369 0.098227
vn -0.973260 -0.172205 0.152020
vn -0.894236 -0.360504 0.265290
vn -0.952947 -0.213549 0.215148
vn -0.905253 -0.316696 0.283231
vn -0.948150 0.022542 -0.317024
vn -0.851708 0.041811 -0.522347
vn -0.993166 0.025038 -0.113991
vn -0.999783 0.016628 -0.012588
vn -0.999121 0.002137 0.041862
vn -0.996746 -0.007032 0.080300
vn -0.992175 -0.014022 0.124069
vn -0.983291 -0.046184 0.176084
vn -0.943056 -0.191497 0.271982
vn -0.968436 -0.012011 0.248974
vn -0.964195 -0.049290 0.260574
vn -0.926638 0.199694 -0.318535
vn -0.804739 0.244718 -0.540840
vn -0.978702 0.173705 -0.109402
vn -0.984413 0.174309 -0.023418
vn -0.985957 0.163722 0.032923
vn -0.984423 0.160958 0.070732
vn -0.983247 0.137976 0.119111
vn -0.966161 0.169111 0.194768
vn -0.940746 0.207748 0.268026
vn -0.956689 0.130996 0.259972
vn -0.874089 0.338703 -0.348209
vn -0.925971 0.343574 -0.156636
vn -0.783645 0.563601 -0.261255
vn -0.933807 0.355916 -0.036451
vn -0.936959 0.349050 0.016508
vn -0.938134 0.341141 0.059393
vn -0.941449 0.311888 0.128061
vn -0.905868 0.366889 0.211651
vn -0.910963 0.321243 0.258747
vn -0.804710 0.582270 -0.115771
vn -0.816368 0.576943 -0.026062
vn -0.824821 0.565097 0.018304
vn -0.836843 0.543553 0.065149
vn -0.833818 0.532184 0.146724
vn -0.827877 -0.542232 -0.143540
vn -0.716367 -0.585050 -0.380177
vn -0.287735 -0.937614 -0.195164
vn -0.426787 -0.893055 0.142497
vn -0.834514 -0.509709 0.209246
vn -0.455290 -0.844281 0.282669
vn -0.827449 -0.464687 0.315268
vn -0.583385 -0.693211 0.423227
vn -0.796599 -0.354670 -0.489531
vn -0.432971 -0.339114 -0.835187
vn -0.386254 -0.421950 -0.820223
vn -0.911147 -0.368212 -0.185016
vn -0.906494 -0.379473 0.185117
vn -0.879447 -0.372953 0.295767
vn -0.654197 -0.618820 0.434842
vn -0.855881 -0.402039 0.325318
vn -0.693638 -0.560116 0.452920
vn -0.732600 -0.231837 -0.639960
vn -0.512550 -0.257267 -0.819210
vn -0.900881 -0.326813 0.285670
vn -0.896115 -0.340485 0.284688
vn -0.774574 -0.495643 0.392904
vn -0.873475 -0.396004 0.283237
vn -0.772190 -0.529273 0.351557
vn -0.939356 -0.342361 -0.019974
vn -0.909156 -0.397969 -0.122701
vn -0.817846 -0.570840 -0.072592
vn -0.850545 -0.524247 0.041684
vn -0.932263 -0.352535 0.081266
vn -0.847928 -0.493680 0.193128
vn -0.653665 -0.221151 -0.723750
vn -0.375752 -0.216059 -0.901182
vn -0.381911 -0.253490 -0.888756
vn -0.885423 -0.370158 0.281087
vn -0.899247 -0.359895 0.248656
vn -0.824544 -0.484684 0.291904
vn -0.891700 -0.385639 0.236966
vn -0.753856 -0.588065 0.293054
vn -0.890069 -0.401641 0.215552
vn -0.732000 -0.629296 0.261079
vn -0.929247 -0.339314 -0.146169
vn -0.776804 -0.591025 -0.217404
vn -0.677358 -0.678524 -0.284237
vn -0.747006 -0.611771 -0.260228
vn -0.941131 -0.305059 -0.145642
vn -0.849314 -0.495318 -0.182550
vn -0.959181 -0.273444 -0.072111
vn -0.976648 -0.214845 0.000262
vn -0.969625 -0.239243 0.050900
vn -0.895722 -0.413475 0.163464
vn -0.953690 -0.275615 0.120467
vn -0.858860 -0.459784 0.225740
vn -0.935675 -0.266242 0.231576
vn -0.834175 -0.422756 0.354159
vn -0.651715 -0.186320 -0.735223
vn -0.388853 -0.172620 -0.904984
vn -0.911660 -0.337126 0.234993
vn -0.926436 -0.321722 0.195476
vn -0.877858 -0.446639 0.172854
vn -0.924696 -0.354566 0.138640
vn -0.873830 -0.483215 0.054074
vn -0.940777 -0.338389 0.020784
vn -0.877510 -0.472732 -0.080628
vn -0.948233 -0.307013 -0.081228
vn -0.963347 -0.252334 -0.091053
vn -0.971916 -0.216267 -0.092777
vn -0.985625 -0.163029 -0.044319
vn -0.990240 -0.138941 0.010945
vn -0.990825 -0.126889 0.046524
vn -0.987790 -0.127398 0.089673
vn -0.973263 -0.155207 0.169325
vn -0.876141 -0.302289 0.375498
vn -0.926608 -0.198282 0.319504
vn -0.844359 -0.245394 0.476277
vn -0.630997 -0.146197 -0.761886
vn -0.409826 -0.141344 -0.901146
vn -0.942361 -0.254046 0.217755
vn -0.965144 -0.212855 0.152279
vn -0.979509 -0.190299 0.065943
vn -0.986006 -0.164973 -0.023987
vn -0.989754 -0.128725 -0.061773
vn -0.993782 -0.098450 -0.052010
vn -0.996838 -0.078112 -0.014550
vn -0.997518 -0.067267 0.020796
vn -0.996497 -0.063088 0.054903
vn -0.994256 -0.058741 0.089464
vn -0.988262 -0.059437 0.140733
vn -0.949606 -0.081942 0.302546
vn -0.866790 -0.118422 0.484408
vn -0.615680 -0.036393 -0.787155
vn -0.436276 -0.029071 -0.899343
vn -0.980905 0.007869 0.194330
vn -0.995655 -0.000610 0.093113
vn -0.999794 0.020261 0.000868
vn -0.998832 0.036773 -0.031326
vn -0.997878 0.053605 -0.036956
vn -0.998476 0.054722 -0.007146
vn -0.998393 0.052810 0.020538
vn -0.997347 0.047336 0.055305
vn -0.994955 0.045136 0.089594
vn -0.986127 0.060222 0.154684
vn -0.957380 0.074537 0.279048
vn -0.873076 0.061599 0.483677
vn -0.676853 0.221072 -0.702138
vn -0.433795 0.157092 -0.887211
vn -0.943608 0.234589 0.233609
vn -0.966701 0.184756 0.177073
vn -0.981486 0.165100 0.097095
vn -0.985998 0.166506 0.009149
vn -0.986526 0.161179 -0.028053
vn -0.987873 0.151012 -0.036093
vn -0.989949 0.140796 -0.013340
vn -0.990825 0.134287 0.015251
vn -0.990589 0.128023 0.048410
vn -0.986563 0.132492 0.095596
vn -0.976552 0.135654 0.167166
vn -0.940776 0.187028 0.282775
vn -0.835058 0.226706 0.501280
vn -0.691159 0.408051 -0.596484
vn -0.373267 0.368519 -0.851391
vn -0.743245 0.484723 -0.461119
vn -0.887080 0.421121 0.189067
vn -0.915970 0.354989 0.187035
vn -0.939048 0.299077 0.169532
vn -0.945449 0.308734 0.103970
vn -0.956058 0.292810 0.014654
vn -0.959359 0.277514 -0.051154
vn -0.970684 0.234962 -0.050645
vn -0.975097 0.220107 -0.027167
vn -0.977618 0.210067 0.011602
vn -0.973121 0.223019 0.057427
vn -0.968472 0.227088 0.102433
vn -0.946286 0.255233 0.198493
vn -0.870123 0.332348 0.363911
vn -0.825408 0.296938 0.480134
vn -0.536868 0.580120 -0.612563
vn -0.722350 0.559981 -0.405749
vn -0.519687 0.614006 -0.594073
vn -0.769203 0.609662 -0.191410
vn -0.791199 0.609436 -0.050914
vn -0.807494 0.589671 -0.015520
vn -0.821288 0.569716 0.030142
vn -0.849221 0.520904 0.086505
vn -0.875142 0.467945 0.123106
vn -0.885391 0.434734 0.164590
vn -0.907387 0.396368 0.139794
vn -0.894405 0.420061 0.153586
vn -0.912418 0.406230 0.049714
vn -0.930045 0.366182 -0.030447
vn -0.933484 0.348519 -0.084509
vn -0.948789 0.306544 -0.076357
vn -0.924013 0.360683 -0.126916
vn -0.955111 0.292493 -0.047020
vn -0.960123 0.279570 0.002003
vn -0.956285 0.285433 0.063617
vn -0.940478 0.316140 0.124728
vn -0.872656 0.428528 0.234169
vn -0.852291 0.427546 0.301339
vn -0.624573 0.654940 -0.425396
vn -0.748291 0.645583 -0.152586
vn -0.792057 0.607455 -0.060363
vn -0.813710 0.581071 -0.015244
vn -0.828591 0.559523 0.019241
vn -0.853925 0.517916 0.050756
vn -0.865943 0.484679 0.123407
vn -0.886980 0.445277 0.122450
vn -0.893624 0.425282 0.143424
vn -0.931916 0.351901 -0.087745
vn -0.940280 0.337906 -0.041152
vn -0.939743 0.341219 0.021288
vn -0.928825 0.353923 0.109643
vn -0.919755 0.336139 0.202639
vn -0.178383 -0.875923 -0.448261
vn -0.038327 -0.533934 -0.844657
vn 0.010251 -0.912579 -0.408771
vn 0.020357 -0.981706 -0.189311
vn -0.060601 -0.997377 0.039590
vn -0.182488 -0.958543 0.218847
vn -0.273691 -0.910302 0.310553
vn -0.578884 -0.692595 0.430354
vn -0.331726 -0.838868 0.431577
vn -0.154418 -0.414154 -0.897013
vn -0.462426 -0.758271 0.459550
vn -0.695593 -0.591633 0.407579
vn -0.476461 -0.747979 0.462073
vn -0.704426 -0.599062 0.380668
vn -0.297267 -0.804140 0.514772
vn -0.678355 -0.678818 -0.281143
vn -0.572884 -0.716736 -0.397611
vn 0.267909 -0.911142 -0.313122
vn 0.030812 -0.968107 -0.248634
vn -0.734056 -0.662288 -0.150121
vn -0.205548 -0.978614 0.008090
vn -0.805869 -0.582958 0.103609
vn -0.282357 -0.924692 0.255378
vn -0.806266 -0.545564 0.228681
vn -0.303631 -0.889874 0.340489
vn -0.360070 -0.307205 -0.880894
vn -0.181669 -0.253737 -0.950060
vn -0.013378 -0.397639 -0.917444
vn -0.714470 -0.594707 0.368586
vn -0.403478 -0.810852 0.423939
vn -0.711049 -0.614450 0.341849
vn -0.560865 -0.743142 0.364926
vn -0.652482 -0.705755 -0.276002
vn -0.425878 -0.861457 -0.276622
vn -0.032577 -0.958399 -0.283567
vn -0.102106 -0.910457 -0.400803
vn -0.652671 -0.691565 -0.309448
vn -0.708977 -0.652103 -0.268541
vn -0.833659 -0.510658 0.210336
vn -0.559310 -0.727786 0.396861
vn -0.808935 -0.511677 0.289502
vn -0.544493 -0.702769 0.457868
vn -0.784269 -0.485529 0.386242
vn -0.369363 -0.717504 0.590558
vn -0.155340 -0.205227 -0.966308
vn -0.599171 -0.768363 0.224972
vn -0.733880 -0.663127 0.147251
vn -0.500065 -0.861361 0.089404
vn -0.737532 -0.675190 0.012816
vn -0.476243 -0.870465 -0.124432
vn -0.699312 -0.697005 -0.158576
vn -0.829891 -0.386243 0.402614
vn -0.494127 -0.605981 0.623399
vn -0.787141 -0.349383 0.508273
vn -0.415554 -0.473769 0.776439
vn -0.143464 -0.168515 -0.975203
vn -0.803863 -0.209074 0.556860
vn -0.585579 -0.279189 0.761019
vn -0.148486 -0.159787 -0.975920
vn -0.771459 -0.038233 0.635130
vn -0.715143 -0.087502 0.693480
vn -0.168755 -0.060329 -0.983810
vn -0.752535 0.143686 0.642687
vn -0.639002 0.147648 0.754902
vn -0.185795 0.162106 -0.969124
vn -0.772756 0.250870 0.583020
vn -0.569923 0.248631 0.783180
vn -0.176183 0.351723 -0.919375
vn -0.834916 0.332405 0.438660
vn -0.788266 0.310130 0.531466
vn -0.448812 0.325504 0.832235
vn -0.472410 0.612825 -0.633463
vn -0.186453 0.472084 -0.861610
vn -0.933166 0.356710 0.044269
vn -0.942728 0.331248 -0.039223
vn -0.940332 0.331858 -0.075143
vn -0.903248 0.323802 0.281593
vn -0.847769 0.314777 0.426852
vn -0.608422 0.357926 0.708316
vn -0.478098 0.432423 0.764481
vn -0.381939 0.626973 -0.678989
vn -0.588964 0.643205 -0.489293
vn -0.268640 0.619907 -0.737257
vn -0.681485 0.684439 -0.259078
vn -0.728341 0.677605 -0.101835
vn -0.742812 0.668605 -0.034613
vn -0.759862 0.649736 -0.021260
vn -0.786517 0.617267 0.019286
vn -0.817283 0.572357 0.066753
vn -0.859039 0.504034 0.089453
vn -0.898658 0.432928 0.070621
vn -0.924597 0.380947 0.000929
vn -0.932123 0.358832 -0.048847
vn -0.937083 0.343361 -0.063078
vn -0.928399 0.361044 -0.087875
vn -0.926955 0.372970 -0.040589
vn -0.920912 0.389535 0.013553
vn -0.918902 0.382236 0.097542
vn -0.919213 0.354801 0.170775
vn -0.912372 0.321410 0.253521
vn -0.892264 0.308248 0.329920
vn -0.582690 0.362677 0.727281
vn -0.530150 0.732956 -0.426282
vn -0.609141 0.738410 -0.289305
vn -0.710525 0.694973 -0.110305
vn -0.739705 0.670475 -0.057447
vn -0.631242 0.768077 -0.107661
vn -0.751635 0.658916 -0.029595
vn -0.775775 0.630632 -0.021825
vn -0.799792 0.599763 0.024842
vn -0.834877 0.548279 0.048684
vn -0.866323 0.498926 0.023600
vn -0.895671 0.444657 -0.007370
vn -0.900293 0.431857 -0.054511
vn -0.903874 0.421086 -0.075489
vn -0.904487 0.419338 -0.077835
vn -0.903598 0.425520 -0.049423
vn -0.898809 0.438147 0.013058
vn -0.899520 0.431257 0.069871
vn -0.901673 0.409842 0.137898
vn -0.894784 0.390654 0.216221
vn -0.714120 0.503249 0.486594
vn -0.656816 0.523134 0.543069
vn -0.660422 0.746460 -0.081486
vn -0.697362 0.714432 -0.057205
vn -0.714524 0.697534 -0.053875
vn -0.746579 0.665292 0.002431
vn -0.766463 0.642285 0.002013
vn -0.787739 0.615733 -0.018457
vn -0.788743 0.613810 -0.033492
vn -0.785700 0.614084 -0.074679
vn -0.786872 0.609725 -0.095220
vn -0.805723 0.585570 -0.088984
vn -0.814524 0.579663 -0.023270
vn -0.816978 0.576162 0.024174
vn -0.811603 0.577988 0.085034
vn -0.808704 0.563487 0.168762
vn -0.772357 0.555711 0.307653
vn 0.218848 -0.622878 -0.751085
vn 0.281764 -0.861931 -0.421525
vn 0.243003 -0.933407 -0.264011
vn 0.179601 -0.983466 -0.023203
vn 0.115475 -0.986901 0.112655
vn 0.005254 -0.963319 0.268307
vn 0.039364 -0.931245 0.362262
vn 0.208343 -0.503973 -0.838215
vn 0.343163 -0.656599 -0.671652
vn -0.049321 -0.902736 0.427359
vn -0.161087 -0.859999 0.484204
vn -0.097478 -0.834752 0.541929
vn 0.262831 -0.879062 -0.397706
vn 0.293638 -0.903266 -0.312868
vn 0.314750 -0.911511 -0.264726
vn 0.298014 -0.946655 -0.122605
vn 0.166324 -0.975593 0.143366
vn -0.031677 -0.955231 0.294160
vn -0.122057 -0.916313 0.381408
vn 0.088040 -0.918684 0.385058
vn 0.073101 -0.298098 -0.951732
vn 0.168027 -0.454165 -0.874929
vn -0.149992 -0.878079 0.454400
vn -0.188694 -0.912685 0.362494
vn -0.334075 -0.895583 0.293811
vn -0.081348 -0.946713 0.311636
vn -0.048737 -0.969026 -0.242101
vn 0.126900 -0.969006 -0.211953
vn 0.176454 -0.939382 -0.293983
vn 0.276919 -0.904106 -0.325434
vn -0.110910 -0.875328 0.470638
vn -0.222761 -0.789202 0.572308
vn 0.031410 -0.200433 -0.979204
vn -0.099841 -0.984949 0.141095
vn -0.013117 -0.999313 -0.034655
vn -0.292224 -0.642626 0.708264
vn -0.273316 -0.546277 0.791757
vn 0.032043 -0.178467 -0.983424
vn -0.332891 -0.420459 0.844037
vn -0.461543 -0.232155 0.856202
vn -0.255067 -0.311571 0.915349
vn 0.041419 -0.160978 -0.986089
vn -0.459007 -0.001733 0.888431
vn -0.296721 -0.072020 0.952245
vn 0.075940 -0.050223 -0.995847
vn -0.445103 0.205143 0.871665
vn -0.272619 0.184184 0.944328
vn 0.093299 0.147716 -0.984619
vn -0.294610 0.313729 0.902651
vn -0.343262 0.322261 0.882224
vn 0.040815 0.332676 -0.942158
vn -0.249623 0.372190 0.893959
vn 0.041142 0.443206 -0.895475
vn -0.462135 0.383484 0.799607
vn -0.238935 0.364428 0.900057
vn -0.100048 0.606385 -0.788852
vn -0.049410 0.586664 -0.808321
vn -0.262278 0.338220 0.903779
vn -0.371203 0.406388 0.834899
vn -0.270751 0.741244 -0.614208
vn -0.528687 0.764451 -0.368924
vn -0.143619 0.765854 -0.626771
vn -0.606711 0.776173 -0.171633
vn -0.662293 0.499160 0.558755
vn -0.343903 0.429378 0.835084
vn -0.362128 0.853672 -0.374309
vn -0.510031 0.841197 -0.179599
vn -0.482623 0.867125 -0.123163
vn -0.674824 0.733497 -0.081209
vn -0.687846 0.722061 -0.074128
vn -0.343901 0.932210 -0.112766
vn -0.702599 0.711346 -0.018489
vn -0.715941 0.698022 -0.013911
vn -0.736167 0.676544 -0.018595
vn -0.734347 0.677986 -0.032700
vn -0.722918 0.689842 -0.038831
vn -0.685339 0.723405 -0.083636
vn -0.646379 0.758694 -0.081108
vn -0.610808 0.790085 -0.051767
vn -0.600134 0.799770 0.014360
vn -0.612984 0.788861 0.044149
vn -0.665775 0.739241 0.101325
vn -0.722941 0.650787 0.232018
vn -0.570278 0.637909 0.517548
vn -0.556738 0.514089 0.652499
vn -0.322023 0.943895 -0.073239
vn -0.351164 0.936079 -0.020996
vn -0.352800 0.935398 -0.023727
vn -0.350473 0.936314 -0.022006
vn -0.337277 0.941306 -0.013705
vn -0.325298 0.945026 -0.033273
vn -0.319690 0.945879 -0.055780
vn -0.316711 0.946480 -0.062205
vn -0.316612 0.948285 -0.022639
vn -0.318401 0.947852 0.014056
vn -0.330190 0.943606 0.024119
vn -0.351573 0.932794 0.079321
vn -0.313913 0.898447 0.307002
vn 0.432986 -0.761100 -0.482960
vn 0.392018 -0.895970 -0.208709
vn 0.348510 -0.932898 -0.090784
vn 0.291080 -0.955347 0.050844
vn 0.187124 -0.961074 0.203278
vn 0.275311 -0.896101 0.348149
vn 0.344371 -0.523031 -0.779646
vn 0.449811 -0.702924 -0.550970
vn 0.236224 -0.913063 0.332438
vn 0.120498 -0.888913 0.441944
vn 0.152669 -0.848497 0.506700
vn 0.397302 -0.881460 -0.255301
vn 0.398827 -0.897071 -0.190266
vn 0.337220 -0.941014 0.027850
vn 0.234284 -0.954817 0.182852
vn 0.243675 -0.395970 -0.885342
vn 0.333559 -0.450788 -0.827967
vn 0.106587 -0.891587 0.440127
vn 0.061112 -0.927065 0.369887
vn 0.146944 -0.923371 0.354674
vn 0.236345 -0.955969 -0.173964
vn 0.248790 -0.955306 -0.159668
vn 0.313126 -0.913087 -0.261199
vn 0.318048 -0.907697 -0.273736
vn 0.323746 -0.915208 -0.239965
vn 0.294564 -0.941322 -0.164755
vn 0.223958 -0.974452 0.016885
vn 0.112222 -0.970968 0.211250
vn 0.003956 -0.928232 0.371981
vn -0.064493 -0.854902 0.514765
vn -0.133378 -0.659504 0.739774
vn -0.119648 -0.669897 0.732750
vn 0.198577 -0.262805 -0.944193
vn 0.322842 -0.384748 -0.864721
vn 0.155191 -0.972873 0.171564
vn 0.168703 -0.985158 0.031664
vn 0.243918 -0.962401 -0.119533
vn -0.137177 -0.676555 0.723502
vn 0.145138 -0.166226 -0.975348
vn -0.194527 -0.422262 0.885355
vn -0.158713 -0.278500 0.947232
vn 0.177023 -0.124180 -0.976341
vn -0.132705 -0.019336 0.990967
vn 0.215035 -0.008423 -0.976570
vn -0.117033 0.175218 0.977549
vn 0.221467 0.125422 -0.967069
vn -0.196076 0.418598 0.886752
vn -0.147246 0.305896 0.940610
vn 0.216679 0.301100 -0.928649
vn -0.143718 0.431782 0.890455
vn -0.139258 0.380968 0.914041
vn 0.234895 0.417267 -0.877902
vn -0.129626 0.343265 0.930251
vn 0.115678 0.543226 -0.831579
vn 0.214777 0.515414 -0.829590
vn -0.210594 0.428437 0.878688
vn -0.125290 0.317292 0.940015
vn 0.104497 0.680831 -0.724947
vn 0.159826 0.716442 -0.679092
vn -0.086280 0.468420 0.879283
vn -0.158735 0.442627 0.882545
vn 0.087897 0.839458 -0.536269
vn -0.120671 0.942562 -0.311474
vn -0.265245 0.954925 -0.133282
vn 0.074455 0.978532 -0.192177
vn -0.280400 0.948734 -0.145876
vn -0.305566 0.757834 0.576470
vn -0.118582 0.424776 0.897499
vn -0.068882 0.983704 -0.166076
vn -0.135529 0.982320 -0.129146
vn -0.122292 0.989811 -0.072926
vn -0.158859 0.986553 -0.038427
vn -0.171144 0.985119 -0.015803
vn -0.161933 0.986760 -0.009015
vn -0.137679 0.990448 0.007609
vn -0.109223 0.993992 -0.007125
vn -0.083218 0.996079 -0.030027
vn -0.052016 0.997950 -0.037297
vn -0.019572 0.999578 -0.021483
vn -0.007851 0.999954 0.005443
vn -0.016295 0.999866 -0.001537
vn -0.040910 0.998740 0.029047
vn -0.087490 0.961753 0.259570
vn -0.121010 0.885621 0.448366
vn 0.539418 -0.811024 -0.226424
vn 0.523147 -0.838127 -0.154470
vn 0.479956 -0.877275 0.005598
vn 0.434873 -0.893905 0.108722
vn 0.482066 -0.586400 -0.650959
vn 0.495844 -0.686608 -0.531702
vn 0.526627 -0.793922 -0.303895
vn 0.504586 -0.851804 -0.140796
vn 0.449567 -0.893242 -0.002821
vn 0.390447 -0.905207 0.167787
vn 0.369751 -0.891934 0.260266
vn 0.265690 -0.881337 0.390709
vn 0.300241 -0.831531 0.467344
vn 0.390601 -0.474790 -0.788673
vn 0.453973 -0.609215 -0.650204
vn 0.260734 -0.874315 0.409379
vn 0.212906 -0.903440 0.372112
vn 0.236906 -0.899509 0.367094
vn 0.311308 -0.929016 -0.200044
vn 0.330956 -0.903741 -0.271516
vn 0.308822 -0.901503 -0.303185
vn 0.266042 -0.923469 -0.276453
vn 0.220375 -0.955464 -0.196277
vn 0.200918 -0.976465 -0.078405
vn 0.134395 -0.988607 0.067783
vn 0.034447 -0.961204 0.273680
vn -0.034894 -0.890705 0.453241
vn -0.096216 -0.720697 0.686541
vn 0.340328 -0.344996 -0.874731
vn 0.355655 -0.403796 -0.842887
vn 0.201389 -0.953142 0.225751
vn 0.190372 -0.979455 0.066531
vn 0.218695 -0.973299 -0.069725
vn 0.253778 -0.951173 -0.175688
vn 0.249202 -0.930907 -0.267039
vn -0.135738 -0.702874 0.698243
vn -0.176028 -0.466155 0.867014
vn -0.131260 -0.442568 0.887076
vn 0.254848 -0.211429 -0.943584
vn 0.321395 -0.347967 -0.880695
vn -0.103162 -0.236812 0.966063
vn 0.219586 -0.094046 -0.971050
vn -0.089281 -0.008614 0.995969
vn 0.240022 0.013980 -0.970667
vn -0.088439 0.182429 0.979234
vn 0.292091 0.161806 -0.942604
vn -0.106512 0.322084 0.940700
vn 0.329284 0.301935 -0.894655
vn -0.134302 0.444088 0.885860
vn -0.113321 0.398002 0.910359
vn 0.363047 0.458621 -0.811088
vn 0.346049 0.479811 -0.806245
vn 0.332583 0.441146 -0.833534
vn -0.089603 0.343615 0.934826
vn 0.304988 0.445988 -0.841473
vn -0.094899 0.329335 0.939432
vn 0.292630 0.639465 -0.710952
vn 0.271713 0.664653 -0.695995
vn -0.103839 0.466001 0.878670
vn -0.075285 0.462579 0.883376
vn 0.265990 0.797688 -0.541242
vn 0.244063 0.893852 -0.376115
vn 0.223155 0.938855 -0.262209
vn -0.034442 0.495477 0.867938
vn 0.121778 0.972922 -0.196449
vn 0.101470 0.978787 -0.177991
vn 0.054626 0.992914 -0.105534
vn 0.024088 0.998150 -0.055816
vn 0.004135 0.999549 -0.029733
vn -0.007732 0.999969 0.001632
vn 0.000634 0.999532 0.030584
vn 0.020723 0.999574 0.020573
vn 0.046003 0.998920 -0.006590
vn 0.068794 0.997620 -0.004647
vn 0.097794 0.995197 0.004468
vn 0.116972 0.993025 0.014765
vn 0.124187 0.992139 -0.015448
vn 0.103519 0.994609 0.006131
vn 0.068780 0.976165 0.205841
vn 0.018670 0.911504 0.410867
vn 0.544472 -0.749110 -0.377337
vn 0.541220 -0.784004 -0.304005
vn 0.526454 -0.827918 -0.193388
vn 0.501265 -0.862181 -0.073328
vn 0.453327 -0.884459 0.110576
vn 0.436327 -0.857003 0.274160
vn 0.548130 -0.808594 0.213845
vn 0.415508 -0.851737 0.319214
vn 0.413018 -0.531935 -0.739230
vn 0.485583 -0.670721 -0.560663
vn 0.516684 -0.736062 -0.437321
vn 0.452634 -0.862553 0.226109
vn 0.368901 -0.862345 0.346804
vn 0.316945 -0.881829 0.349176
vn 0.275666 -0.885221 0.374689
vn 0.328775 -0.871646 0.363511
vn 0.253713 -0.921355 -0.294506
vn 0.193976 -0.912804 -0.359392
vn 0.160384 -0.954689 -0.250691
vn 0.113097 -0.986633 -0.117324
vn 0.071442 -0.997421 0.006950
vn 0.022285 -0.980049 0.197501
vn -0.030445 -0.912475 0.407997
vn -0.056464 -0.767867 0.638117
vn 0.374423 -0.430499 -0.821266
vn 0.457936 -0.581532 -0.672395
vn 0.235012 -0.930043 0.282471
vn 0.179870 -0.966262 0.184346
vn 0.176852 -0.982221 0.062968
vn 0.174297 -0.983280 -0.052744
vn 0.167923 -0.973896 -0.152740
vn 0.187859 -0.952277 -0.240579
vn -0.081434 -0.715225 0.694134
vn -0.084627 -0.439107 0.894440
vn 0.309961 -0.271710 -0.911097
vn 0.367068 -0.344066 -0.864222
vn -0.075388 -0.221513 0.972239
vn 0.285463 -0.116891 -0.951235
vn 0.388193 -0.222805 -0.894239
vn -0.083190 -0.005818 0.996517
vn 0.323307 0.067434 -0.943889
vn -0.076963 0.176257 0.981331
vn 0.362621 0.206354 -0.908804
vn -0.069950 0.291966 0.953867
vn 0.418806 0.293588 -0.859307
vn 0.406954 0.376931 -0.832053
vn 0.352184 0.339444 -0.872207
vn -0.148513 0.432757 0.889193
vn -0.097244 0.380098 0.919820
vn 0.330518 0.418762 -0.845811
vn -0.115004 0.427277 0.896777
vn -0.112559 0.363310 0.924844
vn 0.371797 0.472911 -0.798825
vn 0.360779 0.517340 -0.776014
vn 0.355356 0.540656 -0.762504
vn -0.115981 0.332981 0.935773
vn 0.348305 0.750381 -0.561794
vn 0.330462 0.687332 -0.646815
vn 0.341165 0.774894 -0.532115
vn -0.133373 0.460138 0.877773
vn -0.095516 0.510952 0.854286
vn 0.306670 0.845595 -0.436948
vn 0.237386 0.928924 -0.284162
vn 0.234308 0.926050 -0.295858
vn 0.218421 0.931123 -0.292065
vn -0.052429 0.567470 0.821723
vn 0.154970 0.964074 -0.215746
vn 0.108360 0.983096 -0.147582
vn 0.067776 0.993831 -0.087785
vn 0.034555 0.998254 -0.047910
vn 0.020216 0.999761 -0.008321
vn 0.014219 0.999127 0.039271
vn 0.026009 0.998847 0.040356
vn 0.052368 0.998392 0.021683
vn 0.083469 0.996349 0.017913
vn 0.108415 0.993615 0.031223
vn 0.130962 0.990954 0.029314
vn 0.143264 0.989617 -0.011558
vn 0.132875 0.990702 -0.029223
vn 0.075837 0.985977 0.148653
vn 0.024899 0.939905 0.340526
vn 0.550194 -0.819994 -0.157784
vn 0.563389 -0.820158 -0.099668
vn 0.565483 -0.822866 0.055864
vn 0.491646 -0.682452 -0.540872
vn 0.494224 -0.809945 -0.315802
vn 0.482104 -0.851977 -0.204232
vn 0.479533 -0.875493 -0.059662
vn 0.478443 -0.873538 0.089570
vn 0.434829 -0.885893 0.161606
vn 0.410073 -0.868813 0.277494
vn 0.372746 -0.869412 0.324319
vn 0.338312 -0.890294 0.304830
vn 0.188475 -0.928064 -0.321207
vn 0.132304 -0.905170 -0.403934
vn 0.115780 -0.950714 -0.287641
vn 0.100375 -0.982740 -0.155395
vn 0.067707 -0.997192 -0.031984
vn 0.035639 -0.987420 0.154051
vn -0.004809 -0.927293 0.374305
vn -0.008101 -0.784547 0.620016
vn 0.331324 -0.439039 -0.835146
vn 0.373239 -0.688499 -0.621822
vn 0.407181 -0.744843 -0.528594
vn 0.230185 -0.942950 0.240543
vn 0.159344 -0.962555 0.219311
vn 0.142947 -0.974206 0.174608
vn 0.122803 -0.990903 0.055059
vn 0.111928 -0.991762 -0.062298
vn 0.098186 -0.981351 -0.165254
vn 0.090086 -0.971625 -0.218700
vn 0.114944 -0.948376 -0.295586
vn -0.038685 -0.718006 0.694961
vn -0.034502 -0.441805 0.896447
vn 0.281301 -0.328348 -0.901697
vn -0.039725 -0.229044 0.972605
vn 0.404434 -0.089953 -0.910133
vn 0.282381 -0.157255 -0.946326
vn -0.059263 -0.011942 0.998171
vn 0.413550 0.116504 -0.902997
vn 0.274993 0.045946 -0.960348
vn -0.063780 0.180483 0.981508
vn 0.393135 0.246465 -0.885833
vn 0.290463 0.218382 -0.931633
vn -0.073934 0.288715 0.954556
vn 0.272336 0.337041 -0.901242
vn -0.102230 0.333036 0.937356
vn 0.306046 0.480526 -0.821846
vn 0.400882 0.481211 -0.779570
vn 0.278279 0.475879 -0.834326
vn -0.123582 0.429456 0.894592
vn -0.120469 0.362441 0.924188
vn 0.257257 0.489194 -0.833371
vn -0.118673 0.342374 0.932039
vn 0.257683 0.718618 -0.645900
vn 0.354940 0.795722 -0.490758
vn 0.255758 0.785819 -0.563096
vn 0.084775 0.858229 -0.506218
vn -0.111410 0.435832 0.893106
vn -0.108028 0.580968 0.806725
vn 0.159639 0.912078 -0.377663
vn 0.197687 0.935993 -0.291267
vn 0.131297 0.943180 -0.305242
vn 0.045646 0.952019 -0.302615
vn -0.036861 0.647968 0.760775
vn 0.053229 0.979238 -0.195602
vn 0.010215 0.991455 -0.130047
vn -0.027726 0.996899 -0.073650
vn -0.046174 0.998691 -0.021989
vn -0.055679 0.997543 0.042530
vn -0.045767 0.997377 0.056068
vn -0.027267 0.998017 0.056737
vn 0.015031 0.998409 0.054343
vn 0.057365 0.996335 0.063445
vn 0.096526 0.993873 0.053852
vn 0.119450 0.992835 -0.003193
vn 0.120623 0.991133 -0.055723
vn 0.084428 0.993402 0.077623
vn 0.027194 0.964614 0.262260
vn 0.409203 -0.871297 -0.270915
vn 0.407372 -0.900794 -0.150393
vn 0.405538 -0.909665 -0.089715
vn 0.408869 -0.910840 0.056534
vn 0.419336 -0.892927 0.163825
vn 0.353165 -0.923885 0.147344
vn 0.367422 -0.908935 0.197073
vn 0.102761 -0.918346 -0.382205
vn 0.169256 -0.956927 -0.235889
vn 0.152117 -0.973309 -0.171843
vn 0.132397 -0.989456 -0.058714
vn 0.111392 -0.985231 0.130049
vn 0.071124 -0.935452 0.346223
vn 0.085255 -0.791878 0.604698
vn 0.280781 -0.552077 -0.785094
vn 0.241432 -0.691185 -0.681157
vn 0.277757 -0.829224 -0.485015
vn 0.326847 -0.913213 -0.243338
vn 0.276277 -0.955256 0.105628
vn 0.219768 -0.961738 0.163590
vn 0.138016 -0.977324 0.160589
vn 0.096543 -0.978057 0.184618
vn 0.055461 -0.987370 0.148404
vn 0.032782 -0.998807 0.036199
vn 0.018285 -0.997543 -0.067624
vn 0.027075 -0.985011 -0.170354
vn 0.042618 -0.977234 -0.207842
vn 0.085172 -0.960363 -0.265420
vn 0.034930 -0.724399 0.688495
vn 0.039690 -0.436091 0.899027
vn 0.193934 -0.339292 -0.920473
vn 0.216371 -0.581722 -0.784081
vn 0.019703 -0.258992 0.965678
vn 0.157606 -0.136060 -0.978084
vn -0.004934 -0.025895 0.999653
vn 0.140937 0.080886 -0.986709
vn -0.020786 0.170613 0.985119
vn 0.151218 0.235005 -0.960159
vn -0.042010 0.261152 0.964383
vn 0.151199 0.313052 -0.937623
vn -0.067148 0.317414 0.945907
vn 0.181616 0.481767 -0.857273
vn 0.110104 0.472938 -0.874189
vn -0.085629 0.410346 0.907901
vn -0.109997 0.362697 0.925393
vn 0.105593 0.508083 -0.854811
vn 0.227037 0.691028 -0.686246
vn -0.017739 0.714621 -0.699287
vn -0.070807 0.377735 0.923203
vn 0.083198 0.766204 -0.637189
vn -0.043913 0.838171 -0.543637
vn -0.059103 0.411977 0.909275
vn -0.053362 0.655266 0.753511
vn -0.018411 0.894037 -0.447614
vn -0.057668 0.938098 -0.341537
vn -0.096466 0.946113 -0.309135
vn 0.055657 0.702806 0.709201
vn -0.128305 0.963306 -0.235752
vn -0.117087 0.980362 -0.158686
vn -0.146969 0.983507 -0.105425
vn -0.171486 0.984678 -0.031666
vn -0.177331 0.983380 0.038957
vn -0.169430 0.983000 0.070739
vn -0.148154 0.985716 0.080096
vn -0.112593 0.988289 0.102990
vn -0.053434 0.991777 0.116285
vn 0.015634 0.994396 0.104561
vn 0.069713 0.997313 0.022498
vn 0.095518 0.994348 -0.046353
vn 0.100462 0.994745 0.019736
vn 0.081853 0.980957 0.176135
vn 0.318376 -0.943822 -0.088521
vn 0.333935 -0.942358 0.021193
vn 0.205506 -0.924422 -0.321266
vn 0.252126 -0.946986 -0.199122
vn 0.259785 -0.948702 -0.180209
vn 0.256844 -0.962957 -0.082130
vn 0.228919 -0.968871 0.094256
vn 0.162861 -0.940274 0.298933
vn 0.181291 -0.787775 0.588680
vn 0.153400 -0.689967 -0.707400
vn 0.124278 -0.912261 -0.390300
vn 0.182252 -0.959792 -0.213501
vn 0.234283 -0.970016 -0.064662
vn 0.227070 -0.971916 0.061787
vn 0.193852 -0.978706 0.067501
vn 0.175891 -0.980810 0.084110
vn 0.118271 -0.987275 0.106301
vn 0.057307 -0.989311 0.134092
vn 0.010631 -0.993720 0.111389
vn -0.016545 -0.999657 0.020277
vn -0.020200 -0.997322 -0.070297
vn -0.005328 -0.989615 -0.143644
vn 0.040540 -0.985061 -0.167363
vn 0.108831 -0.974427 -0.196591
vn 0.210031 -0.955056 -0.209178
vn 0.144834 -0.760895 0.632504
vn 0.098771 -0.433311 0.895816
vn 0.099893 -0.346422 -0.932745
vn 0.084567 -0.644536 -0.759883
vn 0.075046 -0.291100 0.953745
vn 0.049449 -0.166834 -0.984744
vn 0.058523 -0.042309 0.997389
vn 0.046382 0.082981 -0.995471
vn 0.016813 0.140826 0.989891
vn 0.026809 0.253124 -0.967062
vn -0.015103 0.231264 0.972774
vn 0.051259 0.298177 -0.953133
vn 0.094791 0.468635 -0.878291
vn -0.007833 0.441173 -0.897388
vn -0.043638 0.299115 0.953219
vn -0.028495 0.438366 -0.898345
vn -0.063435 0.375237 0.924756
vn -0.076325 0.374231 0.924189
vn 0.003466 0.489482 -0.872006
vn -0.037541 0.696581 -0.716496
vn -0.048984 0.393322 0.918095
vn -0.087323 0.716375 -0.692230
vn -0.186253 0.803431 -0.565516
vn 0.027130 0.728585 0.684418
vn -0.023041 0.431747 0.901700
vn -0.205656 0.853783 -0.478289
vn -0.199528 0.911494 -0.359677
vn -0.262332 0.894589 -0.361790
vn 0.106861 0.993265 -0.044773
vn 0.127791 0.990961 0.040814
vn 0.095531 0.995214 0.020557
vn 0.203603 0.976411 -0.071884
vn 0.133565 0.968107 0.211964
vn 0.137795 0.859948 0.491428
vn 0.148646 0.972933 0.176935
vn 0.077155 0.781966 0.618528
vn -0.227168 0.926961 -0.298559
vn -0.221559 0.950066 -0.219741
vn -0.215736 0.962992 -0.161568
vn -0.236141 0.961556 -0.140171
vn -0.256513 0.965127 -0.052267
vn -0.270752 0.961961 0.036388
vn -0.265028 0.960392 0.086069
vn -0.234602 0.965056 0.116741
vn -0.180844 0.972236 0.148505
vn -0.124743 0.974844 0.184714
vn -0.063007 0.983548 0.169305
vn 0.019372 0.993924 0.108346
vn 0.120530 0.992509 0.019967
vn 0.333586 -0.925085 -0.181491
vn 0.331196 -0.935963 -0.119508
vn 0.318895 -0.945932 0.059313
vn 0.287931 -0.931017 0.224285
vn 0.001168 -0.707910 -0.706302
vn -0.035444 -0.922518 -0.384323
vn -0.002590 -0.980951 -0.194237
vn 0.017037 -0.999139 -0.037836
vn 0.042235 -0.998100 0.044866
vn 0.049917 -0.996712 0.063827
vn 0.039955 -0.997670 0.055309
vn 0.020257 -0.997901 0.061507
vn -0.005704 -0.995967 0.089537
vn -0.027541 -0.996607 0.077560
vn -0.044044 -0.998974 0.010504
vn -0.033281 -0.997919 -0.055221
vn 0.003605 -0.994075 -0.108637
vn 0.058217 -0.992582 -0.106730
vn 0.132591 -0.984835 -0.111890
vn 0.211824 -0.969364 -0.124355
vn 0.280423 -0.951318 -0.127896
vn 0.313062 -0.946656 -0.076386
vn 0.279587 -0.954588 0.102925
vn 0.211697 -0.873219 0.438945
vn 0.164738 -0.798463 0.579067
vn 0.109629 -0.453201 0.884641
vn -0.015296 -0.354291 -0.935010
vn -0.040454 -0.658584 -0.751419
vn 0.069135 -0.288986 0.954834
vn -0.032028 -0.174256 -0.984179
vn 0.033999 -0.084776 0.995820
vn -0.039484 0.074288 -0.996455
vn -0.006045 0.104950 0.994459
vn -0.057757 0.217391 -0.974374
vn -0.032759 0.202892 0.978653
vn -0.045553 0.306961 -0.950631
vn -0.085922 0.289088 -0.953439
vn -0.052258 0.291520 0.955136
vn -0.094321 0.434638 -0.895653
vn -0.093092 0.420036 -0.902720
vn -0.063099 0.354635 0.932873
vn -0.054414 0.399539 0.915100
vn -0.142502 0.591265 -0.793787
vn -0.149788 0.413317 -0.898183
vn -0.013927 0.443116 0.896356
vn -0.216055 0.642521 -0.735178
vn -0.231047 0.646253 -0.727306
vn -0.259465 0.632665 -0.729666
vn 0.056885 0.512742 0.856656
vn 0.009584 0.541864 0.840411
vn 0.063610 0.820892 0.567530
vn -0.290073 0.766103 -0.573537
vn -0.301742 0.817128 -0.491176
vn -0.325725 0.881284 -0.342405
vn 0.053768 0.997057 0.054650
vn 0.082617 0.984604 0.154041
vn 0.018769 0.964479 0.263491
vn 0.157841 0.985807 0.057189
vn 0.214220 0.974756 0.062935
vn 0.200237 0.974723 0.099100
vn 0.148152 0.877837 0.455471
vn -0.312421 0.902510 -0.296428
vn -0.292805 0.927694 -0.231621
vn -0.264934 0.949485 -0.168194
vn -0.269690 0.951323 -0.149173
vn -0.365722 0.911587 -0.187768
vn -0.284634 0.955488 -0.077626
vn -0.310379 0.950468 0.016616
vn -0.309648 0.945932 0.096599
vn -0.307063 0.944466 0.117029
vn -0.269734 0.949003 0.163211
vn -0.223635 0.951013 0.213453
vn -0.148555 0.957826 0.245971
vn -0.059881 0.965601 0.253041
vn -0.345486 0.928995 -0.132694
vn -0.343642 0.937068 -0.061756
vn -0.354540 0.934019 0.043700
vn -0.358240 0.925100 0.125913
vn -0.108959 -0.704285 -0.701506
vn -0.196572 -0.883459 -0.425276
vn -0.200575 -0.962726 -0.181461
vn -0.192798 -0.981035 -0.019968
vn -0.174596 -0.982584 0.063604
vn -0.153124 -0.985713 0.070163
vn -0.142435 -0.988647 0.047837
vn -0.136570 -0.988984 0.057083
vn -0.119727 -0.989148 0.085152
vn -0.104534 -0.991305 0.079920
vn -0.088934 -0.995974 0.011260
vn -0.075615 -0.996736 -0.028266
vn -0.036164 -0.997976 -0.052312
vn 0.030955 -0.998639 -0.041979
vn 0.091932 -0.995146 -0.035105
vn 0.155877 -0.985530 -0.066581
vn 0.188414 -0.978579 -0.082962
vn 0.214308 -0.972820 -0.087713
vn 0.213561 -0.976536 0.027723
vn 0.181568 -0.920206 0.346776
vn 0.166484 -0.801419 0.574465
vn 0.064132 -0.844078 0.532371
vn -0.072475 -0.368626 -0.926748
vn -0.113594 -0.616458 -0.779151
vn 0.083098 -0.534070 0.841346
vn 0.036804 -0.386930 0.921374
vn -0.073203 -0.169068 -0.982882
vn -0.019515 -0.125329 0.991923
vn -0.074558 0.061779 -0.995301
vn -0.043324 0.081939 0.995695
vn -0.094588 0.200730 -0.975069
vn -0.046896 0.191958 0.980282
vn -0.119422 0.277609 -0.953243
vn -0.043708 0.265123 0.963223
vn -0.142264 0.428526 -0.892259
vn -0.164054 0.375347 -0.912250
vn -0.075010 0.435695 0.896963
vn -0.049723 0.338179 0.939767
vn -0.173890 0.396334 -0.901489
vn -0.030437 0.455367 0.889783
vn -0.011780 0.473885 0.880508
vn -0.231008 0.580065 -0.781127
vn -0.253888 0.619091 -0.743147
vn 0.073639 0.637524 0.766903
vn 0.121241 0.853879 0.506154
vn -0.318899 0.694843 -0.644590
vn -0.375425 0.774601 -0.508969
vn -0.331923 0.789284 -0.516583
vn 0.071586 0.953406 0.293074
vn -0.016738 0.945270 0.325861
vn 0.127446 0.980799 0.147614
vn 0.200620 0.973228 0.112157
vn 0.196666 0.932532 0.302832
vn -0.314071 0.867360 -0.386064
vn -0.315657 0.909038 -0.272050
vn -0.337210 0.915687 -0.218649
vn -0.322271 0.908971 -0.264411
vn -0.361738 0.915134 -0.177975
vn -0.331482 0.923440 0.193334
vn -0.297806 0.924357 0.238487
vn -0.207061 0.930472 0.302237
vn -0.145835 0.934449 0.324864
vn -0.065952 0.936423 0.344618
vn -0.316106 0.926149 -0.205730
vn -0.322048 0.930259 -0.175793
vn -0.317921 0.937434 -0.141928
vn -0.327362 0.941994 -0.074034
vn -0.318237 0.947784 0.020733
vn -0.315079 0.940029 0.130656
vn -0.286591 0.932998 0.217671
vn -0.209104 0.925139 0.316850
vn -0.222591 -0.668611 -0.709515
vn -0.316459 -0.818241 -0.479932
vn -0.337962 -0.909093 -0.243580
vn -0.317830 -0.947558 -0.033450
vn -0.308544 -0.948505 0.071691
vn -0.314443 -0.945005 0.089955
vn -0.316241 -0.946672 0.061676
vn -0.303107 -0.949209 0.084424
vn -0.242191 -0.962865 0.119309
vn -0.195863 -0.975123 0.103795
vn -0.166550 -0.985549 0.030883
vn -0.143144 -0.989686 -0.005660
vn -0.112007 -0.993701 -0.003647
vn -0.065911 -0.997680 0.017066
vn -0.021255 -0.999652 0.015649
vn 0.017410 -0.999593 -0.022579
vn 0.038368 -0.996877 -0.069018
vn 0.040662 -0.995692 -0.083337
vn 0.022675 -0.999725 0.006023
vn -0.005426 -0.947800 0.318821
vn -0.059591 -0.867739 0.493435
vn -0.101855 -0.366610 -0.924782
vn -0.154604 -0.530924 -0.833197
vn -0.025789 -0.554588 0.831725
vn -0.083426 -0.405976 0.910068
vn -0.082757 -0.153246 -0.984717
vn -0.095902 -0.141289 0.985312
vn -0.087075 0.048834 -0.995004
vn -0.083761 0.083837 0.992953
vn -0.091032 0.182098 -0.979057
vn -0.057521 0.203656 0.977351
vn -0.114245 0.269635 -0.956161
vn -0.036728 0.281113 0.958972
vn -0.138347 0.401892 -0.905176
vn -0.155861 0.345858 -0.925251
vn -0.012461 0.352200 0.935842
vn -0.151595 0.406489 -0.900991
vn 0.028003 0.508528 0.860590
vn 0.050327 0.529216 0.846993
vn -0.174138 0.521037 -0.835581
vn -0.223900 0.603922 -0.764949
vn 0.155055 0.763357 0.627092
vn 0.201845 0.874007 0.442006
vn -0.277007 0.659636 -0.698675
vn -0.226765 0.628400 -0.744104
vn 0.100632 0.924491 0.367681
vn 0.030655 0.909218 0.415191
vn 0.153267 0.963474 0.219606
vn 0.204193 0.967855 0.146843
vn 0.225676 0.945494 0.234757
vn -0.254002 0.823785 -0.506815
vn -0.270855 0.874805 -0.401689
vn -0.319185 0.902731 -0.288439
vn -0.285574 0.905286 -0.314492
vn -0.059305 0.907352 0.416166
vn -0.126708 0.922274 0.365180
vn -0.024864 0.909272 0.415459
vn -0.276368 0.923697 -0.265338
vn -0.279449 0.937162 -0.208892
vn -0.286514 0.942000 -0.174773
vn -0.292165 0.943239 -0.157922
vn -0.296620 0.951854 -0.077404
vn -0.267303 0.962538 0.045496
vn -0.221798 0.963718 0.148504
vn -0.192598 0.949065 0.249363
vn -0.165175 0.924537 0.343437
vn -0.473400 -0.806424 -0.354363
vn -0.311002 -0.636164 -0.706097
vn -0.489583 -0.678856 -0.547232
vn -0.563617 -0.784581 -0.258397
vn -0.523915 -0.836167 -0.162290
vn -0.559339 -0.828821 -0.013969
vn -0.527421 -0.849496 0.013585
vn -0.549598 -0.832395 0.071135
vn -0.521329 -0.848346 0.092328
vn -0.520157 -0.843635 0.133107
vn -0.506189 -0.856795 0.098358
vn -0.468691 -0.872485 0.138195
vn -0.457805 -0.884452 0.090333
vn -0.417703 -0.892270 0.171401
vn -0.407696 -0.902478 0.138990
vn -0.391349 -0.899444 0.194541
vn -0.262224 -0.595297 -0.759513
vn -0.341488 -0.926629 0.157302
vn -0.275975 -0.947956 0.158799
vn -0.227456 -0.971874 0.061029
vn -0.203344 -0.978904 0.019966
vn -0.179617 -0.983299 0.029334
vn -0.153275 -0.986742 0.053351
vn -0.130254 -0.990310 0.048176
vn -0.108361 -0.994111 0.001285
vn -0.098027 -0.993260 -0.061850
vn -0.100233 -0.990507 -0.094069
vn -0.113533 -0.993393 -0.016745
vn -0.130114 -0.959444 0.250075
vn -0.140934 -0.874860 0.463420
vn -0.132806 -0.572853 0.808828
vn -0.154403 -0.560445 0.813671
vn -0.091731 -0.340764 -0.935663
vn -0.157832 -0.451908 -0.877991
vn -0.124201 -0.388520 0.913031
vn -0.037652 -0.138821 -0.989601
vn -0.077237 -0.115041 0.990354
vn -0.033652 0.046441 -0.998354
vn -0.027089 0.123065 0.992029
vn -0.044526 0.165540 -0.985197
vn 0.016007 0.235605 0.971717
vn -0.052326 0.233503 -0.970947
vn 0.051068 0.309975 0.949372
vn -0.162345 0.385054 -0.908503
vn -0.053965 0.342691 -0.937897
vn 0.082943 0.386719 0.918460
vn -0.091940 0.367333 -0.925534
vn -0.081444 0.380097 -0.921354
vn 0.147202 0.542627 0.826975
vn 0.182125 0.571496 0.800139
vn -0.189905 0.486214 -0.852955
vn -0.081149 0.455249 -0.886658
vn 0.236224 0.886244 0.398460
vn 0.331651 0.876219 0.349639
vn 0.265893 0.941626 0.206499
vn 0.283570 0.795093 0.536111
vn -0.111611 0.592775 -0.797597
vn -0.111812 0.643697 -0.757068
vn 0.134378 0.888690 0.438374
vn 0.056797 0.870199 0.489415
vn 0.167744 0.943215 0.286717
vn 0.235701 0.950724 0.201415
vn -0.167203 0.809094 -0.563392
vn -0.266333 0.865605 -0.424022
vn -0.083465 0.847439 -0.524291
vn 0.021957 0.892222 0.451063
vn -0.042018 0.899343 0.435221
vn 0.022199 0.887151 0.460944
vn -0.172360 0.931581 -0.320077
vn -0.184816 0.944304 -0.272273
vn -0.212100 0.951116 -0.224481
vn -0.237083 0.951459 -0.196261
vn -0.310500 0.936107 -0.165205
vn -0.218591 0.951806 -0.215136
vn -0.286807 0.954527 -0.081367
vn -0.274155 0.960426 0.049214
vn -0.147334 0.972027 0.182908
vn -0.090250 0.972490 0.214753
vn -0.061430 0.959950 0.273353
vn -0.054220 0.923162 0.380567
vn -0.163641 0.979830 -0.114692
vn -0.154061 0.987940 -0.015492
vn -0.090117 0.990233 0.106388
vn -0.645478 -0.754086 -0.121297
vn -0.619172 -0.686628 -0.381010
vn -0.689709 -0.697206 -0.195459
vn -0.649406 -0.756597 0.076368
vn -0.616578 -0.786567 0.033806
vn -0.577597 -0.801459 0.155064
vn -0.577257 -0.807341 0.122374
vn -0.552219 -0.807577 0.207060
vn -0.525144 -0.832781 0.175215
vn -0.530695 -0.828867 0.177038
vn -0.322010 -0.485920 -0.812522
vn -0.511013 -0.612721 -0.602859
vn -0.494981 -0.851746 0.171821
vn -0.430026 -0.875731 0.219483
vn -0.371697 -0.893645 0.251476
vn -0.338618 -0.911541 0.233303
vn -0.357866 -0.901100 0.244848
vn -0.285618 -0.939217 0.190508
vn -0.347672 -0.924559 0.155934
vn -0.172054 -0.480692 -0.859844
vn -0.097871 -0.378073 -0.920588
vn -0.171509 -0.434027 -0.884424
vn -0.281301 -0.953608 0.107242
vn -0.271137 -0.961957 0.033511
vn -0.266042 -0.962894 0.045354
vn -0.267359 -0.960930 0.071645
vn -0.245380 -0.967489 0.061265
vn -0.239121 -0.970897 0.013393
vn -0.217670 -0.974923 -0.046325
vn -0.242517 -0.963928 -0.109678
vn -0.239478 -0.970022 -0.041316
vn -0.207075 -0.950561 0.231419
vn -0.156733 -0.863518 0.479345
vn -0.118200 -0.539168 0.833862
vn -0.026055 -0.251141 -0.967600
vn -0.049630 -0.319129 0.946411
vn 0.025261 -0.117792 -0.992717
vn 0.020880 -0.055382 0.998247
vn 0.037016 0.043115 -0.998384
vn 0.090621 0.176454 0.980129
vn 0.027303 0.147968 -0.988615
vn 0.123456 0.261647 0.957235
vn 0.016781 0.246314 -0.969045
vn 0.171431 0.354770 0.919102
vn 0.033752 0.350874 -0.935814
vn 0.209010 0.476903 0.853743
vn 0.263438 0.504665 0.822140
vn 0.288773 0.569001 0.769966
vn 0.014362 0.366212 -0.930421
vn 0.026190 0.392514 -0.919373
vn 0.308964 0.586661 0.748579
vn 0.054883 0.462454 -0.884943
vn 0.323790 0.915091 0.240353
vn 0.315415 0.900033 0.300756
vn 0.271448 0.914382 0.300368
vn 0.359750 0.863731 0.352913
vn 0.374055 0.826974 0.419759
vn 0.033653 0.592110 -0.805155
vn 0.056787 0.635953 -0.769635
vn 0.110047 0.857276 0.502958
vn 0.088847 0.834873 0.543226
vn 0.184169 0.911536 0.367674
vn -0.007617 0.785957 -0.618235
vn 0.002787 0.827599 -0.561313
vn 0.056565 0.886724 0.458826
vn 0.047186 0.882707 0.467549
vn 0.058615 0.874084 0.482226
vn -0.040725 0.925439 -0.376701
vn -0.091707 0.947014 -0.307821
vn -0.144175 0.959449 -0.242221
vn -0.199467 0.951703 -0.233397
vn -0.129612 0.960527 -0.246149
vn 0.046087 0.958475 0.281428
vn 0.003828 0.982078 0.188436
vn 0.043508 0.954796 0.294061
vn 0.049430 0.924005 0.379173
vn -0.131738 0.978050 -0.161440
vn -0.105543 0.990347 -0.089851
vn -0.075360 0.997155 0.001759
vn -0.029355 0.990785 0.132224
vn -0.711838 -0.645260 -0.277357
vn -0.517513 -0.391060 -0.761087
vn -0.531543 -0.772349 -0.347763
vn -0.531992 -0.846750 0.000270
vn -0.687630 -0.715548 -0.123111
vn -0.481731 -0.865128 0.139600
vn -0.631808 -0.761822 0.142988
vn -0.491392 -0.845706 0.208122
vn -0.667284 -0.549511 -0.502762
vn -0.423495 -0.327047 -0.844803
vn -0.582936 -0.793458 0.174959
vn -0.508888 -0.829932 0.228572
vn -0.459349 -0.852307 0.250144
vn -0.503380 -0.834499 0.224098
vn -0.418186 -0.861849 0.286944
vn -0.460261 -0.842724 0.279244
vn -0.421975 -0.849387 0.316983
vn -0.264162 -0.304019 -0.915309
vn -0.387149 -0.871821 0.300072
vn -0.346620 -0.907037 0.239035
vn -0.340052 -0.933832 0.111007
vn -0.351164 -0.932960 0.079181
vn -0.333314 -0.941992 0.039422
vn -0.347966 -0.936608 0.041036
vn -0.338526 -0.939730 0.048046
vn -0.346462 -0.936553 0.053215
vn -0.348430 -0.934741 0.069677
vn -0.351226 -0.931633 0.093275
vn -0.389497 -0.913062 0.120868
vn -0.339801 -0.936487 -0.086764
vn -0.361160 -0.920791 -0.147336
vn -0.280544 -0.958041 -0.058754
vn -0.224422 -0.972964 0.054550
vn -0.305915 -0.951721 0.025340
vn -0.194997 -0.975022 0.106338
vn -0.266341 -0.918082 0.293579
vn -0.071712 -0.840158 0.537579
vn -0.097302 -0.284067 -0.953854
vn -0.183809 -0.363529 -0.913269
vn -0.328308 -0.941404 0.077277
vn -0.332381 -0.942827 0.024505
vn -0.330597 -0.942224 -0.054036
vn -0.109353 -0.824730 0.554854
vn -0.019538 -0.488874 0.872135
vn -0.006580 -0.178616 -0.983897
vn 0.062702 -0.244666 0.967578
vn 0.041794 -0.086703 -0.995357
vn 0.142295 0.023175 0.989553
vn 0.057084 0.043855 -0.997406
vn 0.180355 0.212354 0.960405
vn 0.046660 0.133885 -0.989898
vn 0.214141 0.303667 0.928402
vn 0.053791 0.271714 -0.960873
vn 0.253126 0.387197 0.886569
vn 0.075813 0.377306 -0.922980
vn 0.079609 0.369089 -0.925978
vn 0.079173 0.359506 -0.929778
vn 0.325144 0.544879 0.772909
vn 0.332423 0.569024 0.752134
vn 0.085056 0.401195 -0.912035
vn 0.385557 0.700667 0.600343
vn 0.395757 0.697999 0.596803
vn 0.413698 0.752292 0.512748
vn 0.111556 0.487299 -0.866080
vn 0.213730 0.918399 0.332960
vn 0.193646 0.884173 0.425135
vn 0.132029 0.859525 0.493747
vn 0.251948 0.897372 0.362280
vn 0.317076 0.871607 0.373851
vn 0.113800 0.579272 -0.807151
vn 0.123915 0.603045 -0.788024
vn 0.085092 0.846184 0.526053
vn 0.060941 0.813457 0.578423
vn 0.088999 0.762253 -0.641132
vn 0.081898 0.789030 -0.608871
vn 0.044177 0.890569 0.452697
vn 0.059881 0.881521 0.468332
vn 0.046674 0.872549 0.486291
vn 0.024087 0.901896 -0.431281
vn -0.020183 0.934693 -0.354883
vn -0.076443 0.953150 -0.292679
vn -0.067478 0.965762 -0.250502
vn 0.081936 0.958824 0.271924
vn 0.052180 0.964336 0.259485
vn 0.066352 0.952843 0.296119
vn 0.058640 0.925840 0.373337
vn -0.072140 0.983153 -0.167949
vn -0.063436 0.995719 -0.067223
vn -0.012999 0.998579 0.051677
vn 0.027301 0.985772 0.165859
vn -0.420466 -0.439290 -0.793872
vn -0.511376 -0.751403 -0.416999
vn -0.549040 -0.833984 -0.055015
vn -0.423428 -0.886219 0.187947
vn -0.364336 -0.905216 0.218733
vn -0.462243 -0.856487 0.229700
vn -0.351541 -0.902125 0.250179
vn -0.464273 -0.847378 0.257685
vn -0.360042 -0.889508 0.281328
vn -0.333311 -0.193781 -0.922688
vn -0.393075 -0.868438 0.302172
vn -0.343220 -0.888174 0.305528
vn -0.353193 -0.884183 0.305738
vn -0.403578 -0.843829 0.353663
vn -0.402214 -0.838504 0.367608
vn -0.252249 -0.211006 -0.944376
vn -0.185212 -0.183604 -0.965394
vn -0.263213 -0.124223 -0.956707
vn -0.376791 -0.883146 0.279430
vn -0.375647 -0.916565 0.137108
vn -0.345489 -0.937485 0.041938
vn -0.340575 -0.939024 0.047353
vn -0.331245 -0.941641 0.059918
vn -0.335776 -0.938983 0.074607
vn -0.389995 -0.919213 0.054328
vn -0.313018 -0.949090 0.035318
vn -0.376926 -0.926125 0.014782
vn -0.277918 -0.960391 -0.020255
vn -0.370416 -0.926255 -0.069596
vn -0.191555 -0.981476 -0.003389
vn -0.143264 -0.985241 0.093676
vn -0.102074 -0.971125 0.215634
vn 0.030361 -0.778091 0.627417
vn -0.087224 -0.181844 -0.979451
vn 0.045928 -0.761728 0.646266
vn 0.135505 -0.403409 0.904931
vn -0.020708 -0.121474 -0.992379
vn 0.202397 -0.176241 0.963314
vn 0.012208 -0.062204 -0.997989
vn 0.240038 0.064549 0.968615
vn 0.022962 0.043749 -0.998779
vn 0.256340 0.233916 0.937855
vn 0.030364 0.136438 -0.990183
vn 0.295606 0.351632 0.888241
vn 0.040945 0.268428 -0.962429
vn 0.368044 0.514336 0.774598
vn 0.376415 0.467615 0.799780
vn 0.366021 0.504332 0.782098
vn 0.063320 0.395994 -0.916067
vn 0.079969 0.370363 -0.925438
vn 0.380621 0.631067 0.675930
vn 0.378990 0.587168 0.715263
vn 0.349213 0.732526 0.584342
vn 0.083793 0.432435 -0.897763
vn 0.355816 0.758417 0.546076
vn 0.318650 0.751907 0.577146
vn 0.276947 0.830659 0.483018
vn 0.110061 0.523090 -0.845141
vn 0.150163 0.577562 -0.802417
vn 0.132511 0.583590 -0.801164
vn 0.082724 0.837672 0.539872
vn 0.039681 0.846486 0.530931
vn 0.200361 0.879239 0.432196
vn 0.123893 0.584052 -0.802206
vn -0.021042 0.819286 0.572998
vn 0.002782 0.804939 0.593352
vn 0.114723 0.745242 -0.656851
vn 0.078603 0.749978 -0.656776
vn -0.010102 0.896531 0.442866
vn 0.021587 0.886240 0.462723
vn -0.005660 0.875187 0.483751
vn 0.043180 0.877606 -0.477434
vn 0.009580 0.917560 -0.397483
vn -0.028299 0.938197 -0.344944
vn -0.060388 0.959603 -0.274799
vn 0.057300 0.961769 0.267799
vn 0.068345 0.955281 0.287694
vn 0.046933 0.959592 0.277453
vn 0.029073 0.932614 0.359703
vn -0.048577 0.982607 -0.179232
vn -0.023121 0.998999 -0.038287
vn 0.006261 0.994970 0.099982
vn 0.035731 0.980139 0.195066
vn -0.412008 -0.806769 -0.423524
vn -0.306610 -0.670084 -0.676001
vn -0.188336 -0.950850 -0.245791
vn -0.232116 -0.971717 0.043446
vn -0.378958 -0.920550 0.094760
vn -0.248883 -0.945473 0.210092
vn -0.412500 -0.869299 0.272328
vn -0.176495 -0.928608 0.326400
vn -0.388130 -0.460087 -0.798546
vn -0.178226 -0.160959 -0.970736
vn -0.164642 -0.516441 -0.840346
vn -0.223846 -0.932865 0.282232
vn -0.176893 -0.951977 0.249896
vn -0.203414 -0.934748 0.291323
vn -0.319052 -0.881642 0.347725
vn -0.227864 -0.904110 0.361474
vn -0.307909 -0.133520 -0.942000
vn -0.146015 -0.084167 -0.985695
vn -0.240159 -0.912889 0.330087
vn -0.229690 -0.932858 0.277523
vn -0.285356 -0.926750 0.244350
vn -0.425348 -0.876087 0.227048
vn -0.303698 -0.940358 0.153279
vn -0.423307 -0.890894 0.164677
vn -0.332047 -0.934634 0.127297
vn -0.106951 -0.100322 -0.989190
vn -0.381754 -0.921263 0.074423
vn -0.346904 -0.936496 0.051312
vn -0.308113 -0.947411 0.086478
vn -0.263800 -0.960019 0.093668
vn -0.223392 -0.971392 0.080582
vn -0.168717 -0.984440 0.049118
vn -0.098175 -0.993609 0.055709
vn -0.047093 -0.988597 0.143030
vn 0.040540 -0.945160 0.324083
vn 0.119242 -0.715118 0.688758
vn -0.057452 -0.114557 -0.991754
vn 0.183696 -0.686871 0.703182
vn 0.269410 -0.284428 0.920065
vn -0.024341 -0.086283 -0.995973
vn 0.289545 -0.122183 0.949334
vn -0.009959 -0.046147 -0.998885
vn 0.315097 0.083347 0.945393
vn 0.004016 0.054930 -0.998482
vn 0.333907 0.268339 0.903604
vn 0.014022 0.148768 -0.988773
vn 0.378089 0.415196 0.827442
vn 0.398146 0.408372 0.821409
vn 0.371615 0.438205 0.818461
vn 0.025271 0.276291 -0.960742
vn 0.359021 0.494721 0.791426
vn 0.041564 0.427021 -0.903286
vn 0.050949 0.378250 -0.924300
vn 0.412096 0.609769 0.677022
vn 0.372602 0.667135 0.645057
vn 0.051339 0.430728 -0.901020
vn 0.326226 0.721181 0.611126
vn 0.259793 0.772496 0.579445
vn 0.072678 0.555507 -0.828330
vn 0.087118 0.587860 -0.804258
vn -0.057123 0.788361 0.612555
vn -0.057121 0.814406 0.577477
vn 0.045389 0.792682 0.607944
vn 0.077094 0.578192 -0.812250
vn -0.103219 0.801776 0.588643
vn -0.087939 0.803270 0.589087
vn 0.068918 0.724141 -0.686200
vn 0.042348 0.726456 -0.685907
vn -0.076472 0.905425 0.417560
vn -0.039457 0.892441 0.449436
vn -0.083998 0.876647 0.473744
vn 0.017464 0.871836 -0.489486
vn -0.006901 0.899555 -0.436753
vn -0.081648 0.913762 -0.397961
vn -0.012458 0.908757 -0.417140
vn 0.028802 0.965399 0.259182
vn 0.047485 0.947185 0.317154
vn 0.009271 0.968703 0.248048
vn -0.023739 0.941566 0.335992
vn -0.034511 0.968562 -0.246368
vn -0.021515 0.989689 -0.141610
vn -0.007606 0.999890 -0.012715
vn 0.019570 0.991474 0.128829
vn 0.039807 0.977635 0.206507
vn -0.026149 -0.731016 -0.681859
vn 0.035818 -0.963370 -0.265774
vn -0.002665 -0.998231 0.059400
vn -0.021706 -0.972315 0.232665
vn 0.067165 -0.942856 0.326360
vn 0.003018 -0.188069 -0.982151
vn 0.097714 -0.501213 -0.859789
vn 0.022190 -0.945945 0.323566
vn 0.002993 -0.964192 0.265190
vn -0.009159 -0.964857 0.262617
vn -0.062583 -0.941741 0.330467
vn -0.158775 -0.922355 0.352210
vn -0.004669 -0.944301 0.329051
vn 0.015839 -0.080968 -0.996591
vn -0.079624 -0.960628 0.266184
vn -0.118632 -0.975139 0.187166
vn -0.166096 -0.978405 0.123026
vn -0.187745 -0.979300 0.075652
vn -0.310608 -0.947862 0.071277
vn -0.169530 -0.982495 0.077221
vn -0.300867 -0.951192 0.068648
vn -0.152698 -0.983040 0.101564
vn -0.312286 -0.941375 0.127638
vn -0.078833 -0.978857 0.188746
vn -0.001230 -0.082093 -0.996624
vn -0.127547 -0.978691 0.160920
vn -0.048097 -0.989354 0.137351
vn 0.016792 -0.992730 0.119189
vn 0.102194 -0.984293 0.143958
vn 0.154663 -0.955819 0.249978
vn 0.211825 -0.788122 0.577922
vn 0.349065 -0.805921 0.478168
vn 0.006272 -0.091147 -0.995818
vn 0.313182 -0.633870 0.707196
vn 0.340846 -0.469712 0.814368
vn 0.389696 -0.414502 0.822390
vn 0.003990 -0.078853 -0.996878
vn 0.369040 -0.272374 0.888607
vn 0.351557 -0.098355 0.930985
vn 0.011799 -0.033936 -0.999354
vn 0.366417 0.121887 0.922433
vn 0.022890 0.064753 -0.997639
vn 0.415958 0.308904 0.855311
vn 0.444419 0.272125 0.853487
vn 0.408174 0.320049 0.854964
vn 0.038736 0.164016 -0.985697
vn 0.372347 0.415315 0.829983
vn 0.069103 0.282596 -0.956747
vn 0.370428 0.582139 0.723807
vn 0.393067 0.519786 0.758499
vn 0.351661 0.558842 0.751019
vn 0.056013 0.436543 -0.897938
vn 0.064156 0.385709 -0.920387
vn 0.308461 0.666754 0.678448
vn 0.286414 0.610874 0.738105
vn 0.227620 0.666677 0.709740
vn 0.074841 0.430960 -0.899262
vn 0.187210 0.685647 0.703449
vn 0.141257 0.596944 0.789749
vn -0.005935 0.649975 0.759932
vn 0.066243 0.571936 -0.817619
vn 0.084600 0.590855 -0.802330
vn -0.064520 0.726630 0.683993
vn -0.162426 0.780766 0.603343
vn 0.089720 0.586928 -0.804653
vn 0.070233 0.653826 -0.753378
vn 0.087829 0.696044 -0.712607
vn -0.191489 0.781274 0.594090
vn -0.162431 0.801179 0.575959
vn 0.038094 0.849088 -0.526877
vn 0.062905 0.717970 -0.693226
vn 0.068424 0.846220 -0.528421
vn -0.132102 0.909039 0.395218
vn -0.100782 0.901481 0.420921
vn -0.140192 0.881862 0.450185
vn 0.033668 0.887869 -0.458862
vn 0.025885 0.911571 -0.410328
vn 0.020292 0.973179 0.229151
vn 0.038674 0.955096 0.293761
vn -0.013850 0.975219 0.220808
vn -0.053705 0.954082 0.294691
vn 0.040573 0.964235 -0.261924
vn 0.026628 0.988346 -0.149878
vn 0.046170 0.998865 0.011719
vn 0.059736 0.988297 0.140359
vn 0.069941 0.975254 0.209735
vn 0.322237 -0.648368 -0.689770
vn 0.328640 -0.920130 -0.212970
vn 0.258385 -0.965011 0.044612
vn 0.176883 -0.954594 0.239716
vn 0.339856 -0.881611 0.327507
vn 0.126910 -0.190260 -0.973496
vn 0.318183 -0.539657 -0.779442
vn 0.312408 -0.915936 0.251919
vn 0.207387 -0.945583 0.250727
vn 0.204440 -0.953775 0.220265
vn 0.069749 -0.951913 0.298322
vn 0.144923 -0.941720 0.303580
vn 0.181049 -0.106629 -0.977677
vn 0.083414 -0.971112 0.223570
vn 0.012281 -0.989562 0.143583
vn -0.021997 -0.995066 0.096746
vn -0.026116 -0.996987 0.073043
vn -0.008629 -0.994957 0.099932
vn -0.001814 -0.989960 0.141334
vn 0.076977 -0.974303 0.211680
vn 0.141072 -0.087199 -0.986152
vn 0.077850 -0.967890 0.239016
vn 0.114421 -0.970974 0.210042
vn 0.166238 -0.970784 0.173043
vn 0.246172 -0.944130 0.219131
vn 0.286480 -0.918140 0.273765
vn 0.410380 -0.739605 0.533454
vn 0.132156 -0.110610 -0.985038
vn 0.371446 -0.697891 0.612353
vn 0.363046 -0.310962 0.878351
vn 0.104029 -0.083474 -0.991065
vn 0.465047 -0.145824 0.873194
vn 0.410344 -0.136946 0.901590
vn 0.103475 -0.022967 -0.994367
vn 0.467793 0.003116 0.883833
vn 0.382127 0.118087 0.916534
vn 0.121993 0.082906 -0.989062
vn 0.362251 0.296503 0.883663
vn 0.152286 0.190579 -0.969788
vn 0.412674 0.423867 0.806249
vn 0.352331 0.410445 0.841069
vn 0.348029 0.467218 0.812763
vn 0.198237 0.270536 -0.942079
vn 0.314700 0.512079 0.799211
vn 0.131409 0.432761 -0.891880
vn 0.165888 0.370510 -0.913895
vn 0.295913 0.582469 0.757077
vn 0.199792 0.564833 0.800654
vn 0.192595 0.423770 -0.885057
vn 0.065734 0.470200 0.880108
vn 0.020553 0.544148 0.838738
vn 0.156869 0.581562 -0.798234
vn 0.202336 0.578169 -0.790430
vn -0.164554 0.722082 0.671952
vn -0.080944 0.586507 0.805889
vn 0.151749 0.588161 -0.794380
vn 0.197987 0.661241 -0.723576
vn -0.231109 0.791454 0.565853
vn -0.201325 0.758897 0.619309
vn -0.161504 0.734403 0.659218
vn 0.141939 0.709372 -0.690394
vn 0.176416 0.815235 -0.551606
vn -0.155689 0.899595 0.408032
vn -0.139747 0.907237 0.396726
vn -0.146578 0.894150 0.423096
vn -0.161885 0.854926 0.492844
vn 0.141687 0.872531 -0.467563
vn 0.051653 0.968205 -0.244767
vn 0.151201 0.911728 -0.381956
vn 0.147303 0.960783 -0.234943
vn 0.060695 0.967490 0.245517
vn 0.106497 0.974093 0.199504
vn 0.114190 0.976838 0.180964
vn 0.040411 0.980598 0.191817
vn 0.002737 0.982494 0.186274
vn -0.044051 0.968972 0.243214
vn -0.080447 0.946331 0.313028
vn 0.140768 0.979458 -0.144386
vn 0.132850 0.990967 0.018298
vn 0.136750 0.980539 0.140863
vn 0.563332 -0.780804 -0.270188
vn 0.547518 -0.836678 -0.013888
vn 0.500965 -0.840990 0.204376
vn 0.425843 -0.219440 -0.877783
vn 0.541775 -0.428296 -0.723216
vn 0.661964 -0.679200 -0.317004
vn 0.676486 -0.735242 0.042260
vn 0.555667 -0.812649 0.175601
vn 0.482123 -0.858115 0.176622
vn 0.356177 -0.911395 0.206148
vn 0.316833 -0.921786 0.223444
vn 0.679015 -0.712480 0.176949
vn 0.288544 -0.927800 0.236495
vn 0.378345 -0.163046 -0.911192
vn 0.642404 -0.194054 -0.741390
vn 0.522747 -0.847215 0.094664
vn 0.342601 -0.924721 0.165876
vn 0.280590 -0.951288 0.127752
vn 0.221440 -0.969960 0.100703
vn 0.161544 -0.983782 0.077958
vn 0.193273 -0.977869 0.080110
vn 0.143694 -0.982960 0.114638
vn 0.108782 -0.980475 0.163814
vn 0.271142 -0.933673 0.233959
vn 0.274708 -0.119702 -0.954048
vn 0.634075 -0.151735 -0.758238
vn 0.309539 -0.917504 0.249743
vn 0.286092 -0.926755 0.243468
vn 0.319914 -0.917284 0.237161
vn 0.349898 -0.892184 0.285622
vn 0.510095 -0.801976 0.310866
vn 0.371357 -0.843869 0.387271
vn 0.265730 -0.139719 -0.953869
vn 0.511280 -0.804785 0.301519
vn 0.456985 -0.784866 0.418509
vn 0.388361 -0.613222 0.687848
vn 0.514398 -0.581191 0.630565
vn 0.305790 -0.083777 -0.948406
vn 0.518930 -0.374263 0.768530
vn 0.334463 -0.116785 0.935145
vn 0.332712 -0.008773 -0.942988
vn 0.322735 0.137198 0.936493
vn 0.350470 0.113257 -0.929701
vn 0.313335 0.309033 0.897953
vn 0.462906 0.298698 0.834564
vn 0.430641 0.361140 0.827120
vn 0.338073 0.211118 -0.917134
vn 0.383081 0.430235 0.817403
vn 0.371842 0.296052 -0.879822
vn 0.316168 0.378224 -0.870048
vn 0.490762 0.290238 -0.821532
vn 0.307144 0.503491 0.807564
vn 0.466185 0.493999 0.733919
vn 0.390051 0.469372 0.792180
vn 0.400720 0.334221 -0.853065
vn 0.279369 0.422903 0.862036
vn 0.407656 0.422970 -0.809267
vn 0.303372 0.566580 -0.766128
vn 0.507900 0.458534 -0.729235
vn 0.230796 0.383890 0.894070
vn 0.104821 0.423015 0.900039
vn 0.423880 0.498173 -0.756405
vn 0.069599 0.511425 0.856505
vn 0.404063 0.574868 -0.711519
vn 0.428136 0.584547 -0.689206
vn 0.042308 0.711759 0.701148
vn -0.080958 0.760231 0.644588
vn 0.403368 0.679453 -0.612893
vn 0.419993 0.707409 -0.568488
vn 0.018223 0.912286 0.409148
vn -0.046150 0.925385 0.376210
vn -0.061394 0.870920 0.487575
vn 0.327915 0.837543 -0.437028
vn 0.369048 0.871303 -0.323473
vn 0.208630 0.969293 -0.130170
vn 0.423415 0.884291 -0.196845
vn 0.452458 0.890803 -0.041856
vn 0.189107 0.971355 0.143902
vn 0.342045 0.935206 0.091622
vn 0.207929 0.974349 0.086074
vn 0.231394 0.964899 0.124203
vn 0.153692 0.978353 0.138581
vn 0.098440 0.984230 0.146970
vn 0.053465 0.979822 0.192590
vn 0.032551 0.965320 0.259033
vn 0.222332 0.974820 0.017167
vn 0.817506 -0.355723 -0.452929
vn 0.849334 -0.515100 -0.115340
vn 0.808234 -0.583757 0.077360
vn 0.772583 -0.623789 0.118336
vn 0.725405 -0.674822 0.135658
vn 0.841428 -0.272511 -0.466623
vn 0.887137 -0.335242 -0.317177
vn 0.889048 -0.457109 -0.025395
vn 0.853373 -0.519568 0.042466
vn 0.789826 -0.609411 0.069233
vn 0.702132 -0.710181 0.051514
vn 0.638812 -0.769294 -0.010273
vn 0.559696 -0.826860 0.055165
vn 0.456699 -0.886165 0.078335
vn 0.392389 -0.916733 0.075044
vn 0.341156 -0.938285 0.056867
vn 0.339110 -0.936980 0.084098
vn 0.526779 -0.846821 0.073469
vn 0.343830 -0.931056 0.122126
vn 0.366214 -0.911430 0.187568
vn 0.665575 -0.183571 -0.723403
vn 0.690721 -0.174513 -0.701747
vn 0.827923 -0.219520 -0.516096
vn 0.479334 -0.875179 0.065572
vn 0.438825 -0.881814 0.172732
vn 0.423167 -0.883899 0.199129
vn 0.445552 -0.857178 0.258320
vn 0.425671 -0.864706 0.266622
vn 0.525842 -0.797754 0.295092
vn 0.565365 -0.765510 0.307175
vn 0.640785 -0.147831 -0.753353
vn 0.700391 -0.169177 -0.693420
vn 0.607149 -0.733222 0.306196
vn 0.567376 -0.773855 0.281486
vn 0.592813 -0.631986 0.499165
vn 0.804922 -0.508513 0.305803
vn 0.623769 -0.083158 -0.777173
vn 0.733384 -0.109432 -0.670949
vn 0.660498 -0.447512 0.602889
vn 0.557734 -0.292799 0.776660
vn 0.710501 -0.178508 0.680678
vn 0.617130 0.012536 -0.786762
vn 0.756894 -0.022908 -0.653136
vn 0.518244 0.045263 0.854034
vn 0.664738 0.156468 0.730508
vn 0.622259 0.134254 -0.771213
vn 0.746381 0.076375 -0.661122
vn 0.538547 0.328203 0.776048
vn 0.618686 0.231171 -0.750858
vn 0.670535 0.198531 -0.714821
vn 0.516429 0.432225 0.739245
vn 0.760274 0.342112 0.552216
vn 0.655675 0.392722 0.644872
vn 0.618590 0.234867 -0.749789
vn 0.508898 0.377901 0.773443
vn 0.646840 0.255288 -0.718628
vn 0.627348 0.350769 -0.695267
vn 0.722725 0.321612 -0.611747
vn 0.429180 0.329616 0.840927
vn 0.652946 0.242930 0.717389
vn 0.568966 0.222819 0.791599
vn 0.641679 0.367573 -0.673155
vn 0.425899 0.317586 0.847201
vn 0.615415 0.445915 -0.649942
vn 0.591510 0.486283 -0.643152
vn 0.655660 0.475942 -0.586165
vn 0.246648 0.496890 0.832025
vn 0.592103 0.562761 -0.576813
vn 0.632775 0.494682 -0.595723
vn 0.690651 0.536753 -0.484662
vn 0.293126 0.666146 0.685804
vn 0.169398 0.727792 0.664547
vn 0.567503 0.675147 -0.471293
vn 0.633128 0.594807 -0.495332
vn 0.695276 0.586988 -0.414772
vn 0.130463 0.925682 0.355095
vn 0.421894 0.868234 0.261104
vn 0.235832 0.949802 0.205569
vn 0.386205 0.847452 0.364240
vn 0.265528 0.850858 0.453361
vn 0.513921 0.799017 -0.312180
vn 0.572041 0.799424 -0.183548
vn 0.459145 0.887888 0.028992
vn 0.553199 0.832575 -0.028105
vn 0.549876 0.835227 0.005660
vn 0.456759 0.888328 0.047380
vn 0.388335 0.919219 0.065057
vn 0.327443 0.939978 0.096033
vn 0.244740 0.954886 0.168209
vn 0.956133 -0.252197 -0.149016
vn 0.942919 -0.332381 -0.020646
vn 0.916675 -0.399353 -0.014985
vn 0.881060 -0.470952 -0.044028
vn 0.831179 -0.551777 -0.068437
vn 0.779412 -0.626393 -0.012225
vn 0.716227 -0.696901 -0.036717
vn 0.618009 -0.786076 0.012239
vn 0.558761 -0.829329 -0.000645
vn 0.930301 -0.185427 -0.316476
vn 0.969056 -0.176283 -0.172787
vn 0.972938 -0.220812 -0.068075
vn 0.955230 -0.283004 -0.086284
vn 0.925997 -0.367666 -0.085741
vn 0.885915 -0.439601 -0.148001
vn 0.819873 -0.564803 -0.093842
vn 0.698389 -0.684313 -0.209686
vn 0.673647 -0.735484 -0.072542
vn 0.614169 -0.788002 -0.043013
vn 0.579323 -0.815093 0.003010
vn 0.564602 -0.824484 0.038087
vn 0.515622 -0.846761 0.130882
vn 0.495092 -0.842247 0.213317
vn 0.576404 -0.758726 0.303469
vn 0.694453 -0.665095 0.274562
vn 0.607921 -0.724472 0.324918
vn 0.924407 -0.146247 -0.352255
vn 0.970904 -0.148191 -0.188108
vn 0.977494 -0.175439 -0.117158
vn 0.966137 -0.216175 -0.140882
vn 0.939762 -0.290561 -0.180060
vn 0.865597 -0.420705 -0.271568
vn 0.871014 -0.443591 -0.211096
vn 0.869841 -0.449387 -0.203538
vn 0.669441 -0.670402 0.320016
vn 0.637717 -0.699262 0.323031
vn 0.775299 -0.525334 0.350621
vn 0.832274 -0.408825 0.374408
vn 0.804629 -0.505691 0.311206
vn 0.924357 -0.073982 -0.374288
vn 0.976308 -0.094007 -0.194899
vn 0.979246 -0.125959 -0.158782
vn 0.962701 -0.188705 -0.193900
vn 0.916115 -0.283816 -0.283162
vn 0.913685 -0.299830 -0.274374
vn 0.840459 -0.388935 0.377304
vn 0.896321 -0.186454 0.402297
vn 0.900123 -0.265638 0.345275
vn 0.884416 -0.285259 0.369372
vn 0.922817 -0.004121 -0.385216
vn 0.975615 -0.036157 -0.216489
vn 0.974777 -0.082787 -0.207258
vn 0.953788 -0.120157 -0.275411
vn 0.944443 -0.172979 -0.279472
vn 0.918227 0.024152 0.395317
vn 0.887993 0.009974 0.459750
vn 0.901261 0.007322 0.433214
vn 0.914204 0.087220 -0.395758
vn 0.969195 0.046595 -0.241848
vn 0.968690 0.020602 -0.247418
vn 0.960060 -0.013157 -0.279485
vn 0.878336 0.161124 0.450073
vn 0.844090 0.125462 0.521317
vn 0.875141 0.203752 0.438878
vn 0.902484 0.141803 -0.406712
vn 0.960212 0.083636 -0.266453
vn 0.961552 0.069250 -0.265750
vn 0.952696 0.066669 -0.296521
vn 0.818795 0.221002 0.529842
vn 0.807830 0.163990 0.566143
vn 0.873607 0.192023 -0.447144
vn 0.934820 0.127881 -0.331297
vn 0.957100 0.086476 -0.276553
vn 0.948804 0.066760 -0.308728
vn 0.777968 0.186130 0.600101
vn 0.862791 0.168274 0.476734
vn 0.858698 0.102888 0.502048
vn 0.777607 0.209044 0.592983
vn 0.898347 0.179864 -0.400776
vn 0.949749 0.116843 -0.290387
vn 0.940945 0.122587 -0.315587
vn 0.941541 0.112923 -0.317410
vn 0.939998 0.101495 -0.325734
vn 0.746638 0.162489 0.645081
vn 0.828956 0.128870 0.544265
vn 0.853216 0.277721 -0.441467
vn 0.917511 0.208251 -0.338830
vn 0.929445 0.182345 -0.320751
vn 0.923845 0.139895 -0.356286
vn 0.738643 0.230078 0.633618
vn 0.782198 0.231417 0.578458
vn 0.861481 0.328763 -0.386996
vn 0.903688 0.285003 -0.319564
vn 0.892042 0.274456 -0.359075
vn 0.898527 0.310826 -0.309897
vn 0.912773 0.301162 -0.275948
vn 0.711486 0.435753 0.551278
vn 0.844761 0.265669 0.464542
vn 0.775306 0.443651 0.449527
vn 0.713958 0.389472 0.581872
vn 0.856305 0.387903 -0.340989
vn 0.880943 0.386340 -0.273277
vn 0.891346 0.368920 -0.263440
vn 0.870024 0.442775 -0.216816
vn 0.894414 0.389864 -0.219156
vn 0.632010 0.635074 0.444121
vn 0.806162 0.461761 0.369972
vn 0.632054 0.701971 0.328243
vn 0.674281 0.534408 0.509659
vn 0.832242 0.491996 -0.255565
vn 0.830224 0.530113 -0.172358
vn 0.830039 0.525323 -0.187271
vn 0.786888 0.606291 -0.114971
vn 0.682208 0.729623 -0.047353
vn 0.817142 0.565347 -0.112523
vn 0.616318 0.787445 -0.009071
vn 0.787648 0.611853 -0.072437
vn 0.564796 0.824853 0.024980
vn 0.759758 0.649846 -0.021651
vn 0.537135 0.839455 0.082465
vn 0.729854 0.682940 0.030116
vn 0.522080 0.838064 0.158370
vn 0.652321 0.745853 0.134835
vn 0.615337 0.749993 0.242634
vn 0.869779 -0.461862 -0.173691
vn 0.823035 -0.561847 -0.083318
vn 0.799743 -0.596205 -0.070360
vn 0.756424 -0.654061 -0.005122
vn 0.746215 -0.651289 0.137787
vn 0.735015 -0.635285 0.236993
vn 0.935369 -0.274944 -0.222466
vn 0.913348 -0.348406 -0.210732
vn 0.910601 -0.361879 -0.199623
vn 0.881340 -0.444503 -0.160178
vn 0.834501 -0.527702 -0.158555
vn 0.815882 -0.572934 -0.077993
vn 0.799239 -0.600901 0.011642
vn 0.785742 -0.602892 0.138311
vn 0.890867 -0.407918 0.199895
vn 0.794625 -0.550989 0.254916
vn 0.816301 -0.482244 0.317953
vn 0.841435 -0.416584 0.344159
vn 0.955690 -0.182739 -0.230787
vn 0.962139 -0.162954 -0.218480
vn 0.949726 -0.196125 -0.244039
vn 0.933309 -0.251121 -0.256658
vn 0.898824 -0.345380 -0.269868
vn 0.912057 -0.350635 -0.212618
vn 0.881316 -0.382715 0.277150
vn 0.917063 -0.258261 0.303804
vn 0.873272 -0.305492 0.379566
vn 0.893756 -0.252151 0.370973
vn 0.898227 -0.267630 0.348659
vn 0.963761 -0.095919 -0.248925
vn 0.975477 -0.082197 -0.204179
vn 0.964992 -0.096597 -0.243841
vn 0.949462 -0.146592 -0.277549
vn 0.923742 -0.171070 -0.342689
vn 0.932036 -0.215171 -0.291566
vn 0.874118 -0.186733 0.448384
vn 0.880393 -0.069157 0.469175
vn 0.915364 -0.067954 0.396852
vn 0.932206 -0.081149 0.352714
vn 0.966680 0.012693 -0.255673
vn 0.977264 -0.022670 -0.210810
vn 0.963799 -0.025977 -0.265363
vn 0.946180 -0.057281 -0.318533
vn 0.946440 -0.065304 -0.316208
vn 0.899528 0.032731 0.435636
vn 0.871022 0.029150 0.490379
vn 0.920902 0.061295 0.384945
vn 0.958354 0.044033 -0.282167
vn 0.973231 0.029733 -0.227899
vn 0.964016 0.022464 -0.264891
vn 0.941681 0.022250 -0.335772
vn 0.952462 0.019897 -0.304007
vn 0.885668 0.076995 0.457890
vn 0.862836 0.081403 0.498887
vn 0.902676 0.099903 0.418564
vn 0.950706 0.079006 -0.299861
vn 0.969033 0.048767 -0.242067
vn 0.966779 0.048071 -0.251054
vn 0.943125 0.066557 -0.325707
vn 0.950270 0.060086 -0.305575
vn 0.876570 0.107135 0.469199
vn 0.857038 0.116129 0.501996
vn 0.958560 0.077661 -0.274102
vn 0.969563 0.070817 -0.234376
vn 0.950544 0.100237 -0.293969
vn 0.940437 0.113183 -0.320573
vn 0.879896 0.120282 0.459691
vn 0.910790 0.128757 0.392280
vn 0.912551 0.140152 0.384199
vn 0.882577 0.093691 0.460738
vn 0.947444 0.169017 -0.271631
vn 0.966735 0.135994 -0.216631
vn 0.953785 0.173559 -0.245297
vn 0.942180 0.136526 -0.306036
vn 0.892984 0.217969 0.393789
vn 0.890155 0.240216 0.387197
vn 0.876678 0.176041 0.447712
vn 0.933966 0.277689 -0.224937
vn 0.941394 0.276662 -0.192963
vn 0.918292 0.301844 -0.256183
vn 0.921346 0.329055 -0.206988
vn 0.888075 0.436790 -0.143306
vn 0.927710 0.309310 -0.209002
vn 0.934790 0.333349 -0.122663
vn 0.876958 0.392300 0.277571
vn 0.906811 0.321038 0.273182
vn 0.863009 0.448004 0.233469
vn 0.866077 0.343295 0.363399
vn 0.907479 0.380020 -0.179069
vn 0.896554 0.418195 -0.145959
vn 0.871157 0.478120 -0.111746
vn 0.874247 0.475589 -0.097505
vn 0.847561 0.528034 -0.053116
vn 0.821020 0.569503 0.039906
vn 0.866950 0.498383 -0.003397
vn 0.830216 0.538806 0.142935
vn 0.858942 0.504394 0.088351
vn 0.841547 0.479767 0.248239
vn 0.940850 -0.321213 -0.107810
vn 0.937026 -0.349208 -0.006047
vn 0.921439 -0.370113 0.118184
vn 0.958850 -0.225824 -0.172074
vn 0.975044 -0.202148 -0.091788
vn 0.976443 -0.213848 -0.028770
vn 0.969277 -0.225890 0.097343
vn 0.943752 -0.243240 0.223978
vn 0.960146 -0.127256 -0.248850
vn 0.985012 -0.094780 -0.144110
vn 0.990545 -0.103097 -0.090508
vn 0.994896 -0.097549 -0.025794
vn 0.991512 -0.094074 0.089746
vn 0.973046 -0.090776 0.211992
vn 0.944802 -0.115700 0.306533
vn 0.971001 -0.022988 -0.237968
vn 0.988742 -0.030887 -0.146406
vn 0.995392 -0.025478 -0.092442
vn 0.999508 -0.024466 -0.019646
vn 0.995274 -0.017840 0.095457
vn 0.974870 -0.008188 0.222624
vn 0.946994 -0.008920 0.321128
vn 0.970236 0.030890 -0.240184
vn 0.989998 0.020997 -0.139509
vn 0.995882 0.029728 -0.085652
vn 0.999126 0.039636 -0.013253
vn 0.994069 0.045364 0.098835
vn 0.970296 0.048753 0.236958
vn 0.940930 0.057475 0.333687
vn 0.968442 0.065623 -0.240443
vn 0.988715 0.053269 -0.140016
vn 0.995544 0.059512 -0.073143
vn 0.997467 0.070939 -0.005299
vn 0.991910 0.076255 0.101488
vn 0.970955 0.072547 0.227998
vn 0.936698 0.085387 0.339567
vn 0.962692 0.119209 -0.242927
vn 0.984707 0.092953 -0.147350
vn 0.994093 0.088326 -0.063069
vn 0.995103 0.098770 0.003772
vn 0.988140 0.108369 0.108793
vn 0.961590 0.111808 0.250685
vn 0.946959 0.219956 -0.234282
vn 0.962606 0.213254 -0.167074
vn 0.978262 0.194722 -0.071325
vn 0.982460 0.185782 0.016076
vn 0.977554 0.181755 0.106548
vn 0.954583 0.186587 0.232284
vn 0.943173 0.319470 -0.091455
vn 0.953460 0.301518 -0.001389
vn 0.952899 0.277425 0.122547
f 1//1 2//2 3//3
f 1//1 4//4 5//5
f 3//3 4//4 1//1
f 4//4 6//6 5//5
f 7//7 8//8 9//9
f 2//2 7//7 9//9
f 2//2 1//1 7//7
f 1//1 10//10 7//7
f 5//5 11//11 1//1
f 11//11 10//10 1//1
f 12//12 5//5 6//6
f 12//12 13//13 5//5
f 13//13 11//11 5//5
f 12//12 14//14 13//13
f 15//15 8//8 7//7
f 16//16 8//8 15//15
f 10//10 17//17 7//7
f 17//17 15//15 7//7
f 11//11 18//18 10//10
f 18//18 17//17 10//10
f 13//13 19//19 11//11
f 19//19 18//18 11//11
f 20//20 13//13 14//14
f 20//20 21//21 13//13
f 21//21 19//19 13//13
f 21//21 22//22 23//23
f 20//20 22//22 21//21
f 22//22 24//24 23//23
f 25//25 16//16 15//15
f 26//26 16//16 25//25
f 17//17 27//27 15//15
f 27//27 25//25 15//15
f 18//18 28//28 17//17
f 28//28 27//27 17//17
f 19//19 29//29 18//18
f 29//29 28//28 18//18
f 21//21 30//30 19//19
f 30//30 29//29 19//19
f 23//23 31//31 21//21
f 31//31 30//30 21//21
f 32//32 23//23 24//24
f 32//32 33//33 23//23
f 33//33 31//31 23//23
f 32//32 34//34 33//33
f 35//35 26//26 25//25
f 36//36 26//26 35//35
f 27//27 37//37 25//25
f 37//37 35//35 25//25
f 28//28 38//38 27//27
f 38//38 37//37 27//27
f 29//29 39//39 28//28
f 39//39 38//38 28//28
f 30//30 40//40 29//29
f 40//40 39//39 29//29
f 31//31 41//41 30//30
f 41//41 40//40 30//30
f 33//33 42//42 31//31
f 42//42 41//41 31//31
f 43//43 33//33 34//34
f 43//43 44//44 33//33
f 44//44 42//42 33//33
f 43//43 45//45 44//44
f 46//46 36//36 35//35
f 47//47 36//36 46//46
f 37//37 48//48 35//35
f 48//48 46//46 35//35
f 38//38 49//49 37//37
f 49//49 48//48 37//37
f 39//39 50//50 38//38
f 50//50 49//49 38//38
f 40//40 51//51 39//39
f 51//51 50//50 39//39
f 41//41 52//52 40//40
f 52//52 51//51 40//40
f 42//42 53//53 41//41
f 53//53 52//52 41//41
f 54//54 44//44 55//55
f 54//54 53//53 44//44
f 53//53 42//42 44//44
f 45//45 55//55 44//44
f 46//46 56//56 47//47
f 56//56 57//57 58//58
f 56//56 46//46 57//57
f 46//46 48//48 57//57
f 49//49 59//59 48//48
f 59//59 57//57 48//48
f 50//50 60//60 49//49
f 60//60 59//59 49//49
f 51//51 61//61 50//50
f 61//61 60//60 50//50
f 52//52 62//62 51//51
f 62//62 61//61 51//51
f 63//63 53//53 64//64
f 63//63 62//62 53//53
f 62//62 52//52 53//53
f 54//54 64//64 53//53
f 57//57 65//65 58//58
f 59//59 65//65 57//57
f 66//66 65//65 59//59
f 60//60 66//66 59//59
f 67//67 66//66 60//60
f 61//61 67//67 60//60
f 68//68 67//67 61//61
f 62//62 68//68 61//61
f 69//69 68//68 62//62
f 63//63 69//69 62//62
f 70//70 71//71 72//72
f 70//70 73//73 74//74
f 72//72 73//73 70//70
f 74//74 75//75 76//76
f 73//73 75//75 74//74
f 75//75 77//77 76//76
f 78//78 79//79 80//80
f 71//71 78//78 80//80
f 71//71 70//70 78//78
f 70//70 81//81 78//78
f 74//74 82//82 70//70
f 82//82 81//81 70//70
f 76//76 83//83 74//74
f 83//83 82//82 74//74
f 84//84 76//76 77//77
f 84//84 85//85 76//76
f 85//85 83//83 76//76
f 84//84 86//86 85//85
f 87//87 79//79 78//78
f 88//88 79//79 87//87
f 3//3 2//2 87//87
f 3//3 87//87 81//81
f 81//81 87//87 78//78
f 4//4 3//3 81//81
f 82//82 4//4 81//81
f 6//6 4//4 82//82
f 6//6 82//82 89//89
f 89//89 82//82 83//83
f 85//85 90//90 83//83
f 90//90 89//89 83//83
f 91//91 85//85 86//86
f 91//91 92//92 85//85
f 92//92 90//90 85//85
f 91//91 93//93 92//92
f 94//94 95//95 96//96
f 94//94 97//97 98//98
f 96//96 97//97 94//94
f 97//97 99//99 98//98
f 100//100 101//101 102//102
f 88//88 100//100 102//102
f 87//87 100//100 88//88
f 87//87 8//8 100//100
f 87//87 9//9 8//8
f 2//2 9//9 87//87
f 6//6 89//89 12//12
f 14//14 12//12 89//89
f 14//14 89//89 103//103
f 103//103 89//89 90//90
f 92//92 104//104 90//90
f 104//104 103//103 90//90
f 105//105 92//92 93//93
f 105//105 106//106 92//92
f 106//106 104//104 92//92
f 106//106 107//107 108//108
f 105//105 107//107 106//106
f 107//107 109//109 108//108
f 110//110 111//111 112//112
f 110//110 113//113 114//114
f 112//112 113//113 110//110
f 114//114 115//115 116//116
f 113//113 115//115 114//114
f 95//95 116//116 115//115
f 95//95 94//94 116//116
f 94//94 117//117 116//116
f 98//98 118//118 94//94
f 118//118 117//117 94//94
f 119//119 98//98 99//99
f 119//119 120//120 98//98
f 120//120 118//118 98//98
f 120//120 121//121 122//122
f 119//119 121//121 120//120
f 121//121 123//123 122//122
f 124//124 101//101 100//100
f 125//125 101//101 124//124
f 8//8 16//16 124//124
f 100//100 8//8 124//124
f 14//14 103//103 20//20
f 22//22 20//20 103//103
f 104//104 22//22 103//103
f 24//24 22//22 104//104
f 24//24 104//104 126//126
f 126//126 104//104 106//106
f 108//108 127//127 106//106
f 127//127 126//126 106//106
f 128//128 108//108 109//109
f 128//128 129//129 108//108
f 129//129 127//127 108//108
f 129//129 130//130 131//131
f 128//128 130//130 129//129
f 131//131 132//132 133//133
f 130//130 132//132 131//131
f 111//111 133//133 132//132
f 111//111 110//110 133//133
f 110//110 134//134 133//133
f 114//114 135//135 110//110
f 135//135 134//134 110//110
f 116//116 136//136 114//114
f 136//136 135//135 114//114
f 117//117 137//137 116//116
f 137//137 136//136 116//116
f 118//118 138//138 117//117
f 138//138 137//137 117//117
f 120//120 139//139 118//118
f 139//139 138//138 118//118
f 122//122 140//140 120//120
f 140//140 139//139 120//120
f 141//141 122//122 123//123
f 141//141 142//142 122//122
f 142//142 140//140 122//122
f 141//141 143//143 142//142
f 144//144 125//125 124//124
f 145//145 125//125 144//144
f 16//16 26//26 144//144
f 124//124 16//16 144//144
f 24//24 126//126 32//32
f 34//34 32//32 126//126
f 34//34 126//126 146//146
f 146//146 126//126 127//127
f 129//129 147//147 127//127
f 147//147 146//146 127//127
f 131//131 148//148 129//129
f 148//148 147//147 129//129
f 133//133 149//149 131//131
f 149//149 148//148 131//131
f 134//134 150//150 133//133
f 150//150 149//149 133//133
f 135//135 151//151 134//134
f 151//151 150//150 134//134
f 136//136 152//152 135//135
f 152//152 151//151 135//135
f 137//137 153//153 136//136
f 153//153 152//152 136//136
f 138//138 154//154 137//137
f 154//154 153//153 137//137
f 139//139 155//155 138//138
f 155//155 154//154 138//138
f 140//140 156//156 139//139
f 156//156 155//155 139//139
f 142//142 157//157 140//140
f 157//157 156//156 140//140
f 158//158 142//142 143//143
f 157//157 142//142 158//158
f 159//159 145//145 144//144
f 160//160 145//145 159//159
f 26//26 36//36 159//159
f 144//144 26//26 159//159
f 34//34 146//146 43//43
f 45//45 43//43 146//146
f 45//45 146//146 161//161
f 161//161 146//146 147//147
f 148//148 162//162 147//147
f 162//162 161//161 147//147
f 149//149 163//163 148//148
f 163//163 162//162 148//148
f 150//150 164//164 149//149
f 164//164 163//163 149//149
f 151//151 165//165 150//150
f 165//165 164//164 150//150
f 152//152 166//166 151//151
f 166//166 165//165 151//151
f 153//153 167//167 152//152
f 167//167 166//166 152//152
f 154//154 168//168 153//153
f 168//168 167//167 153//153
f 155//155 169//169 154//154
f 169//169 168//168 154//154
f 156//156 170//170 155//155
f 170//170 169//169 155//155
f 157//157 171//171 156//156
f 171//171 170//170 156//156
f 172//172 157//157 158//158
f 171//171 157//157 172//172
f 173//173 160//160 159//159
f 174//174 160//160 173//173
f 36//36 47//47 173//173
f 159//159 36//36 173//173
f 55//55 175//175 54//54
f 55//55 45//45 161//161
f 55//55 161//161 175//175
f 175//175 161//161 176//176
f 162//162 177//177 161//161
f 177//177 176//176 161//161
f 163//163 178//178 162//162
f 178//178 177//177 162//162
f 164//164 179//179 163//163
f 179//179 178//178 163//163
f 165//165 180//180 164//164
f 180//180 179//179 164//164
f 166//166 181//181 165//165
f 181//181 180//180 165//165
f 167//167 182//182 166//166
f 182//182 181//181 166//166
f 168//168 183//183 167//167
f 183//183 182//182 167//167
f 169//169 184//184 168//168
f 184//184 183//183 168//168
f 170//170 185//185 169//169
f 185//185 184//184 169//169
f 171//171 186//186 170//170
f 186//186 185//185 170//170
f 187//187 171//171 172//172
f 186//186 171//171 187//187
f 188//188 174//174 173//173
f 189//189 174//174 188//188
f 47//47 56//56 190//190
f 47//47 190//190 173//173
f 173//173 190//190 188//188
f 56//56 58//58 190//190
f 64//64 191//191 63//63
f 64//64 54//54 175//175
f 64//64 175//175 191//191
f 191//191 175//175 192//192
f 176//176 193//193 175//175
f 193//193 192//192 175//175
f 177//177 194//194 176//176
f 194//194 193//193 176//176
f 178//178 195//195 177//177
f 195//195 194//194 177//177
f 179//179 196//196 178//178
f 196//196 195//195 178//178
f 180//180 197//197 179//179
f 197//197 196//196 179//179
f 181//181 198//198 180//180
f 198//198 197//197 180//180
f 182//182 199//199 181//181
f 199//199 198//198 181//181
f 183//183 200//200 182//182
f 200//200 199//199 182//182
f 184//184 201//201 183//183
f 201//201 200//200 183//183
f 185//185 202//202 184//184
f 202//202 201//201 184//184
f 203//203 186//186 204//204
f 203//203 202//202 186//186
f 202//202 185//185 186//186
f 187//187 204//204 186//186
f 188//188 205//205 189//189
f 205//205 206//206 207//207
f 205//205 188//188 206//206
f 188//188 190//190 206//206
f 58//58 65//65 208//208
f 58//58 208//208 190//190
f 190//190 208//208 206//206
f 65//65 66//66 209//209
f 208//208 65//65 209//209
f 66//66 67//67 210//210
f 209//209 66//66 210//210
f 67//67 68//68 211//211
f 210//210 67//67 211//211
f 68//68 69//69 212//212
f 211//211 68//68 212//212
f 69//69 63//63 191//191
f 69//69 191//191 212//212
f 212//212 191//191 213//213
f 192//192 214//214 191//191
f 214//214 213//213 191//191
f 193//193 215//215 192//192
f 215//215 214//214 192//192
f 216//216 194//194 217//217
f 216//216 215//215 194//194
f 215//215 193//193 194//194
f 195//195 217//217 194//194
f 218//218 217//217 195//195
f 196//196 218//218 195//195
f 219//219 218//218 196//196
f 219//219 220//220 221//221
f 219//219 196//196 220//220
f 196//196 197//197 220//220
f 198//198 222//222 197//197
f 222//222 220//220 197//197
f 199//199 223//223 198//198
f 223//223 222//222 198//198
f 200//200 224//224 199//199
f 224//224 223//223 199//199
f 201//201 225//225 200//200
f 225//225 224//224 200//200
f 226//226 202//202 227//227
f 226//226 225//225 202//202
f 225//225 201//201 202//202
f 203//203 227//227 202//202
f 206//206 228//228 207//207
f 208//208 228//228 206//206
f 229//229 228//228 208//208
f 209//209 229//229 208//208
f 230//230 229//229 209//209
f 210//210 230//230 209//209
f 231//231 230//230 210//210
f 211//211 231//231 210//210
f 232//232 231//231 211//211
f 212//212 232//232 211//211
f 233//233 232//232 212//212
f 213//213 233//233 212//212
f 234//234 233//233 213//213
f 214//214 234//234 213//213
f 235//235 234//234 214//214
f 215//215 235//235 214//214
f 236//236 235//235 215//215
f 216//216 236//236 215//215
f 220//220 237//237 221//221
f 222//222 237//237 220//220
f 238//238 237//237 222//222
f 223//223 238//238 222//222
f 239//239 238//238 223//223
f 224//224 239//239 223//223
f 240//240 239//239 224//224
f 225//225 240//240 224//224
f 241//241 240//240 225//225
f 226//226 241//241 225//225
f 242//242 243//243 244//244
f 242//242 72//72 71//71
f 242//242 244//244 72//72
f 244//244 245//245 72//72
f 73//73 72//72 246//246
f 72//72 245//245 246//246
f 75//75 73//73 247//247
f 73//73 246//246 247//247
f 77//77 248//248 249//249
f 77//77 75//75 248//248
f 75//75 247//247 248//248
f 248//248 250//250 249//249
f 80//80 243//243 242//242
f 80//80 79//79 243//243
f 79//79 251//251 243//243
f 71//71 80//80 242//242
f 77//77 249//249 84//84
f 86//86 252//252 253//253
f 84//84 252//252 86//86
f 84//84 250//250 252//252
f 84//84 249//249 250//250
f 253//253 254//254 255//255
f 252//252 254//254 253//253
f 254//254 256//256 255//255
f 257//257 258//258 259//259
f 257//257 260//260 261//261
f 259//259 260//260 257//257
f 261//261 262//262 263//263
f 260//260 262//262 261//261
f 263//263 264//264 265//265
f 262//262 264//264 263//263
f 264//264 266//266 265//265
f 267//267 268//268 269//269
f 267//267 269//269 251//251
f 267//267 251//251 88//88
f 88//88 251//251 79//79
f 86//86 253//253 91//91
f 93//93 91//91 253//253
f 93//93 253//253 270//270
f 270//270 253//253 255//255
f 271//271 255//255 256//256
f 271//271 272//272 255//255
f 272//272 270//270 255//255
f 271//271 273//273 272//272
f 274//274 275//275 276//276
f 274//274 277//277 278//278
f 276//276 277//277 274//274
f 258//258 278//278 277//277
f 258//258 257//257 278//278
f 257//257 279//279 278//278
f 96//96 95//95 279//279
f 96//96 279//279 261//261
f 261//261 279//279 257//257
f 97//97 96//96 261//261
f 263//263 97//97 261//261
f 99//99 97//97 263//263
f 99//99 263//263 280//280
f 280//280 263//263 265//265
f 281//281 265//265 266//266
f 281//281 282//282 265//265
f 282//282 280//280 265//265
f 282//282 283//283 284//284
f 281//281 283//283 282//282
f 283//283 285//285 284//284
f 102//102 268//268 267//267
f 102//102 101//101 268//268
f 101//101 286//286 268//268
f 88//88 102//102 267//267
f 93//93 270//270 105//105
f 107//107 105//105 270//270
f 272//272 107//107 270//270
f 109//109 287//287 288//288
f 107//107 287//287 109//109
f 107//107 273//273 287//287
f 107//107 272//272 273//273
f 288//288 289//289 290//290
f 287//287 289//289 288//288
f 290//290 291//291 292//292
f 289//289 291//291 290//290
f 275//275 292//292 291//291
f 274//274 292//292 275//275
f 274//274 111//111 292//292
f 274//274 112//112 111//111
f 113//113 112//112 274//274
f 278//278 113//113 274//274
f 115//115 113//113 278//278
f 279//279 115//115 278//278
f 95//95 115//115 279//279
f 99//99 280//280 119//119
f 121//121 119//119 280//280
f 282//282 121//121 280//280
f 123//123 121//121 282//282
f 123//123 282//282 293//293
f 293//293 282//282 284//284
f 294//294 284//284 285//285
f 294//294 295//295 284//284
f 295//295 293//293 284//284
f 294//294 296//296 295//295
f 101//101 125//125 286//286
f 286//286 125//125 297//297
f 109//109 288//288 128//128
f 130//130 128//128 288//288
f 290//290 130//130 288//288
f 132//132 130//130 290//290
f 292//292 132//132 290//290
f 111//111 132//132 292//292
f 123//123 293//293 141//141
f 143//143 141//141 293//293
f 143//143 293//293 298//298
f 298//298 293//293 295//295
f 299//299 295//295 296//296
f 298//298 295//295 299//299
f 125//125 145//145 297//297
f 297//297 145//145 300//300
f 298//298 301//301 158//158
f 143//143 298//298 158//158
f 302//302 298//298 299//299
f 301//301 298//298 302//302
f 145//145 160//160 300//300
f 300//300 160//160 303//303
f 301//301 304//304 172//172
f 158//158 301//301 172//172
f 305//305 301//301 302//302
f 304//304 301//301 305//305
f 160//160 174//174 303//303
f 303//303 174//174 306//306
f 304//304 307//307 187//187
f 172//172 304//304 187//187
f 308//308 304//304 305//305
f 307//307 304//304 308//308
f 174//174 189//189 306//306
f 306//306 189//189 309//309
f 204//204 310//310 203//203
f 204//204 187//187 307//307
f 204//204 307//307 310//310
f 310//310 307//307 311//311
f 312//312 307//307 308//308
f 311//311 307//307 312//312
f 313//313 189//189 205//205
f 313//313 314//314 189//189
f 314//314 309//309 189//189
f 205//205 207//207 313//313
f 217//217 315//315 216//216
f 217//217 218//218 316//316
f 315//315 217//217 316//316
f 218//218 219//219 317//317
f 316//316 218//218 317//317
f 219//219 221//221 317//317
f 227//227 318//318 226//226
f 227//227 203//203 310//310
f 227//227 310//310 318//318
f 318//318 310//310 319//319
f 320//320 311//311 321//321
f 320//320 319//319 311//311
f 319//319 310//310 311//311
f 312//312 321//321 311//311
f 313//313 322//322 314//314
f 323//323 324//324 322//322
f 228//228 323//323 322//322
f 228//228 322//322 313//313
f 228//228 313//313 207//207
f 228//228 229//229 325//325
f 323//323 228//228 325//325
f 229//229 230//230 326//326
f 325//325 229//229 326//326
f 230//230 231//231 327//327
f 326//326 230//230 327//327
f 231//231 232//232 328//328
f 327//327 231//231 328//328
f 232//232 233//233 329//329
f 328//328 232//232 329//329
f 233//233 234//234 330//330
f 329//329 233//233 330//330
f 234//234 235//235 331//331
f 330//330 234//234 331//331
f 235//235 236//236 332//332
f 331//331 235//235 332//332
f 236//236 216//216 315//315
f 236//236 315//315 332//332
f 332//332 315//315 333//333
f 316//316 334//334 315//315
f 334//334 333//333 315//315
f 317//317 335//335 316//316
f 335//335 334//334 316//316
f 221//221 237//237 336//336
f 221//221 336//336 317//317
f 317//317 336//336 335//335
f 237//237 238//238 337//337
f 336//336 237//237 337//337
f 238//238 239//239 338//338
f 337//337 238//238 338//338
f 239//239 240//240 339//339
f 338//338 239//239 339//339
f 240//240 241//241 340//340
f 339//339 240//240 340//340
f 241//241 226//226 318//318
f 241//241 318//318 340//340
f 340//340 318//318 341//341
f 319//319 342//342 318//318
f 342//342 341//341 318//318
f 343//343 319//319 320//320
f 342//342 319//319 343//343
f 323//323 344//344 324//324
f 325//325 344//344 323//323
f 345//345 344//344 325//325
f 326//326 345//345 325//325
f 346//346 345//345 326//326
f 346//346 347//347 348//348
f 346//346 326//326 347//347
f 326//326 327//327 347//347
f 328//328 349//349 327//327
f 349//349 347//347 327//327
f 329//329 350//350 328//328
f 350//350 349//349 328//328
f 330//330 351//351 329//329
f 351//351 350//350 329//329
f 331//331 352//352 330//330
f 352//352 351//351 330//330
f 332//332 353//353 331//331
f 353//353 352//352 331//331
f 333//333 354//354 332//332
f 354//354 353//353 332//332
f 334//334 355//355 333//333
f 355//355 354//354 333//333
f 335//335 356//356 334//334
f 356//356 355//355 334//334
f 336//336 357//357 335//335
f 357//357 356//356 335//335
f 337//337 358//358 336//336
f 358//358 357//357 336//336
f 338//338 359//359 337//337
f 359//359 358//358 337//337
f 339//339 360//360 338//338
f 360//360 359//359 338//338
f 340//340 361//361 339//339
f 361//361 360//360 339//339
f 341//341 362//362 340//340
f 362//362 361//361 340//340
f 363//363 342//342 364//364
f 363//363 362//362 342//342
f 362//362 341//341 342//342
f 343//343 364//364 342//342
f 347//347 365//365 348//348
f 349//349 365//365 347//347
f 366//366 365//365 349//349
f 350//350 366//366 349//349
f 367//367 366//366 350//350
f 351//351 367//367 350//350
f 368//368 367//367 351//351
f 352//352 368//368 351//351
f 369//369 368//368 352//352
f 353//353 369//369 352//352
f 370//370 369//369 353//353
f 354//354 370//370 353//353
f 371//371 370//370 354//354
f 355//355 371//371 354//354
f 372//372 371//371 355//355
f 356//356 372//372 355//355
f 373//373 372//372 356//356
f 357//357 373//373 356//356
f 374//374 373//373 357//357
f 358//358 374//374 357//357
f 375//375 374//374 358//358
f 359//359 375//375 358//358
f 376//376 375//375 359//359
f 360//360 376//376 359//359
f 377//377 376//376 360//360
f 361//361 377//377 360//360
f 378//378 377//377 361//361
f 362//362 378//378 361//361
f 379//379 378//378 362//362
f 363//363 379//379 362//362
f 244//244 243//243 380//380
f 381//381 244//244 380//380
f 381//381 382//382 244//244
f 382//382 245//245 244//244
f 246//246 245//245 383//383
f 245//245 382//382 383//383
f 247//247 246//246 384//384
f 246//246 383//383 384//384
f 248//248 247//247 385//385
f 247//247 384//384 385//385
f 385//385 250//250 248//248
f 386//386 250//250 385//385
f 380//380 387//387 388//388
f 380//380 243//243 387//387
f 243//243 251//251 387//387
f 381//381 380//380 388//388
f 250//250 386//386 389//389
f 252//252 250//250 389//389
f 254//254 252//252 390//390
f 252//252 389//389 390//390
f 390//390 256//256 254//254
f 391//391 256//256 390//390
f 259//259 258//258 392//392
f 393//393 259//259 392//392
f 393//393 394//394 259//259
f 394//394 260//260 259//259
f 262//262 260//260 395//395
f 260//260 394//394 395//395
f 264//264 262//262 396//396
f 262//262 395//395 396//396
f 266//266 397//397 398//398
f 266//266 264//264 397//397
f 264//264 396//396 397//397
f 397//397 399//399 398//398
f 269//269 400//400 401//401
f 268//268 400//400 269//269
f 387//387 251//251 269//269
f 401//401 387//387 269//269
f 256//256 391//391 402//402
f 271//271 256//256 402//402
f 273//273 403//403 404//404
f 273//273 271//271 403//403
f 271//271 402//402 403//403
f 403//403 405//405 404//404
f 276//276 406//406 407//407
f 275//275 406//406 276//276
f 277//277 276//276 408//408
f 276//276 407//407 408//408
f 392//392 258//258 277//277
f 392//392 277//277 409//409
f 409//409 277//277 408//408
f 393//393 392//392 409//409
f 266//266 398//398 281//281
f 398//398 399//399 410//410
f 398//398 410//410 281//281
f 281//281 410//410 283//283
f 410//410 285//285 283//283
f 411//411 285//285 410//410
f 268//268 286//286 400//400
f 400//400 286//286 412//412
f 273//273 404//404 287//287
f 404//404 405//405 413//413
f 404//404 413//413 287//287
f 287//287 413//413 289//289
f 291//291 289//289 414//414
f 289//289 413//413 414//414
f 406//406 275//275 291//291
f 414//414 406//406 291//291
f 285//285 411//411 415//415
f 294//294 285//285 415//415
f 415//415 296//296 294//294
f 416//416 296//296 415//415
f 286//286 297//297 412//412
f 412//412 297//297 417//417
f 418//418 419//419 299//299
f 418//418 299//299 416//416
f 416//416 299//299 296//296
f 418//418 420//420 419//419
f 297//297 300//300 417//417
f 417//417 300//300 421//421
f 419//419 422//422 302//302
f 299//299 419//419 302//302
f 423//423 419//419 420//420
f 422//422 419//419 423//423
f 300//300 303//303 421//421
f 421//421 303//303 424//424
f 422//422 425//425 305//305
f 302//302 422//422 305//305
f 426//426 422//422 423//423
f 425//425 422//422 426//426
f 303//303 306//306 424//424
f 424//424 306//306 427//427
f 425//425 428//428 429//429
f 425//425 429//429 305//305
f 305//305 429//429 308//308
f 426//426 428//428 425//425
f 306//306 309//309 427//427
f 427//427 309//309 430//430
f 308//308 429//429 312//312
f 429//429 431//431 312//312
f 309//309 314//314 430//430
f 430//430 314//314 432//432
f 321//321 433//433 320//320
f 321//321 434//434 433//433
f 321//321 312//312 434//434
f 312//312 431//431 434//434
f 314//314 435//435 432//432
f 322//322 435//435 314//314
f 435//435 322//322 324//324
f 436//436 435//435 324//324
f 433//433 437//437 438//438
f 433//433 438//438 320//320
f 320//320 438//438 343//343
f 434//434 437//437 433//433
f 324//324 439//439 436//436
f 344//344 439//439 324//324
f 440//440 441//441 439//439
f 440//440 439//439 345//345
f 345//345 439//439 344//344
f 345//345 346//346 442//442
f 440//440 345//345 442//442
f 346//346 348//348 442//442
f 364//364 443//443 363//363
f 364//364 444//444 443//443
f 364//364 343//343 444//444
f 343//343 438//438 444//444
f 440//440 445//445 441//441
f 442//442 445//445 440//440
f 446//446 445//445 442//442
f 348//348 446//446 442//442
f 348//348 365//365 446//446
f 365//365 447//447 446//446
f 366//366 448//448 365//365
f 365//365 448//448 447//447
f 449//449 450//450 448//448
f 449//449 448//448 367//367
f 367//367 448//448 366//366
f 367//367 368//368 451//451
f 449//449 367//367 451//451
f 368//368 369//369 452//452
f 451//451 368//368 452//452
f 369//369 370//370 453//453
f 452//452 369//369 453//453
f 370//370 371//371 454//454
f 453//453 370//370 454//454
f 371//371 372//372 455//455
f 454//454 371//371 455//455
f 372//372 373//373 456//456
f 455//455 372//372 456//456
f 373//373 374//374 457//457
f 456//456 373//373 457//457
f 374//374 375//375 458//458
f 457//457 374//374 458//458
f 375//375 376//376 459//459
f 458//458 375//375 459//459
f 376//376 377//377 460//460
f 459//459 376//376 460//460
f 377//377 378//378 461//461
f 460//460 377//377 461//461
f 378//378 379//379 462//462
f 461//461 378//378 462//462
f 379//379 463//463 462//462
f 363//363 463//463 379//379
f 363//363 464//464 463//463
f 363//363 443//443 464//464
f 444//444 464//464 443//443
f 449//449 465//465 450//450
f 451//451 465//465 449//449
f 466//466 465//465 451//451
f 452//452 466//466 451//451
f 467//467 466//466 452//452
f 453//453 467//467 452//452
f 468//468 467//467 453//453
f 454//454 468//468 453//453
f 469//469 468//468 454//454
f 455//455 469//469 454//454
f 470//470 469//469 455//455
f 456//456 470//470 455//455
f 471//471 470//470 456//456
f 457//457 471//471 456//456
f 472//472 471//471 457//457
f 458//458 472//472 457//457
f 473//473 472//472 458//458
f 459//459 473//473 458//458
f 474//474 473//473 459//459
f 460//460 474//474 459//459
f 475//475 474//474 460//460
f 461//461 475//475 460//460
f 476//476 475//475 461//461
f 462//462 476//476 461//461
f 477//477 476//476 462//462
f 463//463 477//477 462//462
f 382//382 478//478 479//479
f 381//381 478//478 382//382
f 383//383 382//382 480//480
f 382//382 479//479 480//480
f 384//384 383//383 481//481
f 383//383 480//480 481//481
f 385//385 384//384 482//482
f 384//384 481//481 482//482
f 482//482 386//386 385//385
f 483//483 386//386 482//482
f 388//388 484//484 485//485
f 387//387 484//484 388//388
f 478//478 381//381 388//388
f 485//485 478//478 388//388
f 386//386 483//483 486//486
f 389//389 386//386 486//486
f 390//390 389//389 487//487
f 389//389 486//486 487//487
f 487//487 391//391 390//390
f 488//488 391//391 487//487
f 394//394 393//393 489//489
f 394//394 490//490 395//395
f 489//489 490//490 394//394
f 395//395 491//491 396//396
f 490//490 491//491 395//395
f 396//396 492//492 397//397
f 491//491 492//492 396//396
f 397//397 492//492 399//399
f 401//401 400//400 493//493
f 401//401 493//493 494//494
f 401//401 494//494 387//387
f 387//387 494//494 484//484
f 391//391 488//488 495//495
f 402//402 391//391 495//495
f 403//403 402//402 496//496
f 402//402 495//495 496//496
f 496//496 405//405 403//403
f 497//497 405//405 496//496
f 407//407 406//406 498//498
f 499//499 407//407 498//498
f 499//499 500//500 407//407
f 500//500 408//408 407//407
f 409//409 408//408 501//501
f 408//408 500//500 501//501
f 489//489 393//393 409//409
f 489//489 409//409 502//502
f 502//502 409//409 501//501
f 490//490 489//489 502//502
f 503//503 490//490 502//502
f 491//491 490//490 503//503
f 504//504 491//491 503//503
f 492//492 491//491 504//504
f 505//505 492//492 504//504
f 399//399 492//492 505//505
f 399//399 505//505 410//410
f 410//410 505//505 506//506
f 411//411 507//507 508//508
f 411//411 410//410 507//507
f 410//410 506//506 507//507
f 507//507 509//509 508//508
f 493//493 510//510 511//511
f 493//493 400//400 510//510
f 400//400 412//412 510//510
f 494//494 493//493 511//511
f 405//405 497//497 512//512
f 413//413 405//405 512//512
f 414//414 413//413 513//513
f 413//413 512//512 513//513
f 498//498 406//406 414//414
f 498//498 414//414 514//514
f 514//514 414//414 513//513
f 499//499 498//498 514//514
f 411//411 508//508 415//415
f 508//508 416//416 415//415
f 508//508 509//509 416//416
f 509//509 515//515 416//416
f 412//412 417//417 510//510
f 510//510 417//417 516//516
f 416//416 515//515 517//517
f 418//418 416//416 517//517
f 517//517 420//420 418//418
f 518//518 420//420 517//517
f 417//417 421//421 516//516
f 516//516 421//421 519//519
f 420//420 518//518 423//423
f 518//518 520//520 423//423
f 421//421 424//424 519//519
f 519//519 424//424 521//521
f 423//423 520//520 426//426
f 520//520 522//522 426//426
f 424//424 427//427 521//521
f 521//521 427//427 523//523
f 428//428 524//524 429//429
f 428//428 525//525 524//524
f 428//428 426//426 525//525
f 426//426 522//522 525//525
f 427//427 430//430 523//523
f 523//523 430//430 526//526
f 524//524 527//527 528//528
f 524//524 528//528 429//429
f 429//429 528//528 431//431
f 525//525 527//527 524//524
f 430//430 432//432 526//526
f 526//526 432//432 529//529
f 431//431 528//528 434//434
f 528//528 530//530 434//434
f 432//432 531//531 529//529
f 435//435 531//531 432//432
f 531//531 435//435 436//436
f 532//532 531//531 436//436
f 437//437 533//533 438//438
f 437//437 534//534 533//533
f 437//437 434//434 534//534
f 434//434 530//530 534//534
f 436//436 535//535 532//532
f 439//439 535//535 436//436
f 535//535 439//439 441//441
f 536//536 535//535 441//441
f 533//533 537//537 538//538
f 533//533 538//538 438//438
f 438//438 538//538 444//444
f 534//534 537//537 533//533
f 441//441 539//539 536//536
f 445//445 539//539 441//441
f 446//446 540//540 445//445
f 445//445 540//540 539//539
f 541//541 542//542 540//540
f 541//541 540//540 447//447
f 447//447 540//540 446//446
f 447//447 448//448 543//543
f 541//541 447//447 543//543
f 448//448 450//450 543//543
f 464//464 544//544 463//463
f 464//464 545//545 544//544
f 464//464 444//444 545//545
f 444//444 538//538 545//545
f 541//541 546//546 542//542
f 543//543 546//546 541//541
f 547//547 546//546 543//543
f 450//450 547//547 543//543
f 450//450 465//465 547//547
f 465//465 548//548 547//547
f 466//466 549//549 465//465
f 465//465 549//549 548//548
f 467//467 550//550 466//466
f 466//466 550//550 549//549
f 468//468 551//551 467//467
f 467//467 551//551 550//550
f 469//469 552//552 468//468
f 468//468 552//552 551//551
f 470//470 553//553 469//469
f 469//469 553//553 552//552
f 471//471 554//554 470//470
f 470//470 554//554 553//553
f 472//472 555//555 471//471
f 471//471 555//555 554//554
f 473//473 556//556 472//472
f 472//472 556//556 555//555
f 474//474 557//557 473//473
f 473//473 557//557 556//556
f 475//475 558//558 474//474
f 474//474 558//558 557//557
f 476//476 559//559 475//475
f 475//475 559//559 558//558
f 477//477 560//560 476//476
f 476//476 560//560 559//559
f 544//544 477//477 463//463
f 544//544 561//561 477//477
f 561//561 560//560 477//477
f 545//545 561//561 544//544
f 479//479 478//478 562//562
f 479//479 563//563 480//480
f 562//562 563//563 479//479
f 480//480 564//564 481//481
f 563//563 564//564 480//480
f 481//481 565//565 482//482
f 564//564 565//565 481//481
f 482//482 565//565 483//483
f 485//485 484//484 566//566
f 485//485 566//566 567//567
f 478//478 485//485 567//567
f 478//478 567//567 568//568
f 478//478 568//568 562//562
f 563//563 562//562 568//568
f 569//569 563//563 568//568
f 564//564 563//563 569//569
f 570//570 564//564 569//569
f 565//565 564//564 570//570
f 571//571 565//565 570//570
f 483//483 565//565 571//571
f 483//483 571//571 486//486
f 486//486 571//571 572//572
f 487//487 486//486 573//573
f 486//486 572//572 573//573
f 573//573 488//488 487//487
f 574//574 488//488 573//573
f 566//566 575//575 576//576
f 566//566 484//484 575//575
f 484//484 494//494 575//575
f 567//567 566//566 576//576
f 488//488 574//574 577//577
f 495//495 488//488 577//577
f 496//496 495//495 578//578
f 495//495 577//577 578//578
f 578//578 497//497 496//496
f 579//579 497//497 578//578
f 500//500 499//499 580//580
f 500//500 581//581 501//501
f 580//580 581//581 500//500
f 582//582 501//501 581//581
f 582//582 583//583 501//501
f 583//583 502//502 501//501
f 503//503 502//502 584//584
f 502//502 583//583 584//584
f 504//504 503//503 585//585
f 503//503 584//584 585//585
f 505//505 504//504 586//586
f 504//504 585//585 586//586
f 506//506 505//505 587//587
f 505//505 586//586 587//587
f 507//507 506//506 588//588
f 506//506 587//587 588//588
f 588//588 509//509 507//507
f 589//589 509//509 588//588
f 511//511 510//510 590//590
f 511//511 590//590 591//591
f 511//511 591//591 494//494
f 494//494 591//591 575//575
f 497//497 579//579 592//592
f 512//512 497//497 592//592
f 513//513 512//512 593//593
f 512//512 592//592 593//593
f 514//514 513//513 594//594
f 513//513 593//593 594//594
f 580//580 499//499 514//514
f 580//580 514//514 595//595
f 595//595 514//514 594//594
f 581//581 580//580 595//595
f 596//596 581//581 595//595
f 582//582 581//581 596//596
f 597//597 598//598 515//515
f 597//597 515//515 589//589
f 589//589 515//515 509//509
f 597//597 599//599 598//598
f 590//590 600//600 601//601
f 590//590 510//510 600//600
f 510//510 516//516 600//600
f 591//591 590//590 601//601
f 515//515 598//598 517//517
f 598//598 518//518 517//517
f 598//598 599//599 518//518
f 599//599 602//602 518//518
f 516//516 519//519 600//600
f 600//600 519//519 603//603
f 518//518 602//602 520//520
f 602//602 604//604 520//520
f 519//519 521//521 603//603
f 603//603 521//521 605//605
f 520//520 604//604 522//522
f 604//604 606//606 522//522
f 521//521 523//523 605//605
f 605//605 523//523 607//607
f 522//522 606//606 525//525
f 606//606 608//608 525//525
f 523//523 526//526 607//607
f 607//607 526//526 609//609
f 527//527 610//610 611//611
f 528//528 527//527 611//611
f 608//608 527//527 525//525
f 610//610 527//527 608//608
f 612//612 529//529 613//613
f 612//612 609//609 529//529
f 609//609 526//526 529//529
f 612//612 613//613 614//614
f 528//528 611//611 530//530
f 611//611 615//615 530//530
f 529//529 531//531 613//613
f 613//613 531//531 532//532
f 613//613 532//532 614//614
f 614//614 532//532 616//616
f 530//530 615//615 534//534
f 615//615 617//617 534//534
f 532//532 618//618 616//616
f 535//535 618//618 532//532
f 618//618 535//535 536//536
f 619//619 618//618 536//536
f 537//537 620//620 621//621
f 538//538 537//537 621//621
f 617//617 537//537 534//534
f 620//620 537//537 617//617
f 536//536 622//622 619//619
f 539//539 622//622 536//536
f 540//540 623//623 539//539
f 539//539 623//623 622//622
f 623//623 540//540 542//542
f 624//624 623//623 542//542
f 538//538 621//621 545//545
f 621//621 625//625 545//545
f 542//542 626//626 624//624
f 546//546 626//626 542//542
f 547//547 627//627 546//546
f 546//546 627//627 626//626
f 548//548 628//628 547//547
f 547//547 628//628 627//627
f 549//549 629//629 548//548
f 548//548 629//629 628//628
f 550//550 630//630 549//549
f 549//549 630//630 629//629
f 551//551 631//631 550//550
f 550//550 631//631 630//630
f 552//552 632//632 551//551
f 551//551 632//632 631//631
f 553//553 633//633 552//552
f 552//552 633//633 632//632
f 554//554 634//634 553//553
f 553//553 634//634 633//633
f 555//555 635//635 554//554
f 554//554 635//635 634//634
f 556//556 636//636 555//555
f 555//555 636//636 635//635
f 557//557 637//637 556//556
f 556//556 637//637 636//636
f 558//558 638//638 557//557
f 557//557 638//638 637//637
f 559//559 639//639 558//558
f 558//558 639//639 638//638
f 560//560 640//640 559//559
f 559//559 640//640 639//639
f 561//561 641//641 560//560
f 560//560 641//641 640//640
f 625//625 561//561 545//545
f 641//641 561//561 625//625
f 568//568 567//567 642//642
f 643//643 568//568 642//642
f 643//643 644//644 568//568
f 644//644 569//569 568//568
f 570//570 569//569 645//645
f 569//569 644//644 645//645
f 571//571 570//570 646//646
f 570//570 645//645 646//646
f 647//647 646//646 648//648
f 647//647 572//572 646//646
f 572//572 571//571 646//646
f 572//572 649//649 573//573
f 647//647 649//649 572//572
f 573//573 649//649 574//574
f 576//576 575//575 650//650
f 576//576 650//650 651//651
f 567//567 576//576 651//651
f 567//567 651//651 652//652
f 567//567 652//652 642//642
f 643//643 642//642 652//652
f 647//647 648//648 653//653
f 649//649 647//647 653//653
f 654//654 649//649 653//653
f 574//574 649//649 654//654
f 574//574 654//654 577//577
f 577//577 654//654 655//655
f 656//656 655//655 657//657
f 656//656 578//578 655//655
f 578//578 577//577 655//655
f 578//578 656//656 579//579
f 583//583 658//658 659//659
f 582//582 658//658 583//583
f 584//584 583//583 660//660
f 583//583 659//659 660//660
f 585//585 584//584 661//661
f 584//584 660//660 661//661
f 586//586 585//585 662//662
f 585//585 661//661 662//662
f 587//587 586//586 663//663
f 586//586 662//662 663//663
f 588//588 587//587 664//664
f 587//587 663//663 664//664
f 664//664 589//589 588//588
f 665//665 589//589 664//664
f 650//650 666//666 667//667
f 650//650 575//575 666//666
f 575//575 591//591 666//666
f 651//651 650//650 667//667
f 656//656 657//657 668//668
f 579//579 656//656 668//668
f 579//579 668//668 592//592
f 592//592 668//668 669//669
f 593//593 592//592 670//670
f 592//592 669//669 670//670
f 594//594 593//593 671//671
f 593//593 670//670 671//671
f 595//595 594//594 672//672
f 594//594 671//671 672//672
f 596//596 595//595 673//673
f 595//595 672//672 673//673
f 658//658 582//582 596//596
f 673//673 658//658 596//596
f 589//589 665//665 674//674
f 597//597 589//589 674//674
f 674//674 599//599 597//597
f 675//675 599//599 674//674
f 601//601 600//600 676//676
f 601//601 676//676 677//677
f 601//601 677//677 591//591
f 591//591 677//677 666//666
f 599//599 675//675 602//602
f 675//675 678//678 602//602
f 676//676 679//679 680//680
f 676//676 600//600 679//679
f 600//600 603//603 679//679
f 677//677 676//676 680//680
f 602//602 678//678 604//604
f 678//678 681//681 604//604
f 603//603 605//605 679//679
f 679//679 605//605 682//682
f 604//604 681//681 606//606
f 681//681 683//683 606//606
f 605//605 607//607 682//682
f 682//682 607//607 684//684
f 606//606 683//683 608//608
f 683//683 685//685 608//608
f 686//686 609//609 687//687
f 686//686 684//684 609//609
f 684//684 607//607 609//609
f 686//686 687//687 688//688
f 610//610 689//689 611//611
f 610//610 690//690 689//689
f 610//610 608//608 690//690
f 608//608 685//685 690//690
f 609//609 612//612 687//687
f 687//687 612//612 614//614
f 687//687 614//614 688//688
f 688//688 614//614 691//691
f 689//689 692//692 693//693
f 689//689 693//693 611//611
f 611//611 693//693 615//615
f 690//690 692//692 689//689
f 694//694 616//616 695//695
f 694//694 691//691 616//616
f 691//691 614//614 616//616
f 694//694 695//695 696//696
f 615//615 693//693 617//617
f 693//693 697//697 617//617
f 616//616 618//618 695//695
f 619//619 698//698 699//699
f 618//618 619//619 699//699
f 618//618 699//699 696//696
f 618//618 696//696 695//695
f 699//699 698//698 700//700
f 620//620 701//701 702//702
f 621//621 620//620 702//702
f 697//697 620//620 617//617
f 701//701 620//620 697//697
f 619//619 622//622 698//698
f 698//698 703//703 700//700
f 698//698 622//622 703//703
f 622//622 623//623 703//703
f 624//624 704//704 705//705
f 624//624 705//705 623//623
f 623//623 705//705 703//703
f 705//705 704//704 706//706
f 621//621 702//702 625//625
f 702//702 707//707 625//625
f 624//624 626//626 704//704
f 704//704 708//708 706//706
f 704//704 626//626 708//708
f 626//626 627//627 708//708
f 628//628 709//709 627//627
f 627//627 709//709 708//708
f 629//629 710//710 628//628
f 628//628 710//710 709//709
f 630//630 711//711 629//629
f 629//629 711//711 710//710
f 631//631 712//712 630//630
f 630//630 712//712 711//711
f 632//632 713//713 631//631
f 631//631 713//713 712//712
f 633//633 714//714 632//632
f 632//632 714//714 713//713
f 634//634 715//715 633//633
f 633//633 715//715 714//714
f 635//635 716//716 634//634
f 634//634 716//716 715//715
f 636//636 717//717 635//635
f 635//635 717//717 716//716
f 637//637 718//718 636//636
f 636//636 718//718 717//717
f 638//638 719//719 637//637
f 637//637 719//719 718//718
f 639//639 720//720 638//638
f 638//638 720//720 719//719
f 640//640 721//721 639//639
f 639//639 721//721 720//720
f 641//641 722//722 640//640
f 640//640 722//722 721//721
f 707//707 641//641 625//625
f 722//722 641//641 707//707
f 644//644 643//643 723//723
f 644//644 724//724 645//645
f 723//723 724//724 644//644
f 645//645 725//725 646//646
f 724//724 725//725 645//645
f 646//646 725//725 648//648
f 652//652 651//651 726//726
f 652//652 726//726 727//727
f 643//643 652//652 727//727
f 643//643 727//727 728//728
f 643//643 728//728 723//723
f 724//724 723//723 728//728
f 729//729 724//724 728//728
f 725//725 724//724 729//729
f 730//730 725//725 729//729
f 648//648 725//725 730//730
f 648//648 730//730 653//653
f 653//653 730//730 731//731
f 654//654 653//653 732//732
f 653//653 731//731 732//732
f 733//733 732//732 734//734
f 733//733 655//655 732//732
f 655//655 654//654 732//732
f 655//655 733//733 657//657
f 659//659 658//658 735//735
f 736//736 659//659 735//735
f 736//736 737//737 659//659
f 737//737 660//660 659//659
f 661//661 660//660 738//738
f 660//660 737//737 738//738
f 662//662 661//661 739//739
f 661//661 738//738 739//739
f 663//663 662//662 740//740
f 662//662 739//739 740//740
f 664//664 663//663 741//741
f 663//663 740//740 741//741
f 741//741 665//665 664//664
f 742//742 665//665 741//741
f 667//667 743//743 744//744
f 666//666 743//743 667//667
f 726//726 651//651 667//667
f 726//726 667//667 745//745
f 745//745 667//667 744//744
f 727//727 726//726 745//745
f 733//733 734//734 746//746
f 657//657 733//733 746//746
f 657//657 746//746 668//668
f 668//668 746//746 747//747
f 669//669 668//668 748//748
f 668//668 747//747 748//748
f 670//670 669//669 749//749
f 669//669 748//748 749//749
f 671//671 670//670 750//750
f 670//670 749//749 750//750
f 672//672 671//671 751//751
f 671//671 750//750 751//751
f 673//673 672//672 752//752
f 672//672 751//751 752//752
f 735//735 658//658 673//673
f 735//735 673//673 753//753
f 753//753 673//673 752//752
f 736//736 735//735 753//753
f 665//665 742//742 754//754
f 674//674 665//665 754//754
f 754//754 675//675 674//674
f 755//755 675//675 754//754
f 666//666 677//677 743//743
f 743//743 677//677 756//756
f 675//675 755//755 678//678
f 755//755 757//757 678//678
f 680//680 679//679 758//758
f 680//680 758//758 759//759
f 680//680 759//759 677//677
f 677//677 759//759 756//756
f 678//678 757//757 681//681
f 757//757 760//760 681//681
f 758//758 682//682 761//761
f 679//679 682//682 758//758
f 762//762 759//759 758//758
f 761//761 762//762 758//758
f 681//681 760//760 683//683
f 760//760 763//763 683//683
f 761//761 684//684 764//764
f 682//682 684//684 761//761
f 765//765 762//762 761//761
f 764//764 765//765 761//761
f 683//683 763//763 685//685
f 763//763 766//766 685//685
f 684//684 686//686 764//764
f 764//764 686//686 688//688
f 764//764 688//688 765//765
f 765//765 688//688 767//767
f 685//685 766//766 690//690
f 766//766 768//768 690//690
f 769//769 691//691 770//770
f 769//769 767//767 691//691
f 767//767 688//688 691//691
f 769//769 770//770 771//771
f 692//692 772//772 773//773
f 693//693 692//692 773//773
f 768//768 692//692 690//690
f 772//772 692//692 768//768
f 691//691 694//694 770//770
f 770//770 694//694 696//696
f 770//770 696//696 771//771
f 771//771 696//696 774//774
f 693//693 773//773 697//697
f 773//773 775//775 697//697
f 696//696 776//776 774//774
f 699//699 776//776 696//696
f 700//700 777//777 778//778
f 700//700 778//778 699//699
f 699//699 778//778 776//776
f 778//778 777//777 779//779
f 701//701 780//780 781//781
f 702//702 701//701 781//781
f 775//775 701//701 697//697
f 780//780 701//701 775//775
f 700//700 703//703 777//777
f 777//777 782//782 779//779
f 777//777 703//703 782//782
f 703//703 705//705 782//782
f 706//706 783//783 784//784
f 706//706 784//784 705//705
f 705//705 784//784 782//782
f 784//784 783//783 785//785
f 702//702 781//781 707//707
f 781//781 786//786 707//707
f 706//706 708//708 783//783
f 783//783 787//787 785//785
f 783//783 708//708 787//787
f 708//708 709//709 787//787
f 710//710 788//788 709//709
f 709//709 788//788 787//787
f 711//711 789//789 710//710
f 710//710 789//789 788//788
f 712//712 790//790 711//711
f 711//711 790//790 789//789
f 713//713 791//791 712//712
f 712//712 791//791 790//790
f 714//714 792//792 713//713
f 713//713 792//792 791//791
f 715//715 793//793 714//714
f 714//714 793//793 792//792
f 716//716 794//794 715//715
f 715//715 794//794 793//793
f 717//717 795//795 716//716
f 716//716 795//795 794//794
f 718//718 796//796 717//717
f 717//717 796//796 795//795
f 719//719 797//797 718//718
f 718//718 797//797 796//796
f 720//720 798//798 719//719
f 719//719 798//798 797//797
f 721//721 799//799 720//720
f 720//720 799//799 798//798
f 722//722 800//800 721//721
f 721//721 800//800 799//799
f 786//786 722//722 707//707
f 800//800 722//722 786//786
f 728//728 727//727 801//801
f 802//802 728//728 801//801
f 802//802 803//803 728//728
f 803//803 729//729 728//728
f 730//730 729//729 804//804
f 729//729 803//803 804//804
f 805//805 804//804 806//806
f 805//805 731//731 804//804
f 731//731 730//730 804//804
f 731//731 807//807 732//732
f 805//805 807//807 731//731
f 732//732 807//807 734//734
f 737//737 808//808 809//809
f 736//736 808//808 737//737
f 738//738 737//737 810//810
f 737//737 809//809 810//810
f 739//739 738//738 811//811
f 738//738 810//810 811//811
f 740//740 739//739 812//812
f 739//739 811//811 812//812
f 741//741 740//740 813//813
f 740//740 812//812 813//813
f 813//813 742//742 741//741
f 814//814 742//742 813//813
f 744//744 743//743 815//815
f 816//816 744//744 815//815
f 816//816 817//817 744//744
f 817//817 745//745 744//744
f 801//801 727//727 745//745
f 801//801 745//745 818//818
f 818//818 745//745 817//817
f 802//802 801//801 818//818
f 805//805 806//806 819//819
f 807//807 805//805 819//819
f 820//820 807//807 819//819
f 734//734 807//807 820//820
f 734//734 820//820 746//746
f 746//746 820//820 821//821
f 747//747 746//746 822//822
f 746//746 821//821 822//822
f 748//748 747//747 823//823
f 747//747 822//822 823//823
f 749//749 748//748 824//824
f 748//748 823//823 824//824
f 750//750 749//749 825//825
f 749//749 824//824 825//825
f 751//751 750//750 826//826
f 750//750 825//825 826//826
f 752//752 751//751 827//827
f 751//751 826//826 827//827
f 753//753 752//752 828//828
f 752//752 827//827 828//828
f 808//808 736//736 753//753
f 828//828 808//808 753//753
f 742//742 814//814 829//829
f 754//754 742//742 829//829
f 829//829 755//755 754//754
f 830//830 755//755 829//829
f 815//815 831//831 832//832
f 815//815 743//743 831//831
f 743//743 756//756 831//831
f 816//816 815//815 832//832
f 755//755 830//830 757//757
f 830//830 833//833 757//757
f 756//756 759//759 831//831
f 831//831 759//759 834//834
f 757//757 833//833 760//760
f 833//833 835//835 760//760
f 759//759 762//762 834//834
f 834//834 762//762 836//836
f 760//760 835//835 763//763
f 835//835 837//837 763//763
f 762//762 765//765 836//836
f 836//836 765//765 838//838
f 763//763 837//837 766//766
f 837//837 839//839 766//766
f 765//765 767//767 838//838
f 838//838 767//767 840//840
f 766//766 839//839 768//768
f 839//839 841//841 768//768
f 767//767 842//842 840//840
f 769//769 842//842 767//767
f 842//842 769//769 771//771
f 843//843 842//842 771//771
f 772//772 844//844 845//845
f 773//773 772//772 845//845
f 841//841 772//772 768//768
f 844//844 772//772 841//841
f 846//846 774//774 847//847
f 846//846 843//843 774//774
f 843//843 771//771 774//774
f 846//846 847//847 848//848
f 773//773 845//845 775//775
f 845//845 849//849 775//775
f 774//774 776//776 847//847
f 847//847 850//850 848//848
f 847//847 776//776 850//850
f 776//776 778//778 850//850
f 850//850 778//778 779//779
f 851//851 850//850 779//779
f 780//780 852//852 853//853
f 781//781 780//780 853//853
f 849//849 780//780 775//775
f 852//852 780//780 849//849
f 779//779 854//854 851//851
f 782//782 854//854 779//779
f 784//784 855//855 782//782
f 782//782 855//855 854//854
f 855//855 784//784 785//785
f 856//856 855//855 785//785
f 781//781 853//853 786//786
f 853//853 857//857 786//786
f 785//785 858//858 856//856
f 787//787 858//858 785//785
f 788//788 859//859 787//787
f 787//787 859//859 858//858
f 789//789 860//860 788//788
f 788//788 860//860 859//859
f 790//790 861//861 789//789
f 789//789 861//861 860//860
f 791//791 862//862 790//790
f 790//790 862//862 861//861
f 792//792 863//863 791//791
f 791//791 863//863 862//862
f 793//793 864//864 792//792
f 792//792 864//864 863//863
f 794//794 865//865 793//793
f 793//793 865//865 864//864
f 795//795 866//866 794//794
f 794//794 866//866 865//865
f 796//796 867//867 795//795
f 795//795 867//867 866//866
f 797//797 868//868 796//796
f 796//796 868//868 867//867
f 798//798 869//869 797//797
f 797//797 869//869 868//868
f 799//799 870//870 798//798
f 798//798 870//870 869//869
f 800//800 871//871 799//799
f 799//799 871//871 870//870
f 857//857 800//800 786//786
f 871//871 800//800 857//857
f 803//803 802//802 872//872
f 803//803 873//873 804//804
f 872//872 873//873 803//803
f 804//804 873//873 806//806
f 809//809 808//808 874//874
f 875//875 809//809 874//874
f 875//875 876//876 809//809
f 876//876 810//810 809//809
f 811//811 810//810 877//877
f 810//810 876//876 877//877
f 812//812 811//811 878//878
f 811//811 877//877 878//878
f 813//813 812//812 879//879
f 812//812 878//878 879//879
f 879//879 814//814 813//813
f 880//880 814//814 879//879
f 817//817 881//881 882//882
f 816//816 881//881 817//817
f 818//818 817//817 883//883
f 817//817 882//882 883//883
f 872//872 802//802 818//818
f 872//872 818//818 884//884
f 884//884 818//818 883//883
f 873//873 872//872 884//884
f 885//885 873//873 884//884
f 806//806 873//873 885//885
f 806//806 885//885 819//819
f 819//819 885//885 886//886
f 820//820 819//819 887//887
f 819//819 886//886 887//887
f 821//821 820//820 888//888
f 820//820 887//887 888//888
f 822//822 821//821 889//889
f 821//821 888//888 889//889
f 823//823 822//822 890//890
f 822//822 889//889 890//890
f 824//824 823//823 891//891
f 823//823 890//890 891//891
f 825//825 824//824 892//892
f 824//824 891//891 892//892
f 826//826 825//825 893//893
f 825//825 892//892 893//893
f 827//827 826//826 894//894
f 826//826 893//893 894//894
f 828//828 827//827 895//895
f 827//827 894//894 895//895
f 874//874 808//808 828//828
f 874//874 828//828 896//896
f 896//896 828//828 895//895
f 875//875 874//874 896//896
f 814//814 880//880 897//897
f 829//829 814//814 897//897
f 897//897 830//830 829//829
f 898//898 830//830 897//897
f 832//832 899//899 900//900
f 831//831 899//899 832//832
f 881//881 816//816 832//832
f 900//900 881//881 832//832
f 830//830 898//898 833//833
f 898//898 901//901 833//833
f 831//831 834//834 899//899
f 899//899 834//834 902//902
f 833//833 901//901 835//835
f 901//901 903//903 835//835
f 834//834 836//836 902//902
f 902//902 836//836 904//904
f 835//835 903//903 837//837
f 903//903 905//905 837//837
f 836//836 838//838 904//904
f 904//904 838//838 906//906
f 837//837 905//905 839//839
f 905//905 907//907 839//839
f 908//908 840//840 909//909
f 908//908 906//906 840//840
f 906//906 838//838 840//840
f 908//908 909//909 910//910
f 839//839 907//907 841//841
f 907//907 911//911 841//841
f 840//840 842//842 909//909
f 909//909 842//842 843//843
f 909//909 843//843 910//910
f 910//910 843//843 912//912
f 844//844 913//913 914//914
f 845//845 844//844 914//914
f 911//911 844//844 841//841
f 913//913 844//844 911//911
f 843//843 915//915 912//912
f 846//846 915//915 843//843
f 915//915 846//846 848//848
f 916//916 915//915 848//848
f 845//845 914//914 849//849
f 914//914 917//917 849//849
f 848//848 918//918 916//916
f 850//850 918//918 848//848
f 918//918 850//850 851//851
f 919//919 918//918 851//851
f 852//852 920//920 853//853
f 852//852 921//921 920//920
f 852//852 849//849 921//921
f 849//849 917//917 921//921
f 851//851 922//922 919//919
f 854//854 922//922 851//851
f 923//923 924//924 922//922
f 923//923 922//922 855//855
f 855//855 922//922 854//854
f 855//855 856//856 923//923
f 925//925 926//926 927//927
f 926//926 925//925 928//928
f 929//929 930//930 931//931
f 920//920 932//932 930//930
f 920//920 930//930 857//857
f 920//920 857//857 853//853
f 857//857 930//930 929//929
f 921//921 932//932 920//920
f 923//923 933//933 924//924
f 856//856 933//933 923//923
f 856//856 858//858 933//933
f 858//858 934//934 933//933
f 859//859 935//935 858//858
f 858//858 935//935 934//934
f 860//860 936//936 859//859
f 859//859 936//936 935//935
f 861//861 937//937 860//860
f 860//860 937//937 936//936
f 862//862 938//938 861//861
f 861//861 938//938 937//937
f 863//863 939//939 862//862
f 862//862 939//939 938//938
f 864//864 940//940 863//863
f 863//863 940//940 939//939
f 865//865 941//941 864//864
f 864//864 941//941 940//940
f 866//866 942//942 865//865
f 865//865 942//942 941//941
f 867//867 943//943 866//866
f 866//866 943//943 942//942
f 868//868 944//944 867//867
f 867//867 944//944 943//943
f 927//927 869//869 925//925
f 927//927 944//944 869//869
f 944//944 868//868 869//869
f 925//925 945//945 928//928
f 925//925 869//869 945//945
f 869//869 870//870 945//945
f 931//931 871//871 929//929
f 931//931 945//945 871//871
f 945//945 870//870 871//871
f 857//857 929//929 871//871
f 876//876 875//875 946//946
f 876//876 947//947 877//877
f 946//946 947//947 876//876
f 877//877 948//948 878//878
f 947//947 948//948 877//877
f 878//878 949//949 879//879
f 948//948 949//949 878//878
f 879//879 949//949 880//880
f 882//882 950//950 951//951
f 881//881 950//950 882//882
f 883//883 882//882 952//952
f 882//882 951//951 952//952
f 884//884 883//883 953//953
f 883//883 952//952 953//953
f 885//885 884//884 954//954
f 884//884 953//953 954//954
f 886//886 885//885 955//955
f 885//885 954//954 955//955
f 887//887 886//886 956//956
f 886//886 955//955 956//956
f 888//888 887//887 957//957
f 887//887 956//956 957//957
f 889//889 888//888 958//958
f 888//888 957//957 958//958
f 890//890 889//889 959//959
f 889//889 958//958 959//959
f 891//891 890//890 960//960
f 890//890 959//959 960//960
f 892//892 891//891 961//961
f 891//891 960//960 961//961
f 893//893 892//892 962//962
f 892//892 961//961 962//962
f 894//894 893//893 963//963
f 893//893 962//962 963//963
f 895//895 894//894 964//964
f 894//894 963//963 964//964
f 896//896 895//895 965//965
f 895//895 964//964 965//965
f 946//946 875//875 896//896
f 946//946 896//896 966//966
f 966//966 896//896 965//965
f 947//947 946//946 966//966
f 967//967 947//947 966//966
f 948//948 947//947 967//967
f 968//968 948//948 967//967
f 949//949 948//948 968//968
f 969//969 949//949 968//968
f 880//880 949//949 969//969
f 880//880 969//969 897//897
f 897//897 969//969 970//970
f 970//970 898//898 897//897
f 971//971 898//898 970//970
f 900//900 972//972 973//973
f 899//899 972//972 900//900
f 950//950 881//881 900//900
f 973//973 950//950 900//900
f 898//898 971//971 901//901
f 971//971 974//974 901//901
f 899//899 902//902 972//972
f 972//972 902//902 975//975
f 901//901 974//974 903//903
f 974//974 976//976 903//903
f 902//902 904//904 975//975
f 975//975 904//904 977//977
f 903//903 976//976 905//905
f 976//976 978//978 905//905
f 904//904 906//906 977//977
f 977//977 906//906 979//979
f 905//905 978//978 907//907
f 978//978 980//980 907//907
f 981//981 906//906 908//908
f 981//981 982//982 906//906
f 982//982 979//979 906//906
f 908//908 910//910 981//981
f 907//907 980//980 911//911
f 980//980 983//983 911//911
f 981//981 984//984 982//982
f 984//984 981//981 910//910
f 984//984 910//910 985//985
f 985//985 910//910 912//912
f 913//913 986//986 987//987
f 914//914 913//913 987//987
f 983//983 913//913 911//911
f 986//986 913//913 983//983
f 988//988 912//912 915//915
f 988//988 989//989 912//912
f 989//989 985//985 912//912
f 915//915 916//916 988//988
f 914//914 987//987 917//917
f 987//987 990//990 917//917
f 988//988 991//991 989//989
f 992//992 993//993 991//991
f 918//918 992//992 991//991
f 918//918 991//991 988//988
f 918//918 988//988 916//916
f 918//918 919//919 992//992
f 994//994 995//995 996//996
f 994//994 990//990 995//995
f 994//994 921//921 990//990
f 921//921 917//917 990//990
f 992//992 997//997 993//993
f 919//919 997//997 992//992
f 919//919 922//922 997//997
f 922//922 998//998 997//997
f 998//998 922//922 924//924
f 999//999 998//998 924//924
f 1000//1000 1001//1001 1002//1002
f 1000//1000 927//927 926//926
f 1000//1000 926//926 1001//1001
f 1001//1001 926//926 1003//1003
f 928//928 1004//1004 1005//1005
f 928//928 1005//1005 926//926
f 926//926 1005//1005 1003//1003
f 1004//1004 931//931 930//930
f 1004//1004 930//930 1005//1005
f 1005//1005 930//930 1006//1006
f 996//996 932//932 994//994
f 996//996 1006//1006 932//932
f 1006//1006 930//930 932//932
f 921//921 994//994 932//932
f 924//924 1007//1007 999//999
f 933//933 1007//1007 924//924
f 934//934 1008//1008 933//933
f 933//933 1008//1008 1007//1007
f 935//935 1009//1009 934//934
f 934//934 1009//1009 1008//1008
f 1010//1010 1011//1011 1009//1009
f 1010//1010 1009//1009 936//936
f 936//936 1009//1009 935//935
f 936//936 937//937 1012//1012
f 1010//1010 936//936 1012//1012
f 937//937 938//938 1013//1013
f 1012//1012 937//937 1013//1013
f 938//938 939//939 1014//1014
f 1013//1013 938//938 1014//1014
f 1015//1015 1014//1014 939//939
f 1015//1015 939//939 1016//1016
f 1016//1016 939//939 940//940
f 941//941 1017//1017 940//940
f 940//940 1017//1017 1016//1016
f 942//942 1018//1018 941//941
f 941//941 1018//1018 1017//1017
f 943//943 1019//1019 942//942
f 942//942 1019//1019 1018//1018
f 1002//1002 944//944 1000//1000
f 1002//1002 1019//1019 944//944
f 1019//1019 943//943 944//944
f 927//927 1000//1000 944//944
f 928//928 945//945 1004//1004
f 931//931 1004//1004 945//945
f 1010//1010 1020//1020 1011//1011
f 1012//1012 1020//1020 1010//1010
f 1021//1021 1020//1020 1012//1012
f 1013//1013 1021//1021 1012//1012
f 1022//1022 1021//1021 1013//1013
f 1014//1014 1022//1022 1013//1013
f 1023//1023 1022//1022 1014//1014
f 1015//1015 1023//1023 1014//1014
f 951//951 1024//1024 1025//1025
f 950//950 1024//1024 951//951
f 952//952 951//951 1026//1026
f 951//951 1025//1025 1026//1026
f 953//953 952//952 1027//1027
f 952//952 1026//1026 1027//1027
f 954//954 953//953 1028//1028
f 953//953 1027//1027 1028//1028
f 955//955 954//954 1029//1029
f 954//954 1028//1028 1029//1029
f 956//956 955//955 1030//1030
f 955//955 1029//1029 1030//1030
f 957//957 956//956 1031//1031
f 956//956 1030//1030 1031//1031
f 958//958 957//957 1032//1032
f 957//957 1031//1031 1032//1032
f 959//959 958//958 1033//1033
f 958//958 1032//1032 1033//1033
f 960//960 959//959 1034//1034
f 959//959 1033//1033 1034//1034
f 961//961 960//960 1035//1035
f 960//960 1034//1034 1035//1035
f 962//962 961//961 1036//1036
f 961//961 1035//1035 1036//1036
f 963//963 962//962 1037//1037
f 962//962 1036//1036 1037//1037
f 964//964 963//963 1038//1038
f 963//963 1037//1037 1038//1038
f 965//965 964//964 1039//1039
f 964//964 1038//1038 1039//1039
f 966//966 965//965 1040//1040
f 965//965 1039//1039 1040//1040
f 967//967 966//966 1041//1041
f 966//966 1040//1040 1041//1041
f 968//968 967//967 1042//1042
f 967//967 1041//1041 1042//1042
f 969//969 968//968 1043//1043
f 968//968 1042//1042 1043//1043
f 1044//1044 1043//1043 1045//1045
f 1044//1044 970//970 1043//1043
f 970//970 969//969 1043//1043
f 970//970 1044//1044 971//971
f 973//973 1046//1046 1047//1047
f 972//972 1046//1046 973//973
f 1024//1024 950//950 973//973
f 1047//1047 1024//1024 973//973
f 1044//1044 1045//1045 1048//1048
f 1048//1048 971//971 1044//1044
f 1048//1048 1049//1049 971//971
f 1049//1049 974//974 971//971
f 972//972 975//975 1046//1046
f 1046//1046 975//975 1050//1050
f 974//974 1049//1049 976//976
f 1049//1049 1051//1051 976//976
f 975//975 977//977 1050//1050
f 1050//1050 977//977 1052//1052
f 976//976 1051//1051 978//978
f 1051//1051 1053//1053 978//978
f 977//977 979//979 1052//1052
f 1052//1052 979//979 1054//1054
f 978//978 1053//1053 980//980
f 1053//1053 1055//1055 980//980
f 979//979 982//982 1054//1054
f 1054//1054 982//982 1056//1056
f 980//980 1055//1055 983//983
f 1055//1055 1057//1057 983//983
f 982//982 1058//1058 1056//1056
f 984//984 1058//1058 982//982
f 1058//1058 984//984 985//985
f 1059//1059 1058//1058 985//985
f 986//986 1060//1060 987//987
f 986//986 1061//1061 1060//1060
f 986//986 983//983 1061//1061
f 983//983 1057//1057 1061//1061
f 985//985 989//989 1059//1059
f 1059//1059 989//989 1062//1062
f 1060//1060 1063//1063 1064//1064
f 1060//1060 1064//1064 987//987
f 987//987 1064//1064 990//990
f 1061//1061 1063//1063 1060//1060
f 989//989 1065//1065 1062//1062
f 991//991 1065//1065 989//989
f 1065//1065 991//991 993//993
f 1066//1066 1065//1065 993//993
f 995//995 1067//1067 1068//1068
f 996//996 995//995 1068//1068
f 1064//1064 995//995 990//990
f 1067//1067 995//995 1064//1064
f 993//993 1069//1069 1066//1066
f 997//997 1069//1069 993//993
f 1070//1070 1071//1071 1069//1069
f 1070//1070 1069//1069 998//998
f 998//998 1069//1069 997//997
f 998//998 999//999 1070//1070
f 1001//1001 1072//1072 1073//1073
f 1002//1002 1001//1001 1073//1073
f 1003//1003 1074//1074 1001//1001
f 1001//1001 1074//1074 1072//1072
f 1005//1005 1075//1075 1003//1003
f 1003//1003 1075//1075 1074//1074
f 1006//1006 1076//1076 1005//1005
f 1005//1005 1076//1076 1075//1075
f 1068//1068 1006//1006 996//996
f 1076//1076 1006//1006 1068//1068
f 1070//1070 1077//1077 1071//1071
f 999//999 1077//1077 1070//1070
f 999//999 1007//1007 1077//1077
f 1007//1007 1078//1078 1077//1077
f 1079//1079 1080//1080 1078//1078
f 1079//1079 1078//1078 1008//1008
f 1008//1008 1078//1078 1007//1007
f 1008//1008 1009//1009 1081//1081
f 1079//1079 1008//1008 1081//1081
f 1009//1009 1011//1011 1081//1081
f 1016//1016 1082//1082 1015//1015
f 1016//1016 1017//1017 1083//1083
f 1082//1082 1016//1016 1083//1083
f 1084//1084 1083//1083 1017//1017
f 1084//1084 1017//1017 1085//1085
f 1085//1085 1017//1017 1018//1018
f 1019//1019 1086//1086 1018//1018
f 1018//1018 1086//1086 1085//1085
f 1073//1073 1019//1019 1002//1002
f 1086//1086 1019//1019 1073//1073
f 1079//1079 1087//1087 1080//1080
f 1081//1081 1087//1087 1079//1079
f 1088//1088 1087//1087 1081//1081
f 1011//1011 1088//1088 1081//1081
f 1011//1011 1020//1020 1088//1088
f 1020//1020 1089//1089 1088//1088
f 1021//1021 1090//1090 1020//1020
f 1020//1020 1090//1090 1089//1089
f 1022//1022 1091//1091 1021//1021
f 1021//1021 1091//1091 1090//1090
f 1023//1023 1092//1092 1022//1022
f 1022//1022 1092//1092 1091//1091
f 1082//1082 1023//1023 1015//1015
f 1082//1082 1093//1093 1023//1023
f 1093//1093 1092//1092 1023//1023
f 1083//1083 1093//1093 1082//1082
f 1094//1094 1093//1093 1083//1083
f 1084//1084 1094//1094 1083//1083
f 1025//1025 1095//1095 1096//1096
f 1024//1024 1095//1095 1025//1025
f 1026//1026 1025//1025 1097//1097
f 1025//1025 1096//1096 1097//1097
f 1027//1027 1026//1026 1098//1098
f 1026//1026 1097//1097 1098//1098
f 1028//1028 1027//1027 1099//1099
f 1027//1027 1098//1098 1099//1099
f 1029//1029 1028//1028 1100//1100
f 1028//1028 1099//1099 1100//1100
f 1030//1030 1029//1029 1101//1101
f 1029//1029 1100//1100 1101//1101
f 1031//1031 1030//1030 1102//1102
f 1030//1030 1101//1101 1102//1102
f 1032//1032 1031//1031 1103//1103
f 1031//1031 1102//1102 1103//1103
f 1033//1033 1032//1032 1104//1104
f 1032//1032 1103//1103 1104//1104
f 1034//1034 1033//1033 1105//1105
f 1033//1033 1104//1104 1105//1105
f 1035//1035 1034//1034 1106//1106
f 1034//1034 1105//1105 1106//1106
f 1036//1036 1035//1035 1107//1107
f 1035//1035 1106//1106 1107//1107
f 1037//1037 1036//1036 1108//1108
f 1036//1036 1107//1107 1108//1108
f 1038//1038 1037//1037 1109//1109
f 1037//1037 1108//1108 1109//1109
f 1039//1039 1038//1038 1110//1110
f 1038//1038 1109//1109 1110//1110
f 1040//1040 1039//1039 1111//1111
f 1039//1039 1110//1110 1111//1111
f 1041//1041 1040//1040 1112//1112
f 1040//1040 1111//1111 1112//1112
f 1042//1042 1041//1041 1113//1113
f 1041//1041 1112//1112 1113//1113
f 1043//1043 1042//1042 1114//1114
f 1042//1042 1113//1113 1114//1114
f 1114//1114 1045//1045 1043//1043
f 1115//1115 1045//1045 1114//1114
f 1047//1047 1116//1116 1117//1117
f 1046//1046 1116//1116 1047//1047
f 1095//1095 1024//1024 1047//1047
f 1117//1117 1095//1095 1047//1047
f 1045//1045 1115//1115 1118//1118
f 1048//1048 1045//1045 1118//1118
f 1118//1118 1049//1049 1048//1048
f 1119//1119 1049//1049 1118//1118
f 1046//1046 1050//1050 1116//1116
f 1116//1116 1050//1050 1120//1120
f 1049//1049 1119//1119 1051//1051
f 1119//1119 1121//1121 1051//1051
f 1050//1050 1052//1052 1120//1120
f 1120//1120 1052//1052 1122//1122
f 1051//1051 1121//1121 1053//1053
f 1121//1121 1123//1123 1053//1053
f 1052//1052 1054//1054 1122//1122
f 1122//1122 1054//1054 1124//1124
f 1053//1053 1123//1123 1055//1055
f 1123//1123 1125//1125 1055//1055
f 1054//1054 1056//1056 1124//1124
f 1124//1124 1056//1056 1126//1126
f 1055//1055 1125//1125 1057//1057
f 1125//1125 1127//1127 1057//1057
f 1056//1056 1128//1128 1126//1126
f 1058//1058 1128//1128 1056//1056
f 1128//1128 1058//1058 1059//1059
f 1129//1129 1128//1128 1059//1059
f 1057//1057 1127//1127 1061//1061
f 1127//1127 1130//1130 1061//1061
f 1059//1059 1062//1062 1129//1129
f 1129//1129 1062//1062 1131//1131
f 1063//1063 1132//1132 1133//1133
f 1064//1064 1063//1063 1133//1133
f 1130//1130 1063//1063 1061//1061
f 1132//1132 1063//1063 1130//1130
f 1062//1062 1134//1134 1131//1131
f 1065//1065 1134//1134 1062//1062
f 1134//1134 1065//1065 1066//1066
f 1135//1135 1134//1134 1066//1066
f 1067//1067 1136//1136 1137//1137
f 1068//1068 1067//1067 1137//1137
f 1133//1133 1067//1067 1064//1064
f 1136//1136 1067//1067 1133//1133
f 1138//1138 1066//1066 1069//1069
f 1138//1138 1139//1139 1066//1066
f 1139//1139 1135//1135 1066//1066
f 1069//1069 1071//1071 1138//1138
f 1072//1072 1140//1140 1141//1141
f 1073//1073 1072//1072 1141//1141
f 1074//1074 1142//1142 1072//1072
f 1072//1072 1142//1142 1140//1140
f 1075//1075 1143//1143 1074//1074
f 1074//1074 1143//1143 1142//1142
f 1076//1076 1144//1144 1075//1075
f 1075//1075 1144//1144 1143//1143
f 1137//1137 1076//1076 1068//1068
f 1144//1144 1076//1076 1137//1137
f 1138//1138 1145//1145 1139//1139
f 1071//1071 1145//1145 1138//1138
f 1071//1071 1077//1077 1145//1145
f 1077//1077 1146//1146 1145//1145
f 1147//1147 1148//1148 1146//1146
f 1147//1147 1146//1146 1078//1078
f 1078//1078 1146//1146 1077//1077
f 1078//1078 1080//1080 1147//1147
f 1085//1085 1149//1149 1150//1150
f 1084//1084 1085//1085 1150//1150
f 1086//1086 1151//1151 1085//1085
f 1085//1085 1151//1151 1149//1149
f 1141//1141 1086//1086 1073//1073
f 1151//1151 1086//1086 1141//1141
f 1147//1147 1152//1152 1148//1148
f 1080//1080 1152//1152 1147//1147
f 1080//1080 1087//1087 1152//1152
f 1087//1087 1153//1153 1152//1152
f 1088//1088 1154//1154 1087//1087
f 1087//1087 1154//1154 1153//1153
f 1089//1089 1155//1155 1088//1088
f 1088//1088 1155//1155 1154//1154
f 1090//1090 1156//1156 1089//1089
f 1089//1089 1156//1156 1155//1155
f 1091//1091 1157//1157 1090//1090
f 1090//1090 1157//1157 1156//1156
f 1092//1092 1158//1158 1091//1091
f 1091//1091 1158//1158 1157//1157
f 1093//1093 1159//1159 1092//1092
f 1092//1092 1159//1159 1158//1158
f 1094//1094 1160//1160 1093//1093
f 1093//1093 1160//1160 1159//1159
f 1150//1150 1094//1094 1084//1084
f 1160//1160 1094//1094 1150//1150
f 1161//1161 1162//1162 1163//1163
f 1161//1161 1164//1164 1165//1165
f 1163//1163 1164//1164 1161//1161
f 1165//1165 1166//1166 1167//1167
f 1164//1164 1166//1166 1165//1165
f 1167//1167 1168//1168 1169//1169
f 1166//1166 1168//1168 1167//1167
f 1169//1169 1170//1170 1171//1171
f 1168//1168 1170//1170 1169//1169
f 1171//1171 1172//1172 1173//1173
f 1170//1170 1172//1172 1171//1171
f 1173//1173 1174//1174 1175//1175
f 1172//1172 1174//1174 1173//1173
f 1174//1174 1176//1176 1175//1175
f 1096//1096 1162//1162 1161//1161
f 1096//1096 1095//1095 1162//1162
f 1095//1095 1177//1177 1162//1162
f 1097//1097 1096//1096 1161//1161
f 1165//1165 1097//1097 1161//1161
f 1098//1098 1097//1097 1165//1165
f 1167//1167 1098//1098 1165//1165
f 1099//1099 1098//1098 1167//1167
f 1169//1169 1099//1099 1167//1167
f 1100//1100 1099//1099 1169//1169
f 1171//1171 1100//1100 1169//1169
f 1101//1101 1100//1100 1171//1171
f 1173//1173 1101//1101 1171//1171
f 1102//1102 1101//1101 1173//1173
f 1175//1175 1102//1102 1173//1173
f 1175//1175 1176//1176 1178//1178
f 1175//1175 1178//1178 1102//1102
f 1102//1102 1178//1178 1103//1103
f 1104//1104 1103//1103 1179//1179
f 1103//1103 1178//1178 1179//1179
f 1105//1105 1104//1104 1180//1180
f 1104//1104 1179//1179 1180//1180
f 1106//1106 1105//1105 1181//1181
f 1105//1105 1180//1180 1181//1181
f 1107//1107 1106//1106 1182//1182
f 1106//1106 1181//1181 1182//1182
f 1108//1108 1107//1107 1183//1183
f 1107//1107 1182//1182 1183//1183
f 1109//1109 1108//1108 1184//1184
f 1108//1108 1183//1183 1184//1184
f 1110//1110 1109//1109 1185//1185
f 1109//1109 1184//1184 1185//1185
f 1111//1111 1110//1110 1186//1186
f 1110//1110 1185//1185 1186//1186
f 1112//1112 1111//1111 1187//1187
f 1111//1111 1186//1186 1187//1187
f 1113//1113 1112//1112 1188//1188
f 1112//1112 1187//1187 1188//1188
f 1114//1114 1113//1113 1189//1189
f 1113//1113 1188//1188 1189//1189
f 1115//1115 1190//1190 1191//1191
f 1115//1115 1114//1114 1190//1190
f 1114//1114 1189//1189 1190//1190
f 1190//1190 1192//1192 1191//1191
f 1117//1117 1193//1193 1194//1194
f 1116//1116 1193//1193 1117//1117
f 1177//1177 1095//1095 1117//1117
f 1194//1194 1177//1177 1117//1117
f 1115//1115 1191//1191 1118//1118
f 1191//1191 1119//1119 1118//1118
f 1191//1191 1192//1192 1119//1119
f 1192//1192 1195//1195 1119//1119
f 1116//1116 1120//1120 1193//1193
f 1193//1193 1120//1120 1196//1196
f 1119//1119 1195//1195 1121//1121
f 1195//1195 1197//1197 1121//1121
f 1120//1120 1122//1122 1196//1196
f 1196//1196 1122//1122 1198//1198
f 1121//1121 1197//1197 1123//1123
f 1197//1197 1199//1199 1123//1123
f 1122//1122 1124//1124 1198//1198
f 1198//1198 1124//1124 1200//1200
f 1123//1123 1199//1199 1125//1125
f 1199//1199 1201//1201 1125//1125
f 1124//1124 1126//1126 1200//1200
f 1200//1200 1126//1126 1202//1202
f 1125//1125 1201//1201 1127//1127
f 1201//1201 1203//1203 1127//1127
f 1204//1204 1126//1126 1128//1128
f 1204//1204 1205//1205 1126//1126
f 1205//1205 1202//1202 1126//1126
f 1128//1128 1129//1129 1204//1204
f 1127//1127 1203//1203 1130//1130
f 1203//1203 1206//1206 1130//1130
f 1204//1204 1207//1207 1205//1205
f 1207//1207 1204//1204 1129//1129
f 1207//1207 1129//1129 1208//1208
f 1208//1208 1129//1129 1131//1131
f 1132//1132 1209//1209 1210//1210
f 1133//1133 1132//1132 1210//1210
f 1206//1206 1132//1132 1130//1130
f 1209//1209 1132//1132 1206//1206
f 1211//1211 1131//1131 1134//1134
f 1211//1211 1212//1212 1131//1131
f 1212//1212 1208//1208 1131//1131
f 1134//1134 1135//1135 1211//1211
f 1213//1213 1214//1214 1215//1215
f 1213//1213 1137//1137 1136//1136
f 1213//1213 1136//1136 1214//1214
f 1214//1214 1136//1136 1216//1216
f 1210//1210 1136//1136 1133//1133
f 1216//1216 1136//1136 1210//1210
f 1211//1211 1217//1217 1212//1212
f 1217//1217 1211//1211 1135//1135
f 1217//1217 1135//1135 1218//1218
f 1218//1218 1135//1135 1139//1139
f 1140//1140 1219//1219 1220//1220
f 1141//1141 1140//1140 1220//1220
f 1142//1142 1221//1221 1140//1140
f 1140//1140 1221//1221 1219//1219
f 1143//1143 1222//1222 1142//1142
f 1142//1142 1222//1222 1221//1221
f 1215//1215 1144//1144 1213//1213
f 1215//1215 1222//1222 1144//1144
f 1222//1222 1143//1143 1144//1144
f 1137//1137 1213//1213 1144//1144
f 1139//1139 1223//1223 1218//1218
f 1145//1145 1223//1223 1139//1139
f 1224//1224 1225//1225 1223//1223
f 1224//1224 1223//1223 1146//1146
f 1146//1146 1223//1223 1145//1145
f 1146//1146 1148//1148 1224//1224
f 1149//1149 1226//1226 1227//1227
f 1150//1150 1149//1149 1227//1227
f 1151//1151 1228//1228 1149//1149
f 1149//1149 1228//1228 1226//1226
f 1220//1220 1151//1151 1141//1141
f 1228//1228 1151//1151 1220//1220
f 1224//1224 1229//1229 1225//1225
f 1148//1148 1229//1229 1224//1224
f 1148//1148 1152//1152 1229//1229
f 1152//1152 1230//1230 1229//1229
f 1153//1153 1231//1231 1152//1152
f 1152//1152 1231//1231 1230//1230
f 1154//1154 1232//1232 1153//1153
f 1153//1153 1232//1232 1231//1231
f 1233//1233 1234//1234 1232//1232
f 1233//1233 1232//1232 1155//1155
f 1155//1155 1232//1232 1154//1154
f 1155//1155 1156//1156 1235//1235
f 1233//1233 1155//1155 1235//1235
f 1156//1156 1157//1157 1236//1236
f 1235//1235 1156//1156 1236//1236
f 1237//1237 1236//1236 1157//1157
f 1237//1237 1157//1157 1238//1238
f 1238//1238 1157//1157 1158//1158
f 1159//1159 1239//1239 1158//1158
f 1158//1158 1239//1239 1238//1238
f 1160//1160 1240//1240 1159//1159
f 1159//1159 1240//1240 1239//1239
f 1227//1227 1160//1160 1150//1150
f 1240//1240 1160//1160 1227//1227
f 1233//1233 1241//1241 1234//1234
f 1235//1235 1241//1241 1233//1233
f 1242//1242 1241//1241 1235//1235
f 1236//1236 1242//1242 1235//1235
f 1243//1243 1242//1242 1236//1236
f 1237//1237 1243//1243 1236//1236
f 1244//1244 1245//1245 1246//1246
f 1244//1244 1247//1247 1248//1248
f 1246//1246 1247//1247 1244//1244
f 1248//1248 1249//1249 1250//1250
f 1247//1247 1249//1249 1248//1248
f 1250//1250 1251//1251 1252//1252
f 1249//1249 1251//1251 1250//1250
f 1251//1251 1253//1253 1252//1252
f 1163//1163 1254//1254 1255//1255
f 1162//1162 1254//1254 1163//1163
f 1245//1245 1244//1244 1164//1164
f 1245//1245 1164//1164 1255//1255
f 1255//1255 1164//1164 1163//1163
f 1166//1166 1164//1164 1244//1244
f 1248//1248 1166//1166 1244//1244
f 1168//1168 1166//1166 1248//1248
f 1250//1250 1168//1168 1248//1248
f 1170//1170 1168//1168 1250//1250
f 1252//1252 1170//1170 1250//1250
f 1252//1252 1253//1253 1256//1256
f 1252//1252 1256//1256 1170//1170
f 1170//1170 1256//1256 1172//1172
f 1174//1174 1172//1172 1257//1257
f 1172//1172 1256//1256 1257//1257
f 1176//1176 1258//1258 1259//1259
f 1176//1176 1174//1174 1258//1258
f 1174//1174 1257//1257 1258//1258
f 1259//1259 1260//1260 1261//1261
f 1258//1258 1260//1260 1259//1259
f 1260//1260 1262//1262 1261//1261
f 1263//1263 1264//1264 1265//1265
f 1263//1263 1265//1265 1254//1254
f 1263//1263 1254//1254 1177//1177
f 1177//1177 1254//1254 1162//1162
f 1176//1176 1259//1259 1178//1178
f 1179//1179 1178//1178 1259//1259
f 1261//1261 1179//1179 1259//1259
f 1261//1261 1262//1262 1266//1266
f 1261//1261 1266//1266 1179//1179
f 1179//1179 1266//1266 1180//1180
f 1181//1181 1180//1180 1267//1267
f 1180//1180 1266//1266 1267//1267
f 1182//1182 1181//1181 1268//1268
f 1181//1181 1267//1267 1268//1268
f 1183//1183 1182//1182 1269//1269
f 1182//1182 1268//1268 1269//1269
f 1184//1184 1183//1183 1270//1270
f 1183//1183 1269//1269 1270//1270
f 1185//1185 1184//1184 1271//1271
f 1184//1184 1270//1270 1271//1271
f 1186//1186 1185//1185 1272//1272
f 1185//1185 1271//1271 1272//1272
f 1187//1187 1186//1186 1273//1273
f 1186//1186 1272//1272 1273//1273
f 1188//1188 1187//1187 1274//1274
f 1187//1187 1273//1273 1274//1274
f 1189//1189 1188//1188 1275//1275
f 1188//1188 1274//1274 1275//1275
f 1190//1190 1189//1189 1276//1276
f 1189//1189 1275//1275 1276//1276
f 1276//1276 1192//1192 1190//1190
f 1277//1277 1192//1192 1276//1276
f 1194//1194 1264//1264 1263//1263
f 1194//1194 1193//1193 1264//1264
f 1193//1193 1278//1278 1264//1264
f 1177//1177 1194//1194 1263//1263
f 1192//1192 1277//1277 1195//1195
f 1277//1277 1279//1279 1195//1195
f 1193//1193 1196//1196 1278//1278
f 1278//1278 1196//1196 1280//1280
f 1195//1195 1279//1279 1197//1197
f 1279//1279 1281//1281 1197//1197
f 1196//1196 1198//1198 1280//1280
f 1280//1280 1198//1198 1282//1282
f 1197//1197 1281//1281 1199//1199
f 1281//1281 1283//1283 1199//1199
f 1198//1198 1200//1200 1282//1282
f 1282//1282 1200//1200 1284//1284
f 1199//1199 1283//1283 1201//1201
f 1283//1283 1285//1285 1201//1201
f 1200//1200 1202//1202 1284//1284
f 1284//1284 1202//1202 1286//1286
f 1201//1201 1285//1285 1203//1203
f 1285//1285 1287//1287 1203//1203
f 1202//1202 1205//1205 1286//1286
f 1286//1286 1205//1205 1288//1288
f 1289//1289 1290//1290 1291//1291
f 1289//1289 1287//1287 1290//1290
f 1289//1289 1206//1206 1287//1287
f 1206//1206 1203//1203 1287//1287
f 1205//1205 1292//1292 1288//1288
f 1207//1207 1292//1292 1205//1205
f 1292//1292 1207//1207 1208//1208
f 1293//1293 1292//1292 1208//1208
f 1209//1209 1289//1289 1291//1291
f 1209//1209 1291//1291 1210//1210
f 1210//1210 1291//1291 1294//1294
f 1206//1206 1289//1289 1209//1209
f 1208//1208 1212//1212 1293//1293
f 1293//1293 1212//1212 1295//1295
f 1296//1296 1297//1297 1298//1298
f 1296//1296 1215//1215 1214//1214
f 1296//1296 1214//1214 1297//1297
f 1297//1297 1214//1214 1299//1299
f 1216//1216 1300//1300 1214//1214
f 1214//1214 1300//1300 1299//1299
f 1294//1294 1216//1216 1210//1210
f 1300//1300 1216//1216 1294//1294
f 1212//1212 1301//1301 1295//1295
f 1217//1217 1301//1301 1212//1212
f 1301//1301 1217//1217 1218//1218
f 1302//1302 1301//1301 1218//1218
f 1219//1219 1303//1303 1304//1304
f 1220//1220 1219//1219 1304//1304
f 1221//1221 1305//1305 1219//1219
f 1219//1219 1305//1305 1303//1303
f 1298//1298 1222//1222 1296//1296
f 1298//1298 1305//1305 1222//1222
f 1305//1305 1221//1221 1222//1222
f 1215//1215 1296//1296 1222//1222
f 1218//1218 1306//1306 1302//1302
f 1223//1223 1306//1306 1218//1218
f 1306//1306 1223//1223 1225//1225
f 1307//1307 1306//1306 1225//1225
f 1226//1226 1308//1308 1309//1309
f 1227//1227 1226//1226 1309//1309
f 1228//1228 1310//1310 1226//1226
f 1226//1226 1310//1310 1308//1308
f 1304//1304 1228//1228 1220//1220
f 1310//1310 1228//1228 1304//1304
f 1225//1225 1311//1311 1307//1307
f 1229//1229 1311//1311 1225//1225
f 1230//1230 1312//1312 1229//1229
f 1229//1229 1312//1312 1311//1311
f 1231//1231 1313//1313 1230//1230
f 1230//1230 1313//1313 1312//1312
f 1314//1314 1315//1315 1313//1313
f 1314//1314 1313//1313 1232//1232
f 1232//1232 1313//1313 1231//1231
f 1232//1232 1234//1234 1314//1314
f 1238//1238 1316//1316 1317//1317
f 1237//1237 1238//1238 1317//1317
f 1239//1239 1318//1318 1238//1238
f 1238//1238 1318//1318 1316//1316
f 1240//1240 1319//1319 1239//1239
f 1239//1239 1319//1319 1318//1318
f 1309//1309 1240//1240 1227//1227
f 1319//1319 1240//1240 1309//1309
f 1314//1314 1320//1320 1315//1315
f 1234//1234 1320//1320 1314//1314
f 1234//1234 1241//1241 1320//1320
f 1241//1241 1321//1321 1320//1320
f 1242//1242 1322//1322 1241//1241
f 1241//1241 1322//1322 1321//1321
f 1243//1243 1323//1323 1242//1242
f 1242//1242 1323//1323 1322//1322
f 1317//1317 1243//1243 1237//1237
f 1323//1323 1243//1243 1317//1317
f 1324//1324 1325//1325 1326//1326
f 1324//1324 1327//1327 1328//1328
f 1326//1326 1327//1327 1324//1324
f 1328//1328 1329//1329 1330//1330
f 1327//1327 1329//1329 1328//1328
f 1329//1329 1331//1331 1330//1330
f 1332//1332 1325//1325 1324//1324
f 1333//1333 1325//1325 1332//1332
f 1246//1246 1245//1245 1332//1332
f 1246//1246 1332//1332 1328//1328
f 1328//1328 1332//1332 1324//1324
f 1247//1247 1246//1246 1328//1328
f 1330//1330 1247//1247 1328//1328
f 1330//1330 1331//1331 1334//1334
f 1330//1330 1334//1334 1247//1247
f 1247//1247 1334//1334 1249//1249
f 1251//1251 1249//1249 1335//1335
f 1249//1249 1334//1334 1335//1335
f 1253//1253 1336//1336 1337//1337
f 1253//1253 1251//1251 1336//1336
f 1251//1251 1335//1335 1336//1336
f 1337//1337 1338//1338 1339//1339
f 1336//1336 1338//1338 1337//1337
f 1338//1338 1340//1340 1339//1339
f 1255//1255 1333//1333 1332//1332
f 1255//1255 1254//1254 1333//1333
f 1254//1254 1341//1341 1333//1333
f 1245//1245 1255//1255 1332//1332
f 1253//1253 1337//1337 1256//1256
f 1257//1257 1256//1256 1337//1337
f 1339//1339 1257//1257 1337//1337
f 1339//1339 1340//1340 1342//1342
f 1339//1339 1342//1342 1257//1257
f 1257//1257 1342//1342 1258//1258
f 1260//1260 1258//1258 1343//1343
f 1258//1258 1342//1342 1343//1343
f 1262//1262 1344//1344 1345//1345
f 1262//1262 1260//1260 1344//1344
f 1260//1260 1343//1343 1344//1344
f 1345//1345 1346//1346 1347//1347
f 1344//1344 1346//1346 1345//1345
f 1347//1347 1348//1348 1349//1349
f 1346//1346 1348//1348 1347//1347
f 1349//1349 1350//1350 1351//1351
f 1348//1348 1350//1350 1349//1349
f 1350//1350 1352//1352 1351//1351
f 1353//1353 1354//1354 1355//1355
f 1353//1353 1356//1356 1357//1357
f 1355//1355 1356//1356 1353//1353
f 1357//1357 1358//1358 1359//1359
f 1356//1356 1358//1358 1357//1357
f 1358//1358 1360//1360 1359//1359
f 1265//1265 1361//1361 1362//1362
f 1264//1264 1361//1361 1265//1265
f 1341//1341 1254//1254 1265//1265
f 1362//1362 1341//1341 1265//1265
f 1262//1262 1345//1345 1266//1266
f 1267//1267 1266//1266 1345//1345
f 1347//1347 1267//1267 1345//1345
f 1268//1268 1267//1267 1347//1347
f 1349//1349 1268//1268 1347//1347
f 1269//1269 1268//1268 1349//1349
f 1351//1351 1269//1269 1349//1349
f 1351//1351 1352//1352 1363//1363
f 1351//1351 1363//1363 1269//1269
f 1269//1269 1363//1363 1270//1270
f 1271//1271 1270//1270 1364//1364
f 1270//1270 1363//1363 1364//1364
f 1272//1272 1271//1271 1365//1365
f 1271//1271 1364//1364 1365//1365
f 1354//1354 1353//1353 1273//1273
f 1354//1354 1273//1273 1365//1365
f 1365//1365 1273//1273 1272//1272
f 1274//1274 1273//1273 1353//1353
f 1357//1357 1274//1274 1353//1353
f 1275//1275 1274//1274 1357//1357
f 1359//1359 1275//1275 1357//1357
f 1359//1359 1360//1360 1366//1366
f 1359//1359 1366//1366 1275//1275
f 1275//1275 1366//1366 1276//1276
f 1366//1366 1277//1277 1276//1276
f 1367//1367 1277//1277 1366//1366
f 1264//1264 1278//1278 1361//1361
f 1361//1361 1278//1278 1368//1368
f 1277//1277 1367//1367 1279//1279
f 1367//1367 1369//1369 1279//1279
f 1278//1278 1280//1280 1368//1368
f 1368//1368 1280//1280 1370//1370
f 1279//1279 1369//1369 1281//1281
f 1369//1369 1371//1371 1281//1281
f 1280//1280 1282//1282 1370//1370
f 1370//1370 1282//1282 1372//1372
f 1281//1281 1371//1371 1283//1283
f 1371//1371 1373//1373 1283//1283
f 1282//1282 1284//1284 1372//1372
f 1372//1372 1284//1284 1374//1374
f 1283//1283 1373//1373 1285//1285
f 1373//1373 1375//1375 1285//1285
f 1284//1284 1286//1286 1374//1374
f 1374//1374 1286//1286 1376//1376
f 1285//1285 1375//1375 1287//1287
f 1375//1375 1377//1377 1287//1287
f 1378//1378 1288//1288 1379//1379
f 1378//1378 1376//1376 1288//1288
f 1376//1376 1286//1286 1288//1288
f 1378//1378 1379//1379 1380//1380
f 1290//1290 1381//1381 1382//1382
f 1291//1291 1290//1290 1382//1382
f 1377//1377 1290//1290 1287//1287
f 1381//1381 1290//1290 1377//1377
f 1288//1288 1292//1292 1379//1379
f 1379//1379 1292//1292 1293//1293
f 1379//1379 1293//1293 1380//1380
f 1380//1380 1293//1293 1383//1383
f 1384//1384 1385//1385 1386//1386
f 1384//1384 1382//1382 1385//1385
f 1384//1384 1294//1294 1382//1382
f 1294//1294 1291//1291 1382//1382
f 1293//1293 1295//1295 1383//1383
f 1383//1383 1295//1295 1387//1387
f 1388//1388 1389//1389 1390//1390
f 1388//1388 1298//1298 1297//1297
f 1388//1388 1297//1297 1389//1389
f 1389//1389 1297//1297 1391//1391
f 1299//1299 1392//1392 1297//1297
f 1297//1297 1392//1392 1391//1391
f 1386//1386 1300//1300 1384//1384
f 1386//1386 1392//1392 1300//1300
f 1392//1392 1299//1299 1300//1300
f 1294//1294 1384//1384 1300//1300
f 1295//1295 1393//1393 1387//1387
f 1301//1301 1393//1393 1295//1295
f 1393//1393 1301//1301 1302//1302
f 1394//1394 1393//1393 1302//1302
f 1303//1303 1395//1395 1396//1396
f 1304//1304 1303//1303 1396//1396
f 1390//1390 1305//1305 1388//1388
f 1390//1390 1395//1395 1305//1305
f 1395//1395 1303//1303 1305//1305
f 1298//1298 1388//1388 1305//1305
f 1302//1302 1397//1397 1394//1394
f 1306//1306 1397//1397 1302//1302
f 1397//1397 1306//1306 1307//1307
f 1398//1398 1397//1397 1307//1307
f 1308//1308 1399//1399 1400//1400
f 1309//1309 1308//1308 1400//1400
f 1310//1310 1401//1401 1308//1308
f 1308//1308 1401//1401 1399//1399
f 1396//1396 1310//1310 1304//1304
f 1401//1401 1310//1310 1396//1396
f 1307//1307 1402//1402 1398//1398
f 1311//1311 1402//1402 1307//1307
f 1312//1312 1403//1403 1311//1311
f 1311//1311 1403//1403 1402//1402
f 1313//1313 1404//1404 1312//1312
f 1312//1312 1404//1404 1403//1403
f 1404//1404 1313//1313 1315//1315
f 1405//1405 1404//1404 1315//1315
f 1316//1316 1406//1406 1407//1407
f 1317//1317 1316//1316 1407//1407
f 1318//1318 1408//1408 1316//1316
f 1316//1316 1408//1408 1406//1406
f 1319//1319 1409//1409 1318//1318
f 1318//1318 1409//1409 1408//1408
f 1400//1400 1319//1319 1309//1309
f 1409//1409 1319//1319 1400//1400
f 1315//1315 1410//1410 1405//1405
f 1320//1320 1410//1410 1315//1315
f 1321//1321 1411//1411 1320//1320
f 1320//1320 1411//1411 1410//1410
f 1322//1322 1412//1412 1321//1321
f 1321//1321 1412//1412 1411//1411
f 1323//1323 1413//1413 1322//1322
f 1322//1322 1413//1413 1412//1412
f 1407//1407 1323//1323 1317//1317
f 1413//1413 1323//1323 1407//1407
f 1326//1326 1414//1414 1415//1415
f 1325//1325 1414//1414 1326//1326
f 1327//1327 1326//1326 1416//1416
f 1326//1326 1415//1415 1416//1416
f 1329//1329 1327//1327 1417//1417
f 1327//1327 1416//1416 1417//1417
f 1331//1331 1418//1418 1419//1419
f 1331//1331 1329//1329 1418//1418
f 1329//1329 1417//1417 1418//1418
f 1419//1419 1420//1420 1421//1421
f 1418//1418 1420//1420 1419//1419
f 1420//1420 1422//1422 1421//1421
f 1325//1325 1333//1333 1414//1414
f 1414//1414 1333//1333 1423//1423
f 1331//1331 1419//1419 1334//1334
f 1335//1335 1334//1334 1419//1419
f 1421//1421 1335//1335 1419//1419
f 1421//1421 1422//1422 1424//1424
f 1421//1421 1424//1424 1335//1335
f 1335//1335 1424//1424 1336//1336
f 1338//1338 1336//1336 1425//1425
f 1336//1336 1424//1424 1425//1425
f 1340//1340 1426//1426 1427//1427
f 1340//1340 1338//1338 1426//1426
f 1338//1338 1425//1425 1426//1426
f 1426//1426 1428//1428 1427//1427
f 1429//1429 1430//1430 1431//1431
f 1429//1429 1431//1431 1423//1423
f 1429//1429 1423//1423 1341//1341
f 1341//1341 1423//1423 1333//1333
f 1340//1340 1427//1427 1342//1342
f 1427//1427 1428//1428 1432//1432
f 1427//1427 1432//1432 1342//1342
f 1342//1342 1432//1432 1343//1343
f 1344//1344 1343//1343 1433//1433
f 1343//1343 1432//1432 1433//1433
f 1346//1346 1344//1344 1434//1434
f 1344//1344 1433//1433 1434//1434
f 1348//1348 1346//1346 1435//1435
f 1346//1346 1434//1434 1435//1435
f 1350//1350 1348//1348 1436//1436
f 1348//1348 1435//1435 1436//1436
f 1352//1352 1437//1437 1438//1438
f 1352//1352 1350//1350 1437//1437
f 1350//1350 1436//1436 1437//1437
f 1438//1438 1439//1439 1440//1440
f 1437//1437 1439//1439 1438//1438
f 1440//1440 1441//1441 1442//1442
f 1439//1439 1441//1441 1440//1440
f 1442//1442 1355//1355 1354//1354
f 1442//1442 1441//1441 1355//1355
f 1441//1441 1443//1443 1355//1355
f 1356//1356 1355//1355 1444//1444
f 1355//1355 1443//1443 1444//1444
f 1358//1358 1356//1356 1445//1445
f 1356//1356 1444//1444 1445//1445
f 1445//1445 1360//1360 1358//1358
f 1446//1446 1360//1360 1445//1445
f 1362//1362 1430//1430 1429//1429
f 1362//1362 1361//1361 1430//1430
f 1361//1361 1447//1447 1430//1430
f 1341//1341 1362//1362 1429//1429
f 1352//1352 1438//1438 1363//1363
f 1364//1364 1363//1363 1438//1438
f 1440//1440 1364//1364 1438//1438
f 1365//1365 1364//1364 1440//1440
f 1442//1442 1365//1365 1440//1440
f 1354//1354 1365//1365 1442//1442
f 1360//1360 1446//1446 1448//1448
f 1366//1366 1360//1360 1448//1448
f 1448//1448 1367//1367 1366//1366
f 1449//1449 1367//1367 1448//1448
f 1361//1361 1368//1368 1447//1447
f 1447//1447 1368//1368 1450//1450
f 1367//1367 1449//1449 1369//1369
f 1449//1449 1451//1451 1369//1369
f 1368//1368 1370//1370 1450//1450
f 1450//1450 1370//1370 1452//1452
f 1369//1369 1451//1451 1371//1371
f 1451//1451 1453//1453 1371//1371
f 1370//1370 1372//1372 1452//1452
f 1452//1452 1372//1372 1454//1454
f 1371//1371 1453//1453 1373//1373
f 1453//1453 1455//1455 1373//1373
f 1372//1372 1374//1374 1454//1454
f 1454//1454 1374//1374 1456//1456
f 1373//1373 1455//1455 1375//1375
f 1455//1455 1457//1457 1375//1375
f 1374//1374 1376//1376 1456//1456
f 1456//1456 1376//1376 1458//1458
f 1459//1459 1460//1460 1461//1461
f 1459//1459 1457//1457 1460//1460
f 1459//1459 1377//1377 1457//1457
f 1377//1377 1375//1375 1457//1457
f 1376//1376 1462//1462 1458//1458
f 1378//1378 1462//1462 1376//1376
f 1462//1462 1378//1378 1380//1380
f 1463//1463 1462//1462 1380//1380
f 1464//1464 1465//1465 1466//1466
f 1461//1461 1465//1465 1464//1464
f 1459//1459 1461//1461 1464//1464
f 1459//1459 1464//1464 1382//1382
f 1459//1459 1382//1382 1381//1381
f 1377//1377 1459//1459 1381//1381
f 1380//1380 1383//1383 1463//1463
f 1463//1463 1383//1383 1467//1467
f 1468//1468 1469//1469 1470//1470
f 1466//1466 1469//1469 1468//1468
f 1464//1464 1466//1466 1468//1468
f 1464//1464 1468//1468 1386//1386
f 1464//1464 1386//1386 1385//1385
f 1382//1382 1464//1464 1385//1385
f 1471//1471 1387//1387 1472//1472
f 1471//1471 1467//1467 1387//1387
f 1467//1467 1383//1383 1387//1387
f 1471//1471 1472//1472 1473//1473
f 1389//1389 1474//1474 1475//1475
f 1390//1390 1389//1389 1475//1475
f 1391//1391 1476//1476 1389//1389
f 1389//1389 1476//1476 1474//1474
f 1470//1470 1392//1392 1468//1468
f 1470//1470 1476//1476 1392//1392
f 1476//1476 1391//1391 1392//1392
f 1386//1386 1468//1468 1392//1392
f 1387//1387 1393//1393 1472//1472
f 1472//1472 1393//1393 1394//1394
f 1472//1472 1394//1394 1473//1473
f 1473//1473 1394//1394 1477//1477
f 1395//1395 1478//1478 1479//1479
f 1396//1396 1395//1395 1479//1479
f 1475//1475 1395//1395 1390//1390
f 1478//1478 1395//1395 1475//1475
f 1394//1394 1480//1480 1477//1477
f 1397//1397 1480//1480 1394//1394
f 1480//1480 1397//1397 1398//1398
f 1481//1481 1480//1480 1398//1398
f 1399//1399 1482//1482 1483//1483
f 1400//1400 1399//1399 1483//1483
f 1401//1401 1484//1484 1399//1399
f 1399//1399 1484//1484 1482//1482
f 1479//1479 1401//1401 1396//1396
f 1484//1484 1401//1401 1479//1479
f 1398//1398 1485//1485 1481//1481
f 1402//1402 1485//1485 1398//1398
f 1403//1403 1486//1486 1402//1402
f 1402//1402 1486//1486 1485//1485
f 1404//1404 1487//1487 1403//1403
f 1403//1403 1487//1487 1486//1486
f 1487//1487 1404//1404 1405//1405
f 1488//1488 1487//1487 1405//1405
f 1406//1406 1489//1489 1490//1490
f 1407//1407 1406//1406 1490//1490
f 1408//1408 1491//1491 1406//1406
f 1406//1406 1491//1491 1489//1489
f 1409//1409 1492//1492 1408//1408
f 1408//1408 1492//1492 1491//1491
f 1483//1483 1409//1409 1400//1400
f 1492//1492 1409//1409 1483//1483
f 1405//1405 1493//1493 1488//1488
f 1410//1410 1493//1493 1405//1405
f 1411//1411 1494//1494 1410//1410
f 1410//1410 1494//1494 1493//1493
f 1412//1412 1495//1495 1411//1411
f 1411//1411 1495//1495 1494//1494
f 1413//1413 1496//1496 1412//1412
f 1412//1412 1496//1496 1495//1495
f 1490//1490 1413//1413 1407//1407
f 1496//1496 1413//1413 1490//1490
f 1497//1497 1498//1498 1499//1499
f 1497//1497 1500//1500 1501//1501
f 1499//1499 1500//1500 1497//1497
f 1501//1501 1502//1502 1503//1503
f 1500//1500 1502//1502 1501//1501
f 1502//1502 1504//1504 1503//1503
f 1505//1505 1506//1506 1507//1507
f 1498//1498 1505//1505 1507//1507
f 1497//1497 1505//1505 1498//1498
f 1497//1497 1414//1414 1505//1505
f 1497//1497 1415//1415 1414//1414
f 1416//1416 1415//1415 1497//1497
f 1501//1501 1416//1416 1497//1497
f 1417//1417 1416//1416 1501//1501
f 1503//1503 1417//1417 1501//1501
f 1503//1503 1504//1504 1508//1508
f 1503//1503 1508//1508 1417//1417
f 1417//1417 1508//1508 1418//1418
f 1420//1420 1418//1418 1509//1509
f 1418//1418 1508//1508 1509//1509
f 1422//1422 1510//1510 1511//1511
f 1422//1422 1420//1420 1510//1510
f 1420//1420 1509//1509 1510//1510
f 1510//1510 1512//1512 1511//1511
f 1513//1513 1506//1506 1505//1505
f 1514//1514 1506//1506 1513//1513
f 1414//1414 1423//1423 1513//1513
f 1505//1505 1414//1414 1513//1513
f 1422//1422 1511//1511 1424//1424
f 1511//1511 1512//1512 1515//1515
f 1511//1511 1515//1515 1424//1424
f 1424//1424 1515//1515 1425//1425
f 1426//1426 1425//1425 1516//1516
f 1425//1425 1515//1515 1516//1516
f 1428//1428 1517//1517 1518//1518
f 1428//1428 1426//1426 1517//1517
f 1426//1426 1516//1516 1517//1517
f 1518//1518 1519//1519 1520//1520
f 1517//1517 1519//1519 1518//1518
f 1519//1519 1521//1521 1520//1520
f 1431//1431 1514//1514 1513//1513
f 1431//1431 1430//1430 1514//1514
f 1430//1430 1522//1522 1514//1514
f 1423//1423 1431//1431 1513//1513
f 1428//1428 1518//1518 1432//1432
f 1433//1433 1432//1432 1518//1518
f 1520//1520 1433//1433 1518//1518
f 1520//1520 1521//1521 1523//1523
f 1520//1520 1523//1523 1433//1433
f 1433//1433 1523//1523 1434//1434
f 1435//1435 1434//1434 1524//1524
f 1434//1434 1523//1523 1524//1524
f 1436//1436 1435//1435 1525//1525
f 1435//1435 1524//1524 1525//1525
f 1437//1437 1436//1436 1526//1526
f 1436//1436 1525//1525 1526//1526
f 1439//1439 1437//1437 1527//1527
f 1437//1437 1526//1526 1527//1527
f 1441//1441 1439//1439 1528//1528
f 1439//1439 1527//1527 1528//1528
f 1443//1443 1441//1441 1529//1529
f 1441//1441 1528//1528 1529//1529
f 1444//1444 1443//1443 1530//1530
f 1443//1443 1529//1529 1530//1530
f 1445//1445 1444//1444 1531//1531
f 1444//1444 1530//1530 1531//1531
f 1531//1531 1446//1446 1445//1445
f 1532//1532 1446//1446 1531//1531
f 1430//1430 1447//1447 1522//1522
f 1522//1522 1447//1447 1533//1533
f 1446//1446 1532//1532 1534//1534
f 1448//1448 1446//1446 1534//1534
f 1534//1534 1449//1449 1448//1448
f 1535//1535 1449//1449 1534//1534
f 1447//1447 1450//1450 1533//1533
f 1533//1533 1450//1450 1536//1536
f 1449//1449 1535//1535 1451//1451
f 1535//1535 1537//1537 1451//1451
f 1450//1450 1452//1452 1536//1536
f 1536//1536 1452//1452 1538//1538
f 1451//1451 1537//1537 1453//1453
f 1537//1537 1539//1539 1453//1453
f 1452//1452 1454//1454 1538//1538
f 1538//1538 1454//1454 1540//1540
f 1453//1453 1539//1539 1455//1455
f 1539//1539 1541//1541 1455//1455
f 1454//1454 1456//1456 1540//1540
f 1540//1540 1456//1456 1542//1542
f 1543//1543 1544//1544 1545//1545
f 1543//1543 1541//1541 1544//1544
f 1543//1543 1457//1457 1541//1541
f 1457//1457 1455//1455 1541//1541
f 1456//1456 1458//1458 1542//1542
f 1542//1542 1458//1458 1546//1546
f 1460//1460 1543//1543 1545//1545
f 1460//1460 1545//1545 1461//1461
f 1461//1461 1545//1545 1547//1547
f 1457//1457 1543//1543 1460//1460
f 1458//1458 1548//1548 1546//1546
f 1462//1462 1548//1548 1458//1458
f 1548//1548 1462//1462 1463//1463
f 1549//1549 1548//1548 1463//1463
f 1465//1465 1550//1550 1551//1551
f 1466//1466 1465//1465 1551//1551
f 1547//1547 1465//1465 1461//1461
f 1550//1550 1465//1465 1547//1547
f 1463//1463 1467//1467 1549//1549
f 1549//1549 1467//1467 1552//1552
f 1469//1469 1553//1553 1554//1554
f 1470//1470 1469//1469 1554//1554
f 1551//1551 1469//1469 1466//1466
f 1553//1553 1469//1469 1551//1551
f 1467//1467 1555//1555 1552//1552
f 1471//1471 1555//1555 1467//1467
f 1555//1555 1471//1471 1473//1473
f 1556//1556 1555//1555 1473//1473
f 1474//1474 1557//1557 1558//1558
f 1475//1475 1474//1474 1558//1558
f 1476//1476 1559//1559 1474//1474
f 1474//1474 1559//1559 1557//1557
f 1554//1554 1476//1476 1470//1470
f 1559//1559 1476//1476 1554//1554
f 1473//1473 1477//1477 1556//1556
f 1556//1556 1477//1477 1560//1560
f 1478//1478 1561//1561 1562//1562
f 1479//1479 1478//1478 1562//1562
f 1558//1558 1478//1478 1475//1475
f 1561//1561 1478//1478 1558//1558
f 1477//1477 1563//1563 1560//1560
f 1480//1480 1563//1563 1477//1477
f 1563//1563 1480//1480 1481//1481
f 1564//1564 1563//1563 1481//1481
f 1482//1482 1565//1565 1566//1566
f 1483//1483 1482//1482 1566//1566
f 1484//1484 1567//1567 1482//1482
f 1482//1482 1567//1567 1565//1565
f 1562//1562 1484//1484 1479//1479
f 1567//1567 1484//1484 1562//1562
f 1481//1481 1568//1568 1564//1564
f 1485//1485 1568//1568 1481//1481
f 1486//1486 1569//1569 1485//1485
f 1485//1485 1569//1569 1568//1568
f 1570//1570 1571//1571 1569//1569
f 1570//1570 1569//1569 1487//1487
f 1487//1487 1569//1569 1486//1486
f 1487//1487 1488//1488 1570//1570
f 1489//1489 1572//1572 1573//1573
f 1490//1490 1489//1489 1573//1573
f 1491//1491 1574//1574 1489//1489
f 1489//1489 1574//1574 1572//1572
f 1492//1492 1575//1575 1491//1491
f 1491//1491 1575//1575 1574//1574
f 1566//1566 1492//1492 1483//1483
f 1575//1575 1492//1492 1566//1566
f 1570//1570 1576//1576 1571//1571
f 1488//1488 1576//1576 1570//1570
f 1488//1488 1493//1493 1576//1576
f 1493//1493 1577//1577 1576//1576
f 1494//1494 1578//1578 1493//1493
f 1493//1493 1578//1578 1577//1577
f 1495//1495 1579//1579 1494//1494
f 1494//1494 1579//1579 1578//1578
f 1496//1496 1580//1580 1495//1495
f 1495//1495 1580//1580 1579//1579
f 1573//1573 1496//1496 1490//1490
f 1580//1580 1496//1496 1573//1573
f 1499//1499 1581//1581 1582//1582
f 1498//1498 1581//1581 1499//1499
f 1500//1500 1499//1499 1583//1583
f 1499//1499 1582//1582 1583//1583
f 1502//1502 1500//1500 1584//1584
f 1500//1500 1583//1583 1584//1584
f 1584//1584 1504//1504 1502//1502
f 1585//1585 1504//1504 1584//1584
f 1507//1507 1586//1586 1587//1587
f 1506//1506 1586//1586 1507//1507
f 1581//1581 1498//1498 1507//1507
f 1587//1587 1581//1581 1507//1507
f 1504//1504 1585//1585 1588//1588
f 1508//1508 1504//1504 1588//1588
f 1509//1509 1508//1508 1589//1589
f 1508//1508 1588//1588 1589//1589
f 1510//1510 1509//1509 1590//1590
f 1509//1509 1589//1589 1590//1590
f 1512//1512 1591//1591 1592//1592
f 1512//1512 1510//1510 1591//1591
f 1510//1510 1590//1590 1591//1591
f 1591//1591 1593//1593 1592//1592
f 1506//1506 1514//1514 1586//1586
f 1586//1586 1514//1514 1594//1594
f 1512//1512 1592//1592 1515//1515
f 1592//1592 1593//1593 1595//1595
f 1592//1592 1595//1595 1515//1515
f 1515//1515 1595//1595 1516//1516
f 1517//1517 1516//1516 1596//1596
f 1516//1516 1595//1595 1596//1596
f 1519//1519 1517//1517 1597//1597
f 1517//1517 1596//1596 1597//1597
f 1521//1521 1598//1598 1599//1599
f 1521//1521 1519//1519 1598//1598
f 1519//1519 1597//1597 1598//1598
f 1599//1599 1600//1600 1601//1601
f 1598//1598 1600//1600 1599//1599
f 1601//1601 1602//1602 1603//1603
f 1600//1600 1602//1602 1601//1601
f 1602//1602 1604//1604 1603//1603
f 1514//1514 1522//1522 1594//1594
f 1594//1594 1522//1522 1605//1605
f 1521//1521 1599//1599 1523//1523
f 1524//1524 1523//1523 1599//1599
f 1601//1601 1524//1524 1599//1599
f 1525//1525 1524//1524 1601//1601
f 1603//1603 1525//1525 1601//1601
f 1603//1603 1604//1604 1606//1606
f 1603//1603 1606//1606 1525//1525
f 1525//1525 1606//1606 1526//1526
f 1527//1527 1526//1526 1607//1607
f 1526//1526 1606//1606 1607//1607
f 1528//1528 1527//1527 1608//1608
f 1527//1527 1607//1607 1608//1608
f 1529//1529 1528//1528 1609//1609
f 1528//1528 1608//1608 1609//1609
f 1530//1530 1529//1529 1610//1610
f 1529//1529 1609//1609 1610//1610
f 1611//1611 1610//1610 1612//1612
f 1611//1611 1531//1531 1610//1610
f 1531//1531 1530//1530 1610//1610
f 1531//1531 1611//1611 1532//1532
f 1522//1522 1533//1533 1605//1605
f 1605//1605 1533//1533 1613//1613
f 1611//1611 1612//1612 1614//1614
f 1615//1615 1614//1614 1616//1616
f 1534//1534 1614//1614 1615//1615
f 1534//1534 1611//1611 1614//1614
f 1534//1534 1532//1532 1611//1611
f 1534//1534 1615//1615 1535//1535
f 1533//1533 1536//1536 1613//1613
f 1613//1613 1536//1536 1617//1617
f 1615//1615 1616//1616 1618//1618
f 1618//1618 1535//1535 1615//1615
f 1618//1618 1619//1619 1535//1535
f 1619//1619 1537//1537 1535//1535
f 1536//1536 1538//1538 1617//1617
f 1617//1617 1538//1538 1620//1620
f 1537//1537 1619//1619 1539//1539
f 1619//1619 1621//1621 1539//1539
f 1538//1538 1540//1540 1620//1620
f 1620//1620 1540//1540 1622//1622
f 1623//1623 1624//1624 1625//1625
f 1623//1623 1621//1621 1624//1624
f 1623//1623 1541//1541 1621//1621
f 1541//1541 1539//1539 1621//1621
f 1540//1540 1542//1542 1622//1622
f 1622//1622 1542//1542 1626//1626
f 1544//1544 1623//1623 1625//1625
f 1544//1544 1625//1625 1545//1545
f 1545//1545 1625//1625 1627//1627
f 1541//1541 1623//1623 1544//1544
f 1542//1542 1546//1546 1626//1626
f 1626//1626 1546//1546 1628//1628
f 1629//1629 1630//1630 1631//1631
f 1629//1629 1627//1627 1630//1630
f 1629//1629 1547//1547 1627//1627
f 1547//1547 1545//1545 1627//1627
f 1546//1546 1632//1632 1628//1628
f 1548//1548 1632//1632 1546//1546
f 1632//1632 1548//1548 1549//1549
f 1633//1633 1632//1632 1549//1549
f 1634//1634 1635//1635 1636//1636
f 1631//1631 1635//1635 1634//1634
f 1629//1629 1631//1631 1634//1634
f 1629//1629 1634//1634 1551//1551
f 1629//1629 1551//1551 1550//1550
f 1547//1547 1629//1629 1550//1550
f 1549//1549 1552//1552 1633//1633
f 1633//1633 1552//1552 1637//1637
f 1638//1638 1639//1639 1640//1640
f 1636//1636 1639//1639 1638//1638
f 1634//1634 1636//1636 1638//1638
f 1634//1634 1638//1638 1554//1554
f 1634//1634 1554//1554 1553//1553
f 1551//1551 1634//1634 1553//1553
f 1552//1552 1641//1641 1637//1637
f 1555//1555 1641//1641 1552//1552
f 1641//1641 1555//1555 1556//1556
f 1642//1642 1641//1641 1556//1556
f 1557//1557 1643//1643 1644//1644
f 1558//1558 1557//1557 1644//1644
f 1640//1640 1559//1559 1638//1638
f 1640//1640 1643//1643 1559//1559
f 1643//1643 1557//1557 1559//1559
f 1554//1554 1638//1638 1559//1559
f 1645//1645 1560//1560 1646//1646
f 1645//1645 1642//1642 1560//1560
f 1642//1642 1556//1556 1560//1560
f 1645//1645 1646//1646 1647//1647
f 1561//1561 1648//1648 1649//1649
f 1562//1562 1561//1561 1649//1649
f 1644//1644 1561//1561 1558//1558
f 1648//1648 1561//1561 1644//1644
f 1560//1560 1563//1563 1646//1646
f 1564//1564 1650//1650 1651//1651
f 1563//1563 1564//1564 1651//1651
f 1563//1563 1651//1651 1647//1647
f 1563//1563 1647//1647 1646//1646
f 1651//1651 1650//1650 1652//1652
f 1565//1565 1653//1653 1654//1654
f 1566//1566 1565//1565 1654//1654
f 1567//1567 1655//1655 1565//1565
f 1565//1565 1655//1655 1653//1653
f 1649//1649 1567//1567 1562//1562
f 1655//1655 1567//1567 1649//1649
f 1564//1564 1568//1568 1650//1650
f 1650//1650 1656//1656 1652//1652
f 1650//1650 1568//1568 1656//1656
f 1568//1568 1569//1569 1656//1656
f 1656//1656 1569//1569 1571//1571
f 1657//1657 1656//1656 1571//1571
f 1572//1572 1658//1658 1659//1659
f 1573//1573 1572//1572 1659//1659
f 1574//1574 1660//1660 1572//1572
f 1572//1572 1660//1660 1658//1658
f 1575//1575 1661//1661 1574//1574
f 1574//1574 1661//1661 1660//1660
f 1654//1654 1575//1575 1566//1566
f 1661//1661 1575//1575 1654//1654
f 1571//1571 1662//1662 1657//1657
f 1576//1576 1662//1662 1571//1571
f 1577//1577 1663//1663 1576//1576
f 1576//1576 1663//1663 1662//1662
f 1578//1578 1664//1664 1577//1577
f 1577//1577 1664//1664 1663//1663
f 1579//1579 1665//1665 1578//1578
f 1578//1578 1665//1665 1664//1664
f 1580//1580 1666//1666 1579//1579
f 1579//1579 1666//1666 1665//1665
f 1659//1659 1580//1580 1573//1573
f 1666//1666 1580//1580 1659//1659
f 1582//1582 1667//1667 1668//1668
f 1581//1581 1667//1667 1582//1582
f 1583//1583 1582//1582 1669//1669
f 1582//1582 1668//1668 1669//1669
f 1584//1584 1583//1583 1670//1670
f 1583//1583 1669//1669 1670//1670
f 1670//1670 1585//1585 1584//1584
f 1671//1671 1585//1585 1670//1670
f 1587//1587 1672//1672 1673//1673
f 1586//1586 1672//1672 1587//1587
f 1667//1667 1581//1581 1587//1587
f 1673//1673 1667//1667 1587//1587
f 1585//1585 1671//1671 1674//1674
f 1588//1588 1585//1585 1674//1674
f 1589//1589 1588//1588 1675//1675
f 1588//1588 1674//1674 1675//1675
f 1590//1590 1589//1589 1676//1676
f 1589//1589 1675//1675 1676//1676
f 1591//1591 1590//1590 1677//1677
f 1590//1590 1676//1676 1677//1677
f 1677//1677 1593//1593 1591//1591
f 1678//1678 1593//1593 1677//1677
f 1586//1586 1594//1594 1672//1672
f 1672//1672 1594//1594 1679//1679
f 1593//1593 1678//1678 1680//1680
f 1595//1595 1593//1593 1680//1680
f 1596//1596 1595//1595 1681//1681
f 1595//1595 1680//1680 1681//1681
f 1597//1597 1596//1596 1682//1682
f 1596//1596 1681//1681 1682//1682
f 1598//1598 1597//1597 1683//1683
f 1597//1597 1682//1682 1683//1683
f 1600//1600 1598//1598 1684//1684
f 1598//1598 1683//1683 1684//1684
f 1602//1602 1600//1600 1685//1685
f 1600//1600 1684//1684 1685//1685
f 1685//1685 1604//1604 1602//1602
f 1686//1686 1604//1604 1685//1685
f 1594//1594 1605//1605 1679//1679
f 1679//1679 1605//1605 1687//1687
f 1604//1604 1686//1686 1688//1688
f 1606//1606 1604//1604 1688//1688
f 1607//1607 1606//1606 1689//1689
f 1606//1606 1688//1688 1689//1689
f 1608//1608 1607//1607 1690//1690
f 1607//1607 1689//1689 1690//1690
f 1609//1609 1608//1608 1691//1691
f 1608//1608 1690//1690 1691//1691
f 1610//1610 1609//1609 1692//1692
f 1609//1609 1691//1691 1692//1692
f 1692//1692 1612//1612 1610//1610
f 1693//1693 1612//1612 1692//1692
f 1605//1605 1613//1613 1687//1687
f 1687//1687 1613//1613 1694//1694
f 1612//1612 1693//1693 1695//1695
f 1614//1614 1612//1612 1695//1695
f 1695//1695 1616//1616 1614//1614
f 1696//1696 1616//1616 1695//1695
f 1613//1613 1617//1617 1694//1694
f 1694//1694 1617//1617 1697//1697
f 1698//1698 1618//1618 1616//1616
f 1698//1698 1616//1616 1699//1699
f 1699//1699 1616//1616 1696//1696
f 1618//1618 1698//1698 1619//1619
f 1617//1617 1620//1620 1697//1697
f 1697//1697 1620//1620 1700//1700
f 1701//1701 1698//1698 1699//1699
f 1702//1702 1701//1701 1699//1699
f 1619//1619 1701//1701 1621//1621
f 1698//1698 1701//1701 1619//1619
f 1620//1620 1622//1622 1700//1700
f 1700//1700 1622//1622 1703//1703
f 1624//1624 1701//1701 1702//1702
f 1624//1624 1702//1702 1625//1625
f 1625//1625 1702//1702 1704//1704
f 1621//1621 1701//1701 1624//1624
f 1622//1622 1626//1626 1703//1703
f 1703//1703 1626//1626 1705//1705
f 1706//1706 1707//1707 1708//1708
f 1706//1706 1704//1704 1707//1707
f 1706//1706 1627//1627 1704//1704
f 1627//1627 1625//1625 1704//1704
f 1626//1626 1628//1628 1705//1705
f 1705//1705 1628//1628 1709//1709
f 1630//1630 1706//1706 1708//1708
f 1630//1630 1708//1708 1631//1631
f 1631//1631 1708//1708 1710//1710
f 1627//1627 1706//1706 1630//1630
f 1628//1628 1711//1711 1709//1709
f 1632//1632 1711//1711 1628//1628
f 1711//1711 1632//1632 1633//1633
f 1712//1712 1711//1711 1633//1633
f 1635//1635 1713//1713 1714//1714
f 1636//1636 1635//1635 1714//1714
f 1710//1710 1635//1635 1631//1631
f 1713//1713 1635//1635 1710//1710
f 1633//1633 1637//1637 1712//1712
f 1712//1712 1637//1637 1715//1715
f 1639//1639 1716//1716 1717//1717
f 1640//1640 1639//1639 1717//1717
f 1714//1714 1639//1639 1636//1636
f 1716//1716 1639//1639 1714//1714
f 1637//1637 1718//1718 1715//1715
f 1641//1641 1718//1718 1637//1637
f 1718//1718 1641//1641 1642//1642
f 1719//1719 1718//1718 1642//1642
f 1643//1643 1720//1720 1644//1644
f 1643//1643 1721//1721 1720//1720
f 1643//1643 1640//1640 1721//1721
f 1640//1640 1717//1717 1721//1721
f 1642//1642 1722//1722 1719//1719
f 1645//1645 1722//1722 1642//1642
f 1722//1722 1645//1645 1647//1647
f 1723//1723 1722//1722 1647//1647
f 1648//1648 1724//1724 1649//1649
f 1648//1648 1725//1725 1724//1724
f 1644//1644 1725//1725 1648//1648
f 1644//1644 1726//1726 1725//1725
f 1644//1644 1720//1720 1726//1726
f 1721//1721 1726//1726 1720//1720
f 1647//1647 1727//1727 1723//1723
f 1651//1651 1727//1727 1647//1647
f 1727//1727 1651//1651 1652//1652
f 1728//1728 1727//1727 1652//1652
f 1653//1653 1729//1729 1654//1654
f 1730//1730 1729//1729 1653//1653
f 1730//1730 1653//1653 1731//1731
f 1731//1731 1653//1653 1655//1655
f 1724//1724 1655//1655 1649//1649
f 1724//1724 1732//1732 1655//1655
f 1732//1732 1731//1731 1655//1655
f 1725//1725 1732//1732 1724//1724
f 1652//1652 1733//1733 1728//1728
f 1656//1656 1733//1733 1652//1652
f 1657//1657 1734//1734 1735//1735
f 1657//1657 1735//1735 1656//1656
f 1656//1656 1735//1735 1733//1733
f 1735//1735 1734//1734 1736//1736
f 1737//1737 1738//1738 1739//1739
f 1737//1737 1659//1659 1658//1658
f 1737//1737 1658//1658 1738//1738
f 1738//1738 1658//1658 1740//1740
f 1660//1660 1741//1741 1658//1658
f 1658//1658 1741//1741 1740//1740
f 1661//1661 1742//1742 1660//1660
f 1660//1660 1742//1742 1741//1741
f 1729//1729 1661//1661 1654//1654
f 1729//1729 1743//1743 1661//1661
f 1743//1743 1742//1742 1661//1661
f 1730//1730 1743//1743 1729//1729
f 1657//1657 1662//1662 1734//1734
f 1734//1734 1744//1744 1736//1736
f 1734//1734 1662//1662 1744//1744
f 1662//1662 1663//1663 1744//1744
f 1664//1664 1745//1745 1663//1663
f 1663//1663 1745//1745 1744//1744
f 1665//1665 1746//1746 1664//1664
f 1664//1664 1746//1746 1745//1745
f 1739//1739 1666//1666 1737//1737
f 1739//1739 1746//1746 1666//1666
f 1746//1746 1665//1665 1666//1666
f 1659//1659 1737//1737 1666//1666
f 1668//1668 1667//1667 1747//1747
f 1668//1668 1748//1748 1669//1669
f 1747//1747 1748//1748 1668//1668
f 1669//1669 1749//1749 1670//1670
f 1748//1748 1749//1749 1669//1669
f 1670//1670 1749//1749 1671//1671
f 1673//1673 1672//1672 1750//1750
f 1673//1673 1750//1750 1751//1751
f 1667//1667 1673//1673 1751//1751
f 1667//1667 1751//1751 1752//1752
f 1667//1667 1752//1752 1747//1747
f 1748//1748 1747//1747 1752//1752
f 1753//1753 1748//1748 1752//1752
f 1749//1749 1748//1748 1753//1753
f 1754//1754 1749//1749 1753//1753
f 1671//1671 1749//1749 1754//1754
f 1671//1671 1754//1754 1674//1674
f 1674//1674 1754//1754 1755//1755
f 1675//1675 1674//1674 1756//1756
f 1674//1674 1755//1755 1756//1756
f 1757//1757 1756//1756 1758//1758
f 1757//1757 1676//1676 1756//1756
f 1676//1676 1675//1675 1756//1756
f 1676//1676 1759//1759 1677//1677
f 1757//1757 1759//1759 1676//1676
f 1677//1677 1759//1759 1678//1678
f 1750//1750 1679//1679 1760//1760
f 1672//1672 1679//1679 1750//1750
f 1761//1761 1751//1751 1750//1750
f 1760//1760 1761//1761 1750//1750
f 1757//1757 1758//1758 1762//1762
f 1759//1759 1757//1757 1762//1762
f 1763//1763 1759//1759 1762//1762
f 1678//1678 1759//1759 1763//1763
f 1678//1678 1763//1763 1680//1680
f 1680//1680 1763//1763 1764//1764
f 1681//1681 1680//1680 1765//1765
f 1680//1680 1764//1764 1765//1765
f 1682//1682 1681//1681 1766//1766
f 1681//1681 1765//1765 1766//1766
f 1683//1683 1682//1682 1767//1767
f 1682//1682 1766//1766 1767//1767
f 1684//1684 1683//1683 1768//1768
f 1683//1683 1767//1767 1768//1768
f 1685//1685 1684//1684 1769//1769
f 1684//1684 1768//1768 1769//1769
f 1769//1769 1686//1686 1685//1685
f 1770//1770 1686//1686 1769//1769
f 1760//1760 1771//1771 1772//1772
f 1760//1760 1679//1679 1771//1771
f 1679//1679 1687//1687 1771//1771
f 1761//1761 1760//1760 1772//1772
f 1686//1686 1770//1770 1773//1773
f 1688//1688 1686//1686 1773//1773
f 1689//1689 1688//1688 1774//1774
f 1688//1688 1773//1773 1774//1774
f 1690//1690 1689//1689 1775//1775
f 1689//1689 1774//1774 1775//1775
f 1776//1776 1775//1775 1777//1777
f 1776//1776 1691//1691 1775//1775
f 1691//1691 1690//1690 1775//1775
f 1691//1691 1778//1778 1692//1692
f 1776//1776 1778//1778 1691//1691
f 1692//1692 1778//1778 1693//1693
f 1687//1687 1694//1694 1771//1771
f 1771//1771 1694//1694 1779//1779
f 1776//1776 1777//1777 1780//1780
f 1778//1778 1776//1776 1780//1780
f 1781//1781 1778//1778 1780//1780
f 1782//1782 1781//1781 1783//1783
f 1695//1695 1781//1781 1782//1782
f 1695//1695 1778//1778 1781//1781
f 1695//1695 1693//1693 1778//1778
f 1695//1695 1782//1782 1696//1696
f 1694//1694 1697//1697 1779//1779
f 1779//1779 1697//1697 1784//1784
f 1782//1782 1783//1783 1785//1785
f 1785//1785 1696//1696 1782//1782
f 1785//1785 1786//1786 1696//1696
f 1786//1786 1699//1699 1696//1696
f 1697//1697 1700//1700 1784//1784
f 1784//1784 1700//1700 1787//1787
f 1699//1699 1786//1786 1702//1702
f 1786//1786 1788//1788 1702//1702
f 1700//1700 1703//1703 1787//1787
f 1787//1787 1703//1703 1789//1789
f 1790//1790 1791//1791 1792//1792
f 1790//1790 1788//1788 1791//1791
f 1790//1790 1704//1704 1788//1788
f 1704//1704 1702//1702 1788//1788
f 1703//1703 1705//1705 1789//1789
f 1789//1789 1705//1705 1793//1793
f 1707//1707 1790//1790 1792//1792
f 1707//1707 1792//1792 1708//1708
f 1708//1708 1792//1792 1794//1794
f 1704//1704 1790//1790 1707//1707
f 1795//1795 1709//1709 1796//1796
f 1795//1795 1793//1793 1709//1709
f 1793//1793 1705//1705 1709//1709
f 1795//1795 1796//1796 1797//1797
f 1798//1798 1799//1799 1800//1800
f 1798//1798 1794//1794 1799//1799
f 1798//1798 1710//1710 1794//1794
f 1710//1710 1708//1708 1794//1794
f 1709//1709 1711//1711 1796//1796
f 1796//1796 1711//1711 1712//1712
f 1796//1796 1712//1712 1797//1797
f 1797//1797 1712//1712 1801//1801
f 1713//1713 1798//1798 1800//1800
f 1713//1713 1800//1800 1714//1714
f 1714//1714 1800//1800 1802//1802
f 1710//1710 1798//1798 1713//1713
f 1803//1803 1715//1715 1804//1804
f 1803//1803 1801//1801 1715//1715
f 1801//1801 1712//1712 1715//1715
f 1803//1803 1804//1804 1805//1805
f 1716//1716 1806//1806 1807//1807
f 1717//1717 1716//1716 1807//1807
f 1802//1802 1716//1716 1714//1714
f 1806//1806 1716//1716 1802//1802
f 1715//1715 1718//1718 1804//1804
f 1804//1804 1718//1718 1719//1719
f 1804//1804 1719//1719 1805//1805
f 1805//1805 1719//1719 1808//1808
f 1717//1717 1807//1807 1721//1721
f 1807//1807 1809//1809 1721//1721
f 1719//1719 1810//1810 1808//1808
f 1722//1722 1810//1810 1719//1719
f 1810//1810 1722//1722 1723//1723
f 1811//1811 1810//1810 1723//1723
f 1726//1726 1812//1812 1813//1813
f 1725//1725 1726//1726 1813//1813
f 1809//1809 1726//1726 1721//1721
f 1812//1812 1726//1726 1809//1809
f 1723//1723 1814//1814 1811//1811
f 1727//1727 1814//1814 1723//1723
f 1814//1814 1727//1727 1728//1728
f 1815//1815 1814//1814 1728//1728
f 1731//1731 1816//1816 1817//1817
f 1730//1730 1731//1731 1817//1817
f 1732//1732 1818//1818 1731//1731
f 1731//1731 1818//1818 1816//1816
f 1813//1813 1732//1732 1725//1725
f 1818//1818 1732//1732 1813//1813
f 1728//1728 1819//1819 1815//1815
f 1733//1733 1819//1819 1728//1728
f 1735//1735 1820//1820 1733//1733
f 1733//1733 1820//1820 1819//1819
f 1736//1736 1821//1821 1822//1822
f 1736//1736 1822//1822 1735//1735
f 1735//1735 1822//1822 1820//1820
f 1822//1822 1821//1821 1823//1823
f 1824//1824 1825//1825 1826//1826
f 1824//1824 1739//1739 1738//1738
f 1824//1824 1738//1738 1825//1825
f 1825//1825 1738//1738 1827//1827
f 1740//1740 1828//1828 1738//1738
f 1738//1738 1828//1828 1827//1827
f 1741//1741 1829//1829 1740//1740
f 1740//1740 1829//1829 1828//1828
f 1742//1742 1830//1830 1741//1741
f 1741//1741 1830//1830 1829//1829
f 1743//1743 1831//1831 1742//1742
f 1742//1742 1831//1831 1830//1830
f 1817//1817 1743//1743 1730//1730
f 1831//1831 1743//1743 1817//1817
f 1736//1736 1744//1744 1821//1821
f 1821//1821 1832//1832 1823//1823
f 1821//1821 1744//1744 1832//1832
f 1744//1744 1745//1745 1832//1832
f 1826//1826 1746//1746 1824//1824
f 1826//1826 1832//1832 1746//1746
f 1832//1832 1745//1745 1746//1746
f 1739//1739 1824//1824 1746//1746
f 1752//1752 1751//1751 1833//1833
f 1752//1752 1834//1834 1753//1753
f 1833//1833 1834//1834 1752//1752
f 1753//1753 1835//1835 1754//1754
f 1834//1834 1835//1835 1753//1753
f 1754//1754 1836//1836 1755//1755
f 1835//1835 1836//1836 1754//1754
f 1755//1755 1837//1837 1756//1756
f 1836//1836 1837//1837 1755//1755
f 1756//1756 1837//1837 1758//1758
f 1833//1833 1761//1761 1838//1838
f 1751//1751 1761//1761 1833//1833
f 1839//1839 1840//1840 1834//1834
f 1839//1839 1834//1834 1838//1838
f 1838//1838 1834//1834 1833//1833
f 1835//1835 1834//1834 1840//1840
f 1841//1841 1835//1835 1840//1840
f 1836//1836 1835//1835 1841//1841
f 1842//1842 1836//1836 1841//1841
f 1837//1837 1836//1836 1842//1842
f 1843//1843 1837//1837 1842//1842
f 1758//1758 1837//1837 1843//1843
f 1758//1758 1843//1843 1762//1762
f 1762//1762 1843//1843 1844//1844
f 1763//1763 1762//1762 1845//1845
f 1762//1762 1844//1844 1845//1845
f 1764//1764 1763//1763 1846//1846
f 1763//1763 1845//1845 1846//1846
f 1765//1765 1764//1764 1847//1847
f 1764//1764 1846//1846 1847//1847
f 1766//1766 1765//1765 1848//1848
f 1765//1765 1847//1847 1848//1848
f 1849//1849 1848//1848 1850//1850
f 1849//1849 1767//1767 1848//1848
f 1767//1767 1766//1766 1848//1848
f 1767//1767 1851//1851 1768//1768
f 1849//1849 1851//1851 1767//1767
f 1768//1768 1852//1852 1769//1769
f 1851//1851 1852//1852 1768//1768
f 1769//1769 1852//1852 1770//1770
f 1772//1772 1771//1771 1853//1853
f 1772//1772 1853//1853 1854//1854
f 1761//1761 1772//1772 1854//1854
f 1761//1761 1854//1854 1855//1855
f 1761//1761 1855//1855 1838//1838
f 1839//1839 1838//1838 1855//1855
f 1849//1849 1850//1850 1856//1856
f 1851//1851 1849//1849 1856//1856
f 1857//1857 1851//1851 1856//1856
f 1852//1852 1851//1851 1857//1857
f 1858//1858 1852//1852 1857//1857
f 1770//1770 1852//1852 1858//1858
f 1770//1770 1858//1858 1773//1773
f 1773//1773 1858//1858 1859//1859
f 1774//1774 1773//1773 1860//1860
f 1773//1773 1859//1859 1860//1860
f 1861//1861 1860//1860 1862//1862
f 1861//1861 1775//1775 1860//1860
f 1775//1775 1774//1774 1860//1860
f 1775//1775 1861//1861 1777//1777
f 1853//1853 1779//1779 1863//1863
f 1771//1771 1779//1779 1853//1853
f 1864//1864 1854//1854 1853//1853
f 1863//1863 1864//1864 1853//1853
f 1861//1861 1862//1862 1865//1865
f 1777//1777 1861//1861 1865//1865
f 1777//1777 1865//1865 1780//1780
f 1780//1780 1865//1865 1866//1866
f 1867//1867 1866//1866 1868//1868
f 1867//1867 1781//1781 1866//1866
f 1781//1781 1780//1780 1866//1866
f 1781//1781 1867//1867 1783//1783
f 1863//1863 1784//1784 1869//1869
f 1779//1779 1784//1784 1863//1863
f 1870//1870 1864//1864 1863//1863
f 1869//1869 1870//1870 1863//1863
f 1867//1867 1868//1868 1871//1871
f 1872//1872 1871//1871 1873//1873
f 1785//1785 1871//1871 1872//1872
f 1785//1785 1867//1867 1871//1871
f 1785//1785 1783//1783 1867//1867
f 1785//1785 1872//1872 1786//1786
f 1869//1869 1787//1787 1874//1874
f 1784//1784 1787//1787 1869//1869
f 1875//1875 1870//1870 1869//1869
f 1874//1874 1875//1875 1869//1869
f 1876//1876 1872//1872 1873//1873
f 1877//1877 1876//1876 1873//1873
f 1786//1786 1876//1876 1788//1788
f 1872//1872 1876//1876 1786//1786
f 1874//1874 1789//1789 1878//1878
f 1787//1787 1789//1789 1874//1874
f 1879//1879 1875//1875 1874//1874
f 1878//1878 1879//1879 1874//1874
f 1791//1791 1876//1876 1877//1877
f 1791//1791 1877//1877 1792//1792
f 1792//1792 1877//1877 1880//1880
f 1788//1788 1876//1876 1791//1791
f 1878//1878 1793//1793 1881//1881
f 1789//1789 1793//1793 1878//1878
f 1882//1882 1879//1879 1878//1878
f 1881//1881 1882//1882 1878//1878
f 1883//1883 1884//1884 1885//1885
f 1883//1883 1880//1880 1884//1884
f 1883//1883 1794//1794 1880//1880
f 1794//1794 1792//1792 1880//1880
f 1793//1793 1795//1795 1881//1881
f 1881//1881 1795//1795 1797//1797
f 1881//1881 1797//1797 1882//1882
f 1882//1882 1797//1797 1886//1886
f 1799//1799 1883//1883 1885//1885
f 1799//1799 1885//1885 1800//1800
f 1800//1800 1885//1885 1887//1887
f 1794//1794 1883//1883 1799//1799
f 1888//1888 1801//1801 1889//1889
f 1888//1888 1886//1886 1801//1801
f 1886//1886 1797//1797 1801//1801
f 1888//1888 1889//1889 1890//1890
f 1891//1891 1892//1892 1893//1893
f 1891//1891 1887//1887 1892//1892
f 1891//1891 1802//1802 1887//1887
f 1802//1802 1800//1800 1887//1887
f 1801//1801 1803//1803 1889//1889
f 1889//1889 1803//1803 1805//1805
f 1889//1889 1805//1805 1890//1890
f 1890//1890 1805//1805 1894//1894
f 1806//1806 1891//1891 1893//1893
f 1806//1806 1893//1893 1807//1807
f 1807//1807 1893//1893 1895//1895
f 1802//1802 1891//1891 1806//1806
f 1896//1896 1808//1808 1897//1897
f 1896//1896 1894//1894 1808//1808
f 1894//1894 1805//1805 1808//1808
f 1896//1896 1897//1897 1898//1898
f 1807//1807 1895//1895 1809//1809
f 1895//1895 1899//1899 1809//1809
f 1808//1808 1810//1810 1897//1897
f 1811//1811 1900//1900 1901//1901
f 1810//1810 1811//1811 1901//1901
f 1810//1810 1901//1901 1898//1898
f 1810//1810 1898//1898 1897//1897
f 1901//1901 1900//1900 1902//1902
f 1812//1812 1903//1903 1904//1904
f 1813//1813 1812//1812 1904//1904
f 1899//1899 1812//1812 1809//1809
f 1903//1903 1812//1812 1899//1899
f 1811//1811 1814//1814 1900//1900
f 1815//1815 1905//1905 1906//1906
f 1814//1814 1815//1815 1906//1906
f 1814//1814 1906//1906 1902//1902
f 1814//1814 1902//1902 1900//1900
f 1906//1906 1905//1905 1907//1907
f 1908//1908 1909//1909 1910//1910
f 1908//1908 1817//1817 1816//1816
f 1908//1908 1816//1816 1909//1909
f 1909//1909 1816//1816 1911//1911
f 1818//1818 1912//1912 1816//1816
f 1816//1816 1912//1912 1911//1911
f 1904//1904 1818//1818 1813//1813
f 1912//1912 1818//1818 1904//1904
f 1815//1815 1819//1819 1905//1905
f 1905//1905 1913//1913 1907//1907
f 1905//1905 1819//1819 1913//1913
f 1819//1819 1820//1820 1913//1913
f 1822//1822 1914//1914 1820//1820
f 1820//1820 1914//1914 1913//1913
f 1823//1823 1915//1915 1916//1916
f 1823//1823 1916//1916 1822//1822
f 1822//1822 1916//1916 1914//1914
f 1915//1915 1826//1826 1825//1825
f 1915//1915 1825//1825 1916//1916
f 1916//1916 1825//1825 1917//1917
f 1827//1827 1918//1918 1825//1825
f 1825//1825 1918//1918 1917//1917
f 1828//1828 1919//1919 1827//1827
f 1827//1827 1919//1919 1918//1918
f 1829//1829 1920//1920 1828//1828
f 1828//1828 1920//1920 1919//1919
f 1830//1830 1921//1921 1829//1829
f 1829//1829 1921//1921 1920//1920
f 1910//1910 1831//1831 1908//1908
f 1910//1910 1921//1921 1831//1831
f 1921//1921 1830//1830 1831//1831
f 1817//1817 1908//1908 1831//1831
f 1823//1823 1832//1832 1915//1915
f 1826//1826 1915//1915 1832//1832
f 1840//1840 1839//1839 1922//1922
f 1840//1840 1923//1923 1841//1841
f 1922//1922 1923//1923 1840//1840
f 1841//1841 1924//1924 1842//1842
f 1923//1923 1924//1924 1841//1841
f 1842//1842 1925//1925 1843//1843
f 1924//1924 1925//1925 1842//1842
f 1843//1843 1926//1926 1844//1844
f 1925//1925 1926//1926 1843//1843
f 1844//1844 1927//1927 1845//1845
f 1926//1926 1927//1927 1844//1844
f 1845//1845 1928//1928 1846//1846
f 1927//1927 1928//1928 1845//1845
f 1846//1846 1929//1929 1847//1847
f 1928//1928 1929//1929 1846//1846
f 1847//1847 1930//1930 1848//1848
f 1929//1929 1930//1930 1847//1847
f 1848//1848 1930//1930 1850//1850
f 1855//1855 1854//1854 1931//1931
f 1855//1855 1922//1922 1839//1839
f 1855//1855 1931//1931 1922//1922
f 1931//1931 1932//1932 1922//1922
f 1923//1923 1922//1922 1933//1933
f 1933//1933 1922//1922 1932//1932
f 1924//1924 1923//1923 1934//1934
f 1934//1934 1923//1923 1933//1933
f 1925//1925 1924//1924 1935//1935
f 1935//1935 1924//1924 1934//1934
f 1926//1926 1925//1925 1936//1936
f 1936//1936 1925//1925 1935//1935
f 1927//1927 1926//1926 1937//1937
f 1937//1937 1926//1926 1936//1936
f 1938//1938 1939//1939 1928//1928
f 1938//1938 1928//1928 1937//1937
f 1937//1937 1928//1928 1927//1927
f 1929//1929 1928//1928 1939//1939
f 1940//1940 1929//1929 1939//1939
f 1930//1930 1929//1929 1940//1940
f 1941//1941 1930//1930 1940//1940
f 1850//1850 1930//1930 1941//1941
f 1850//1850 1941//1941 1856//1856
f 1856//1856 1941//1941 1942//1942
f 1857//1857 1856//1856 1943//1943
f 1856//1856 1942//1942 1943//1943
f 1858//1858 1857//1857 1944//1944
f 1857//1857 1943//1943 1944//1944
f 1945//1945 1944//1944 1946//1946
f 1945//1945 1859//1859 1944//1944
f 1859//1859 1858//1858 1944//1944
f 1859//1859 1947//1947 1860//1860
f 1945//1945 1947//1947 1859//1859
f 1860//1860 1947//1947 1862//1862
f 1931//1931 1864//1864 1948//1948
f 1854//1854 1864//1864 1931//1931
f 1932//1932 1931//1931 1949//1949
f 1949//1949 1931//1931 1948//1948
f 1933//1933 1932//1932 1950//1950
f 1950//1950 1932//1932 1949//1949
f 1934//1934 1933//1933 1951//1951
f 1951//1951 1933//1933 1950//1950
f 1935//1935 1934//1934 1952//1952
f 1952//1952 1934//1934 1951//1951
f 1953//1953 1954//1954 1936//1936
f 1953//1953 1936//1936 1952//1952
f 1952//1952 1936//1936 1935//1935
f 1937//1937 1936//1936 1954//1954
f 1955//1955 1937//1937 1954//1954
f 1938//1938 1937//1937 1955//1955
f 1945//1945 1946//1946 1956//1956
f 1947//1947 1945//1945 1956//1956
f 1957//1957 1947//1947 1956//1956
f 1958//1958 1957//1957 1959//1959
f 1865//1865 1957//1957 1958//1958
f 1865//1865 1947//1947 1957//1957
f 1865//1865 1862//1862 1947//1947
f 1865//1865 1960//1960 1866//1866
f 1958//1958 1960//1960 1865//1865
f 1866//1866 1960//1960 1868//1868
f 1948//1948 1870//1870 1961//1961
f 1864//1864 1870//1870 1948//1948
f 1949//1949 1948//1948 1962//1962
f 1962//1962 1948//1948 1961//1961
f 1950//1950 1949//1949 1963//1963
f 1963//1963 1949//1949 1962//1962
f 1951//1951 1950//1950 1964//1964
f 1964//1964 1950//1950 1963//1963
f 1965//1965 1966//1966 1952//1952
f 1965//1965 1952//1952 1964//1964
f 1964//1964 1952//1952 1951//1951
f 1953//1953 1952//1952 1966//1966
f 1958//1958 1959//1959 1967//1967
f 1967//1967 1968//1968 1969//1969
f 1967//1967 1969//1969 1958//1958
f 1958//1958 1969//1969 1960//1960
f 1868//1868 1970//1970 1871//1871
f 1868//1868 1960//1960 1970//1970
f 1960//1960 1969//1969 1970//1970
f 1871//1871 1970//1970 1873//1873
f 1961//1961 1875//1875 1971//1971
f 1870//1870 1875//1875 1961//1961
f 1962//1962 1961//1961 1972//1972
f 1972//1972 1961//1961 1971//1971
f 1963//1963 1962//1962 1973//1973
f 1973//1973 1962//1962 1972//1972
f 1974//1974 1975//1975 1964//1964
f 1974//1974 1964//1964 1973//1973
f 1973//1973 1964//1964 1963//1963
f 1965//1965 1964//1964 1975//1975
f 1976//1976 1969//1969 1968//1968
f 1977//1977 1976//1976 1968//1968
f 1970//1970 1969//1969 1978//1978
f 1978//1978 1969//1969 1976//1976
f 1873//1873 1978//1978 1877//1877
f 1970//1970 1978//1978 1873//1873
f 1971//1971 1879//1879 1979//1979
f 1875//1875 1879//1879 1971//1971
f 1972//1972 1971//1971 1980//1980
f 1980//1980 1971//1971 1979//1979
f 1973//1973 1972//1972 1981//1981
f 1981//1981 1972//1972 1980//1980
f 1982//1982 1974//1974 1973//1973
f 1981//1981 1982//1982 1973//1973
f 1983//1983 1976//1976 1977//1977
f 1984//1984 1983//1983 1977//1977
f 1978//1978 1976//1976 1985//1985
f 1985//1985 1976//1976 1983//1983
f 1877//1877 1985//1985 1880//1880
f 1978//1978 1985//1985 1877//1877
f 1979//1979 1882//1882 1986//1986
f 1879//1879 1882//1882 1979//1979
f 1980//1980 1979//1979 1987//1987
f 1987//1987 1979//1979 1986//1986
f 1981//1981 1980//1980 1988//1988
f 1988//1988 1980//1980 1987//1987
f 1989//1989 1982//1982 1981//1981
f 1988//1988 1989//1989 1981//1981
f 1990//1990 1983//1983 1984//1984
f 1991//1991 1990//1990 1984//1984
f 1884//1884 1990//1990 1885//1885
f 1884//1884 1985//1985 1990//1990
f 1985//1985 1983//1983 1990//1990
f 1880//1880 1985//1985 1884//1884
f 1986//1986 1886//1886 1992//1992
f 1882//1882 1886//1886 1986//1986
f 1987//1987 1986//1986 1993//1993
f 1993//1993 1986//1986 1992//1992
f 1988//1988 1987//1987 1994//1994
f 1994//1994 1987//1987 1993//1993
f 1995//1995 1989//1989 1988//1988
f 1994//1994 1995//1995 1988//1988
f 1996//1996 1997//1997 1998//1998
f 1991//1991 1997//1997 1996//1996
f 1991//1991 1996//1996 1990//1990
f 1990//1990 1996//1996 1999//1999
f 1885//1885 1999//1999 1887//1887
f 1990//1990 1999//1999 1885//1885
f 1886//1886 1888//1888 1992//1992
f 1890//1890 1992//1992 1888//1888
f 1890//1890 2000//2000 1992//1992
f 2000//2000 1993//1993 1992//1992
f 1994//1994 1993//1993 2001//2001
f 2001//2001 1993//1993 2000//2000
f 2002//2002 1995//1995 1994//1994
f 2002//2002 1994//1994 2003//2003
f 2003//2003 1994//1994 2001//2001
f 2002//2002 2003//2003 2004//2004
f 2005//2005 1996//1996 1998//1998
f 2006//2006 2005//2005 1998//1998
f 1892//1892 2005//2005 1893//1893
f 1892//1892 1999//1999 2005//2005
f 1999//1999 1996//1996 2005//2005
f 1887//1887 1999//1999 1892//1892
f 2000//2000 1894//1894 2007//2007
f 1890//1890 1894//1894 2000//2000
f 2001//2001 2000//2000 2008//2008
f 2008//2008 2000//2000 2007//2007
f 2003//2003 2001//2001 2009//2009
f 2009//2009 2001//2001 2008//2008
f 2010//2010 2004//2004 2003//2003
f 2009//2009 2010//2010 2003//2003
f 2011//2011 2005//2005 2006//2006
f 2012//2012 2011//2011 2006//2006
f 1893//1893 2011//2011 1895//1895
f 2005//2005 2011//2011 1893//1893
f 1894//1894 1896//1896 2007//2007
f 1898//1898 2007//2007 1896//1896
f 1898//1898 2013//2013 2007//2007
f 2013//2013 2008//2008 2007//2007
f 2009//2009 2008//2008 2014//2014
f 2014//2014 2008//2008 2013//2013
f 2015//2015 2010//2010 2009//2009
f 2015//2015 2009//2009 2016//2016
f 2016//2016 2009//2009 2014//2014
f 2015//2015 2016//2016 2017//2017
f 2018//2018 2019//2019 2020//2020
f 2012//2012 2019//2019 2018//2018
f 2012//2012 2018//2018 2011//2011
f 2011//2011 2018//2018 2021//2021
f 1895//1895 2021//2021 1899//1899
f 2011//2011 2021//2021 1895//1895
f 1898//1898 1901//1901 2013//2013
f 1902//1902 2013//2013 1901//1901
f 1902//1902 2022//2022 2013//2013
f 2022//2022 2014//2014 2013//2013
f 2016//2016 2014//2014 2023//2023
f 2023//2023 2014//2014 2022//2022
f 2024//2024 2017//2017 2016//2016
f 2024//2024 2016//2016 2025//2025
f 2025//2025 2016//2016 2023//2023
f 2024//2024 2025//2025 2026//2026
f 2027//2027 2028//2028 2029//2029
f 2020//2020 2028//2028 2027//2027
f 2020//2020 2027//2027 2018//2018
f 2018//2018 2027//2027 2030//2030
f 1903//1903 2030//2030 1904//1904
f 1903//1903 2021//2021 2030//2030
f 2021//2021 2018//2018 2030//2030
f 1899//1899 2021//2021 1903//1903
f 1902//1902 1906//1906 2022//2022
f 1907//1907 2022//2022 1906//1906
f 1907//1907 2031//2031 2022//2022
f 2031//2031 2023//2023 2022//2022
f 2025//2025 2023//2023 2032//2032
f 2032//2032 2023//2023 2031//2031
f 2033//2033 2026//2026 2025//2025
f 2033//2033 2025//2025 2034//2034
f 2034//2034 2025//2025 2032//2032
f 2034//2034 2035//2035 2036//2036
f 2033//2033 2034//2034 2036//2036
f 2035//2035 2037//2037 2038//2038
f 2036//2036 2035//2035 2038//2038
f 2037//2037 2039//2039 2040//2040
f 2038//2038 2037//2037 2040//2040
f 2039//2039 2041//2041 2042//2042
f 2040//2040 2039//2039 2042//2042
f 2041//2041 2043//2043 2044//2044
f 2042//2042 2041//2041 2044//2044
f 2043//2043 1910//1910 1909//1909
f 2043//2043 1909//1909 2044//2044
f 2044//2044 1909//1909 2045//2045
f 2029//2029 1911//1911 2027//2027
f 2029//2029 2045//2045 1911//1911
f 2045//2045 1909//1909 1911//1911
f 1912//1912 2027//2027 1911//1911
f 2030//2030 2027//2027 1912//1912
f 1904//1904 2030//2030 1912//1912
f 1907//1907 1913//1913 2031//2031
f 1914//1914 2031//2031 1913//1913
f 2032//2032 2031//2031 1914//1914
f 1916//1916 2032//2032 1914//1914
f 2034//2034 2032//2032 1916//1916
f 1917//1917 2034//2034 1916//1916
f 2035//2035 2034//2034 1917//1917
f 1918//1918 2035//2035 1917//1917
f 2037//2037 2035//2035 1918//1918
f 1919//1919 2037//2037 1918//1918
f 2039//2039 2037//2037 1919//1919
f 1920//1920 2039//2039 1919//1919
f 2041//2041 2039//2039 1920//1920
f 1921//1921 2041//2041 1920//1920
f 2043//2043 2041//2041 1921//1921
f 1910//1910 2043//2043 1921//1921
f 1939//1939 1938//1938 2046//2046
f 1939//1939 2047//2047 1940//1940
f 2046//2046 2047//2047 1939//1939
f 1940//1940 2048//2048 1941//1941
f 2047//2047 2048//2048 1940//1940
f 1941//1941 2049//2049 1942//1942
f 2048//2048 2049//2049 1941//1941
f 1942//1942 2050//2050 1943//1943
f 2049//2049 2050//2050 1942//1942
f 1943//1943 2051//2051 1944//1944
f 2050//2050 2051//2051 1943//1943
f 1944//1944 2051//2051 1946//1946
f 1954//1954 1953//1953 2052//2052
f 1954//1954 2053//2053 1955//1955
f 2052//2052 2053//2053 1954//1954
f 1955//1955 2046//2046 1938//1938
f 1955//1955 2053//2053 2046//2046
f 2053//2053 2054//2054 2046//2046
f 2047//2047 2046//2046 2055//2055
f 2055//2055 2046//2046 2054//2054
f 2056//2056 2057//2057 2048//2048
f 2056//2056 2048//2048 2055//2055
f 2055//2055 2048//2048 2047//2047
f 2049//2049 2048//2048 2057//2057
f 2058//2058 2049//2049 2057//2057
f 2050//2050 2049//2049 2058//2058
f 2059//2059 2050//2050 2058//2058
f 2059//2059 2060//2060 2061//2061
f 2059//2059 2061//2061 2050//2050
f 2050//2050 2061//2061 2051//2051
f 1946//1946 2062//2062 1956//1956
f 1946//1946 2051//2051 2062//2062
f 2051//2051 2061//2061 2062//2062
f 1956//1956 2063//2063 1957//1957
f 2062//2062 2063//2063 1956//1956
f 1957//1957 2063//2063 1959//1959
f 1966//1966 1965//1965 2064//2064
f 1966//1966 2052//2052 1953//1953
f 1966//1966 2064//2064 2052//2052
f 2064//2064 2065//2065 2052//2052
f 2053//2053 2052//2052 2066//2066
f 2066//2066 2052//2052 2065//2065
f 2054//2054 2053//2053 2067//2067
f 2067//2067 2053//2053 2066//2066
f 2068//2068 2069//2069 2055//2055
f 2068//2068 2055//2055 2067//2067
f 2067//2067 2055//2055 2054//2054
f 2056//2056 2055//2055 2069//2069
f 2061//2061 2060//2060 2070//2070
f 2070//2070 2071//2071 2072//2072
f 2070//2070 2072//2072 2061//2061
f 2061//2061 2072//2072 2062//2062
f 2063//2063 2062//2062 2073//2073
f 2073//2073 2062//2062 2072//2072
f 1959//1959 2074//2074 1967//1967
f 1959//1959 2063//2063 2074//2074
f 2063//2063 2073//2073 2074//2074
f 1967//1967 2074//2074 1968//1968
f 1975//1975 1974//1974 2075//2075
f 1975//1975 2064//2064 1965//1965
f 1975//1975 2075//2075 2064//2064
f 2075//2075 2076//2076 2064//2064
f 2065//2065 2064//2064 2077//2077
f 2077//2077 2064//2064 2076//2076
f 2066//2066 2065//2065 2078//2078
f 2078//2078 2065//2065 2077//2077
f 2079//2079 2080//2080 2067//2067
f 2079//2079 2067//2067 2078//2078
f 2078//2078 2067//2067 2066//2066
f 2068//2068 2067//2067 2080//2080
f 2072//2072 2071//2071 2081//2081
f 2081//2081 2082//2082 2083//2083
f 2081//2081 2083//2083 2072//2072
f 2072//2072 2083//2083 2073//2073
f 2074//2074 2073//2073 2084//2084
f 2084//2084 2073//2073 2083//2083
f 1968//1968 2084//2084 1977//1977
f 2074//2074 2084//2084 1968//1968
f 2075//2075 1982//1982 2085//2085
f 1974//1974 1982//1982 2075//2075
f 2076//2076 2075//2075 2086//2086
f 2086//2086 2075//2075 2085//2085
f 2077//2077 2076//2076 2087//2087
f 2087//2087 2076//2076 2086//2086
f 2078//2078 2077//2077 2088//2088
f 2088//2088 2077//2077 2087//2087
f 2089//2089 2079//2079 2078//2078
f 2088//2088 2089//2089 2078//2078
f 2090//2090 2083//2083 2082//2082
f 2091//2091 2090//2090 2082//2082
f 2084//2084 2083//2083 2092//2092
f 2092//2092 2083//2083 2090//2090
f 1977//1977 2092//2092 1984//1984
f 2084//2084 2092//2092 1977//1977
f 2085//2085 1989//1989 2093//2093
f 1982//1982 1989//1989 2085//2085
f 2086//2086 2085//2085 2094//2094
f 2094//2094 2085//2085 2093//2093
f 2087//2087 2086//2086 2095//2095
f 2095//2095 2086//2086 2094//2094
f 2088//2088 2087//2087 2096//2096
f 2096//2096 2087//2087 2095//2095
f 2097//2097 2089//2089 2088//2088
f 2096//2096 2097//2097 2088//2088
f 2098//2098 2090//2090 2091//2091
f 2099//2099 2098//2098 2091//2091
f 2092//2092 2090//2090 2100//2100
f 2100//2100 2090//2090 2098//2098
f 1984//1984 2100//2100 1991//1991
f 2092//2092 2100//2100 1984//1984
f 2093//2093 1995//1995 2101//2101
f 1989//1989 1995//1995 2093//2093
f 2094//2094 2093//2093 2102//2102
f 2102//2102 2093//2093 2101//2101
f 2095//2095 2094//2094 2103//2103
f 2103//2103 2094//2094 2102//2102
f 2096//2096 2095//2095 2104//2104
f 2104//2104 2095//2095 2103//2103
f 2105//2105 2097//2097 2096//2096
f 2104//2104 2105//2105 2096//2096
f 2106//2106 2098//2098 2099//2099
f 2107//2107 2106//2106 2099//2099
f 1997//1997 2106//2106 1998//1998
f 1997//1997 2100//2100 2106//2106
f 2100//2100 2098//2098 2106//2106
f 1991//1991 2100//2100 1997//1997
f 1995//1995 2002//2002 2101//2101
f 2004//2004 2101//2101 2002//2002
f 2004//2004 2108//2108 2101//2101
f 2108//2108 2102//2102 2101//2101
f 2103//2103 2102//2102 2109//2109
f 2109//2109 2102//2102 2108//2108
f 2104//2104 2103//2103 2110//2110
f 2110//2110 2103//2103 2109//2109
f 2111//2111 2105//2105 2104//2104
f 2110//2110 2111//2111 2104//2104
f 2112//2112 2113//2113 2114//2114
f 2107//2107 2113//2113 2112//2112
f 2107//2107 2112//2112 2106//2106
f 2106//2106 2112//2112 2115//2115
f 1998//1998 2115//2115 2006//2006
f 2106//2106 2115//2115 1998//1998
f 2108//2108 2010//2010 2116//2116
f 2004//2004 2010//2010 2108//2108
f 2109//2109 2108//2108 2117//2117
f 2117//2117 2108//2108 2116//2116
f 2110//2110 2109//2109 2118//2118
f 2118//2118 2109//2109 2117//2117
f 2119//2119 2111//2111 2110//2110
f 2118//2118 2119//2119 2110//2110
f 2120//2120 2112//2112 2114//2114
f 2121//2121 2120//2120 2114//2114
f 2115//2115 2112//2112 2122//2122
f 2122//2122 2112//2112 2120//2120
f 2006//2006 2122//2122 2012//2012
f 2115//2115 2122//2122 2006//2006
f 2010//2010 2015//2015 2116//2116
f 2017//2017 2116//2116 2015//2015
f 2017//2017 2123//2123 2116//2116
f 2123//2123 2117//2117 2116//2116
f 2118//2118 2117//2117 2124//2124
f 2124//2124 2117//2117 2123//2123
f 2125//2125 2119//2119 2118//2118
f 2125//2125 2118//2118 2126//2126
f 2126//2126 2118//2118 2124//2124
f 2126//2126 2127//2127 2128//2128
f 2125//2125 2126//2126 2128//2128
f 2128//2128 2127//2127 2129//2129
f 2130//2130 2131//2131 2132//2132
f 2121//2121 2131//2131 2130//2130
f 2121//2121 2130//2130 2120//2120
f 2120//2120 2130//2130 2133//2133
f 2019//2019 2133//2133 2020//2020
f 2019//2019 2122//2122 2133//2133
f 2122//2122 2120//2120 2133//2133
f 2012//2012 2122//2122 2019//2019
f 2017//2017 2024//2024 2123//2123
f 2026//2026 2123//2123 2024//2024
f 2026//2026 2134//2134 2123//2123
f 2134//2134 2124//2124 2123//2123
f 2126//2126 2124//2124 2135//2135
f 2135//2135 2124//2124 2134//2134
f 2127//2127 2126//2126 2136//2136
f 2136//2136 2126//2126 2135//2135
f 2137//2137 2129//2129 2127//2127
f 2137//2137 2127//2127 2138//2138
f 2138//2138 2127//2127 2136//2136
f 2138//2138 2139//2139 2140//2140
f 2137//2137 2138//2138 2140//2140
f 2139//2139 2141//2141 2142//2142
f 2140//2140 2139//2139 2142//2142
f 2132//2132 2142//2142 2141//2141
f 2132//2132 2141//2141 2130//2130
f 2130//2130 2141//2141 2143//2143
f 2028//2028 2143//2143 2029//2029
f 2028//2028 2133//2133 2143//2143
f 2133//2133 2130//2130 2143//2143
f 2020//2020 2133//2133 2028//2028
f 2026//2026 2033//2033 2134//2134
f 2036//2036 2134//2134 2033//2033
f 2135//2135 2134//2134 2036//2036
f 2038//2038 2135//2135 2036//2036
f 2136//2136 2135//2135 2038//2038
f 2040//2040 2136//2136 2038//2038
f 2138//2138 2136//2136 2040//2040
f 2042//2042 2138//2138 2040//2040
f 2139//2139 2138//2138 2042//2042
f 2044//2044 2139//2139 2042//2042
f 2141//2141 2139//2139 2044//2044
f 2045//2045 2141//2141 2044//2044
f 2143//2143 2141//2141 2045//2045
f 2029//2029 2143//2143 2045//2045
f 2057//2057 2056//2056 2144//2144
f 2057//2057 2145//2145 2058//2058
f 2144//2144 2145//2145 2057//2057
f 2058//2058 2146//2146 2059//2059
f 2145//2145 2146//2146 2058//2058
f 2059//2059 2146//2146 2060//2060
f 2069//2069 2068//2068 2147//2147
f 2069//2069 2144//2144 2056//2056
f 2069//2069 2147//2147 2144//2144
f 2147//2147 2148//2148 2144//2144
f 2145//2145 2144//2144 2149//2149
f 2149//2149 2144//2144 2148//2148
f 2146//2146 2145//2145 2150//2150
f 2150//2150 2145//2145 2149//2149
f 2060//2060 2151//2151 2070//2070
f 2060//2060 2146//2146 2151//2151
f 2146//2146 2150//2150 2151//2151
f 2070//2070 2151//2151 2071//2071
f 2080//2080 2079//2079 2152//2152
f 2080//2080 2147//2147 2068//2068
f 2080//2080 2152//2152 2147//2147
f 2152//2152 2153//2153 2147//2147
f 2148//2148 2147//2147 2154//2154
f 2154//2154 2147//2147 2153//2153
f 2149//2149 2148//2148 2155//2155
f 2155//2155 2148//2148 2154//2154
f 2150//2150 2149//2149 2156//2156
f 2156//2156 2149//2149 2155//2155
f 2151//2151 2150//2150 2157//2157
f 2157//2157 2150//2150 2156//2156
f 2071//2071 2158//2158 2081//2081
f 2071//2071 2151//2151 2158//2158
f 2151//2151 2157//2157 2158//2158
f 2081//2081 2158//2158 2082//2082
f 2152//2152 2089//2089 2159//2159
f 2079//2079 2089//2089 2152//2152
f 2153//2153 2152//2152 2160//2160
f 2160//2160 2152//2152 2159//2159
f 2154//2154 2153//2153 2161//2161
f 2161//2161 2153//2153 2160//2160
f 2155//2155 2154//2154 2162//2162
f 2162//2162 2154//2154 2161//2161
f 2156//2156 2155//2155 2163//2163
f 2163//2163 2155//2155 2162//2162
f 2157//2157 2156//2156 2164//2164
f 2164//2164 2156//2156 2163//2163
f 2158//2158 2157//2157 2165//2165
f 2165//2165 2157//2157 2164//2164
f 2082//2082 2165//2165 2091//2091
f 2158//2158 2165//2165 2082//2082
f 2159//2159 2097//2097 2166//2166
f 2089//2089 2097//2097 2159//2159
f 2160//2160 2159//2159 2167//2167
f 2167//2167 2159//2159 2166//2166
f 2161//2161 2160//2160 2168//2168
f 2168//2168 2160//2160 2167//2167
f 2162//2162 2161//2161 2169//2169
f 2169//2169 2161//2161 2168//2168
f 2163//2163 2162//2162 2170//2170
f 2170//2170 2162//2162 2169//2169
f 2164//2164 2163//2163 2171//2171
f 2171//2171 2163//2163 2170//2170
f 2165//2165 2164//2164 2172//2172
f 2172//2172 2164//2164 2171//2171
f 2091//2091 2172//2172 2099//2099
f 2165//2165 2172//2172 2091//2091
f 2166//2166 2105//2105 2173//2173
f 2097//2097 2105//2105 2166//2166
f 2167//2167 2166//2166 2174//2174
f 2174//2174 2166//2166 2173//2173
f 2168//2168 2167//2167 2175//2175
f 2175//2175 2167//2167 2174//2174
f 2169//2169 2168//2168 2176//2176
f 2176//2176 2168//2168 2175//2175
f 2170//2170 2169//2169 2177//2177
f 2177//2177 2169//2169 2176//2176
f 2171//2171 2170//2170 2178//2178
f 2178//2178 2170//2170 2177//2177
f 2172//2172 2171//2171 2179//2179
f 2179//2179 2171//2171 2178//2178
f 2099//2099 2179//2179 2107//2107
f 2172//2172 2179//2179 2099//2099
f 2173//2173 2111//2111 2180//2180
f 2105//2105 2111//2111 2173//2173
f 2174//2174 2173//2173 2181//2181
f 2181//2181 2173//2173 2180//2180
f 2175//2175 2174//2174 2182//2182
f 2182//2182 2174//2174 2181//2181
f 2176//2176 2175//2175 2183//2183
f 2183//2183 2175//2175 2182//2182
f 2177//2177 2176//2176 2184//2184
f 2184//2184 2176//2176 2183//2183
f 2178//2178 2177//2177 2185//2185
f 2185//2185 2177//2177 2184//2184
f 2113//2113 2185//2185 2114//2114
f 2113//2113 2179//2179 2185//2185
f 2179//2179 2178//2178 2185//2185
f 2107//2107 2179//2179 2113//2113
f 2180//2180 2119//2119 2186//2186
f 2111//2111 2119//2119 2180//2180
f 2181//2181 2180//2180 2187//2187
f 2187//2187 2180//2180 2186//2186
f 2182//2182 2181//2181 2188//2188
f 2188//2188 2181//2181 2187//2187
f 2183//2183 2182//2182 2189//2189
f 2189//2189 2182//2182 2188//2188
f 2184//2184 2183//2183 2190//2190
f 2190//2190 2183//2183 2189//2189
f 2185//2185 2184//2184 2191//2191
f 2191//2191 2184//2184 2190//2190
f 2114//2114 2191//2191 2121//2121
f 2185//2185 2191//2191 2114//2114
f 2119//2119 2125//2125 2186//2186
f 2128//2128 2186//2186 2125//2125
f 2187//2187 2186//2186 2128//2128
f 2129//2129 2187//2187 2128//2128
f 2129//2129 2192//2192 2187//2187
f 2192//2192 2188//2188 2187//2187
f 2189//2189 2188//2188 2193//2193
f 2193//2193 2188//2188 2192//2192
f 2190//2190 2189//2189 2194//2194
f 2194//2194 2189//2189 2193//2193
f 2131//2131 2194//2194 2132//2132
f 2131//2131 2191//2191 2194//2194
f 2191//2191 2190//2190 2194//2194
f 2121//2121 2191//2191 2131//2131
f 2129//2129 2137//2137 2192//2192
f 2140//2140 2192//2192 2137//2137
f 2193//2193 2192//2192 2140//2140
f 2142//2142 2193//2193 2140//2140
f 2194//2194 2193//2193 2142//2142
f 2132//2132 2194//2194 2142//2142
