# Murti generated mesh: 1310 verts, 2616 faces
o a_cube
v -0.341837 0.177419 -0.145161
v -0.338710 0.177419 -0.162262
v -0.338710 0.171905 -0.145161
v -0.338710 0.164841 -0.112903
v -0.345978 0.177419 -0.112903
v -0.338710 0.158992 -0.080645
v -0.350274 0.177419 -0.080645
v -0.338710 0.154518 -0.048387
v -0.355250 0.177419 -0.048387
v -0.338710 0.150372 -0.016129
v -0.359934 0.177419 -0.016129
v -0.338710 0.150194 0.016129
v -0.361336 0.177419 0.016129
v -0.338710 0.154013 0.048387
v -0.358440 0.177419 0.048387
v -0.338710 0.170270 0.080645
v -0.344970 0.177419 0.080645
v -0.338710 0.177419 0.089292
v -0.342015 0.209677 -0.177419
v -0.338710 0.209677 -0.185623
v -0.338710 0.192237 -0.177419
v -0.346606 0.209677 -0.145161
v -0.350748 0.209677 -0.112903
v -0.355788 0.209677 -0.080645
v -0.360735 0.209677 -0.048387
v -0.367727 0.209677 -0.016129
v -0.369043 0.209677 0.016129
v -0.366745 0.209677 0.048387
v -0.353075 0.209677 0.080645
v -0.338710 0.209677 0.101436
v -0.338710 0.223645 -0.177419
v -0.338851 0.241935 -0.145161
v -0.338710 0.241935 -0.146063
v -0.343694 0.241935 -0.112903
v -0.349304 0.241935 -0.080645
v -0.354860 0.241935 -0.048387
v -0.358792 0.241935 -0.016129
v -0.359710 0.241935 0.016129
v -0.357203 0.241935 0.048387
v -0.345140 0.241935 0.080645
v -0.338710 0.241935 0.089498
v -0.338710 0.242138 -0.145161
v -0.338710 0.248955 -0.112903
v -0.338710 0.256599 -0.080645
v -0.338710 0.262961 -0.048387
v -0.338710 0.267872 -0.016129
v -0.338710 0.267703 0.016129
v -0.338710 0.263647 0.048387
v -0.338710 0.249223 0.080645
v -0.312584 0.145161 -0.209677
v -0.306452 0.145161 -0.219736
v -0.306452 0.132333 -0.209677
v -0.306452 0.113413 -0.177419
v -0.321131 0.145161 -0.177419
v -0.306452 0.113882 -0.145161
v -0.323439 0.145161 -0.145161
v -0.306452 0.120501 -0.112903
v -0.325327 0.145161 -0.112903
v -0.306452 0.125234 -0.080645
v -0.326980 0.145161 -0.080645
v -0.306452 0.127532 -0.048387
v -0.329106 0.145161 -0.048387
v -0.306452 0.128839 -0.016129
v -0.332494 0.145161 -0.016129
v -0.306452 0.130516 0.016129
v -0.332113 0.145161 0.016129
v -0.306452 0.134274 0.048387
v -0.326390 0.145161 0.048387
v -0.306452 0.145054 0.080645
v -0.306594 0.145161 0.080645
v -0.306452 0.145161 0.080823
v -0.324673 0.177419 -0.209677
v -0.306452 0.177419 -0.240261
v -0.335502 0.177419 -0.177419
v -0.306452 0.165770 0.112903
v -0.318303 0.177419 0.112903
v -0.306452 0.177419 0.125941
v -0.310480 0.209677 -0.241935
v -0.306452 0.209677 -0.246089
v -0.306452 0.184967 -0.241935
v -0.328292 0.209677 -0.209677
v -0.328957 0.209677 0.112903
v -0.306452 0.209677 0.140452
v -0.306452 0.225394 -0.241935
v -0.322536 0.241935 -0.209677
v -0.306452 0.241935 -0.235498
v -0.333336 0.241935 -0.177419
v -0.321185 0.241935 0.112903
v -0.306452 0.241935 0.133826
v -0.306452 0.261864 -0.209677
v -0.307089 0.274194 -0.177419
v -0.306452 0.274194 -0.179013
v -0.313161 0.274194 -0.145161
v -0.317757 0.274194 -0.112903
v -0.323272 0.274194 -0.080645
v -0.328129 0.274194 -0.048387
v -0.332713 0.274194 -0.016129
v -0.332391 0.274194 0.016129
v -0.328301 0.274194 0.048387
v -0.315472 0.274194 0.080645
v -0.306452 0.274194 0.095990
v -0.306452 0.261372 0.112903
v -0.306452 0.274739 -0.177419
v -0.306452 0.279883 -0.145161
v -0.306452 0.283428 -0.112903
v -0.306452 0.287516 -0.080645
v -0.306452 0.290605 -0.048387
v -0.306452 0.293192 -0.016129
v -0.306452 0.292701 0.016129
v -0.306452 0.290225 0.048387
v -0.306452 0.281900 0.080645
v -0.275554 0.080645 -0.177419
v -0.274194 0.080645 -0.180405
v -0.274194 0.078962 -0.177419
v -0.274194 0.080645 -0.172650
v -0.289647 0.112903 -0.209677
v -0.274194 0.112903 -0.221521
v -0.274194 0.095170 -0.209677
v -0.306001 0.112903 -0.177419
v -0.274194 0.087131 -0.145161
v -0.305374 0.112903 -0.145161
v -0.274194 0.099548 -0.112903
v -0.295707 0.112903 -0.112903
v -0.274194 0.111145 -0.080645
v -0.278132 0.112903 -0.080645
v -0.274194 0.112903 -0.073141
v -0.275734 0.145161 -0.241935
v -0.274194 0.145161 -0.242702
v -0.274194 0.143740 -0.241935
v -0.274194 0.117929 -0.048387
v -0.274194 0.122716 -0.016129
v -0.274194 0.125132 0.016129
v -0.274194 0.128040 0.048387
v -0.274194 0.134606 0.080645
v -0.274194 0.145161 0.108777
v -0.304089 0.177419 -0.241935
v -0.274194 0.177419 -0.254840
v -0.274194 0.147058 0.112903
v -0.274194 0.164012 0.145161
v -0.288835 0.177419 0.145161
v -0.274194 0.177419 0.166219
v -0.274194 0.209677 -0.259440
v -0.302547 0.209677 0.145161
v -0.274194 0.193448 0.177419
v -0.280973 0.209677 0.177419
v -0.274194 0.209677 0.189564
v -0.297875 0.241935 -0.241935
v -0.274194 0.241935 -0.253045
v -0.298627 0.241935 0.145161
v -0.280703 0.241935 0.177419
v -0.274194 0.241935 0.189404
v -0.274194 0.256531 -0.241935
v -0.287935 0.274194 -0.209677
v -0.274194 0.274194 -0.221139
v -0.296627 0.274194 0.112903
v -0.279937 0.274194 0.145161
v -0.274194 0.274194 0.155004
v -0.274194 0.252643 0.177419
v -0.274194 0.281138 -0.209677
v -0.274194 0.289442 -0.177419
v -0.274194 0.295249 -0.145161
v -0.274194 0.299197 -0.112903
v -0.274359 0.306452 -0.080645
v -0.274194 0.306452 -0.081073
v -0.281463 0.306452 -0.048387
v -0.287257 0.306452 -0.016129
v -0.286908 0.306452 0.016129
v -0.283840 0.306452 0.048387
v -0.274194 0.306452 0.078189
v -0.274194 0.305757 0.080645
v -0.274194 0.293764 0.112903
v -0.274194 0.280136 0.145161
v -0.274194 0.306565 -0.080645
v -0.274194 0.311695 -0.048387
v -0.274194 0.316056 -0.016129
v -0.274194 0.316173 0.016129
v -0.274194 0.313998 0.048387
v -0.241935 0.080645 -0.199907
v -0.241935 0.065843 -0.177419
v -0.241935 0.079798 -0.145161
v -0.245370 0.080645 -0.145161
v -0.241935 0.080645 -0.144013
v -0.241935 0.112903 -0.225209
v -0.241935 0.086959 -0.209677
v -0.241935 0.095118 -0.112903
v -0.241935 0.105241 -0.080645
v -0.241935 0.112903 -0.051873
v -0.241935 0.145161 -0.243710
v -0.241935 0.141558 -0.241935
v -0.241935 0.113882 -0.048387
v -0.241935 0.121043 -0.016129
v -0.241935 0.124376 0.016129
v -0.241935 0.127448 0.048387
v -0.241935 0.130692 0.080645
v -0.241935 0.138096 0.112903
v -0.267925 0.145161 0.112903
v -0.241935 0.145161 0.139425
v -0.241935 0.177419 -0.255304
v -0.241935 0.146893 0.145161
v -0.241935 0.155348 0.177419
v -0.265912 0.177419 0.177419
v -0.241935 0.164605 0.209677
v -0.251420 0.177419 0.209677
v -0.241935 0.176723 0.241935
v -0.242357 0.177419 0.241935
v -0.241935 0.177419 0.242640
v -0.241935 0.209677 -0.260111
v -0.263207 0.209677 0.209677
v -0.251416 0.209677 0.241935
v -0.241935 0.209677 0.257860
v -0.241935 0.241935 -0.256335
v -0.263783 0.241935 0.209677
v -0.252308 0.241935 0.241935
v -0.241935 0.241935 0.257872
v -0.241935 0.264123 -0.241935
v -0.241935 0.274194 -0.231875
v -0.262211 0.274194 0.177419
v -0.250542 0.274194 0.209677
v -0.241935 0.274194 0.233371
v -0.241935 0.266688 0.241935
v -0.241935 0.288216 -0.209677
v -0.241935 0.297665 -0.177419
v -0.245780 0.306452 -0.145161
v -0.241935 0.306452 -0.150055
v -0.259831 0.306452 -0.112903
v -0.273266 0.306452 0.080645
v -0.258553 0.306452 0.112903
v -0.245268 0.306452 0.145161
v -0.241935 0.306452 0.153962
v -0.241935 0.298038 0.177419
v -0.241935 0.284804 0.209677
v -0.241935 0.308213 -0.145161
v -0.241935 0.315526 -0.112903
v -0.241935 0.323510 -0.080645
v -0.241935 0.329093 -0.048387
v -0.241935 0.334890 -0.016129
v -0.241935 0.336097 0.016129
v -0.241935 0.334948 0.048387
v -0.241935 0.329230 0.080645
v -0.241935 0.321596 0.112903
v -0.241935 0.309787 0.145161
v -0.210862 0.080645 -0.177419
v -0.239312 0.080645 -0.145161
v -0.209677 0.112903 -0.216554
v -0.209677 0.102239 -0.209677
v -0.209677 0.081091 -0.177419
v -0.209677 0.087713 -0.145161
v -0.209677 0.097337 -0.112903
v -0.209677 0.105516 -0.080645
v -0.209677 0.112003 -0.048387
v -0.225534 0.112903 -0.048387
v -0.209677 0.112903 -0.045048
v -0.235807 0.145161 -0.241935
v -0.209677 0.145161 -0.233687
v -0.209677 0.119450 -0.016129
v -0.209677 0.123267 0.016129
v -0.209677 0.126325 0.048387
v -0.209677 0.128500 0.080645
v -0.209677 0.131673 0.112903
v -0.209677 0.133377 0.145161
v -0.238205 0.145161 0.145161
v -0.209677 0.135102 0.177419
v -0.225392 0.145161 0.177419
v -0.209677 0.135410 0.209677
v -0.219870 0.145161 0.209677
v -0.209677 0.138895 0.241935
v -0.214447 0.145161 0.241935
v -0.209677 0.145161 0.249686
v -0.209677 0.177419 -0.250022
v -0.209677 0.159414 -0.241935
v -0.209677 0.163067 0.274194
v -0.219612 0.177419 0.274194
v -0.209677 0.177419 0.282777
v -0.209677 0.209677 -0.256548
v -0.229774 0.209677 0.274194
v -0.209677 0.209677 0.289956
v -0.209677 0.241935 -0.254119
v -0.229185 0.241935 0.274194
v -0.209677 0.241935 0.290178
v -0.209677 0.265860 -0.241935
v -0.209677 0.274194 -0.235716
v -0.238180 0.274194 0.241935
v -0.214344 0.274194 0.274194
v -0.209677 0.274194 0.278227
v -0.209677 0.293214 -0.209677
v -0.212756 0.306452 -0.177419
v -0.209677 0.306452 -0.179646
v -0.234093 0.306452 0.177419
v -0.223681 0.306452 0.209677
v -0.212175 0.306452 0.241935
v -0.209677 0.306452 0.245039
v -0.209677 0.279330 0.274194
v -0.209677 0.307521 -0.177419
v -0.209677 0.320418 -0.145161
v -0.209677 0.329736 -0.112903
v -0.216558 0.338710 -0.080645
v -0.209677 0.338710 -0.091101
v -0.228645 0.338710 -0.048387
v -0.237091 0.338710 -0.016129
v -0.238726 0.338710 0.016129
v -0.237283 0.338710 0.048387
v -0.230874 0.338710 0.080645
v -0.223318 0.338710 0.112903
v -0.214917 0.338710 0.145161
v -0.209677 0.338710 0.159297
v -0.209677 0.332057 0.177419
v -0.209677 0.321849 0.209677
v -0.209677 0.309011 0.241935
v -0.209677 0.343393 -0.080645
v -0.209677 0.351740 -0.048387
v -0.209677 0.356767 -0.016129
v -0.209677 0.357913 0.016129
v -0.209677 0.357235 0.048387
v -0.209677 0.354733 0.080645
v -0.209677 0.350102 0.112903
v -0.209677 0.343700 0.145161
v -0.192127 0.112903 -0.209677
v -0.177419 0.112903 -0.200183
v -0.177419 0.094694 -0.177419
v -0.177419 0.095218 -0.145161
v -0.177419 0.100747 -0.112903
v -0.177419 0.105516 -0.080645
v -0.177419 0.109746 -0.048387
v -0.177419 0.112903 -0.035056
v -0.177419 0.145161 -0.225593
v -0.177419 0.120545 -0.209677
v -0.177419 0.117075 -0.016129
v -0.177419 0.121297 0.016129
v -0.177419 0.125525 0.048387
v -0.177419 0.126988 0.080645
v -0.177419 0.129531 0.112903
v -0.177419 0.129258 0.145161
v -0.177419 0.128153 0.177419
v -0.177419 0.124033 0.209677
v -0.177419 0.121200 0.241935
v -0.177419 0.140976 0.274194
v -0.183295 0.145161 0.274194
v -0.177419 0.145161 0.276863
v -0.177419 0.177419 -0.244054
v -0.177419 0.173558 -0.241935
v -0.177419 0.177419 0.294746
v -0.177419 0.209677 -0.252968
v -0.177419 0.209677 0.300738
v -0.177419 0.241935 -0.252409
v -0.177419 0.241935 0.301296
v -0.177419 0.267301 -0.241935
v -0.177419 0.274194 -0.237972
v -0.177419 0.274194 0.292196
v -0.177419 0.298373 -0.209677
v -0.177419 0.306452 -0.196392
v -0.177419 0.303214 0.274194
v -0.177419 0.306452 0.270905
v -0.177419 0.316462 -0.177419
v -0.177419 0.329259 -0.145161
v -0.189030 0.338710 -0.112903
v -0.177419 0.338710 -0.123935
v -0.200523 0.338710 0.177419
v -0.186395 0.338710 0.209677
v -0.177419 0.338710 0.227084
v -0.177419 0.332430 0.241935
v -0.177419 0.344105 -0.112903
v -0.177419 0.355405 -0.080645
v -0.177419 0.362512 -0.048387
v -0.177419 0.369246 -0.016129
v -0.177419 0.370753 0.016129
v -0.177419 0.370170 0.048387
v -0.177419 0.366548 0.080645
v -0.177419 0.364596 0.112903
v -0.177419 0.359779 0.145161
v -0.177419 0.354387 0.177419
v -0.177419 0.345131 0.209677
v -0.145161 0.112903 -0.185930
v -0.145161 0.106085 -0.177419
v -0.145161 0.100685 -0.145161
v -0.145161 0.101010 -0.112903
v -0.145161 0.102447 -0.080645
v -0.145161 0.103898 -0.048387
v -0.145161 0.108192 -0.016129
v -0.161906 0.112903 -0.016129
v -0.145161 0.112903 0.011436
v -0.145161 0.145161 -0.218436
v -0.145161 0.132666 -0.209677
v -0.145161 0.113754 0.016129
v -0.145161 0.120250 0.048387
v -0.145161 0.123112 0.080645
v -0.145161 0.125918 0.112903
v -0.145161 0.126820 0.145161
v -0.145161 0.125969 0.177419
v -0.145161 0.123262 0.209677
v -0.145161 0.120964 0.241935
v -0.145161 0.136754 0.274194
v -0.145161 0.145161 0.280206
v -0.167624 0.177419 -0.241935
v -0.145161 0.177419 -0.236858
v -0.145161 0.177419 0.298899
v -0.145161 0.209677 -0.250367
v -0.145161 0.188351 -0.241935
v -0.145161 0.209677 0.305707
v -0.145161 0.241935 -0.251545
v -0.145161 0.227507 0.306452
v -0.148347 0.241935 0.306452
v -0.145161 0.241935 0.306975
v -0.152350 0.274194 -0.241935
v -0.145161 0.274194 -0.242958
v -0.145161 0.243479 0.306452
v -0.145161 0.274194 0.296911
v -0.145161 0.275549 -0.241935
v -0.152245 0.306452 -0.209677
v -0.145161 0.306452 -0.212680
v -0.170523 0.306452 0.274194
v -0.145161 0.306452 0.282068
v -0.145161 0.308797 -0.209677
v -0.145161 0.325340 -0.177419
v -0.155486 0.338710 -0.145161
v -0.145161 0.338710 -0.153525
v -0.163998 0.338710 0.241935
v -0.145161 0.338710 0.251035
v -0.145161 0.316965 0.274194
v -0.145161 0.343607 -0.145161
v -0.145161 0.354449 -0.112903
v -0.145161 0.364704 -0.080645
v -0.153111 0.370968 -0.048387
v -0.145161 0.370968 -0.058290
v -0.172883 0.370968 -0.016129
v -0.176817 0.370968 0.016129
v -0.174933 0.370968 0.048387
v -0.164234 0.370968 0.080645
v -0.159158 0.370968 0.112903
v -0.145222 0.370968 0.145161
v -0.145161 0.370968 0.145282
v -0.145161 0.365072 0.177419
v -0.145161 0.356813 0.209677
v -0.145161 0.346580 0.241935
v -0.145161 0.373929 -0.048387
v -0.145161 0.379593 -0.016129
v -0.145161 0.380095 0.016129
v -0.145161 0.378789 0.048387
v -0.145161 0.376845 0.080645
v -0.145161 0.375407 0.112903
v -0.145161 0.370990 0.145161
v -0.112903 0.112903 -0.179018
v -0.112903 0.111511 -0.177419
v -0.112903 0.101755 -0.145161
v -0.112903 0.099502 -0.112903
v -0.112903 0.097625 -0.080645
v -0.112903 0.097575 -0.048387
v -0.112903 0.099988 -0.016129
v -0.112903 0.103652 0.016129
v -0.142619 0.112903 0.016129
v -0.112903 0.110361 0.048387
v -0.119904 0.112903 0.048387
v -0.112903 0.112903 0.060709
v -0.112903 0.145161 -0.215426
v -0.112903 0.137736 -0.209677
v -0.112903 0.116903 0.080645
v -0.112903 0.122212 0.112903
v -0.112903 0.125044 0.145161
v -0.112903 0.125923 0.177419
v -0.112903 0.125848 0.209677
v -0.112903 0.126646 0.241935
v -0.112903 0.142934 0.274194
v -0.112903 0.145161 0.276049
v -0.112903 0.177419 -0.235208
v -0.112903 0.177419 0.294649
v -0.112903 0.209677 -0.249244
v -0.112903 0.191867 -0.241935
v -0.112903 0.209677 0.302250
v -0.112903 0.241935 -0.252706
v -0.136437 0.241935 0.306452
v -0.112903 0.241935 0.304954
v -0.112903 0.274194 -0.247004
v -0.112903 0.274194 0.297425
v -0.112903 0.282045 -0.241935
v -0.112903 0.306452 -0.223129
v -0.112903 0.306452 0.283621
v -0.112903 0.318015 -0.209677
v -0.112903 0.335829 -0.177419
v -0.112903 0.338710 -0.172921
v -0.112903 0.319753 0.274194
v -0.112903 0.338710 0.255999
v -0.112903 0.352544 -0.145161
v -0.112903 0.360575 -0.112903
v -0.121274 0.370968 -0.080645
v -0.112903 0.370968 -0.086064
v -0.118586 0.370968 0.177419
v -0.112903 0.370968 0.181459
v -0.112903 0.362171 0.209677
v -0.112903 0.351991 0.241935
v -0.112903 0.373285 -0.080645
v -0.112903 0.380165 -0.048387
v -0.112903 0.383866 -0.016129
v -0.112903 0.384197 0.016129
v -0.112903 0.383518 0.048387
v -0.112903 0.381917 0.080645
v -0.112903 0.381040 0.112903
v -0.112903 0.376901 0.145161
v -0.112903 0.372201 0.177419
v -0.104653 0.112903 -0.177419
v -0.080645 0.112903 -0.168107
v -0.080645 0.104874 -0.145161
v -0.080645 0.099558 -0.112903
v -0.080645 0.095444 -0.080645
v -0.080645 0.093464 -0.048387
v -0.080645 0.094277 -0.016129
v -0.080645 0.097633 0.016129
v -0.080645 0.103747 0.048387
v -0.080645 0.110533 0.080645
v -0.091838 0.112903 0.080645
v -0.080645 0.112903 0.089110
v -0.080645 0.145161 -0.214573
v -0.080645 0.139130 -0.209677
v -0.080645 0.116396 -0.177419
v -0.080645 0.119084 0.112903
v -0.080645 0.124126 0.145161
v -0.080645 0.128103 0.177419
v -0.080645 0.130855 0.209677
v -0.080645 0.136039 0.241935
v -0.107456 0.145161 0.274194
v -0.080645 0.145161 0.257814
v -0.080645 0.177419 -0.235828
v -0.080645 0.156092 0.274194
v -0.080645 0.177419 0.287912
v -0.080645 0.209677 -0.250741
v -0.080645 0.189268 -0.241935
v -0.080645 0.209677 0.295141
v -0.080645 0.241935 -0.254801
v -0.080645 0.241935 0.299076
v -0.080645 0.274194 -0.252448
v -0.080645 0.274194 0.293941
v -0.080645 0.293121 -0.241935
v -0.080645 0.306452 -0.232416
v -0.080645 0.306452 0.281981
v -0.080645 0.327824 -0.209677
v -0.105818 0.338710 -0.177419
v -0.080645 0.338710 -0.192934
v -0.080645 0.317847 0.274194
v -0.080645 0.338710 0.255702
v -0.080645 0.347770 -0.177419
v -0.080645 0.359274 -0.145161
v -0.080645 0.367034 -0.112903
v -0.080645 0.370968 -0.101834
v -0.080645 0.364802 0.209677
v -0.080645 0.370968 0.191756
v -0.080645 0.352060 0.241935
v -0.080645 0.377663 -0.080645
v -0.080645 0.382698 -0.048387
v -0.080645 0.385751 -0.016129
v -0.080645 0.386486 0.016129
v -0.080645 0.385976 0.048387
v -0.080645 0.385364 0.080645
v -0.080645 0.384392 0.112903
v -0.080645 0.380956 0.145161
v -0.080645 0.375321 0.177419
v -0.048387 0.112903 -0.149051
v -0.048387 0.111635 -0.145161
v -0.048387 0.106066 -0.112903
v -0.048387 0.099474 -0.080645
v -0.048387 0.095243 -0.048387
v -0.048387 0.094146 -0.016129
v -0.048387 0.096624 0.016129
v -0.048387 0.102479 0.048387
v -0.048387 0.108714 0.080645
v -0.048387 0.112903 0.095561
v -0.048387 0.145161 -0.213772
v -0.048387 0.140603 -0.209677
v -0.048387 0.121571 -0.177419
v -0.048387 0.117770 0.112903
v -0.048387 0.124228 0.145161
v -0.048387 0.130433 0.177419
v -0.048387 0.136169 0.209677
v -0.050382 0.145161 0.241935
v -0.048387 0.145161 0.240063
v -0.048387 0.177419 -0.236794
v -0.048387 0.145771 0.241935
v -0.048387 0.171854 0.274194
v -0.048387 0.177419 0.277697
v -0.048387 0.209677 -0.250496
v -0.048387 0.187962 -0.241935
v -0.048387 0.209677 0.288260
v -0.048387 0.241935 -0.255171
v -0.048387 0.241935 0.292412
v -0.048387 0.274194 -0.252996
v -0.048387 0.274194 0.290025
v -0.048387 0.298190 -0.241935
v -0.048387 0.306452 -0.236849
v -0.048387 0.306452 0.278280
v -0.048387 0.334333 -0.209677
v -0.048387 0.338710 -0.203483
v -0.048387 0.312544 0.274194
v -0.048387 0.338710 0.253534
v -0.048387 0.352674 -0.177419
v -0.048387 0.363641 -0.145161
v -0.052546 0.370968 -0.112903
v -0.048387 0.370968 -0.115200
v -0.048387 0.365339 0.209677
v -0.048387 0.370968 0.196505
v -0.048387 0.351063 0.241935
v -0.048387 0.371564 -0.112903
v -0.048387 0.379863 -0.080645
v -0.048387 0.383688 -0.048387
v -0.048387 0.386716 -0.016129
v -0.048387 0.387930 0.016129
v -0.048387 0.388305 0.048387
v -0.048387 0.387987 0.080645
v -0.048387 0.387715 0.112903
v -0.048387 0.383857 0.145161
v -0.048387 0.377810 0.177419
v -0.044019 0.112903 -0.145161
v -0.021322 0.112903 -0.112903
v -0.016129 0.112903 -0.107982
v -0.016129 0.106092 -0.080645
v -0.016129 0.100242 -0.048387
v -0.016129 0.098066 -0.016129
v -0.016129 0.098954 0.016129
v -0.016129 0.103910 0.048387
v -0.016129 0.108396 0.080645
v -0.016129 0.112903 0.098936
v -0.016129 0.145161 -0.211213
v -0.016129 0.143499 -0.209677
v -0.016129 0.126548 -0.177419
v -0.016129 0.119480 -0.145161
v -0.016129 0.114181 -0.112903
v -0.016129 0.116480 0.112903
v -0.016129 0.123118 0.145161
v -0.016129 0.130800 0.177419
v -0.016129 0.139293 0.209677
v -0.016129 0.145161 0.225804
v -0.016129 0.177419 -0.234658
v -0.016129 0.151454 0.241935
v -0.035942 0.177419 0.274194
v -0.016129 0.177419 0.267286
v -0.016129 0.209677 -0.249126
v -0.016129 0.192380 -0.241935
v -0.016129 0.189061 0.274194
v -0.016129 0.209677 0.282155
v -0.016129 0.241935 -0.253610
v -0.016129 0.241935 0.287877
v -0.016129 0.274194 -0.252163
v -0.016129 0.274194 0.285774
v -0.016129 0.296617 -0.241935
v -0.016129 0.306452 -0.236206
v -0.021069 0.306452 0.274194
v -0.016129 0.304835 0.274194
v -0.016129 0.306452 0.273230
v -0.016129 0.337813 -0.209677
v -0.016129 0.338710 -0.208519
v -0.016129 0.338710 0.250495
v -0.016129 0.355613 -0.177419
v -0.016129 0.366489 -0.145161
v -0.016129 0.370968 -0.126711
v -0.016129 0.365588 0.209677
v -0.016129 0.370968 0.198556
v -0.016129 0.348474 0.241935
v -0.016129 0.374154 -0.112903
v -0.016129 0.380777 -0.080645
v -0.016129 0.384309 -0.048387
v -0.016129 0.387389 -0.016129
v -0.016129 0.389011 0.016129
v -0.016129 0.390284 0.048387
v -0.016129 0.391010 0.080645
v -0.016129 0.390973 0.112903
v -0.016129 0.386830 0.145161
v -0.016129 0.379262 0.177419
v 0.016129 0.112903 -0.101320
v 0.016129 0.107634 -0.080645
v 0.016129 0.101506 -0.048387
v 0.016129 0.098931 -0.016129
v 0.016129 0.098481 0.016129
v 0.016129 0.100692 0.048387
v 0.016129 0.103711 0.080645
v 0.016129 0.109002 0.112903
v -0.000808 0.112903 0.112903
v 0.016129 0.112903 0.132752
v 0.016129 0.145161 -0.212250
v 0.016129 0.142407 -0.209677
v 0.016129 0.125574 -0.177419
v 0.016129 0.120136 -0.145161
v 0.016129 0.115856 -0.112903
v 0.016129 0.115606 0.145161
v 0.016129 0.124348 0.177419
v 0.016129 0.134873 0.209677
v 0.016129 0.145161 0.230233
v 0.016129 0.177419 -0.234233
v 0.016129 0.151830 0.241935
v 0.016129 0.177419 0.262753
v 0.016129 0.209677 -0.246870
v 0.016129 0.196137 -0.241935
v 0.016129 0.200861 0.274194
v 0.016129 0.209677 0.277483
v 0.016129 0.241935 -0.251891
v 0.016129 0.241935 0.284400
v 0.016129 0.274194 -0.249323
v 0.016129 0.274194 0.282634
v 0.016129 0.290829 -0.241935
v 0.016129 0.306452 -0.233848
v 0.016129 0.292530 0.274194
v 0.016129 0.306452 0.266026
v 0.016129 0.337577 -0.209677
v 0.016129 0.338710 -0.208327
v 0.016129 0.338710 0.245502
v 0.016129 0.357106 -0.177419
v 0.016129 0.369286 -0.145161
v 0.016129 0.370968 -0.138424
v 0.016129 0.364641 0.209677
v 0.016129 0.370968 0.198324
v 0.016129 0.343248 0.241935
v 0.016129 0.376320 -0.112903
v 0.016129 0.382610 -0.080645
v 0.016129 0.385772 -0.048387
v 0.016129 0.388524 -0.016129
v 0.016129 0.390484 0.016129
v 0.016129 0.392696 0.048387
v 0.016129 0.394038 0.080645
v 0.016129 0.394266 0.112903
v 0.016129 0.389313 0.145161
v 0.016129 0.380333 0.177419
v 0.033665 0.112903 -0.112903
v 0.048387 0.112903 -0.128717
v 0.048387 0.110357 -0.112903
v 0.048387 0.104197 -0.080645
v 0.048387 0.099147 -0.048387
v 0.048387 0.096281 -0.016129
v 0.048387 0.095063 0.016129
v 0.048387 0.095872 0.048387
v 0.048387 0.097271 0.080645
v 0.048387 0.100187 0.112903
v 0.048387 0.104213 0.145161
v 0.022758 0.112903 0.145161
v 0.048387 0.111965 0.177419
v 0.045919 0.112903 0.177419
v 0.048387 0.112903 0.180280
v 0.048387 0.145161 -0.215602
v 0.048387 0.138140 -0.209677
v 0.048387 0.121246 -0.177419
v 0.048387 0.115616 -0.145161
v 0.048387 0.124601 0.209677
v 0.048387 0.143940 0.241935
v 0.043936 0.145161 0.241935
v 0.048387 0.145161 0.243049
v 0.048387 0.177419 -0.234320
v 0.048387 0.177419 0.263674
v 0.048387 0.209677 -0.246163
v 0.048387 0.197517 -0.241935
v 0.048387 0.206708 0.274194
v 0.048387 0.209677 0.275114
v 0.048387 0.241935 -0.250582
v 0.048387 0.241935 0.281782
v 0.048387 0.274194 -0.248478
v 0.048387 0.274194 0.277899
v 0.048387 0.287946 -0.241935
v 0.048387 0.306452 -0.232362
v 0.048387 0.281977 0.274194
v 0.048387 0.306452 0.261288
v 0.048387 0.338474 -0.209677
v 0.048387 0.338710 -0.209418
v 0.036209 0.338710 0.241935
v 0.048387 0.335739 0.241935
v 0.048387 0.338710 0.239016
v 0.048387 0.359286 -0.177419
v 0.030099 0.370968 -0.145161
v 0.048387 0.370968 -0.149968
v 0.048387 0.362016 0.209677
v 0.048387 0.370968 0.195236
v 0.048387 0.372973 -0.145161
v 0.048387 0.379424 -0.112903
v 0.048387 0.384594 -0.080645
v 0.048387 0.387649 -0.048387
v 0.048387 0.390716 -0.016129
v 0.048387 0.392989 0.016129
v 0.048387 0.395696 0.048387
v 0.048387 0.397666 0.080645
v 0.048387 0.397999 0.112903
v 0.048387 0.391311 0.145161
v 0.048387 0.379971 0.177419
v 0.078513 0.112903 -0.177419
v 0.080645 0.112903 -0.178591
v 0.080645 0.112243 -0.177419
v 0.080645 0.106781 -0.145161
v 0.058063 0.112903 -0.145161
v 0.080645 0.104810 -0.112903
v 0.080645 0.100714 -0.080645
v 0.080645 0.096972 -0.048387
v 0.080645 0.094090 -0.016129
v 0.080645 0.092380 0.016129
v 0.080645 0.092587 0.048387
v 0.080645 0.092804 0.080645
v 0.080645 0.094183 0.112903
v 0.080645 0.096945 0.145161
v 0.080645 0.102813 0.177419
v 0.080645 0.112068 0.209677
v 0.078293 0.112903 0.209677
v 0.080645 0.112903 0.211360
v 0.080645 0.145161 -0.219114
v 0.080645 0.132437 -0.209677
v 0.080645 0.139380 0.241935
v 0.080645 0.145161 0.245857
v 0.080645 0.177419 -0.234238
v 0.080645 0.177419 0.262505
v 0.080645 0.209677 -0.244216
v 0.080645 0.202273 -0.241935
v 0.056398 0.209677 0.274194
v 0.080645 0.209677 0.271150
v 0.080645 0.241935 -0.248817
v 0.080645 0.226982 0.274194
v 0.080645 0.241935 0.276516
v 0.080645 0.274194 -0.245586
v 0.067294 0.274194 0.274194
v 0.080645 0.256643 0.274194
v 0.080645 0.274194 0.271179
v 0.080645 0.282330 -0.241935
v 0.080645 0.306452 -0.231250
v 0.080645 0.306452 0.254950
v 0.080645 0.337814 -0.209677
v 0.080645 0.338710 -0.208745
v 0.080645 0.325515 0.241935
v 0.080645 0.338710 0.229528
v 0.080645 0.360088 -0.177419
v 0.080645 0.370968 -0.156087
v 0.080645 0.356277 0.209677
v 0.080645 0.370968 0.189617
v 0.080645 0.376045 -0.145161
v 0.080645 0.382221 -0.112903
v 0.080645 0.386766 -0.080645
v 0.080645 0.389752 -0.048387
v 0.080645 0.392760 -0.016129
v 0.080645 0.395610 0.016129
v 0.080645 0.398503 0.048387
v 0.080645 0.400076 0.080645
v 0.080645 0.399382 0.112903
v 0.080645 0.391784 0.145161
v 0.080645 0.378451 0.177419
v 0.112903 0.112903 -0.192588
v 0.112903 0.103201 -0.177419
v 0.112903 0.099368 -0.145161
v 0.112903 0.098180 -0.112903
v 0.112903 0.096243 -0.080645
v 0.112903 0.093650 -0.048387
v 0.112903 0.090837 -0.016129
v 0.112903 0.088977 0.016129
v 0.112903 0.088476 0.048387
v 0.112903 0.088337 0.080645
v 0.112903 0.088359 0.112903
v 0.112903 0.089440 0.145161
v 0.112903 0.095214 0.177419
v 0.112903 0.105150 0.209677
v 0.112903 0.112903 0.222485
v 0.112903 0.145161 -0.220076
v 0.112903 0.127911 -0.209677
v 0.112903 0.136431 0.241935
v 0.112903 0.145161 0.246815
v 0.112903 0.177419 -0.232511
v 0.112903 0.177419 0.260178
v 0.107555 0.209677 -0.241935
v 0.112903 0.209677 -0.241454
v 0.112903 0.209677 0.266573
v 0.112903 0.241935 -0.246074
v 0.112903 0.212668 -0.241935
v 0.092620 0.241935 0.274194
v 0.112903 0.241935 0.270108
v 0.112903 0.274194 -0.243252
v 0.112903 0.274194 0.263514
v 0.112903 0.276967 -0.241935
v 0.112903 0.306452 -0.229482
v 0.112903 0.306452 0.247285
v 0.112903 0.337875 -0.209677
v 0.112903 0.338710 -0.208867
v 0.112903 0.313791 0.241935
v 0.112903 0.338710 0.221313
v 0.112903 0.362216 -0.177419
v 0.112903 0.370968 -0.161930
v 0.112903 0.350253 0.209677
v 0.112903 0.370968 0.183327
v 0.112903 0.378656 -0.145161
v 0.112903 0.384433 -0.112903
v 0.112903 0.389127 -0.080645
v 0.112903 0.392255 -0.048387
v 0.112903 0.395994 -0.016129
v 0.112903 0.398430 0.016129
v 0.112903 0.401571 0.048387
v 0.112903 0.402473 0.080645
v 0.112903 0.400318 0.112903
v 0.112903 0.390900 0.145161
v 0.112903 0.375022 0.177419
v 0.145161 0.112903 -0.197974
v 0.145161 0.094979 -0.177419
v 0.145161 0.091693 -0.145161
v 0.145161 0.091955 -0.112903
v 0.145161 0.091569 -0.080645
v 0.145161 0.089255 -0.048387
v 0.145161 0.086830 -0.016129
v 0.145161 0.083509 0.016129
v 0.145161 0.083030 0.048387
v 0.145161 0.080709 0.080645
v 0.145161 0.081558 0.112903
v 0.145161 0.082004 0.145161
v 0.145161 0.089828 0.177419
v 0.145161 0.103404 0.209677
v 0.145161 0.112903 0.221565
v 0.145161 0.145161 -0.219140
v 0.145161 0.126737 -0.209677
v 0.133415 0.145161 0.241935
v 0.145161 0.145161 0.239088
v 0.145161 0.177419 -0.229987
v 0.145161 0.150141 0.241935
v 0.145161 0.177419 0.253559
v 0.145161 0.209677 -0.237045
v 0.145161 0.209677 0.260010
v 0.144115 0.241935 -0.241935
v 0.145161 0.241935 -0.241780
v 0.145161 0.241935 0.263691
v 0.120636 0.274194 -0.241935
v 0.145161 0.274194 -0.237991
v 0.145161 0.274194 0.258360
v 0.145161 0.306452 -0.226544
v 0.136088 0.306452 0.241935
v 0.145161 0.303357 0.241935
v 0.145161 0.306452 0.239679
v 0.145161 0.332905 -0.209677
v 0.145161 0.338710 -0.204266
v 0.145161 0.338710 0.213993
v 0.145161 0.361266 -0.177419
v 0.145161 0.370968 -0.161715
v 0.145161 0.343275 0.209677
v 0.145161 0.370968 0.178063
v 0.145161 0.379014 -0.145161
v 0.145161 0.385284 -0.112903
v 0.145161 0.390581 -0.080645
v 0.145161 0.394443 -0.048387
v 0.145161 0.398113 -0.016129
v 0.145161 0.400754 0.016129
v 0.139676 0.403226 0.048387
v 0.145161 0.403226 0.044719
v 0.133912 0.403226 0.080645
v 0.145161 0.403226 0.084338
v 0.145161 0.400157 0.112903
v 0.145161 0.389568 0.145161
v 0.145161 0.371460 0.177419
v 0.145161 0.403558 0.048387
v 0.145161 0.403612 0.080645
v 0.176902 0.080645 -0.016129
v 0.177419 0.080645 -0.016789
v 0.177419 0.080532 -0.016129
v 0.177419 0.077031 0.016129
v 0.158814 0.080645 0.016129
v 0.177419 0.075167 0.048387
v 0.154118 0.080645 0.048387
v 0.177419 0.073955 0.080645
v 0.145405 0.080645 0.080645
v 0.177419 0.074209 0.112903
v 0.148588 0.080645 0.112903
v 0.177419 0.077321 0.145161
v 0.153760 0.080645 0.145161
v 0.177419 0.080645 0.155267
v 0.177419 0.112903 -0.197717
v 0.177419 0.092826 -0.177419
v 0.177419 0.087531 -0.145161
v 0.177419 0.088148 -0.112903
v 0.177419 0.087774 -0.080645
v 0.177419 0.085670 -0.048387
v 0.177419 0.089386 0.177419
v 0.177419 0.111400 0.209677
v 0.177419 0.112903 0.211057
v 0.177419 0.145161 -0.216650
v 0.177419 0.130250 -0.209677
v 0.177419 0.145161 0.226668
v 0.177419 0.177419 -0.227629
v 0.176089 0.177419 0.241935
v 0.177419 0.177419 0.241402
v 0.177419 0.209677 -0.233919
v 0.177419 0.178827 0.241935
v 0.177419 0.209677 0.251815
v 0.177419 0.241935 -0.237955
v 0.177419 0.241935 0.256652
v 0.177419 0.274194 -0.234744
v 0.177419 0.274194 0.252043
v 0.177419 0.306452 -0.223921
v 0.177419 0.292985 0.241935
v 0.177419 0.306452 0.233742
v 0.177419 0.328021 -0.209677
v 0.177419 0.338710 -0.199817
v 0.172673 0.338710 0.209677
v 0.177419 0.337873 0.209677
v 0.177419 0.338710 0.208898
v 0.177419 0.358442 -0.177419
v 0.177419 0.370968 -0.157069
v 0.150757 0.370968 0.177419
v 0.177419 0.368456 0.177419
v 0.177419 0.370968 0.174296
v 0.177419 0.377132 -0.145161
v 0.177419 0.384470 -0.112903
v 0.177419 0.390547 -0.080645
v 0.177419 0.394940 -0.048387
v 0.177419 0.400236 -0.016129
v 0.177419 0.402492 0.016129
v 0.177419 0.403226 0.023589
v 0.177419 0.401306 0.112903
v 0.177419 0.403226 0.095411
v 0.177419 0.388857 0.145161
v 0.177419 0.405515 0.048387
v 0.177419 0.404682 0.080645
v 0.209677 0.080645 -0.018096
v 0.209677 0.080231 -0.016129
v 0.209677 0.074767 0.016129
v 0.209677 0.072710 0.048387
v 0.209677 0.071674 0.080645
v 0.209677 0.073387 0.112903
v 0.209677 0.080608 0.145161
v 0.209677 0.080645 0.145235
v 0.209677 0.112903 -0.188021
v 0.209677 0.101868 -0.177419
v 0.209677 0.092703 -0.145161
v 0.209677 0.091808 -0.112903
v 0.209677 0.090127 -0.080645
v 0.209677 0.086747 -0.048387
v 0.209677 0.098902 0.177419
v 0.179411 0.112903 0.209677
v 0.209677 0.112903 0.191419
v 0.209677 0.145161 -0.212153
v 0.209677 0.140980 -0.209677
v 0.207739 0.145161 0.209677
v 0.209677 0.145161 0.208538
v 0.209677 0.177419 -0.224827
v 0.209677 0.146774 0.209677
v 0.209677 0.177419 0.227024
v 0.209677 0.209677 -0.231481
v 0.198872 0.209677 0.241935
v 0.209677 0.209677 0.236889
v 0.209677 0.241935 -0.235041
v 0.209677 0.225111 0.241935
v 0.209677 0.241935 0.247734
v 0.209677 0.274194 -0.231728
v 0.209677 0.274194 0.245262
v 0.209677 0.306452 -0.220614
v 0.209677 0.281187 0.241935
v 0.209677 0.306452 0.230436
v 0.209677 0.321377 -0.209677
v 0.209677 0.338710 -0.193488
v 0.209677 0.334204 0.209677
v 0.209677 0.338710 0.205621
v 0.209677 0.353403 -0.177419
v 0.209677 0.370968 -0.149314
v 0.209677 0.368707 0.177419
v 0.209677 0.370968 0.174812
v 0.209677 0.373307 -0.145161
v 0.209677 0.382516 -0.112903
v 0.209677 0.388828 -0.080645
v 0.209677 0.393399 -0.048387
v 0.209677 0.398920 -0.016129
v 0.209677 0.403056 0.016129
v 0.209677 0.403226 0.017659
v 0.209677 0.401316 0.112903
v 0.209677 0.403226 0.099090
v 0.209677 0.389108 0.145161
v 0.209677 0.406268 0.048387
v 0.209677 0.405496 0.080645
v 0.211624 0.080645 -0.016129
v 0.241935 0.080645 0.011623
v 0.241935 0.079586 0.016129
v 0.241935 0.075137 0.048387
v 0.241935 0.075960 0.080645
v 0.238861 0.080645 0.112903
v 0.241935 0.080645 0.108259
v 0.209765 0.080645 0.145161
v 0.226163 0.112903 -0.177419
v 0.241935 0.112903 -0.151348
v 0.241935 0.110617 -0.145161
v 0.241935 0.104896 -0.112903
v 0.241935 0.100384 -0.080645
v 0.241935 0.095070 -0.048387
v 0.241935 0.087123 -0.016129
v 0.241935 0.081642 0.112903
v 0.241935 0.094309 0.145161
v 0.227829 0.112903 0.177419
v 0.241935 0.112903 0.166313
v 0.216149 0.145161 -0.209677
v 0.241935 0.145161 -0.194647
v 0.241935 0.126058 -0.177419
v 0.241935 0.128500 0.177419
v 0.241935 0.145161 0.187552
v 0.241935 0.177419 -0.217596
v 0.241935 0.162513 -0.209677
v 0.237074 0.177419 0.209677
v 0.241935 0.177419 0.206063
v 0.241935 0.209677 -0.226439
v 0.241935 0.184042 0.209677
v 0.241935 0.209677 0.221983
v 0.241935 0.241935 -0.229936
v 0.223509 0.241935 0.241935
v 0.241935 0.241935 0.234399
v 0.241935 0.274194 -0.226651
v 0.220786 0.274194 0.241935
v 0.241935 0.274194 0.235582
v 0.241935 0.306452 -0.213169
v 0.241935 0.306452 0.226521
v 0.241935 0.310926 -0.209677
v 0.241935 0.338710 -0.182375
v 0.241935 0.330459 0.209677
v 0.241935 0.338710 0.203207
v 0.241935 0.343364 -0.177419
v 0.218205 0.370968 -0.145161
v 0.241935 0.362751 -0.145161
v 0.241935 0.370968 -0.126036
v 0.241935 0.368030 0.177419
v 0.241935 0.370968 0.174074
v 0.241935 0.375436 -0.112903
v 0.241935 0.383564 -0.080645
v 0.241935 0.388392 -0.048387
v 0.241935 0.394009 -0.016129
v 0.241935 0.398854 0.016129
v 0.241935 0.403226 0.047685
v 0.241935 0.399303 0.112903
v 0.241935 0.403226 0.082237
v 0.241935 0.387850 0.145161
v 0.241935 0.403324 0.048387
v 0.241935 0.403419 0.080645
v 0.244475 0.080645 0.016129
v 0.256653 0.080645 0.048387
v 0.253304 0.080645 0.080645
v 0.244518 0.112903 -0.145161
v 0.251622 0.112903 -0.112903
v 0.259418 0.112903 -0.080645
v 0.270717 0.112903 -0.048387
v 0.274194 0.112903 -0.042733
v 0.274194 0.101386 -0.016129
v 0.274194 0.093619 0.016129
v 0.274194 0.088599 0.048387
v 0.274194 0.090497 0.080645
v 0.274194 0.098542 0.112903
v 0.265602 0.112903 0.145161
v 0.274194 0.112903 0.135265
v 0.259917 0.145161 -0.177419
v 0.271878 0.145161 -0.145161
v 0.274194 0.145161 -0.129080
v 0.274194 0.142439 -0.112903
v 0.274194 0.130146 -0.080645
v 0.274194 0.116926 -0.048387
v 0.274194 0.122208 0.145161
v 0.255371 0.145161 0.177419
v 0.274194 0.145161 0.162344
v 0.257916 0.177419 -0.209677
v 0.274194 0.177419 -0.193582
v 0.274194 0.161572 -0.177419
v 0.274194 0.148181 -0.145161
v 0.274194 0.168176 0.177419
v 0.274194 0.177419 0.183299
v 0.274194 0.209677 -0.215669
v 0.274194 0.197383 -0.209677
v 0.260633 0.209677 0.209677
v 0.274194 0.209677 0.199718
v 0.274194 0.241935 -0.220400
v 0.274194 0.226511 0.209677
v 0.274194 0.241935 0.219133
v 0.274194 0.274194 -0.217120
v 0.274194 0.274194 0.224675
v 0.274194 0.288460 -0.209677
v 0.251032 0.306452 -0.209677
v 0.274194 0.306452 -0.196197
v 0.274194 0.306452 0.218092
v 0.251474 0.338710 -0.177419
v 0.274194 0.324814 -0.177419
v 0.274194 0.338710 -0.158185
v 0.274194 0.317882 0.209677
v 0.274194 0.338710 0.194115
v 0.274194 0.347245 -0.145161
v 0.254080 0.370968 -0.112903
v 0.274194 0.358758 -0.112903
v 0.274194 0.370968 -0.087003
v 0.274194 0.359101 0.177419
v 0.274194 0.370968 0.165297
v 0.274194 0.373009 -0.080645
v 0.274194 0.379942 -0.048387
v 0.274194 0.386534 -0.016129
v 0.274194 0.391421 0.016129
v 0.242396 0.403226 0.048387
v 0.274194 0.396332 0.048387
v 0.242785 0.403226 0.080645
v 0.274194 0.396118 0.080645
v 0.274194 0.392987 0.112903
v 0.274194 0.383208 0.145161
v 0.285161 0.112903 -0.016129
v 0.292880 0.112903 0.016129
v 0.298336 0.112903 0.048387
v 0.296737 0.112903 0.080645
v 0.287804 0.112903 0.112903
v 0.275907 0.145161 -0.112903
v 0.282788 0.145161 -0.080645
v 0.288423 0.145161 -0.048387
v 0.297483 0.145161 -0.016129
v 0.306452 0.145161 0.015059
v 0.306452 0.144383 0.016129
v 0.306452 0.127931 0.048387
v 0.306452 0.129869 0.080645
v 0.306452 0.145161 0.108530
v 0.304997 0.145161 0.112903
v 0.289081 0.145161 0.145161
v 0.283616 0.177419 -0.177419
v 0.287787 0.177419 -0.145161
v 0.287982 0.177419 -0.112903
v 0.291289 0.177419 -0.080645
v 0.294698 0.177419 -0.048387
v 0.304880 0.177419 -0.016129
v 0.306452 0.177419 -0.011628
v 0.306452 0.148098 0.112903
v 0.306452 0.177419 0.139759
v 0.303696 0.177419 0.145161
v 0.280095 0.177419 0.177419
v 0.281406 0.209677 -0.209677
v 0.293879 0.209677 -0.177419
v 0.295407 0.209677 -0.145161
v 0.293708 0.209677 -0.112903
v 0.295379 0.209677 -0.080645
v 0.299088 0.209677 -0.048387
v 0.306452 0.209677 -0.029579
v 0.306452 0.183819 -0.016129
v 0.306452 0.182958 0.145161
v 0.306452 0.209677 0.162327
v 0.294817 0.209677 0.177419
v 0.287788 0.241935 -0.209677
v 0.301055 0.241935 -0.177419
v 0.301541 0.241935 -0.145161
v 0.300062 0.241935 -0.112903
v 0.301498 0.241935 -0.080645
v 0.306452 0.241935 -0.049129
v 0.306452 0.241470 -0.048387
v 0.306452 0.233038 0.177419
v 0.284896 0.241935 0.209677
v 0.306452 0.241935 0.184090
v 0.284530 0.274194 -0.209677
v 0.301275 0.274194 -0.177419
v 0.305048 0.274194 -0.145161
v 0.303941 0.274194 -0.112903
v 0.306111 0.274194 -0.080645
v 0.306452 0.274194 -0.078572
v 0.292494 0.274194 0.209677
v 0.306452 0.274194 0.194831
v 0.290486 0.306452 -0.177419
v 0.298872 0.306452 -0.145161
v 0.300778 0.306452 -0.112903
v 0.304208 0.306452 -0.080645
v 0.306452 0.306452 -0.068121
v 0.285810 0.306452 0.209677
v 0.306452 0.306452 0.189752
v 0.282617 0.338710 -0.145161
v 0.289903 0.338710 -0.112903
v 0.296182 0.338710 -0.080645
v 0.306452 0.322082 -0.048387
v 0.302312 0.338710 -0.048387
v 0.306452 0.338710 -0.036306
v 0.296971 0.338710 0.177419
v 0.306452 0.324994 0.177419
v 0.306452 0.338710 0.167981
v 0.277201 0.370968 -0.080645
v 0.287900 0.370968 -0.048387
v 0.306452 0.355813 -0.016129
v 0.298709 0.370968 -0.016129
v 0.306452 0.370968 0.006763
v 0.299498 0.370968 0.145161
v 0.306452 0.364231 0.145161
v 0.306452 0.370968 0.133953
v 0.306452 0.373683 0.016129
v 0.306452 0.380403 0.048387
v 0.306452 0.381315 0.080645
v 0.306452 0.378305 0.112903
v 0.306798 0.145161 0.016129
v 0.314100 0.145161 0.048387
v 0.313778 0.145161 0.080645
v 0.314557 0.177419 0.016129
v 0.320387 0.177419 0.048387
v 0.320983 0.177419 0.080645
v 0.316871 0.177419 0.112903
v 0.311961 0.209677 -0.016129
v 0.319171 0.209677 0.016129
v 0.323957 0.209677 0.048387
v 0.326042 0.209677 0.080645
v 0.323726 0.209677 0.112903
v 0.316659 0.209677 0.145161
v 0.306583 0.241935 -0.048387
v 0.316405 0.241935 -0.016129
v 0.322053 0.241935 0.016129
v 0.327471 0.241935 0.048387
v 0.331108 0.241935 0.080645
v 0.328942 0.241935 0.112903
v 0.323715 0.241935 0.145161
v 0.310615 0.241935 0.177419
v 0.310902 0.274194 -0.048387
v 0.318768 0.274194 -0.016129
v 0.324373 0.274194 0.016129
v 0.330741 0.274194 0.048387
v 0.336354 0.274194 0.080645
v 0.335055 0.274194 0.112903
v 0.328780 0.274194 0.145161
v 0.317007 0.274194 0.177419
v 0.309782 0.306452 -0.048387
v 0.317482 0.306452 -0.016129
v 0.323192 0.306452 0.016129
v 0.329640 0.306452 0.048387
v 0.333894 0.306452 0.080645
v 0.333815 0.306452 0.112903
v 0.327214 0.306452 0.145161
v 0.314216 0.306452 0.177419
v 0.312702 0.338710 -0.016129
v 0.319188 0.338710 0.016129
v 0.325144 0.338710 0.048387
v 0.327890 0.338710 0.080645
v 0.327316 0.338710 0.112903
v 0.319310 0.338710 0.145161
v 0.309196 0.370968 0.016129
v 0.316099 0.370968 0.048387
v 0.317256 0.370968 0.080645
v 0.314180 0.370968 0.112903
vn -0.967825 -0.212252 -0.135142
vn -0.952809 -0.243200 -0.181684
vn -0.858985 -0.492989 -0.138229
vn -0.847448 -0.522794 -0.092296
vn -0.951719 -0.279054 -0.127907
vn -0.818209 -0.568495 -0.085715
vn -0.933221 -0.334950 -0.130030
vn -0.785117 -0.613187 -0.087136
vn -0.909285 -0.391686 -0.140648
vn -0.765209 -0.640678 -0.063150
vn -0.893988 -0.443583 -0.063401
vn -0.747824 -0.663683 0.016882
vn -0.890943 -0.452547 0.037702
vn -0.709269 -0.683970 0.170652
vn -0.874460 -0.408620 0.261437
vn -0.610415 -0.689747 0.389414
vn -0.843049 -0.281459 0.458311
vn -0.703806 -0.400293 0.586875
vn -0.985796 0.013380 -0.167411
vn -0.912676 0.098685 -0.396591
vn -0.924550 -0.190286 -0.330148
vn -0.987415 0.079751 -0.136571
vn -0.989103 0.032114 -0.143679
vn -0.988214 0.015549 -0.152288
vn -0.985729 0.021395 -0.166976
vn -0.992984 0.031466 -0.113988
vn -0.999541 0.025832 0.015845
vn -0.971790 0.013564 0.235459
vn -0.888019 -0.037426 0.458281
vn -0.788102 -0.082456 0.609997
vn -0.945021 0.253959 -0.206009
vn -0.962630 0.232110 -0.139529
vn -0.843043 0.518081 -0.144466
vn -0.950822 0.273837 -0.144744
vn -0.932955 0.323745 -0.157433
vn -0.920379 0.366551 -0.136172
vn -0.900156 0.424733 -0.096548
vn -0.889105 0.457625 0.008404
vn -0.876301 0.456222 0.154783
vn -0.851297 0.378008 0.363872
vn -0.750573 0.373570 0.545055
vn -0.775040 0.620157 -0.121317
vn -0.771608 0.621164 -0.137025
vn -0.768678 0.625872 -0.131982
vn -0.768154 0.631367 -0.106374
vn -0.772296 0.634246 -0.035921
vn -0.755966 0.652575 0.051580
vn -0.723930 0.654347 0.218530
vn -0.691614 0.628935 0.355121
vn -0.880401 -0.378554 -0.285642
vn -0.637970 -0.426358 -0.641259
vn -0.747408 -0.531429 -0.398705
vn -0.859584 -0.472508 -0.194555
vn -0.898001 -0.423303 -0.120037
vn -0.883580 -0.468021 0.015589
vn -0.864863 -0.498976 -0.055085
vn -0.779314 -0.622534 0.071561
vn -0.784279 -0.619883 -0.025505
vn -0.551771 -0.827699 0.102289
vn -0.698402 -0.715191 -0.027146
vn -0.443102 -0.894910 0.052894
vn -0.614754 -0.787921 -0.035464
vn -0.367918 -0.929297 0.032286
vn -0.543999 -0.839064 -0.006152
vn -0.337542 -0.938755 0.069322
vn -0.520014 -0.851601 0.066038
vn -0.337353 -0.922850 0.185851
vn -0.536058 -0.801873 0.263896
vn -0.361834 -0.883844 0.296472
vn -0.575970 -0.736823 0.354048
vn -0.442653 -0.783427 0.436235
vn -0.879208 -0.206485 -0.429368
vn -0.824864 -0.232612 -0.515258
vn -0.912526 -0.335009 -0.234661
vn -0.519153 -0.708871 0.477475
vn -0.719794 -0.318720 0.616696
vn -0.655347 -0.455157 0.602788
vn -0.859537 0.008727 -0.510999
vn -0.416556 0.035323 -0.908424
vn -0.453936 -0.144156 -0.879296
vn -0.914597 0.025647 -0.403553
vn -0.783753 0.038593 0.619873
vn -0.753504 -0.147409 0.640705
vn -0.765815 0.222355 -0.603395
vn -0.839391 0.384110 -0.384554
vn -0.699856 0.473229 -0.535028
vn -0.850174 0.469749 -0.237783
vn -0.762691 0.332040 0.555024
vn -0.777379 0.245150 0.579296
vn -0.566708 0.689333 -0.451289
vn -0.757540 0.617988 -0.210296
vn -0.493066 0.818401 -0.295138
vn -0.758074 0.639710 -0.126867
vn -0.735627 0.667240 -0.116811
vn -0.700395 0.703795 -0.118822
vn -0.661954 0.743127 -0.097877
vn -0.628005 0.776354 -0.053708
vn -0.613882 0.788774 0.031383
vn -0.622693 0.771035 0.133262
vn -0.655424 0.699778 0.284130
vn -0.670565 0.608626 0.424166
vn -0.691007 0.544713 0.475181
vn -0.433730 0.883810 -0.175380
vn -0.480441 0.869740 -0.112822
vn -0.517527 0.849464 -0.102844
vn -0.533557 0.837961 -0.114625
vn -0.570206 0.817759 -0.078325
vn -0.578587 0.815470 -0.015670
vn -0.580770 0.812735 0.046565
vn -0.586737 0.794283 0.157655
vn -0.594811 0.754748 0.276685
vn -0.699482 -0.711223 -0.069903
vn -0.467525 -0.790256 -0.396127
vn -0.372829 -0.927816 -0.012505
vn -0.251498 -0.937799 0.239336
vn -0.634276 -0.574580 -0.517254
vn -0.268820 -0.533715 -0.801801
vn -0.321141 -0.693954 -0.644434
vn -0.715925 -0.676715 -0.171783
vn -0.400384 -0.866233 0.298886
vn -0.634617 -0.756581 0.157626
vn -0.349095 -0.887617 0.300447
vn -0.490309 -0.847403 0.203727
vn -0.310594 -0.900869 0.303261
vn -0.389983 -0.898644 0.200879
vn -0.164778 -0.959651 0.227854
vn -0.517664 -0.470711 -0.714461
vn -0.206956 -0.348690 -0.914103
vn -0.073974 -0.523066 -0.849076
vn -0.216105 -0.963308 0.159174
vn -0.132265 -0.986449 0.097080
vn -0.097370 -0.992114 0.078921
vn -0.116729 -0.984355 0.131982
vn -0.209131 -0.940876 0.266490
vn -0.270920 -0.898747 0.344755
vn -0.457137 -0.379570 -0.804333
vn -0.208942 -0.244755 -0.946804
vn -0.428653 -0.793615 0.431778
vn -0.511988 -0.755228 0.409265
vn -0.735033 -0.396831 0.549774
vn -0.654756 -0.596177 0.464616
vn -0.174054 -0.007425 -0.984708
vn -0.835578 -0.066429 0.545341
vn -0.776439 -0.356884 0.519400
vn -0.831580 -0.169638 0.528864
vn -0.854260 -0.197057 0.481050
vn -0.439807 0.520692 -0.731744
vn -0.211498 0.310315 -0.926808
vn -0.805941 0.363214 0.467477
vn -0.839314 0.231740 0.491780
vn -0.879201 0.071448 0.471064
vn -0.345560 0.688448 -0.637674
vn -0.475095 0.758848 -0.445459
vn -0.239200 0.774444 -0.585679
vn -0.692766 0.606865 0.389602
vn -0.745134 0.537021 0.395453
vn -0.721579 0.587529 0.366242
vn -0.789719 0.449492 0.417493
vn -0.301921 0.908793 -0.287990
vn -0.327957 0.922876 -0.201852
vn -0.378887 0.910504 -0.165614
vn -0.450187 0.882820 -0.134018
vn -0.502404 0.851107 -0.152336
vn -0.443149 0.873848 -0.200023
vn -0.531990 0.840801 -0.100199
vn -0.567227 0.821508 -0.058120
vn -0.584878 0.810799 0.022879
vn -0.588640 0.802217 0.099752
vn -0.582456 0.790005 0.191408
vn -0.582655 0.772949 0.251123
vn -0.614650 0.729006 0.301257
vn -0.650793 0.692403 0.311522
vn -0.470987 0.866468 -0.165543
vn -0.505468 0.852793 -0.131321
vn -0.537285 0.842150 -0.045913
vn -0.553957 0.832008 0.029893
vn -0.563926 0.814827 0.134329
vn -0.060003 -0.854716 -0.515616
vn 0.033614 -0.999400 -0.008311
vn -0.299837 -0.881635 0.364442
vn -0.204390 -0.919558 0.335616
vn 0.176460 -0.891085 0.418126
vn 0.063841 -0.513088 -0.855959
vn 0.177509 -0.672506 -0.718488
vn -0.016010 -0.941741 0.335957
vn -0.088049 -0.957841 0.273474
vn -0.112060 -0.959944 0.256809
vn 0.048321 -0.354098 -0.933959
vn 0.120867 -0.495163 -0.860352
vn -0.091787 -0.972099 0.215869
vn -0.059587 -0.986757 0.150867
vn -0.033554 -0.995007 0.093992
vn -0.032800 -0.995302 0.091098
vn -0.097624 -0.982670 0.157575
vn -0.225826 -0.948562 0.221887
vn -0.261529 -0.926027 0.272170
vn -0.322863 -0.913772 0.246536
vn 0.054076 -0.225570 -0.972725
vn -0.421474 -0.849377 0.317677
vn -0.560182 -0.779190 0.281175
vn -0.776885 -0.502258 0.379719
vn -0.665227 -0.712292 0.223861
vn -0.873232 -0.369042 0.318236
vn -0.712250 -0.641273 0.285428
vn -0.901343 -0.257338 0.348364
vn -0.767396 -0.343305 0.541521
vn 0.040142 -0.011323 -0.999130
vn -0.905248 -0.165492 0.391328
vn -0.906170 -0.167084 0.388509
vn -0.813849 -0.171204 0.555283
vn 0.006330 0.294990 -0.955479
vn -0.895039 0.254939 0.365939
vn -0.910706 0.170833 0.376072
vn -0.814795 0.102897 0.570544
vn -0.113790 0.636870 -0.762527
vn -0.123321 0.782268 -0.610614
vn -0.795365 0.494673 0.350277
vn -0.836397 0.458971 0.299643
vn -0.839221 0.445074 0.312438
vn -0.778827 0.361173 0.512818
vn -0.169595 0.899491 -0.402683
vn -0.247869 0.928529 -0.276397
vn -0.361452 0.905048 -0.224143
vn -0.292180 0.908047 -0.300137
vn -0.419859 0.890907 -0.173213
vn -0.571940 0.787122 0.230919
vn -0.613360 0.750064 0.247373
vn -0.641225 0.716968 0.273471
vn -0.689018 0.676171 0.260856
vn -0.719003 0.639799 0.271460
vn -0.737296 0.619346 0.269823
vn -0.369518 0.891744 -0.261244
vn -0.422634 0.881828 -0.209188
vn -0.469557 0.856987 -0.212342
vn -0.498379 0.854247 -0.147917
vn -0.509234 0.855048 -0.097843
vn -0.531491 0.847064 -0.000097
vn -0.556316 0.826704 0.084099
vn -0.600858 0.777209 0.186860
vn -0.676916 0.705213 0.210852
vn -0.705542 0.663439 0.249117
vn 0.424043 -0.899497 -0.105320
vn 0.321566 -0.900643 0.292295
vn 0.243434 -0.486692 -0.838970
vn 0.357879 -0.731283 -0.580645
vn 0.333742 -0.927403 -0.168938
vn 0.175525 -0.949170 0.261279
vn 0.067552 -0.967854 0.242271
vn 0.002581 -0.975458 0.220169
vn -0.039365 -0.974975 0.218802
vn -0.053111 -0.971945 0.229134
vn -0.065400 -0.972600 0.223098
vn 0.244073 -0.437127 -0.865649
vn 0.237651 -0.470523 -0.849783
vn -0.059039 -0.983672 0.170012
vn -0.043877 -0.993036 0.109337
vn -0.033297 -0.996457 0.077235
vn -0.054860 -0.994893 0.084728
vn -0.119795 -0.989042 0.086286
vn -0.237802 -0.968671 0.071597
vn -0.452416 -0.878851 0.151465
vn -0.342641 -0.939221 0.021474
vn -0.577858 -0.802469 0.148743
vn -0.465995 -0.884410 0.025822
vn -0.697064 -0.701077 0.150305
vn -0.528746 -0.796300 0.293827
vn -0.747005 -0.637000 0.190299
vn -0.597984 -0.643850 0.477360
vn 0.162946 -0.266521 -0.949955
vn 0.211688 -0.457568 -0.863609
vn -0.598212 -0.590317 0.541912
vn -0.721841 -0.282166 0.631925
vn -0.385701 -0.358464 0.850140
vn 0.115056 -0.068270 -0.991010
vn -0.704330 -0.070534 0.706360
vn -0.444624 -0.125025 0.886949
vn 0.056869 0.230079 -0.971509
vn -0.716186 0.236668 0.656556
vn -0.457413 0.105082 0.883024
vn -0.012990 0.534862 -0.844839
vn -0.076120 0.746172 -0.661388
vn -0.737856 0.522710 0.427016
vn -0.702908 0.458703 0.543610
vn -0.429896 0.311410 0.847475
vn -0.152309 0.874412 -0.460657
vn -0.272855 0.897113 -0.347475
vn -0.204666 0.875679 -0.437378
vn -0.705965 0.669415 0.231296
vn -0.728532 0.637242 0.251325
vn -0.713853 0.594360 0.370338
vn -0.510222 0.632675 0.582577
vn -0.443013 0.583338 0.680777
vn -0.277986 0.892448 -0.355331
vn -0.294738 0.903513 -0.311116
vn -0.376790 0.883282 -0.279002
vn -0.503786 0.822659 -0.263498
vn -0.408360 0.838858 -0.359942
vn -0.550123 0.816804 -0.173768
vn -0.562747 0.820157 -0.103234
vn -0.560539 0.828055 -0.011000
vn -0.564933 0.823475 0.052333
vn -0.599770 0.791921 0.114614
vn -0.641131 0.751913 0.153550
vn -0.685002 0.697158 0.211526
vn -0.681840 0.685062 0.256484
vn -0.668382 0.704790 0.237773
vn -0.612955 0.740780 0.274831
vn -0.527376 0.717347 0.455288
vn -0.386049 0.886220 -0.256088
vn -0.427193 0.886312 -0.178763
vn -0.457098 0.886795 -0.068232
vn -0.463869 0.885900 0.002533
vn -0.463211 0.883872 0.064859
vn -0.468774 0.878251 0.094481
vn -0.485627 0.861982 0.145446
vn -0.493781 0.846943 0.197151
vn 0.322645 -0.568980 -0.756414
vn 0.336432 -0.730950 -0.593739
vn 0.328451 -0.884247 -0.332005
vn 0.200538 -0.974974 0.095970
vn 0.059963 -0.985111 0.161125
vn -0.043820 -0.989013 0.141183
vn -0.116817 -0.979690 0.162977
vn -0.168022 -0.960967 0.219798
vn 0.215984 -0.496064 -0.840994
vn 0.248794 -0.638738 -0.728090
vn -0.142118 -0.975307 0.169056
vn -0.135236 -0.981163 0.137951
vn -0.092220 -0.991783 0.088668
vn -0.078065 -0.994709 0.066775
vn -0.079547 -0.995845 0.044318
vn -0.089745 -0.995917 -0.009788
vn -0.118594 -0.991215 -0.058546
vn -0.160020 -0.983801 -0.080800
vn -0.248351 -0.934077 0.256559
vn -0.310743 -0.786594 0.533581
vn -0.433531 -0.631143 0.643203
vn -0.197822 -0.492621 0.847461
vn 0.137371 -0.287005 -0.948028
vn 0.202548 -0.487072 -0.849550
vn -0.218514 -0.346938 0.912078
vn 0.086579 -0.087872 -0.992362
vn -0.233713 -0.100585 0.967089
vn 0.022424 0.164631 -0.986100
vn -0.244453 0.159502 0.956453
vn -0.030480 0.441134 -0.896923
vn -0.075053 0.718198 -0.691780
vn -0.262517 0.401005 0.877656
vn -0.148936 0.790687 -0.593828
vn -0.250987 0.843986 -0.474018
vn -0.318140 0.514457 0.796317
vn -0.402384 0.675907 0.617444
vn -0.244375 0.880380 -0.406461
vn -0.289949 0.886114 -0.361568
vn -0.373182 0.848999 -0.374081
vn -0.377568 0.838941 -0.391944
vn -0.548663 0.794601 0.259959
vn -0.560249 0.788956 0.252330
vn -0.515700 0.796862 0.314744
vn -0.467144 0.733679 0.493448
vn -0.316397 0.891267 -0.324863
vn -0.302734 0.916503 -0.261484
vn -0.312335 0.925436 -0.214509
vn -0.344247 0.930344 -0.126311
vn -0.364914 0.930849 -0.018918
vn -0.362125 0.930562 0.054036
vn -0.342854 0.936374 0.075202
vn -0.361981 0.925409 0.112201
vn -0.376442 0.913463 0.154521
vn -0.416290 0.882411 0.219210
vn -0.372917 0.883391 0.283819
vn 0.226454 -0.754491 -0.616005
vn 0.184126 -0.939257 -0.289645
vn 0.117569 -0.991199 -0.060842
vn -0.009521 -0.999268 0.037041
vn -0.111980 -0.992252 0.053817
vn -0.180214 -0.979339 0.091754
vn -0.245392 -0.958206 0.147048
vn -0.261829 -0.948126 0.180282
vn -0.285540 -0.944609 0.161803
vn 0.148206 -0.518560 -0.842099
vn 0.164221 -0.713665 -0.680966
vn -0.235300 -0.958547 0.160692
vn -0.211577 -0.966898 0.142628
vn -0.148300 -0.984643 0.092120
vn -0.104040 -0.992409 0.065581
vn -0.062328 -0.998049 0.003656
vn -0.022247 -0.998835 -0.042816
vn 0.036719 -0.996963 -0.068674
vn 0.082164 -0.975552 0.203830
vn 0.012439 -0.838714 0.544430
vn -0.020543 -0.512532 0.858422
vn 0.188596 -0.389966 -0.901309
vn 0.124532 -0.489893 -0.862842
vn -0.002968 -0.363801 0.931472
vn 0.072567 -0.163323 -0.983900
vn 0.078170 -0.389818 -0.917568
vn -0.000602 -0.126103 0.992017
vn 0.003288 0.070240 -0.997525
vn -0.124714 -0.039870 0.991391
vn -0.169130 0.197326 0.965638
vn 0.000000 0.000000 1.000000
vn -0.116139 0.599531 -0.791880
vn -0.055840 0.273535 -0.960240
vn 0.040309 0.298145 0.953669
vn -0.069763 0.324096 0.943448
vn -0.181975 0.683439 -0.706962
vn -0.243897 0.718189 -0.651705
vn -0.200940 0.669306 -0.715299
vn -0.259463 0.608678 0.749794
vn -0.116761 0.461679 0.879329
vn -0.251891 0.852855 -0.457372
vn -0.279304 0.857636 -0.431798
vn -0.365149 0.826551 -0.428345
vn -0.280083 0.842729 -0.459741
vn -0.357993 0.836008 0.415850
vn -0.239594 0.716039 0.655655
vn -0.146579 0.676014 0.722163
vn -0.270187 0.906640 -0.324042
vn -0.235799 0.923670 -0.302046
vn -0.259633 0.923128 -0.283595
vn -0.323156 0.918270 -0.228802
vn -0.265900 0.926293 -0.266979
vn -0.311975 0.940199 -0.136735
vn -0.287320 0.957756 -0.012240
vn -0.264555 0.963257 0.046329
vn -0.288281 0.954973 0.070148
vn -0.312269 0.946749 0.078454
vn -0.319964 0.937342 0.137889
vn -0.274976 0.945670 0.173483
vn -0.256002 0.942623 0.214300
vn -0.241516 0.931624 0.271562
vn -0.240991 0.876293 0.417174
vn -0.212428 0.961070 -0.176689
vn -0.207127 0.975912 -0.068520
vn -0.201242 0.979440 0.014085
vn -0.201027 0.978061 0.054643
vn -0.209689 0.976703 0.045624
vn -0.203511 0.974166 0.097901
vn -0.181216 0.973340 0.140606
vn 0.127487 -0.767759 -0.627928
vn 0.129102 -0.941636 -0.310892
vn 0.070307 -0.981841 -0.176199
vn -0.020695 -0.997854 -0.062122
vn -0.100845 -0.994646 -0.022594
vn -0.160040 -0.986467 0.035626
vn -0.202212 -0.974256 0.099679
vn -0.231758 -0.959538 0.159920
vn -0.290447 -0.936687 0.195595
vn -0.233053 -0.951454 0.201049
vn -0.287131 -0.938708 0.190743
vn -0.217019 -0.955923 0.197770
vn 0.052947 -0.532520 -0.844760
vn 0.083770 -0.760308 -0.644138
vn -0.186515 -0.968721 0.163682
vn -0.106005 -0.986728 0.123007
vn -0.035626 -0.997353 0.063390
vn 0.038704 -0.999086 0.018115
vn 0.125719 -0.991862 0.020104
vn 0.195282 -0.962139 0.190139
vn 0.193512 -0.852890 0.484904
vn 0.152684 -0.507396 0.848078
vn 0.018339 -0.502216 -0.864547
vn 0.146419 -0.340908 0.928624
vn -0.005231 -0.198599 -0.980067
vn -0.007327 -0.405910 -0.913884
vn 0.167857 -0.167674 0.971447
vn -0.062096 0.046389 -0.996992
vn 0.063810 -0.021976 0.997720
vn 0.115546 0.067298 0.991020
vn -0.127812 0.251214 -0.959456
vn 0.050395 0.307541 0.950200
vn -0.183355 0.617038 -0.765275
vn -0.218153 0.655825 -0.722706
vn 0.019577 0.443656 0.895983
vn -0.239321 0.815158 -0.527487
vn -0.267673 0.843141 -0.466331
vn -0.283437 0.852857 -0.438519
vn 0.000127 0.644268 0.764800
vn -0.060584 0.715654 0.695823
vn -0.233974 0.917107 -0.322756
vn -0.204911 0.932477 -0.297486
vn -0.240825 0.916816 -0.318515
vn -0.170654 0.925467 -0.338212
vn -0.211916 0.958855 0.188916
vn -0.151463 0.943794 0.293788
vn -0.111422 0.946448 0.303021
vn -0.083937 0.888248 0.451630
vn -0.150813 0.965230 -0.213511
vn -0.118251 0.981979 -0.147427
vn -0.106761 0.991520 -0.074101
vn -0.100310 0.994950 0.003618
vn -0.112497 0.993096 0.033244
vn -0.128596 0.990878 0.040296
vn -0.138241 0.987474 0.076052
vn -0.145153 0.979408 0.140324
vn -0.133228 0.975119 0.177181
vn 0.120502 -0.807572 -0.577327
vn 0.165784 -0.928048 -0.333532
vn 0.152423 -0.960574 -0.232519
vn 0.103153 -0.984630 -0.140938
vn 0.028451 -0.995159 -0.094074
vn -0.036019 -0.999190 -0.017966
vn -0.086294 -0.993951 0.067926
vn -0.106908 -0.983692 0.144641
vn -0.118724 -0.973612 0.194896
vn -0.137005 -0.967605 0.212060
vn -0.186339 -0.955253 0.229715
vn -0.069953 -0.962639 0.261597
vn 0.011377 -0.556266 -0.830926
vn 0.062475 -0.804931 -0.590070
vn 0.113263 -0.852764 -0.509868
vn -0.075537 -0.978627 0.191270
vn -0.012428 -0.990281 0.138526
vn 0.068790 -0.992309 0.102910
vn 0.139452 -0.985514 0.096519
vn 0.239708 -0.932345 0.270689
vn 0.307479 -0.796682 0.520340
vn 0.284764 -0.814065 0.506169
vn -0.011988 -0.530638 -0.847514
vn 0.298474 -0.677207 0.672535
vn 0.229800 -0.364515 0.902397
vn -0.029610 -0.228556 -0.973080
vn -0.018432 -0.410128 -0.911842
vn 0.218541 -0.176498 0.959733
vn -0.052266 -0.012325 -0.998557
vn 0.180066 0.029338 0.983217
vn -0.070931 0.237959 -0.968682
vn 0.114753 0.250243 0.961359
vn -0.156491 0.544456 -0.824062
vn -0.145380 0.668626 -0.729249
vn 0.079856 0.414033 0.906752
vn -0.220099 0.780150 -0.585595
vn -0.310605 0.807498 -0.501470
vn -0.199765 0.840052 -0.504387
vn 0.067099 0.622716 0.779565
vn 0.026195 0.692798 0.720656
vn -0.195537 0.903038 -0.382476
vn -0.162622 0.945440 -0.282306
vn -0.165993 0.949728 -0.265449
vn -0.137635 0.940678 -0.310130
vn -0.030342 0.929353 0.367943
vn -0.074555 0.949486 0.304824
vn -0.003073 0.876296 0.481763
vn -0.090678 0.973764 -0.208712
vn -0.063306 0.989053 -0.133294
vn -0.049833 0.996684 -0.064331
vn -0.060238 0.998166 -0.005971
vn -0.074633 0.997071 0.016699
vn -0.092173 0.995405 0.025933
vn -0.101004 0.992456 0.069487
vn -0.100473 0.984451 0.144086
vn -0.088641 0.973192 0.212226
vn 0.181211 -0.933619 -0.309062
vn 0.222876 -0.958646 -0.176984
vn 0.210290 -0.959491 -0.187499
vn 0.164975 -0.973401 -0.158975
vn 0.110114 -0.991021 -0.075848
vn 0.060251 -0.997918 0.023008
vn 0.020192 -0.991573 0.127964
vn -0.005097 -0.984222 0.176866
vn -0.035158 -0.975600 0.216723
vn -0.034863 -0.964676 0.261123
vn 0.022435 -0.583194 -0.812023
vn 0.079898 -0.848022 -0.523903
vn 0.137163 -0.901543 -0.410374
vn -0.039840 -0.974109 0.222543
vn -0.015017 -0.981108 0.192878
vn 0.043727 -0.981875 0.184416
vn 0.145253 -0.970526 0.192304
vn 0.269777 -0.897424 0.349072
vn 0.130072 -0.939834 0.315902
vn 0.024827 -0.551893 -0.833546
vn 0.254388 -0.767417 0.588523
vn 0.259138 -0.686147 0.679742
vn 0.227637 -0.308729 0.923508
vn 0.011942 -0.237868 -0.971224
vn 0.028882 -0.396937 -0.917391
vn 0.194365 -0.198714 0.960591
vn 0.016536 -0.036815 -0.999185
vn 0.165165 -0.020974 0.986043
vn 0.014909 0.222422 -0.974836
vn 0.123082 0.212024 0.969483
vn -0.035456 0.475315 -0.879101
vn -0.045745 0.648193 -0.760101
vn 0.117842 0.392475 0.912182
vn -0.116329 0.734175 -0.668921
vn -0.105832 0.866503 -0.487824
vn 0.118344 0.605830 0.786743
vn 0.079740 0.637886 0.765991
vn -0.111226 0.914774 -0.388352
vn -0.117650 0.952438 -0.281105
vn -0.133530 0.955901 -0.261578
vn -0.086417 0.968344 -0.234182
vn 0.007705 0.907039 0.420976
vn -0.039106 0.938227 0.343802
vn 0.035226 0.860940 0.507485
vn -0.069924 0.966613 -0.246516
vn -0.041808 0.984629 -0.169583
vn -0.031282 0.993219 -0.111973
vn -0.027551 0.997318 -0.067812
vn -0.041240 0.998791 -0.026771
vn -0.067432 0.997723 -0.001707
vn -0.086873 0.996175 0.009425
vn -0.096235 0.992990 0.068623
vn -0.084012 0.984072 0.156664
vn -0.060131 0.967376 0.246105
vn 0.229333 -0.947246 -0.223898
vn 0.236908 -0.956517 -0.170146
vn 0.144903 -0.959632 -0.241060
vn 0.120079 -0.971197 -0.205810
vn 0.102130 -0.987905 -0.116678
vn 0.072621 -0.997133 -0.021243
vn 0.022731 -0.996182 0.084291
vn -0.030306 -0.989417 0.141898
vn -0.070824 -0.980548 0.183056
vn -0.123063 -0.962719 0.240890
vn 0.031554 -0.592715 -0.804794
vn 0.007065 -0.874446 -0.485071
vn 0.055838 -0.934982 -0.350273
vn 0.114861 -0.974503 -0.192744
vn 0.071773 -0.979277 -0.189383
vn -0.123243 -0.968031 0.218467
vn -0.124915 -0.967655 0.219179
vn -0.088297 -0.965535 0.244837
vn 0.014511 -0.964701 0.262946
vn 0.009747 -0.919774 0.392326
vn 0.020906 -0.542136 -0.840031
vn 0.132503 -0.777710 0.614501
vn 0.266295 -0.614880 0.742301
vn 0.127323 -0.604374 0.786461
vn 0.052682 -0.232121 -0.971259
vn 0.046094 -0.394280 -0.917834
vn 0.198021 -0.404456 0.892862
vn 0.164034 -0.242265 0.956243
vn 0.049738 -0.045978 -0.997703
vn 0.127608 -0.060192 0.989997
vn 0.057227 0.205606 -0.976960
vn 0.115311 0.210203 0.970834
vn 0.040921 0.444410 -0.894888
vn 0.033821 0.599333 -0.799785
vn 0.134380 0.394224 0.909137
vn 0.134236 0.404675 0.904554
vn 0.133014 0.583340 0.801263
vn -0.022176 0.675687 -0.736855
vn -0.036733 0.868323 -0.494638
vn 0.115642 0.588870 0.799912
vn -0.067483 0.912706 -0.403007
vn -0.084152 0.954568 -0.285865
vn -0.078444 0.971323 -0.224451
vn 0.041565 0.872604 0.486657
vn -0.016549 0.924646 0.380468
vn 0.074697 0.848351 0.524138
vn -0.068124 0.976533 -0.204307
vn -0.048619 0.985627 -0.161789
vn -0.031939 0.994300 -0.101727
vn -0.029415 0.996816 -0.074119
vn -0.042243 0.997977 -0.047518
vn -0.066420 0.997357 -0.029458
vn -0.089400 0.995974 -0.006626
vn -0.095466 0.992989 0.069703
vn -0.077162 0.979972 0.183578
vn -0.042432 0.958351 0.282422
vn 0.003641 -0.969391 -0.245495
vn -0.062054 -0.978416 -0.197107
vn -0.016889 -0.990873 -0.133737
vn -0.029530 -0.998376 -0.048719
vn -0.060513 -0.997805 0.026907
vn -0.117515 -0.989344 0.085954
vn -0.173128 -0.977399 0.121315
vn -0.234622 -0.957320 0.168791
vn -0.223973 -0.951785 0.209621
vn -0.291740 -0.938396 0.185207
vn -0.034374 -0.580100 -0.813820
vn -0.086472 -0.859910 -0.503068
vn -0.078919 -0.941848 -0.326639
vn -0.053167 -0.985370 -0.161924
vn -0.048921 -0.986120 -0.158664
vn -0.237701 -0.945882 0.220922
vn -0.265941 -0.922559 0.279572
vn -0.193129 -0.909611 0.367845
vn -0.131826 -0.876692 0.462637
vn -0.011466 -0.496664 -0.867867
vn -0.025855 -0.741261 0.670718
vn 0.009553 -0.515661 0.856739
vn 0.046709 -0.218137 -0.974800
vn 0.021460 -0.358013 -0.933470
vn 0.118289 -0.413535 0.902772
vn 0.104102 -0.223391 0.969154
vn 0.049522 -0.040615 -0.997947
vn 0.090794 -0.076271 0.992945
vn 0.050950 0.194538 -0.979571
vn 0.114656 0.212181 0.970481
vn 0.063589 0.435284 -0.898045
vn 0.033380 0.557411 -0.829566
vn 0.149922 0.452597 0.879022
vn 0.148033 0.534477 0.832119
vn 0.014229 0.631009 -0.775645
vn -0.023847 0.850175 -0.525961
vn 0.128319 0.555537 0.821531
vn -0.040334 0.895197 -0.443841
vn -0.072708 0.942329 -0.326695
vn -0.090941 0.973260 -0.210936
vn 0.047201 0.843861 0.534481
vn 0.011617 0.906488 0.422073
vn 0.101189 0.818802 0.565087
vn -0.080377 0.978065 -0.192165
vn -0.059585 0.987514 -0.145830
vn -0.054982 0.993993 -0.094635
vn -0.054640 0.995609 -0.076011
vn -0.062221 0.995930 -0.065206
vn -0.081894 0.995218 -0.053231
vn -0.100003 0.994753 -0.021580
vn -0.097758 0.991752 0.082892
vn -0.059846 0.974077 0.218159
vn -0.016870 0.946483 0.322313
vn -0.164074 -0.962596 -0.215611
vn -0.189774 -0.969170 -0.157146
vn -0.159909 -0.975413 -0.151654
vn -0.097550 -0.982391 -0.159349
vn -0.075095 -0.989062 -0.126952
vn -0.075693 -0.995074 -0.064024
vn -0.093292 -0.995624 -0.005463
vn -0.123461 -0.991729 0.035074
vn -0.165913 -0.983914 0.066231
vn -0.217222 -0.969912 0.109931
vn -0.264454 -0.948845 0.172503
vn -0.334688 -0.914316 0.228057
vn -0.280974 -0.928904 0.241227
vn -0.344349 -0.890538 0.297263
vn -0.339945 -0.876338 0.341275
vn -0.064719 -0.543953 -0.836616
vn -0.124594 -0.810645 -0.572129
vn -0.170630 -0.906364 -0.386511
vn -0.176145 -0.971440 -0.158988
vn -0.274212 -0.850734 0.448396
vn -0.192496 -0.847197 0.495180
vn -0.172706 -0.698068 0.694891
vn -0.060667 -0.549973 0.832976
vn -0.018433 -0.436239 -0.899642
vn 0.008519 -0.421874 0.906615
vn 0.037651 -0.198222 -0.979434
vn 0.026958 -0.328418 -0.944148
vn 0.039718 -0.371113 0.927738
vn 0.103550 -0.198736 0.974567
vn 0.046115 -0.034372 -0.998345
vn 0.126065 -0.023392 0.991746
vn 0.057335 0.179299 -0.982123
vn 0.156464 0.211209 0.964837
vn 0.049999 0.441603 -0.895816
vn 0.034601 0.525521 -0.850077
vn 0.168945 0.453731 0.874978
vn 0.153389 0.502050 0.851128
vn 0.010196 0.593714 -0.804612
vn -0.008870 0.834474 -0.550976
vn 0.143714 0.568701 0.809892
vn 0.173464 0.581450 0.794875
vn 0.173506 0.764353 0.621016
vn -0.047443 0.885649 -0.461926
vn -0.106551 0.925055 -0.364582
vn -0.068147 0.909216 -0.410709
vn 0.127549 0.797356 0.589877
vn 0.054677 0.881074 0.469807
vn -0.093657 0.973800 -0.207225
vn -0.085078 0.981908 -0.169168
vn -0.069073 0.988914 -0.131447
vn -0.061544 0.993618 -0.094528
vn -0.066626 0.994266 -0.083639
vn -0.078324 0.994021 -0.076080
vn -0.084902 0.994101 -0.067491
vn -0.084704 0.996040 -0.027030
vn -0.073462 0.991973 0.102922
vn -0.035574 0.962161 0.270149
vn 0.014327 0.929912 0.367503
vn -0.262617 -0.949661 -0.170808
vn -0.228270 -0.825611 -0.516003
vn -0.245878 -0.942209 -0.227565
vn -0.219603 -0.970290 -0.101544
vn -0.260351 -0.952270 -0.159371
vn -0.175285 -0.980793 -0.085560
vn -0.125991 -0.984223 -0.124224
vn -0.090683 -0.990009 -0.107979
vn -0.084545 -0.993856 -0.071431
vn -0.094985 -0.995182 -0.024295
vn -0.112633 -0.993606 0.007791
vn -0.138004 -0.990150 0.023605
vn -0.180678 -0.981570 0.062263
vn -0.215593 -0.967077 0.135209
vn -0.232602 -0.944049 0.233812
vn -0.237218 -0.931485 0.275796
vn -0.318844 -0.800953 0.506768
vn -0.167902 -0.730548 0.661897
vn -0.048354 -0.495099 -0.867490
vn -0.157353 -0.768381 -0.620347
vn -0.157111 -0.761107 0.629310
vn -0.027592 -0.494539 0.868717
vn 0.027763 -0.351283 -0.935857
vn 0.034753 -0.368352 0.929037
vn 0.067954 -0.170145 -0.983073
vn 0.062702 -0.295240 -0.953363
vn 0.119649 -0.278487 0.952958
vn 0.114699 -0.214752 0.969910
vn 0.073628 -0.003939 -0.997278
vn 0.138875 -0.161130 0.977114
vn 0.164916 -0.010686 0.986250
vn 0.080849 0.152250 -0.985030
vn 0.196614 0.216005 0.956392
vn 0.199694 0.161121 0.966521
vn 0.202018 0.354609 0.912930
vn 0.063180 0.419172 -0.905706
vn 0.035402 0.490313 -0.870827
vn 0.187283 0.488322 0.852330
vn 0.012917 0.574610 -0.818325
vn -0.014276 0.814595 -0.579855
vn 0.201266 0.608984 0.767222
vn 0.173547 0.729367 0.661744
vn -0.034360 0.861761 -0.506149
vn -0.076471 0.891923 -0.445675
vn 0.139845 0.765127 0.628509
vn 0.100233 0.836591 0.538581
vn -0.080003 0.968074 -0.237555
vn -0.078485 0.983079 -0.165515
vn -0.073494 0.990110 -0.119499
vn -0.074965 0.992524 -0.096313
vn -0.079410 0.992921 -0.088330
vn -0.082044 0.992851 -0.086696
vn -0.086127 0.994199 -0.064425
vn -0.068839 0.997595 -0.008104
vn -0.031560 0.990826 0.131409
vn 0.014050 0.948717 0.315813
vn 0.051173 0.911148 0.408890
vn -0.161733 -0.801100 -0.576265
vn -0.226040 -0.925885 -0.302724
vn -0.227902 -0.970679 -0.076445
vn -0.191481 -0.980528 -0.043599
vn -0.149284 -0.985651 -0.078779
vn -0.122153 -0.988715 -0.086727
vn -0.119185 -0.989683 -0.079517
vn -0.135272 -0.990177 -0.035360
vn -0.153875 -0.987939 -0.017319
vn -0.178445 -0.983941 0.004233
vn -0.188473 -0.981866 0.020446
vn -0.206124 -0.970906 0.121878
vn -0.173333 -0.952519 0.250324
vn -0.149585 -0.928373 0.340217
vn -0.015143 -0.664999 0.746690
vn 0.002270 -0.438338 -0.898807
vn -0.053780 -0.617457 -0.784764
vn -0.043733 -0.657368 0.752299
vn 0.100528 -0.414025 0.904698
vn 0.055439 -0.314892 -0.947507
vn 0.132313 -0.283601 0.949770
vn 0.082736 -0.170805 -0.981825
vn 0.096453 -0.233875 -0.967471
vn 0.174138 -0.158540 0.971875
vn 0.097229 -0.022956 -0.994997
vn 0.124710 -0.141077 -0.982112
vn 0.197760 -0.063384 0.978199
vn 0.193867 0.016654 0.980886
vn 0.107290 0.107813 -0.988365
vn 0.190312 0.322022 0.927407
vn 0.068179 0.397745 -0.914959
vn 0.081323 0.455249 -0.886642
vn 0.184987 0.486281 0.853997
vn 0.041839 0.549537 -0.834421
vn 0.040429 0.781714 -0.622325
vn 0.207725 0.614286 0.761251
vn 0.182058 0.658111 0.730579
vn -0.021442 0.834251 -0.550968
vn -0.023698 0.885817 -0.463429
vn 0.139659 0.748972 0.647716
vn 0.114757 0.798145 0.591434
vn -0.042897 0.964293 -0.261341
vn -0.051859 0.984937 -0.164955
vn -0.061562 0.990486 -0.123079
vn -0.071044 0.991984 -0.104504
vn -0.079657 0.992541 -0.092294
vn -0.083234 0.992795 -0.086197
vn -0.074987 0.995065 -0.064977
vn -0.052706 0.998291 0.025257
vn -0.013293 0.984459 0.175112
vn 0.033905 0.929789 0.366529
vn 0.075654 0.894874 0.439861
vn -0.072641 -0.737039 -0.671935
vn -0.121054 -0.912383 -0.391030
vn -0.181206 -0.982321 -0.047016
vn -0.160798 -0.986944 -0.009230
vn -0.136744 -0.989430 -0.048258
vn -0.126556 -0.989193 -0.074031
vn -0.145196 -0.984456 -0.098814
vn -0.169453 -0.983206 -0.067760
vn -0.183663 -0.982387 -0.034405
vn -0.213471 -0.976727 -0.020834
vn -0.217245 -0.976021 0.013730
vn -0.167977 -0.976435 0.135495
vn -0.053778 -0.938112 0.342132
vn 0.022910 -0.901742 0.431667
vn 0.143777 -0.571888 0.807634
vn 0.045946 -0.387273 -0.920820
vn 0.024648 -0.534725 -0.844666
vn 0.224573 -0.574462 0.787121
vn 0.244920 -0.453450 0.856970
vn 0.082439 -0.275771 -0.957682
vn 0.269153 -0.393796 0.878910
vn 0.241194 -0.284361 0.927881
vn 0.105654 -0.181105 -0.977772
vn 0.215227 -0.142560 0.966102
vn 0.141912 0.026669 -0.989520
vn 0.117716 -0.075556 -0.990169
vn 0.203586 0.025570 0.978723
vn 0.153545 0.259288 -0.953516
vn 0.114824 0.233417 -0.965573
vn 0.177981 0.322890 0.929551
vn 0.081552 0.429128 -0.899555
vn 0.188120 0.509549 0.839625
vn 0.162314 0.491189 0.855796
vn 0.169116 0.616368 0.769084
vn 0.083592 0.556627 -0.826546
vn 0.087284 0.740283 -0.666605
vn 0.148186 0.628294 0.763732
vn 0.051184 0.805505 -0.590374
vn 0.046394 0.871591 -0.488034
vn 0.142248 0.736537 0.661271
vn 0.124969 0.758745 0.639288
vn 0.020729 0.958223 -0.285269
vn -0.002017 0.984048 -0.177892
vn -0.021423 0.989897 -0.140158
vn -0.045840 0.991674 -0.120340
vn -0.063689 0.993385 -0.095553
vn -0.062957 0.994432 -0.084511
vn -0.061183 0.996928 -0.048899
vn -0.057695 0.994312 -0.089531
vn -0.047677 0.998829 -0.008250
vn -0.035958 0.993652 0.106600
vn -0.013488 0.977517 0.210423
vn 0.024330 0.923602 0.382580
vn 0.054228 0.872003 0.486488
vn -0.046778 0.998899 0.003640
vn -0.033536 0.998985 0.030074
vn -0.193148 -0.975467 -0.105630
vn -0.098986 -0.982733 -0.156322
vn -0.039526 -0.989414 -0.139633
vn -0.105586 -0.991348 -0.077979
vn -0.209928 -0.975809 -0.061057
vn -0.133052 -0.990221 -0.041937
vn -0.226028 -0.973074 -0.045137
vn -0.130546 -0.991401 -0.009022
vn -0.210686 -0.977517 -0.008486
vn -0.095392 -0.992543 0.075890
vn -0.196189 -0.979598 0.043572
vn -0.062835 -0.991011 0.118107
vn -0.147645 -0.969765 0.194310
vn 0.097713 -0.909363 0.404364
vn 0.079277 -0.670024 -0.738094
vn 0.119272 -0.895279 -0.429244
vn 0.018181 -0.997398 -0.069756
vn -0.010852 -0.999930 -0.004822
vn -0.028960 -0.998567 -0.045009
vn -0.067913 -0.991405 -0.111818
vn 0.068993 -0.896139 0.438378
vn 0.164099 -0.833484 0.527613
vn 0.353881 -0.426850 0.832206
vn 0.087141 -0.360048 -0.928855
vn 0.149538 -0.533376 -0.832556
vn 0.385318 -0.406394 0.828477
vn 0.088919 -0.268910 -0.959052
vn 0.339432 -0.382908 0.859167
vn 0.371097 -0.344283 0.862413
vn 0.090141 -0.162653 -0.982557
vn 0.363756 -0.285664 0.886610
vn 0.296741 -0.203971 0.932921
vn 0.098522 -0.007314 -0.995108
vn 0.230545 0.029394 0.972618
vn 0.090742 0.215166 -0.972353
vn 0.200670 0.277671 0.939484
vn 0.088408 0.420876 -0.902800
vn 0.150094 0.463969 0.873043
vn 0.118502 0.590530 0.798268
vn 0.096152 0.586019 -0.804573
vn 0.118512 0.716433 -0.687516
vn 0.117620 0.684828 0.719150
vn 0.077240 0.608138 0.790065
vn 0.072450 0.725617 0.684274
vn 0.092608 0.794357 -0.600350
vn 0.106701 0.855627 -0.506476
vn 0.075351 0.732219 0.676889
vn 0.041472 0.717222 0.695610
vn 0.028048 0.845009 0.534015
vn 0.075610 0.948944 -0.306249
vn 0.046215 0.978844 -0.199322
vn 0.029900 0.987124 -0.157137
vn 0.017561 0.988988 -0.146953
vn -0.013723 0.992974 -0.117534
vn -0.046680 0.995802 -0.078737
vn -0.033721 0.994889 -0.095179
vn -0.014868 0.959187 0.282383
vn -0.027574 0.994104 0.104862
vn 0.006947 0.895992 0.444017
vn -0.038793 0.999112 -0.016468
vn -0.034230 0.998315 0.046859
vn 0.017498 -0.983818 -0.178314
vn 0.078906 -0.981781 -0.172861
vn 0.037097 -0.992334 -0.117882
vn 0.010125 -0.999252 -0.037310
vn 0.009629 -0.999953 0.000873
vn 0.078738 -0.989857 0.118254
vn 0.046553 -0.982532 0.180179
vn 0.152328 -0.859703 0.487552
vn 0.313305 -0.609856 -0.727954
vn 0.392638 -0.845913 -0.360926
vn 0.329018 -0.932337 -0.149983
vn 0.244817 -0.968512 -0.045264
vn 0.188163 -0.978876 -0.079974
vn 0.142755 -0.978287 -0.150253
vn 0.319516 -0.787277 0.527357
vn 0.450385 -0.501829 0.738458
vn 0.485569 -0.473418 0.734914
vn 0.150505 -0.370804 -0.916435
vn 0.306930 -0.577870 -0.756214
vn 0.461345 -0.406022 0.788864
vn 0.497292 -0.425314 0.756180
vn 0.133213 -0.266041 -0.954713
vn 0.458655 -0.441332 0.771273
vn 0.433177 -0.363709 0.824666
vn 0.126798 -0.168231 -0.977558
vn 0.404076 -0.282068 0.870149
vn 0.391825 -0.289335 0.873360
vn 0.123546 -0.004003 -0.992331
vn 0.392193 -0.292352 0.872190
vn 0.293028 -0.030820 0.955607
vn 0.123130 0.215051 -0.968810
vn 0.211922 0.237191 0.948066
vn 0.149955 0.417515 -0.896211
vn 0.206551 0.408687 0.888995
vn 0.121603 0.496557 0.859444
vn 0.148382 0.622304 -0.768583
vn 0.198682 0.694036 -0.691983
vn 0.075983 0.600176 0.796251
vn 0.042675 0.696265 0.716515
vn 0.187409 0.800520 -0.569250
vn 0.200500 0.831144 -0.518651
vn 0.020112 0.683905 0.729294
vn -0.000966 0.845170 0.534497
vn 0.160901 0.935150 -0.315603
vn 0.135174 0.963399 -0.231496
vn 0.106016 0.980492 -0.165518
vn 0.100197 0.983077 -0.153360
vn 0.092550 0.984376 -0.149798
vn 0.046207 0.993143 -0.107384
vn 0.067354 0.991465 -0.111627
vn 0.038264 0.961947 0.270542
vn 0.013637 0.992632 0.120395
vn 0.011218 0.899115 0.437569
vn 0.032381 0.998761 -0.037791
vn 0.009841 0.998573 0.052499
vn 0.204155 -0.956767 -0.207167
vn 0.217200 -0.950537 -0.222047
vn 0.193819 -0.969364 -0.150886
vn 0.181158 -0.982237 -0.048915
vn 0.181193 -0.981745 0.057834
vn 0.240905 -0.951659 0.190550
vn 0.396607 -0.902095 0.170081
vn 0.324046 -0.879367 0.348866
vn 0.530586 -0.707572 -0.466713
vn 0.570928 -0.751318 -0.331003
vn 0.507716 -0.838763 -0.196727
vn 0.474469 -0.873048 -0.112541
vn 0.426513 -0.895275 -0.128721
vn 0.376157 -0.903814 -0.204025
vn 0.313621 -0.924500 -0.216662
vn 0.417774 -0.860971 0.290162
vn 0.448711 -0.767396 0.457997
vn 0.500490 -0.599511 0.624577
vn 0.527656 -0.582940 0.617868
vn 0.358972 -0.534064 -0.765450
vn 0.502367 -0.568181 -0.651765
vn 0.583513 -0.629584 -0.512968
vn 0.556372 -0.470099 0.685170
vn 0.514531 -0.428408 0.742782
vn 0.260194 -0.309521 -0.914602
vn 0.468571 -0.543314 -0.696600
vn 0.495002 -0.429354 0.755399
vn 0.520587 -0.414312 0.746549
vn 0.218875 -0.168284 -0.961132
vn 0.506544 -0.375988 0.775916
vn 0.448045 -0.348487 0.823294
vn 0.227075 -0.009272 -0.973833
vn 0.376722 -0.136881 0.916157
vn 0.389510 -0.187981 0.901635
vn 0.225714 0.234167 -0.945632
vn 0.330763 0.059717 0.941823
vn 0.295520 0.127830 0.946746
vn 0.255996 0.405410 -0.877559
vn 0.180563 0.410106 0.893985
vn 0.290306 0.657198 -0.695567
vn 0.310264 0.666040 -0.678327
vn 0.169906 0.580828 0.796097
vn 0.098428 0.658514 0.746104
vn 0.306408 0.788478 -0.533308
vn 0.273911 0.889048 -0.366834
vn 0.345655 0.831475 -0.434940
vn 0.378659 0.851626 -0.362422
vn 0.134357 0.662842 0.736606
vn 0.061843 0.848117 0.526188
vn 0.253894 0.931563 -0.260246
vn 0.232331 0.953322 -0.192871
vn 0.198119 0.967007 -0.160146
vn 0.186459 0.969838 -0.156993
vn 0.176525 0.974416 -0.139116
vn 0.168761 0.976324 -0.135318
vn 0.143288 0.964818 0.220441
vn 0.066667 0.989626 0.127261
vn 0.085497 0.903706 0.419529
vn 0.092084 0.994485 -0.050204
vn 0.080153 0.996699 0.012877
vn 0.392323 -0.902026 -0.180090
vn 0.388439 -0.917807 -0.082133
vn 0.400677 -0.912750 0.079656
vn 0.729482 -0.639183 -0.243520
vn 0.748734 -0.645068 -0.152592
vn 0.694264 -0.692173 -0.197219
vn 0.606536 -0.767568 -0.207252
vn 0.576671 -0.746921 -0.330997
vn 0.534209 -0.810630 -0.239791
vn 0.537761 -0.826955 -0.164192
vn 0.606659 -0.794873 -0.011921
vn 0.577460 -0.802998 0.147422
vn 0.537679 -0.776747 0.327972
vn 0.553409 -0.620089 0.556083
vn 0.697669 -0.555059 0.452955
vn 0.694242 -0.615055 -0.373812
vn 0.749857 -0.626869 -0.211540
vn 0.793888 -0.598625 -0.106726
vn 0.789740 -0.585586 -0.182756
vn 0.813981 -0.542064 -0.208809
vn 0.849499 -0.453844 -0.269030
vn 0.606332 -0.486447 0.629071
vn 0.556140 -0.465842 0.688258
vn 0.624702 -0.448187 0.639434
vn 0.504737 -0.463371 -0.728374
vn 0.629504 -0.527868 -0.570157
vn 0.769381 -0.535277 -0.348614
vn 0.890282 -0.434837 -0.135331
vn 0.565800 -0.444478 0.694485
vn 0.579889 -0.387106 0.716853
vn 0.359681 -0.207828 -0.909636
vn 0.682424 -0.435301 -0.587206
vn 0.524966 -0.396899 0.752916
vn 0.601522 -0.374707 0.705526
vn 0.392854 0.000255 -0.919601
vn 0.624681 -0.408942 0.665237
vn 0.473876 -0.216456 0.853574
vn 0.384166 0.238774 -0.891854
vn 0.426670 0.077287 0.901099
vn 0.438220 0.472658 -0.764564
vn 0.387070 0.555783 -0.735718
vn 0.529268 0.565700 -0.632344
vn 0.306125 0.388051 0.869312
vn 0.413105 0.736303 -0.535912
vn 0.461284 0.650574 -0.603300
vn 0.574940 0.668537 -0.471701
vn 0.310302 0.567102 0.762960
vn 0.323266 0.591655 0.738542
vn 0.443893 0.800050 -0.403583
vn 0.419652 0.839131 -0.346050
vn 0.576356 0.757740 -0.306013
vn 0.625240 0.707850 -0.328669
vn 0.334486 0.627840 0.702806
vn 0.313892 0.750633 0.581397
vn 0.323562 0.918801 -0.226080
vn 0.343813 0.921713 -0.179550
vn 0.384456 0.907466 -0.169408
vn 0.352088 0.924068 -0.148771
vn 0.216250 0.976338 0.000324
vn 0.331226 0.940799 -0.072016
vn 0.220485 0.973496 0.060769
vn 0.304825 0.950648 0.057886
vn 0.304025 0.934144 0.186931
vn 0.280709 0.895245 0.346033
vn 0.855830 -0.444485 -0.264553
vn 0.840817 -0.507198 -0.189145
vn 0.797662 -0.596417 -0.089564
vn 0.790328 -0.599141 0.128105
vn 0.775196 -0.548151 0.314010
vn 0.930930 -0.351328 -0.099686
vn 0.938249 -0.305531 -0.162292
vn 0.916154 -0.316729 -0.245653
vn 0.918511 -0.302583 -0.254521
vn 0.914689 -0.306042 -0.263975
vn 0.892293 -0.410095 -0.188772
vn 0.892340 -0.447845 -0.056245
vn 0.873645 -0.465089 0.142955
vn 0.900600 -0.363652 0.238071
vn 0.835247 -0.432002 0.340203
vn 0.768879 -0.412728 0.488345
vn 0.906295 -0.343861 -0.245741
vn 0.944221 -0.323399 -0.062119
vn 0.969707 -0.238637 -0.052155
vn 0.970504 -0.208832 -0.120458
vn 0.964214 -0.178333 -0.196187
vn 0.935837 -0.181309 -0.302218
vn 0.935420 -0.221137 -0.275838
vn 0.874962 -0.335176 0.349427
vn 0.875703 -0.332508 0.350118
vn 0.783362 -0.359055 0.507369
vn 0.732327 -0.359620 0.578249
vn 0.853013 -0.236807 -0.465071
vn 0.955265 -0.242899 -0.168726
vn 0.974915 -0.222263 -0.011842
vn 0.981330 -0.192165 -0.007980
vn 0.983477 -0.159418 -0.085779
vn 0.965579 -0.168912 -0.197804
vn 0.908263 -0.204836 -0.364828
vn 0.929886 -0.199632 -0.308964
vn 0.785750 -0.345284 0.513202
vn 0.778864 -0.343432 0.524809
vn 0.718518 -0.348246 0.602044
vn 0.840901 -0.022296 -0.540729
vn 0.967932 -0.123435 -0.218795
vn 0.987907 -0.154840 0.007980
vn 0.987243 -0.159206 -0.001960
vn 0.979545 -0.178265 -0.093341
vn 0.971270 -0.182485 -0.152754
vn 0.908603 -0.215022 -0.358058
vn 0.703747 -0.392902 0.591919
vn 0.704519 -0.301487 0.642463
vn 0.769180 -0.218236 0.600612
vn 0.787041 0.270210 -0.554575
vn 0.940783 0.148596 -0.304707
vn 0.998293 0.042709 -0.039831
vn 0.999655 -0.015670 -0.021058
vn 0.995672 -0.052969 -0.076369
vn 0.985874 -0.075662 -0.149424
vn 0.697666 -0.072632 0.712732
vn 0.780804 0.007205 0.624734
vn 0.805765 0.436955 -0.399766
vn 0.934593 0.321234 -0.152792
vn 0.973858 0.212712 -0.079712
vn 0.978165 0.162984 -0.128955
vn 0.983931 0.078403 -0.160416
vn 0.621975 0.308205 0.719831
vn 0.710113 0.273115 0.648959
vn 0.810294 0.529834 -0.250399
vn 0.869563 0.460392 -0.178604
vn 0.909710 0.372720 -0.183052
vn 0.952402 0.222254 -0.208648
vn 0.910044 0.340789 -0.235973
vn 0.921652 0.256169 -0.291438
vn 0.549383 0.527657 0.647886
vn 0.772595 0.362011 0.521579
vn 0.711727 0.453481 0.536470
vn 0.783465 0.578662 -0.226569
vn 0.772925 0.591663 -0.229178
vn 0.877002 0.384360 -0.288333
vn 0.730714 0.632205 -0.257630
vn 0.872341 0.417471 -0.254441
vn 0.500488 0.663461 0.556176
vn 0.793787 0.460825 0.396917
vn 0.525193 0.798070 0.295392
vn 0.504386 0.846887 -0.168454
vn 0.510782 0.852572 -0.110555
vn 0.508703 0.860754 0.017988
vn 0.472625 0.865935 0.163654
vn 0.951318 -0.215902 -0.219956
vn 0.962445 -0.258249 -0.083703
vn 0.943781 -0.312343 0.108255
vn 0.962339 -0.173252 -0.209492
vn 0.979895 -0.164705 -0.112596
vn 0.980402 -0.190818 0.048984
vn 0.936795 -0.266848 0.226289
vn 0.956173 -0.146761 -0.253365
vn 0.977571 -0.112172 -0.178249
vn 0.985538 -0.121436 -0.118182
vn 0.988880 -0.148352 0.010381
vn 0.973041 -0.182283 0.141297
vn 0.907821 -0.258093 0.330529
vn 0.963146 -0.115884 -0.242735
vn 0.970784 -0.095901 -0.219959
vn 0.979261 -0.091663 -0.180679
vn 0.983297 -0.110227 -0.144833
vn 0.987827 -0.154390 -0.019029
vn 0.979034 -0.165858 0.118248
vn 0.946382 -0.175295 0.271353
vn 0.879571 -0.229034 0.417011
vn 0.980052 -0.021206 -0.197608
vn 0.976409 -0.026698 -0.214272
vn 0.982942 -0.017978 -0.183034
vn 0.985009 -0.021355 -0.171178
vn 0.997258 -0.039170 -0.062782
vn 0.990110 -0.068672 0.122336
vn 0.961533 -0.051262 0.269864
vn 0.909815 -0.078936 0.407437
vn 0.966724 0.115303 -0.228365
vn 0.974414 0.086887 -0.207285
vn 0.979958 0.081780 -0.181645
vn 0.983479 0.093388 -0.155074
vn 0.989738 0.125426 -0.068468
vn 0.984594 0.131452 0.115307
vn 0.955577 0.119560 0.269404
vn 0.895204 0.151342 0.419172
vn 0.946387 0.228947 -0.227893
vn 0.960377 0.207497 -0.186065
vn 0.969842 0.209054 -0.125314
vn 0.966737 0.254281 -0.027591
vn 0.957732 0.268831 0.102369
vn 0.897371 0.307935 0.316071
vn 0.902170 0.383788 -0.196966
vn 0.901390 0.416242 -0.119325
vn 0.902240 0.431219 0.003682
vn 0.893724 0.419907 0.157908
f 1//1 2//2 3//3
f 1//1 4//4 5//5
f 3//3 4//4 1//1
f 5//5 6//6 7//7
f 4//4 6//6 5//5
f 7//7 8//8 9//9
f 6//6 8//8 7//7
f 9//9 10//10 11//11
f 8//8 10//10 9//9
f 11//11 12//12 13//13
f 10//10 12//12 11//11
f 13//13 14//14 15//15
f 12//12 14//14 13//13
f 15//15 16//16 17//17
f 14//14 16//16 15//15
f 16//16 18//18 17//17
f 19//19 20//20 21//21
f 2//2 19//19 21//21
f 2//2 1//1 19//19
f 1//1 22//22 19//19
f 5//5 23//23 1//1
f 23//23 22//22 1//1
f 7//7 24//24 5//5
f 24//24 23//23 5//5
f 9//9 25//25 7//7
f 25//25 24//24 7//7
f 11//11 26//26 9//9
f 26//26 25//25 9//9
f 13//13 27//27 11//11
f 27//27 26//26 11//11
f 15//15 28//28 13//13
f 28//28 27//27 13//13
f 17//17 29//29 15//15
f 29//29 28//28 15//15
f 30//30 17//17 18//18
f 29//29 17//17 30//30
f 19//19 31//31 20//20
f 31//31 32//32 33//33
f 31//31 19//19 32//32
f 19//19 22//22 32//32
f 23//23 34//34 22//22
f 34//34 32//32 22//22
f 24//24 35//35 23//23
f 35//35 34//34 23//23
f 25//25 36//36 24//24
f 36//36 35//35 24//24
f 26//26 37//37 25//25
f 37//37 36//36 25//25
f 27//27 38//38 26//26
f 38//38 37//37 26//26
f 28//28 39//39 27//27
f 39//39 38//38 27//27
f 29//29 40//40 28//28
f 40//40 39//39 28//28
f 41//41 29//29 30//30
f 40//40 29//29 41//41
f 32//32 42//42 33//33
f 34//34 42//42 32//32
f 43//43 42//42 34//34
f 35//35 43//43 34//34
f 44//44 43//43 35//35
f 36//36 44//44 35//35
f 45//45 44//44 36//36
f 37//37 45//45 36//36
f 46//46 45//45 37//37
f 38//38 46//46 37//37
f 47//47 46//46 38//38
f 39//39 47//47 38//38
f 48//48 47//47 39//39
f 40//40 48//48 39//39
f 49//49 48//48 40//40
f 41//41 49//49 40//40
f 50//50 51//51 52//52
f 50//50 53//53 54//54
f 52//52 53//53 50//50
f 54//54 55//55 56//56
f 53//53 55//55 54//54
f 56//56 57//57 58//58
f 55//55 57//57 56//56
f 58//58 59//59 60//60
f 57//57 59//59 58//58
f 60//60 61//61 62//62
f 59//59 61//61 60//60
f 62//62 63//63 64//64
f 61//61 63//63 62//62
f 64//64 65//65 66//66
f 63//63 65//65 64//64
f 66//66 67//67 68//68
f 65//65 67//67 66//66
f 68//68 69//69 70//70
f 67//67 69//69 68//68
f 69//69 71//71 70//70
f 72//72 51//51 50//50
f 73//73 51//51 72//72
f 54//54 74//74 50//50
f 74//74 72//72 50//50
f 3//3 2//2 74//74
f 3//3 74//74 56//56
f 56//56 74//74 54//54
f 4//4 3//3 56//56
f 58//58 4//4 56//56
f 6//6 4//4 58//58
f 60//60 6//6 58//58
f 8//8 6//6 60//60
f 62//62 8//8 60//60
f 10//10 8//8 62//62
f 64//64 10//10 62//62
f 12//12 10//10 64//64
f 66//66 12//12 64//64
f 14//14 12//12 66//66
f 68//68 14//14 66//66
f 16//16 14//14 68//68
f 70//70 16//16 68//68
f 18//18 75//75 76//76
f 16//16 75//75 18//18
f 16//16 71//71 75//75
f 16//16 70//70 71//71
f 75//75 77//77 76//76
f 78//78 79//79 80//80
f 73//73 78//78 80//80
f 73//73 72//72 78//78
f 72//72 81//81 78//78
f 21//21 20//20 81//81
f 21//21 81//81 74//74
f 74//74 81//81 72//72
f 2//2 21//21 74//74
f 76//76 82//82 30//30
f 18//18 76//76 30//30
f 83//83 76//76 77//77
f 82//82 76//76 83//83
f 78//78 84//84 79//79
f 84//84 85//85 86//86
f 84//84 78//78 85//85
f 78//78 81//81 85//85
f 20//20 31//31 87//87
f 20//20 87//87 81//81
f 81//81 87//87 85//85
f 31//31 33//33 87//87
f 82//82 88//88 41//41
f 30//30 82//82 41//41
f 89//89 82//82 83//83
f 88//88 82//82 89//89
f 85//85 90//90 86//86
f 90//90 91//91 92//92
f 90//90 85//85 91//91
f 85//85 87//87 91//91
f 33//33 42//42 93//93
f 33//33 93//93 87//87
f 87//87 93//93 91//91
f 42//42 43//43 94//94
f 93//93 42//42 94//94
f 43//43 44//44 95//95
f 94//94 43//43 95//95
f 44//44 45//45 96//96
f 95//95 44//44 96//96
f 45//45 46//46 97//97
f 96//96 45//45 97//97
f 46//46 47//47 98//98
f 97//97 46//46 98//98
f 47//47 48//48 99//99
f 98//98 47//47 99//99
f 48//48 49//49 100//100
f 99//99 48//48 100//100
f 49//49 101//101 100//100
f 41//41 101//101 49//49
f 41//41 102//102 101//101
f 41//41 88//88 102//102
f 89//89 102//102 88//88
f 91//91 103//103 92//92
f 93//93 103//103 91//91
f 104//104 103//103 93//93
f 94//94 104//104 93//93
f 105//105 104//104 94//94
f 95//95 105//105 94//94
f 106//106 105//105 95//95
f 96//96 106//106 95//95
f 107//107 106//106 96//96
f 97//97 107//107 96//96
f 108//108 107//107 97//97
f 98//98 108//108 97//97
f 109//109 108//108 98//98
f 99//99 109//109 98//98
f 110//110 109//109 99//99
f 100//100 110//110 99//99
f 111//111 110//110 100//100
f 101//101 111//111 100//100
f 112//112 113//113 114//114
f 114//114 115//115 112//112
f 116//116 117//117 118//118
f 113//113 116//116 118//118
f 113//113 112//112 116//116
f 112//112 119//119 116//116
f 120//120 112//112 115//115
f 120//120 121//121 112//112
f 121//121 119//119 112//112
f 121//121 122//122 123//123
f 120//120 122//122 121//121
f 123//123 124//124 125//125
f 122//122 124//124 123//123
f 124//124 126//126 125//125
f 127//127 128//128 129//129
f 117//117 127//127 129//129
f 116//116 127//127 117//117
f 116//116 51//51 127//127
f 116//116 52//52 51//51
f 53//53 52//52 116//116
f 119//119 53//53 116//116
f 55//55 53//53 119//119
f 121//121 55//55 119//119
f 57//57 55//55 121//121
f 123//123 57//57 121//121
f 59//59 57//57 123//123
f 125//125 59//59 123//123
f 125//125 126//126 130//130
f 125//125 130//130 59//59
f 59//59 130//130 61//61
f 63//63 61//61 131//131
f 61//61 130//130 131//131
f 65//65 63//63 132//132
f 63//63 131//131 132//132
f 67//67 65//65 133//133
f 65//65 132//132 133//133
f 69//69 67//67 134//134
f 67//67 133//133 134//134
f 134//134 71//71 69//69
f 135//135 71//71 134//134
f 136//136 128//128 127//127
f 137//137 128//128 136//136
f 51//51 73//73 136//136
f 127//127 51//51 136//136
f 71//71 135//135 138//138
f 75//75 71//71 138//138
f 77//77 139//139 140//140
f 77//77 75//75 139//139
f 75//75 138//138 139//139
f 139//139 141//141 140//140
f 80//80 137//137 136//136
f 80//80 79//79 137//137
f 79//79 142//142 137//137
f 73//73 80//80 136//136
f 140//140 143//143 83//83
f 77//77 140//140 83//83
f 144//144 140//140 141//141
f 144//144 145//145 140//140
f 145//145 143//143 140//140
f 144//144 146//146 145//145
f 147//147 79//79 84//84
f 147//147 148//148 79//79
f 148//148 142//142 79//79
f 84//84 86//86 147//147
f 143//143 149//149 89//89
f 83//83 143//143 89//89
f 145//145 150//150 143//143
f 150//150 149//149 143//143
f 151//151 145//145 146//146
f 150//150 145//145 151//151
f 147//147 152//152 148//148
f 153//153 154//154 152//152
f 90//90 153//153 152//152
f 90//90 152//152 147//147
f 90//90 147//147 86//86
f 90//90 92//92 153//153
f 102//102 155//155 101//101
f 102//102 89//89 149//149
f 102//102 149//149 155//155
f 155//155 149//149 156//156
f 157//157 150//150 158//158
f 157//157 156//156 150//150
f 156//156 149//149 150//150
f 151//151 158//158 150//150
f 153//153 159//159 154//154
f 92//92 159//159 153//153
f 92//92 103//103 159//159
f 103//103 160//160 159//159
f 104//104 161//161 103//103
f 103//103 161//161 160//160
f 105//105 162//162 104//104
f 104//104 162//162 161//161
f 163//163 164//164 162//162
f 163//163 162//162 106//106
f 106//106 162//162 105//105
f 106//106 107//107 165//165
f 163//163 106//106 165//165
f 107//107 108//108 166//166
f 165//165 107//107 166//166
f 108//108 109//109 167//167
f 166//166 108//108 167//167
f 109//109 110//110 168//168
f 167//167 109//109 168//168
f 169//169 168//168 110//110
f 169//169 110//110 170//170
f 170//170 110//110 111//111
f 155//155 111//111 101//101
f 155//155 171//171 111//111
f 171//171 170//170 111//111
f 156//156 171//171 155//155
f 172//172 171//171 156//156
f 157//157 172//172 156//156
f 163//163 173//173 164//164
f 165//165 173//173 163//163
f 174//174 173//173 165//165
f 166//166 174//174 165//165
f 175//175 174//174 166//166
f 167//167 175//175 166//166
f 176//176 175//175 167//167
f 168//168 176//176 167//167
f 177//177 176//176 168//168
f 169//169 177//177 168//168
f 114//114 178//178 179//179
f 113//113 178//178 114//114
f 115//115 180//180 181//181
f 115//115 114//114 180//180
f 114//114 179//179 180//180
f 180//180 182//182 181//181
f 118//118 183//183 184//184
f 117//117 183//183 118//118
f 178//178 113//113 118//118
f 184//184 178//178 118//118
f 115//115 181//181 120//120
f 181//181 182//182 185//185
f 181//181 185//185 120//120
f 120//120 185//185 122//122
f 124//124 122//122 186//186
f 122//122 185//185 186//186
f 186//186 126//126 124//124
f 187//187 126//126 186//186
f 129//129 188//188 189//189
f 128//128 188//188 129//129
f 183//183 117//117 129//129
f 189//189 183//183 129//129
f 126//126 187//187 190//190
f 130//130 126//126 190//190
f 131//131 130//130 191//191
f 130//130 190//190 191//191
f 132//132 131//131 192//192
f 131//131 191//191 192//192
f 133//133 132//132 193//193
f 132//132 192//192 193//193
f 134//134 133//133 194//194
f 133//133 193//193 194//194
f 135//135 195//195 196//196
f 135//135 134//134 195//195
f 134//134 194//194 195//195
f 195//195 197//197 196//196
f 128//128 137//137 188//188
f 188//188 137//137 198//198
f 135//135 196//196 138//138
f 196//196 197//197 199//199
f 196//196 199//199 138//138
f 138//138 199//199 139//139
f 141//141 200//200 201//201
f 141//141 139//139 200//200
f 139//139 199//199 200//200
f 201//201 202//202 203//203
f 200//200 202//202 201//201
f 203//203 204//204 205//205
f 202//202 204//204 203//203
f 204//204 206//206 205//205
f 137//137 142//142 198//198
f 198//198 142//142 207//207
f 141//141 201//201 144//144
f 146//146 144//144 201//201
f 146//146 201//201 208//208
f 208//208 201//201 203//203
f 205//205 209//209 203//203
f 209//209 208//208 203//203
f 210//210 205//205 206//206
f 209//209 205//205 210//210
f 142//142 148//148 207//207
f 207//207 148//148 211//211
f 208//208 212//212 151//151
f 146//146 208//208 151//151
f 209//209 213//213 208//208
f 213//213 212//212 208//208
f 214//214 209//209 210//210
f 213//213 209//209 214//214
f 148//148 215//215 211//211
f 152//152 215//215 148//148
f 215//215 152//152 154//154
f 216//216 215//215 154//154
f 158//158 217//217 157//157
f 158//158 151//151 212//212
f 158//158 212//212 217//217
f 217//217 212//212 218//218
f 219//219 213//213 220//220
f 219//219 218//218 213//213
f 218//218 212//212 213//213
f 214//214 220//220 213//213
f 154//154 221//221 216//216
f 159//159 221//221 154//154
f 160//160 222//222 159//159
f 159//159 222//222 221//221
f 223//223 224//224 222//222
f 223//223 222//222 161//161
f 161//161 222//222 160//160
f 161//161 162//162 225//225
f 223//223 161//161 225//225
f 162//162 164//164 225//225
f 170//170 226//226 169//169
f 170//170 171//171 227//227
f 226//226 170//170 227//227
f 171//171 172//172 228//228
f 227//227 171//171 228//228
f 172//172 229//229 228//228
f 157//157 229//229 172//172
f 157//157 230//230 229//229
f 157//157 217//217 230//230
f 218//218 230//230 217//217
f 231//231 230//230 218//218
f 219//219 231//231 218//218
f 223//223 232//232 224//224
f 225//225 232//232 223//223
f 233//233 232//232 225//225
f 164//164 233//233 225//225
f 164//164 173//173 233//233
f 173//173 234//234 233//233
f 174//174 235//235 173//173
f 173//173 235//235 234//234
f 175//175 236//236 174//174
f 174//174 236//236 235//235
f 176//176 237//237 175//175
f 175//175 237//237 236//236
f 177//177 238//238 176//176
f 176//176 238//238 237//237
f 226//226 177//177 169//169
f 226//226 239//239 177//177
f 239//239 238//238 177//177
f 227//227 239//239 226//226
f 240//240 239//239 227//227
f 228//228 240//240 227//227
f 241//241 240//240 228//228
f 229//229 241//241 228//228
f 179//179 178//178 242//242
f 179//179 243//243 180//180
f 242//242 243//243 179//179
f 180//180 243//243 182//182
f 184//184 244//244 245//245
f 183//183 244//244 184//184
f 242//242 178//178 184//184
f 242//242 184//184 246//246
f 246//246 184//184 245//245
f 243//243 242//242 246//246
f 247//247 243//243 246//246
f 182//182 243//243 247//247
f 182//182 247//247 185//185
f 185//185 247//247 248//248
f 186//186 185//185 249//249
f 185//185 248//248 249//249
f 187//187 250//250 251//251
f 187//187 186//186 250//250
f 186//186 249//249 250//250
f 250//250 252//252 251//251
f 189//189 188//188 253//253
f 189//189 253//253 254//254
f 189//189 254//254 183//183
f 183//183 254//254 244//244
f 187//187 251//251 190//190
f 251//251 252//252 255//255
f 251//251 255//255 190//190
f 190//190 255//255 191//191
f 192//192 191//191 256//256
f 191//191 255//255 256//256
f 193//193 192//192 257//257
f 192//192 256//256 257//257
f 194//194 193//193 258//258
f 193//193 257//257 258//258
f 195//195 194//194 259//259
f 194//194 258//258 259//259
f 197//197 260//260 261//261
f 197//197 195//195 260//260
f 195//195 259//259 260//260
f 261//261 262//262 263//263
f 260//260 262//262 261//261
f 263//263 264//264 265//265
f 262//262 264//264 263//263
f 265//265 266//266 267//267
f 264//264 266//266 265//265
f 266//266 268//268 267//267
f 253//253 269//269 270//270
f 253//253 188//188 269//269
f 188//188 198//198 269//269
f 254//254 253//253 270//270
f 197//197 261//261 199//199
f 200//200 199//199 261//261
f 263//263 200//200 261//261
f 202//202 200//200 263//263
f 265//265 202//202 263//263
f 204//204 202//202 265//265
f 267//267 204//204 265//265
f 206//206 271//271 272//272
f 204//204 271//271 206//206
f 204//204 268//268 271//271
f 204//204 267//267 268//268
f 271//271 273//273 272//272
f 198//198 207//207 269//269
f 269//269 207//207 274//274
f 272//272 275//275 210//210
f 206//206 272//272 210//210
f 276//276 272//272 273//273
f 275//275 272//272 276//276
f 207//207 211//211 274//274
f 274//274 211//211 277//277
f 275//275 278//278 214//214
f 210//210 275//275 214//214
f 279//279 275//275 276//276
f 278//278 275//275 279//279
f 211//211 280//280 277//277
f 215//215 280//280 211//211
f 280//280 215//215 216//216
f 281//281 280//280 216//216
f 220//220 282//282 219//219
f 220//220 214//214 278//278
f 220//220 278//278 282//282
f 282//282 278//278 283//283
f 284//284 278//278 279//279
f 283//283 278//278 284//284
f 216//216 285//285 281//281
f 221//221 285//285 216//216
f 286//286 287//287 285//285
f 286//286 285//285 222//222
f 222//222 285//285 221//221
f 222//222 224//224 286//286
f 230//230 288//288 229//229
f 230//230 231//231 289//289
f 288//288 230//230 289//289
f 231//231 219//219 282//282
f 231//231 282//282 289//289
f 289//289 282//282 290//290
f 291//291 283//283 292//292
f 291//291 290//290 283//283
f 290//290 282//282 283//283
f 284//284 292//292 283//283
f 286//286 293//293 287//287
f 224//224 293//293 286//286
f 224//224 232//232 293//293
f 232//232 294//294 293//293
f 233//233 295//295 232//232
f 232//232 295//295 294//294
f 296//296 297//297 295//295
f 296//296 295//295 234//234
f 234//234 295//295 233//233
f 234//234 235//235 298//298
f 296//296 234//234 298//298
f 235//235 236//236 299//299
f 298//298 235//235 299//299
f 236//236 237//237 300//300
f 299//299 236//236 300//300
f 237//237 238//238 301//301
f 300//300 237//237 301//301
f 238//238 239//239 302//302
f 301//301 238//238 302//302
f 239//239 240//240 303//303
f 302//302 239//239 303//303
f 240//240 241//241 304//304
f 303//303 240//240 304//304
f 241//241 305//305 304//304
f 229//229 305//305 241//241
f 229//229 306//306 305//305
f 229//229 288//288 306//306
f 289//289 306//306 288//288
f 307//307 306//306 289//289
f 290//290 307//307 289//289
f 308//308 307//307 290//290
f 291//291 308//308 290//290
f 296//296 309//309 297//297
f 298//298 309//309 296//296
f 310//310 309//309 298//298
f 299//299 310//310 298//298
f 311//311 310//310 299//299
f 300//300 311//311 299//299
f 312//312 311//311 300//300
f 301//301 312//312 300//300
f 313//313 312//312 301//301
f 302//302 313//313 301//301
f 314//314 313//313 302//302
f 303//303 314//314 302//302
f 315//315 314//314 303//303
f 304//304 315//315 303//303
f 316//316 315//315 304//304
f 305//305 316//316 304//304
f 245//245 244//244 317//317
f 318//318 245//245 317//317
f 318//318 319//319 245//245
f 319//319 246//246 245//245
f 247//247 246//246 320//320
f 246//246 319//319 320//320
f 248//248 247//247 321//321
f 247//247 320//320 321//321
f 249//249 248//248 322//322
f 248//248 321//321 322//322
f 250//250 249//249 323//323
f 249//249 322//322 323//323
f 323//323 252//252 250//250
f 324//324 252//252 323//323
f 317//317 325//325 326//326
f 317//317 244//244 325//325
f 244//244 254//254 325//325
f 318//318 317//317 326//326
f 252//252 324//324 327//327
f 255//255 252//252 327//327
f 256//256 255//255 328//328
f 255//255 327//327 328//328
f 257//257 256//256 329//329
f 256//256 328//328 329//329
f 258//258 257//257 330//330
f 257//257 329//329 330//330
f 259//259 258//258 331//331
f 258//258 330//330 331//331
f 260//260 259//259 332//332
f 259//259 331//331 332//332
f 262//262 260//260 333//333
f 260//260 332//332 333//333
f 264//264 262//262 334//334
f 262//262 333//333 334//334
f 266//266 264//264 335//335
f 264//264 334//334 335//335
f 268//268 336//336 337//337
f 268//268 266//266 336//336
f 266//266 335//335 336//336
f 336//336 338//338 337//337
f 270//270 339//339 340//340
f 269//269 339//339 270//270
f 325//325 254//254 270//270
f 340//340 325//325 270//270
f 268//268 337//337 271//271
f 337//337 273//273 271//271
f 337//337 338//338 273//273
f 338//338 341//341 273//273
f 269//269 274//274 339//339
f 339//339 274//274 342//342
f 273//273 341//341 276//276
f 341//341 343//343 276//276
f 274//274 277//277 342//342
f 342//342 277//277 344//344
f 276//276 343//343 279//279
f 343//343 345//345 279//279
f 277//277 346//346 344//344
f 280//280 346//346 277//277
f 346//346 280//280 281//281
f 347//347 346//346 281//281
f 279//279 345//345 284//284
f 345//345 348//348 284//284
f 281//281 349//349 347//347
f 285//285 349//349 281//281
f 349//349 285//285 287//287
f 350//350 349//349 287//287
f 292//292 351//351 352//352
f 291//291 292//292 352//352
f 348//348 292//292 284//284
f 351//351 292//292 348//348
f 287//287 353//353 350//350
f 293//293 353//353 287//287
f 294//294 354//354 293//293
f 293//293 354//354 353//353
f 355//355 356//356 354//354
f 355//355 354//354 295//295
f 295//295 354//354 294//294
f 295//295 297//297 355//355
f 306//306 357//357 305//305
f 306//306 307//307 358//358
f 357//357 306//306 358//358
f 359//359 358//358 307//307
f 359//359 307//307 360//360
f 360//360 307//307 308//308
f 352//352 308//308 291//291
f 360//360 308//308 352//352
f 355//355 361//361 356//356
f 297//297 361//361 355//355
f 297//297 309//309 361//361
f 309//309 362//362 361//361
f 310//310 363//363 309//309
f 309//309 363//363 362//362
f 311//311 364//364 310//310
f 310//310 364//364 363//363
f 312//312 365//365 311//311
f 311//311 365//365 364//364
f 313//313 366//366 312//312
f 312//312 366//366 365//365
f 314//314 367//367 313//313
f 313//313 367//367 366//366
f 315//315 368//368 314//314
f 314//314 368//368 367//367
f 316//316 369//369 315//315
f 315//315 369//369 368//368
f 357//357 316//316 305//305
f 357//357 370//370 316//316
f 370//370 369//369 316//316
f 358//358 370//370 357//357
f 371//371 370//370 358//358
f 359//359 371//371 358//358
f 319//319 372//372 373//373
f 318//318 372//372 319//319
f 320//320 319//319 374//374
f 319//319 373//373 374//374
f 321//321 320//320 375//375
f 320//320 374//374 375//375
f 322//322 321//321 376//376
f 321//321 375//375 376//376
f 323//323 322//322 377//377
f 322//322 376//376 377//377
f 324//324 378//378 379//379
f 324//324 323//323 378//378
f 323//323 377//377 378//378
f 378//378 380//380 379//379
f 326//326 381//381 382//382
f 325//325 381//381 326//326
f 372//372 318//318 326//326
f 382//382 372//372 326//326
f 324//324 379//379 327//327
f 379//379 380//380 383//383
f 379//379 383//383 327//327
f 327//327 383//383 328//328
f 329//329 328//328 384//384
f 328//328 383//383 384//384
f 330//330 329//329 385//385
f 329//329 384//384 385//385
f 331//331 330//330 386//386
f 330//330 385//385 386//386
f 332//332 331//331 387//387
f 331//331 386//386 387//387
f 333//333 332//332 388//388
f 332//332 387//387 388//388
f 334//334 333//333 389//389
f 333//333 388//388 389//389
f 335//335 334//334 390//390
f 334//334 389//389 390//390
f 336//336 335//335 391//391
f 335//335 390//390 391//391
f 391//391 338//338 336//336
f 392//392 338//338 391//391
f 340//340 339//339 393//393
f 340//340 393//393 394//394
f 340//340 394//394 325//325
f 325//325 394//394 381//381
f 338//338 392//392 341//341
f 392//392 395//395 341//341
f 393//393 396//396 397//397
f 393//393 339//339 396//396
f 339//339 342//342 396//396
f 394//394 393//393 397//397
f 341//341 395//395 343//343
f 395//395 398//398 343//343
f 342//342 344//344 396//396
f 396//396 344//344 399//399
f 400//400 401//401 345//345
f 400//400 345//345 398//398
f 398//398 345//345 343//343
f 400//400 402//402 401//401
f 403//403 344//344 346//346
f 403//403 404//404 344//344
f 404//404 399//399 344//344
f 346//346 347//347 403//403
f 401//401 405//405 406//406
f 401//401 406//406 345//345
f 345//345 406//406 348//348
f 402//402 405//405 401//401
f 403//403 407//407 404//404
f 408//408 409//409 407//407
f 349//349 408//408 407//407
f 349//349 407//407 403//403
f 349//349 403//403 347//347
f 349//349 350//350 408//408
f 351//351 410//410 352//352
f 351//351 411//411 410//410
f 351//351 348//348 411//411
f 348//348 406//406 411//411
f 408//408 412//412 409//409
f 350//350 412//412 408//408
f 350//350 353//353 412//412
f 353//353 413//413 412//412
f 414//414 415//415 413//413
f 414//414 413//413 354//354
f 354//354 413//413 353//353
f 354//354 356//356 414//414
f 360//360 416//416 359//359
f 360//360 417//417 416//416
f 352//352 417//417 360//360
f 352//352 418//418 417//417
f 352//352 410//410 418//418
f 411//411 418//418 410//410
f 414//414 419//419 415//415
f 356//356 419//419 414//414
f 356//356 361//361 419//419
f 361//361 420//420 419//419
f 362//362 421//421 361//361
f 361//361 421//421 420//420
f 422//422 423//423 421//421
f 422//422 421//421 363//363
f 363//363 421//421 362//362
f 363//363 364//364 424//424
f 422//422 363//363 424//424
f 364//364 365//365 425//425
f 424//424 364//364 425//425
f 365//365 366//366 426//426
f 425//425 365//365 426//426
f 366//366 367//367 427//427
f 426//426 366//366 427//427
f 367//367 368//368 428//428
f 427//427 367//367 428//428
f 368//368 369//369 429//429
f 428//428 368//368 429//429
f 430//430 429//429 369//369
f 430//430 369//369 431//431
f 431//431 369//369 370//370
f 371//371 432//432 370//370
f 370//370 432//432 431//431
f 416//416 371//371 359//359
f 416//416 433//433 371//371
f 433//433 432//432 371//371
f 417//417 433//433 416//416
f 422//422 434//434 423//423
f 424//424 434//434 422//422
f 435//435 434//434 424//424
f 425//425 435//435 424//424
f 436//436 435//435 425//425
f 426//426 436//436 425//425
f 437//437 436//436 426//426
f 427//427 437//437 426//426
f 438//438 437//437 427//427
f 428//428 438//438 427//427
f 439//439 438//438 428//428
f 429//429 439//439 428//428
f 440//440 439//439 429//429
f 430//430 440//440 429//429
f 373//373 441//441 442//442
f 372//372 441//441 373//373
f 374//374 373//373 443//443
f 373//373 442//442 443//443
f 375//375 374//374 444//444
f 374//374 443//443 444//444
f 376//376 375//375 445//445
f 375//375 444//444 445//445
f 377//377 376//376 446//446
f 376//376 445//445 446//446
f 378//378 377//377 447//447
f 377//377 446//446 447//447
f 380//380 448//448 449//449
f 380//380 378//378 448//448
f 378//378 447//447 448//448
f 449//449 450//450 451//451
f 448//448 450//450 449//449
f 450//450 452//452 451//451
f 382//382 453//453 454//454
f 381//381 453//453 382//382
f 441//441 372//372 382//382
f 454//454 441//441 382//382
f 380//380 449//449 383//383
f 384//384 383//383 449//449
f 451//451 384//384 449//449
f 451//451 452//452 455//455
f 451//451 455//455 384//384
f 384//384 455//455 385//385
f 386//386 385//385 456//456
f 385//385 455//455 456//456
f 387//387 386//386 457//457
f 386//386 456//456 457//457
f 388//388 387//387 458//458
f 387//387 457//457 458//458
f 389//389 388//388 459//459
f 388//388 458//458 459//459
f 390//390 389//389 460//460
f 389//389 459//459 460//460
f 391//391 390//390 461//461
f 390//390 460//460 461//461
f 461//461 392//392 391//391
f 462//462 392//392 461//461
f 381//381 394//394 453//453
f 453//453 394//394 463//463
f 392//392 462//462 395//395
f 462//462 464//464 395//395
f 397//397 465//465 466//466
f 396//396 465//465 397//397
f 463//463 394//394 397//397
f 466//466 463//463 397//397
f 395//395 464//464 398//398
f 464//464 467//467 398//398
f 396//396 399//399 465//465
f 465//465 399//399 468//468
f 469//469 400//400 398//398
f 469//469 398//398 470//470
f 470//470 398//398 467//467
f 400//400 469//469 402//402
f 399//399 404//404 468//468
f 468//468 404//404 471//471
f 405//405 469//469 470//470
f 405//405 470//470 406//406
f 406//406 470//470 472//472
f 402//402 469//469 405//405
f 404//404 473//473 471//471
f 407//407 473//473 404//404
f 473//473 407//407 409//409
f 474//474 473//473 409//409
f 406//406 472//472 411//411
f 472//472 475//475 411//411
f 409//409 476//476 474//474
f 412//412 476//476 409//409
f 413//413 477//477 412//412
f 412//412 477//477 476//476
f 477//477 413//413 415//415
f 478//478 477//477 415//415
f 418//418 479//479 480//480
f 417//417 418//418 480//480
f 475//475 418//418 411//411
f 479//479 418//418 475//475
f 415//415 481//481 478//478
f 419//419 481//481 415//415
f 420//420 482//482 419//419
f 419//419 482//482 481//481
f 483//483 484//484 482//482
f 483//483 482//482 421//421
f 421//421 482//482 420//420
f 421//421 423//423 483//483
f 431//431 485//485 430//430
f 486//486 485//485 431//431
f 486//486 431//431 487//487
f 487//487 431//431 432//432
f 433//433 488//488 432//432
f 432//432 488//488 487//487
f 480//480 433//433 417//417
f 488//488 433//433 480//480
f 483//483 489//489 484//484
f 423//423 489//489 483//483
f 423//423 434//434 489//489
f 434//434 490//490 489//489
f 435//435 491//491 434//434
f 434//434 491//491 490//490
f 436//436 492//492 435//435
f 435//435 492//492 491//491
f 437//437 493//493 436//436
f 436//436 493//493 492//492
f 438//438 494//494 437//437
f 437//437 494//494 493//493
f 439//439 495//495 438//438
f 438//438 495//495 494//494
f 440//440 496//496 439//439
f 439//439 496//496 495//495
f 485//485 440//440 430//430
f 485//485 497//497 440//440
f 497//497 496//496 440//440
f 486//486 497//497 485//485
f 442//442 441//441 498//498
f 499//499 442//442 498//498
f 499//499 500//500 442//442
f 500//500 443//443 442//442
f 444//444 443//443 501//501
f 443//443 500//500 501//501
f 445//445 444//444 502//502
f 444//444 501//501 502//502
f 446//446 445//445 503//503
f 445//445 502//502 503//503
f 447//447 446//446 504//504
f 446//446 503//503 504//504
f 448//448 447//447 505//505
f 447//447 504//504 505//505
f 450//450 448//448 506//506
f 448//448 505//505 506//506
f 452//452 507//507 508//508
f 452//452 450//450 507//507
f 450//450 506//506 507//507
f 507//507 509//509 508//508
f 454//454 510//510 511//511
f 453//453 510//510 454//454
f 498//498 441//441 454//454
f 498//498 454//454 512//512
f 512//512 454//454 511//511
f 499//499 498//498 512//512
f 452//452 508//508 455//455
f 508//508 509//509 513//513
f 508//508 513//513 455//455
f 455//455 513//513 456//456
f 457//457 456//456 514//514
f 456//456 513//513 514//514
f 458//458 457//457 515//515
f 457//457 514//514 515//515
f 459//459 458//458 516//516
f 458//458 515//515 516//516
f 460//460 459//459 517//517
f 459//459 516//516 517//517
f 518//518 517//517 519//519
f 518//518 461//461 517//517
f 461//461 460//460 517//517
f 461//461 518//518 462//462
f 453//453 463//463 510//510
f 510//510 463//463 520//520
f 518//518 519//519 521//521
f 521//521 462//462 518//518
f 521//521 522//522 462//462
f 522//522 464//464 462//462
f 466//466 523//523 524//524
f 465//465 523//523 466//466
f 520//520 463//463 466//466
f 524//524 520//520 466//466
f 464//464 522//522 467//467
f 522//522 525//525 467//467
f 465//465 468//468 523//523
f 523//523 468//468 526//526
f 467//467 525//525 470//470
f 525//525 527//527 470//470
f 468//468 471//471 526//526
f 526//526 471//471 528//528
f 470//470 527//527 472//472
f 527//527 529//529 472//472
f 471//471 530//530 528//528
f 473//473 530//530 471//471
f 530//530 473//473 474//474
f 531//531 530//530 474//474
f 472//472 529//529 475//475
f 529//529 532//532 475//475
f 474//474 533//533 531//531
f 476//476 533//533 474//474
f 534//534 535//535 533//533
f 534//534 533//533 477//477
f 477//477 533//533 476//476
f 477//477 478//478 534//534
f 479//479 536//536 537//537
f 480//480 479//479 537//537
f 532//532 479//479 475//475
f 536//536 479//479 532//532
f 534//534 538//538 535//535
f 478//478 538//538 534//534
f 478//478 481//481 538//538
f 481//481 539//539 538//538
f 482//482 540//540 481//481
f 481//481 540//540 539//539
f 540//540 482//482 484//484
f 541//541 540//540 484//484
f 487//487 542//542 543//543
f 486//486 487//487 543//543
f 488//488 544//544 487//487
f 487//487 544//544 542//542
f 537//537 488//488 480//480
f 544//544 488//488 537//537
f 484//484 545//545 541//541
f 489//489 545//545 484//484
f 490//490 546//546 489//489
f 489//489 546//546 545//545
f 491//491 547//547 490//490
f 490//490 547//547 546//546
f 492//492 548//548 491//491
f 491//491 548//548 547//547
f 493//493 549//549 492//492
f 492//492 549//549 548//548
f 494//494 550//550 493//493
f 493//493 550//550 549//549
f 495//495 551//551 494//494
f 494//494 551//551 550//550
f 496//496 552//552 495//495
f 495//495 552//552 551//551
f 497//497 553//553 496//496
f 496//496 553//553 552//552
f 543//543 497//497 486//486
f 553//553 497//497 543//543
f 500//500 554//554 555//555
f 499//499 554//554 500//500
f 501//501 500//500 556//556
f 500//500 555//555 556//556
f 502//502 501//501 557//557
f 501//501 556//556 557//557
f 503//503 502//502 558//558
f 502//502 557//557 558//558
f 504//504 503//503 559//559
f 503//503 558//558 559//559
f 505//505 504//504 560//560
f 504//504 559//559 560//560
f 506//506 505//505 561//561
f 505//505 560//560 561//561
f 507//507 506//506 562//562
f 506//506 561//561 562//562
f 562//562 509//509 507//507
f 563//563 509//509 562//562
f 511//511 564//564 565//565
f 510//510 564//564 511//511
f 512//512 511//511 566//566
f 511//511 565//565 566//566
f 554//554 499//499 512//512
f 566//566 554//554 512//512
f 509//509 563//563 567//567
f 513//513 509//509 567//567
f 514//514 513//513 568//568
f 513//513 567//567 568//568
f 515//515 514//514 569//569
f 514//514 568//568 569//569
f 516//516 515//515 570//570
f 515//515 569//569 570//570
f 571//571 570//570 572//572
f 571//571 517//517 570//570
f 517//517 516//516 570//570
f 517//517 571//571 519//519
f 510//510 520//520 564//564
f 564//564 520//520 573//573
f 571//571 572//572 574//574
f 519//519 571//571 574//574
f 519//519 574//574 521//521
f 521//521 574//574 575//575
f 575//575 522//522 521//521
f 576//576 522//522 575//575
f 524//524 577//577 578//578
f 523//523 577//577 524//524
f 573//573 520//520 524//524
f 578//578 573//573 524//524
f 522//522 576//576 525//525
f 576//576 579//579 525//525
f 523//523 526//526 577//577
f 577//577 526//526 580//580
f 525//525 579//579 527//527
f 579//579 581//581 527//527
f 526//526 528//528 580//580
f 580//580 528//528 582//582
f 527//527 581//581 529//529
f 581//581 583//583 529//529
f 528//528 584//584 582//582
f 530//530 584//584 528//528
f 584//584 530//530 531//531
f 585//585 584//584 531//531
f 529//529 583//583 532//532
f 583//583 586//586 532//532
f 531//531 587//587 585//585
f 533//533 587//587 531//531
f 587//587 533//533 535//535
f 588//588 587//587 535//535
f 536//536 589//589 590//590
f 537//537 536//536 590//590
f 586//586 536//536 532//532
f 589//589 536//536 586//586
f 535//535 591//591 588//588
f 538//538 591//591 535//535
f 539//539 592//592 538//538
f 538//538 592//592 591//591
f 593//593 594//594 592//592
f 593//593 592//592 540//540
f 540//540 592//592 539//539
f 540//540 541//541 593//593
f 542//542 595//595 596//596
f 543//543 542//542 596//596
f 544//544 597//597 542//542
f 542//542 597//597 595//595
f 590//590 544//544 537//537
f 597//597 544//544 590//590
f 593//593 598//598 594//594
f 541//541 598//598 593//593
f 541//541 545//545 598//598
f 545//545 599//599 598//598
f 546//546 600//600 545//545
f 545//545 600//600 599//599
f 547//547 601//601 546//546
f 546//546 601//601 600//600
f 548//548 602//602 547//547
f 547//547 602//602 601//601
f 549//549 603//603 548//548
f 548//548 603//603 602//602
f 550//550 604//604 549//549
f 549//549 604//604 603//603
f 551//551 605//605 550//550
f 550//550 605//605 604//604
f 552//552 606//606 551//551
f 551//551 606//606 605//605
f 553//553 607//607 552//552
f 552//552 607//607 606//606
f 596//596 553//553 543//543
f 607//607 553//553 596//596
f 555//555 554//554 608//608
f 555//555 609//609 556//556
f 608//608 609//609 555//555
f 610//610 556//556 609//609
f 610//610 611//611 556//556
f 611//611 557//557 556//556
f 558//558 557//557 612//612
f 557//557 611//611 612//612
f 559//559 558//558 613//613
f 558//558 612//612 613//613
f 560//560 559//559 614//614
f 559//559 613//613 614//614
f 561//561 560//560 615//615
f 560//560 614//614 615//615
f 562//562 561//561 616//616
f 561//561 615//615 616//616
f 616//616 563//563 562//562
f 617//617 563//563 616//616
f 565//565 618//618 619//619
f 564//564 618//618 565//565
f 566//566 565//565 620//620
f 565//565 619//619 620//620
f 608//608 554//554 566//566
f 608//608 566//566 621//621
f 621//621 566//566 620//620
f 609//609 608//608 621//621
f 622//622 609//609 621//621
f 610//610 609//609 622//622
f 563//563 617//617 623//623
f 567//567 563//563 623//623
f 568//568 567//567 624//624
f 567//567 623//623 624//624
f 569//569 568//568 625//625
f 568//568 624//624 625//625
f 570//570 569//569 626//626
f 569//569 625//625 626//626
f 626//626 572//572 570//570
f 627//627 572//572 626//626
f 564//564 573//573 618//618
f 618//618 573//573 628//628
f 572//572 627//627 629//629
f 574//574 572//572 629//629
f 630//630 629//629 631//631
f 630//630 575//575 629//629
f 575//575 574//574 629//629
f 575//575 630//630 576//576
f 578//578 632//632 633//633
f 577//577 632//632 578//578
f 628//628 573//573 578//578
f 633//633 628//628 578//578
f 630//630 631//631 634//634
f 634//634 576//576 630//630
f 634//634 635//635 576//576
f 635//635 579//579 576//576
f 577//577 580//580 632//632
f 632//632 580//580 636//636
f 579//579 635//635 581//581
f 635//635 637//637 581//581
f 580//580 582//582 636//636
f 636//636 582//582 638//638
f 581//581 637//637 583//583
f 637//637 639//639 583//583
f 582//582 640//640 638//638
f 584//584 640//640 582//582
f 640//640 584//584 585//585
f 641//641 640//640 585//585
f 642//642 643//643 644//644
f 642//642 639//639 643//643
f 642//642 586//586 639//639
f 586//586 583//583 639//639
f 585//585 645//645 641//641
f 587//587 645//645 585//585
f 645//645 587//587 588//588
f 646//646 645//645 588//588
f 589//589 642//642 644//644
f 589//589 644//644 590//590
f 590//590 644//644 647//647
f 586//586 642//642 589//589
f 588//588 648//648 646//646
f 591//591 648//648 588//588
f 592//592 649//649 591//591
f 591//591 649//649 648//648
f 649//649 592//592 594//594
f 650//650 649//649 594//594
f 595//595 651//651 652//652
f 596//596 595//595 652//652
f 597//597 653//653 595//595
f 595//595 653//653 651//651
f 647//647 597//597 590//590
f 653//653 597//597 647//647
f 594//594 654//654 650//650
f 598//598 654//654 594//594
f 599//599 655//655 598//598
f 598//598 655//655 654//654
f 600//600 656//656 599//599
f 599//599 656//656 655//655
f 601//601 657//657 600//600
f 600//600 657//657 656//656
f 602//602 658//658 601//601
f 601//601 658//658 657//657
f 603//603 659//659 602//602
f 602//602 659//659 658//658
f 604//604 660//660 603//603
f 603//603 660//660 659//659
f 605//605 661//661 604//604
f 604//604 661//661 660//660
f 606//606 662//662 605//605
f 605//605 662//662 661//661
f 607//607 663//663 606//606
f 606//606 663//663 662//662
f 652//652 607//607 596//596
f 663//663 607//607 652//652
f 611//611 664//664 665//665
f 610//610 664//664 611//611
f 612//612 611//611 666//666
f 611//611 665//665 666//666
f 613//613 612//612 667//667
f 612//612 666//666 667//667
f 614//614 613//613 668//668
f 613//613 667//667 668//668
f 615//615 614//614 669//669
f 614//614 668//668 669//669
f 616//616 615//615 670//670
f 615//615 669//669 670//670
f 617//617 671//671 672//672
f 617//617 616//616 671//671
f 616//616 670//670 671//671
f 671//671 673//673 672//672
f 619//619 674//674 675//675
f 618//618 674//674 619//619
f 620//620 619//619 676//676
f 619//619 675//675 676//676
f 621//621 620//620 677//677
f 620//620 676//676 677//677
f 622//622 621//621 678//678
f 621//621 677//677 678//678
f 664//664 610//610 622//622
f 678//678 664//664 622//622
f 617//617 672//672 623//623
f 672//672 673//673 679//679
f 672//672 679//679 623//623
f 623//623 679//679 624//624
f 625//625 624//624 680//680
f 624//624 679//679 680//680
f 626//626 625//625 681//681
f 625//625 680//680 681//681
f 681//681 627//627 626//626
f 682//682 627//627 681//681
f 618//618 628//628 674//674
f 674//674 628//628 683//683
f 627//627 682//682 684//684
f 629//629 627//627 684//684
f 684//684 631//631 629//629
f 685//685 631//631 684//684
f 633//633 686//686 687//687
f 632//632 686//686 633//633
f 683//683 628//628 633//633
f 687//687 683//683 633//633
f 631//631 685//685 688//688
f 634//634 631//631 688//688
f 688//688 635//635 634//634
f 689//689 635//635 688//688
f 632//632 636//636 686//686
f 686//686 636//636 690//690
f 635//635 689//689 637//637
f 689//689 691//691 637//637
f 636//636 638//638 690//690
f 690//690 638//638 692//692
f 637//637 691//691 639//639
f 691//691 693//693 639//639
f 638//638 694//694 692//692
f 640//640 694//694 638//638
f 694//694 640//640 641//641
f 695//695 694//694 641//641
f 643//643 696//696 697//697
f 644//644 643//643 697//697
f 693//693 643//643 639//639
f 696//696 643//643 693//693
f 641//641 698//698 695//695
f 645//645 698//698 641//641
f 698//698 645//645 646//646
f 699//699 698//698 646//646
f 644//644 697//697 647//647
f 697//697 700//700 647//647
f 646//646 701//701 699//699
f 648//648 701//701 646//646
f 649//649 702//702 648//648
f 648//648 702//702 701//701
f 702//702 649//649 650//650
f 703//703 702//702 650//650
f 651//651 704//704 705//705
f 652//652 651//651 705//705
f 653//653 706//706 651//651
f 651//651 706//706 704//704
f 700//700 653//653 647//647
f 706//706 653//653 700//700
f 650//650 707//707 703//703
f 654//654 707//707 650//650
f 655//655 708//708 654//654
f 654//654 708//708 707//707
f 656//656 709//709 655//655
f 655//655 709//709 708//708
f 657//657 710//710 656//656
f 656//656 710//710 709//709
f 658//658 711//711 657//657
f 657//657 711//711 710//710
f 659//659 712//712 658//658
f 658//658 712//712 711//711
f 660//660 713//713 659//659
f 659//659 713//713 712//712
f 661//661 714//714 660//660
f 660//660 714//714 713//713
f 662//662 715//715 661//661
f 661//661 715//715 714//714
f 663//663 716//716 662//662
f 662//662 716//716 715//715
f 705//705 663//663 652//652
f 716//716 663//663 705//705
f 717//717 718//718 719//719
f 717//717 665//665 664//664
f 717//717 719//719 665//665
f 719//719 720//720 665//665
f 666//666 665//665 721//721
f 665//665 720//720 721//721
f 667//667 666//666 722//722
f 666//666 721//721 722//722
f 668//668 667//667 723//723
f 667//667 722//722 723//723
f 669//669 668//668 724//724
f 668//668 723//723 724//724
f 670//670 669//669 725//725
f 669//669 724//724 725//725
f 671//671 670//670 726//726
f 670//670 725//725 726//726
f 673//673 727//727 728//728
f 673//673 671//671 727//727
f 671//671 726//726 727//727
f 728//728 729//729 730//730
f 727//727 729//729 728//728
f 729//729 731//731 730//730
f 675//675 732//732 733//733
f 674//674 732//732 675//675
f 676//676 675//675 734//734
f 675//675 733//733 734//734
f 677//677 676//676 735//735
f 676//676 734//734 735//735
f 718//718 717//717 678//678
f 718//718 678//678 735//735
f 735//735 678//678 677//677
f 664//664 678//678 717//717
f 673//673 728//728 679//679
f 680//680 679//679 728//728
f 730//730 680//680 728//728
f 730//730 731//731 736//736
f 730//730 736//736 680//680
f 680//680 736//736 681//681
f 682//682 737//737 738//738
f 682//682 681//681 737//737
f 681//681 736//736 737//737
f 737//737 739//739 738//738
f 674//674 683//683 732//732
f 732//732 683//683 740//740
f 682//682 738//738 684//684
f 738//738 685//685 684//684
f 738//738 739//739 685//685
f 739//739 741//741 685//685
f 687//687 742//742 743//743
f 686//686 742//742 687//687
f 740//740 683//683 687//687
f 743//743 740//740 687//687
f 685//685 741//741 744//744
f 688//688 685//685 744//744
f 744//744 689//689 688//688
f 745//745 689//689 744//744
f 686//686 690//690 742//742
f 742//742 690//690 746//746
f 689//689 745//745 691//691
f 745//745 747//747 691//691
f 690//690 692//692 746//746
f 746//746 692//692 748//748
f 691//691 747//747 693//693
f 747//747 749//749 693//693
f 692//692 750//750 748//748
f 694//694 750//750 692//692
f 750//750 694//694 695//695
f 751//751 750//750 695//695
f 696//696 752//752 753//753
f 697//697 696//696 753//753
f 749//749 696//696 693//693
f 752//752 696//696 749//749
f 695//695 754//754 751//751
f 698//698 754//754 695//695
f 754//754 698//698 699//699
f 755//755 754//754 699//699
f 756//756 757//757 758//758
f 756//756 753//753 757//757
f 756//756 700//700 753//753
f 700//700 697//697 753//753
f 699//699 759//759 755//755
f 701//701 759//759 699//699
f 760//760 761//761 759//759
f 760//760 759//759 702//702
f 702//702 759//759 701//701
f 702//702 703//703 760//760
f 704//704 762//762 763//763
f 705//705 704//704 763//763
f 758//758 706//706 756//756
f 758//758 762//762 706//706
f 762//762 704//704 706//706
f 700//700 756//756 706//706
f 760//760 764//764 761//761
f 703//703 764//764 760//760
f 703//703 707//707 764//764
f 707//707 765//765 764//764
f 708//708 766//766 707//707
f 707//707 766//766 765//765
f 709//709 767//767 708//708
f 708//708 767//767 766//766
f 710//710 768//768 709//709
f 709//709 768//768 767//767
f 711//711 769//769 710//710
f 710//710 769//769 768//768
f 712//712 770//770 711//711
f 711//711 770//770 769//769
f 713//713 771//771 712//712
f 712//712 771//771 770//770
f 714//714 772//772 713//713
f 713//713 772//772 771//771
f 715//715 773//773 714//714
f 714//714 773//773 772//772
f 716//716 774//774 715//715
f 715//715 774//774 773//773
f 763//763 716//716 705//705
f 774//774 716//716 763//763
f 775//775 776//776 777//777
f 775//775 778//778 779//779
f 777//777 778//778 775//775
f 779//779 719//719 718//718
f 779//779 778//778 719//719
f 778//778 780//780 719//719
f 720//720 719//719 781//781
f 719//719 780//780 781//781
f 721//721 720//720 782//782
f 720//720 781//781 782//782
f 722//722 721//721 783//783
f 721//721 782//782 783//783
f 723//723 722//722 784//784
f 722//722 783//783 784//784
f 724//724 723//723 785//785
f 723//723 784//784 785//785
f 725//725 724//724 786//786
f 724//724 785//785 786//786
f 726//726 725//725 787//787
f 725//725 786//786 787//787
f 727//727 726//726 788//788
f 726//726 787//787 788//788
f 729//729 727//727 789//789
f 727//727 788//788 789//789
f 731//731 790//790 791//791
f 731//731 729//729 790//790
f 729//729 789//789 790//790
f 790//790 792//792 791//791
f 733//733 793//793 794//794
f 732//732 793//793 733//733
f 776//776 775//775 734//734
f 776//776 734//734 794//794
f 794//794 734//734 733//733
f 735//735 734//734 775//775
f 779//779 735//735 775//775
f 718//718 735//735 779//779
f 731//731 791//791 736//736
f 791//791 792//792 795//795
f 791//791 795//795 736//736
f 736//736 795//795 737//737
f 795//795 739//739 737//737
f 796//796 739//739 795//795
f 732//732 740//740 793//793
f 793//793 740//740 797//797
f 739//739 796//796 741//741
f 796//796 798//798 741//741
f 743//743 799//799 800//800
f 742//742 799//799 743//743
f 797//797 740//740 743//743
f 800//800 797//797 743//743
f 801//801 744//744 741//741
f 801//801 741//741 802//802
f 802//802 741//741 798//798
f 744//744 801//801 745//745
f 742//742 746//746 799//799
f 799//799 746//746 803//803
f 801//801 802//802 804//804
f 804//804 745//745 801//801
f 804//804 805//805 745//745
f 805//805 747//747 745//745
f 746//746 748//748 803//803
f 803//803 748//748 806//806
f 807//807 808//808 809//809
f 807//807 805//805 808//808
f 807//807 749//749 805//805
f 749//749 747//747 805//805
f 748//748 810//810 806//806
f 750//750 810//810 748//748
f 810//810 750//750 751//751
f 811//811 810//810 751//751
f 752//752 807//807 809//809
f 752//752 809//809 753//753
f 753//753 809//809 812//812
f 749//749 807//807 752//752
f 751//751 813//813 811//811
f 754//754 813//813 751//751
f 813//813 754//754 755//755
f 814//814 813//813 755//755
f 757//757 815//815 816//816
f 758//758 757//757 816//816
f 812//812 757//757 753//753
f 815//815 757//757 812//812
f 755//755 817//817 814//814
f 759//759 817//817 755//755
f 817//817 759//759 761//761
f 818//818 817//817 761//761
f 762//762 819//819 820//820
f 763//763 762//762 820//820
f 816//816 762//762 758//758
f 819//819 762//762 816//816
f 761//761 821//821 818//818
f 764//764 821//821 761//761
f 765//765 822//822 764//764
f 764//764 822//822 821//821
f 766//766 823//823 765//765
f 765//765 823//823 822//822
f 767//767 824//824 766//766
f 766//766 824//824 823//823
f 768//768 825//825 767//767
f 767//767 825//825 824//824
f 769//769 826//826 768//768
f 768//768 826//826 825//825
f 770//770 827//827 769//769
f 769//769 827//827 826//826
f 771//771 828//828 770//770
f 770//770 828//828 827//827
f 772//772 829//829 771//771
f 771//771 829//829 828//828
f 773//773 830//830 772//772
f 772//772 830//830 829//829
f 774//774 831//831 773//773
f 773//773 831//831 830//830
f 820//820 774//774 763//763
f 831//831 774//774 820//820
f 777//777 832//832 833//833
f 776//776 832//832 777//777
f 778//778 777//777 834//834
f 777//777 833//833 834//834
f 780//780 778//778 835//835
f 778//778 834//834 835//835
f 781//781 780//780 836//836
f 780//780 835//835 836//836
f 782//782 781//781 837//837
f 781//781 836//836 837//837
f 783//783 782//782 838//838
f 782//782 837//837 838//838
f 784//784 783//783 839//839
f 783//783 838//838 839//839
f 785//785 784//784 840//840
f 784//784 839//839 840//840
f 786//786 785//785 841//841
f 785//785 840//840 841//841
f 787//787 786//786 842//842
f 786//786 841//841 842//842
f 788//788 787//787 843//843
f 787//787 842//842 843//843
f 789//789 788//788 844//844
f 788//788 843//843 844//844
f 790//790 789//789 845//845
f 789//789 844//844 845//845
f 845//845 792//792 790//790
f 846//846 792//792 845//845
f 794//794 847//847 848//848
f 793//793 847//847 794//794
f 832//832 776//776 794//794
f 848//848 832//832 794//794
f 792//792 846//846 849//849
f 795//795 792//792 849//849
f 849//849 796//796 795//795
f 850//850 796//796 849//849
f 793//793 797//797 847//847
f 847//847 797//797 851//851
f 796//796 850//850 798//798
f 850//850 852//852 798//798
f 800//800 799//799 853//853
f 800//800 853//853 854//854
f 800//800 854//854 797//797
f 797//797 854//854 851//851
f 798//798 852//852 802//802
f 852//852 855//855 802//802
f 853//853 856//856 857//857
f 853//853 799//799 856//856
f 799//799 803//803 856//856
f 854//854 853//853 857//857
f 858//858 804//804 802//802
f 858//858 802//802 859//859
f 859//859 802//802 855//855
f 804//804 858//858 805//805
f 803//803 806//806 856//856
f 856//856 806//806 860//860
f 808//808 858//858 859//859
f 808//808 859//859 809//809
f 809//809 859//859 861//861
f 805//805 858//858 808//808
f 806//806 862//862 860//860
f 810//810 862//862 806//806
f 862//862 810//810 811//811
f 863//863 862//862 811//811
f 809//809 861//861 812//812
f 861//861 864//864 812//812
f 811//811 865//865 863//863
f 813//813 865//865 811//811
f 865//865 813//813 814//814
f 866//866 865//865 814//814
f 815//815 867//867 868//868
f 816//816 815//815 868//868
f 864//864 815//815 812//812
f 867//867 815//815 864//864
f 814//814 869//869 866//866
f 817//817 869//869 814//814
f 869//869 817//817 818//818
f 870//870 869//869 818//818
f 819//819 871//871 872//872
f 820//820 819//819 872//872
f 868//868 819//819 816//816
f 871//871 819//819 868//868
f 818//818 873//873 870//870
f 821//821 873//873 818//818
f 822//822 874//874 821//821
f 821//821 874//874 873//873
f 823//823 875//875 822//822
f 822//822 875//875 874//874
f 824//824 876//876 823//823
f 823//823 876//876 875//875
f 825//825 877//877 824//824
f 824//824 877//877 876//876
f 826//826 878//878 825//825
f 825//825 878//878 877//877
f 827//827 879//879 826//826
f 826//826 879//879 878//878
f 828//828 880//880 827//827
f 827//827 880//880 879//879
f 829//829 881//881 828//828
f 828//828 881//881 880//880
f 830//830 882//882 829//829
f 829//829 882//882 881//881
f 831//831 883//883 830//830
f 830//830 883//883 882//882
f 872//872 831//831 820//820
f 883//883 831//831 872//872
f 833//833 884//884 885//885
f 832//832 884//884 833//833
f 834//834 833//833 886//886
f 833//833 885//885 886//886
f 835//835 834//834 887//887
f 834//834 886//886 887//887
f 836//836 835//835 888//888
f 835//835 887//887 888//888
f 837//837 836//836 889//889
f 836//836 888//888 889//889
f 838//838 837//837 890//890
f 837//837 889//889 890//890
f 839//839 838//838 891//891
f 838//838 890//890 891//891
f 840//840 839//839 892//892
f 839//839 891//891 892//892
f 841//841 840//840 893//893
f 840//840 892//892 893//893
f 842//842 841//841 894//894
f 841//841 893//893 894//894
f 843//843 842//842 895//895
f 842//842 894//894 895//895
f 844//844 843//843 896//896
f 843//843 895//895 896//896
f 845//845 844//844 897//897
f 844//844 896//896 897//897
f 897//897 846//846 845//845
f 898//898 846//846 897//897
f 848//848 899//899 900//900
f 847//847 899//899 848//848
f 884//884 832//832 848//848
f 900//900 884//884 848//848
f 901//901 849//849 846//846
f 901//901 846//846 902//902
f 902//902 846//846 898//898
f 849//849 901//901 850//850
f 847//847 851//851 899//899
f 899//899 851//851 903//903
f 901//901 902//902 904//904
f 904//904 850//850 901//901
f 904//904 905//905 850//850
f 905//905 852//852 850//850
f 851//851 854//854 903//903
f 903//903 854//854 906//906
f 852//852 905//905 855//855
f 905//905 907//907 855//855
f 857//857 856//856 908//908
f 857//857 908//908 909//909
f 857//857 909//909 854//854
f 854//854 909//909 906//906
f 855//855 907//907 859//859
f 907//907 910//910 859//859
f 908//908 860//860 911//911
f 856//856 860//860 908//908
f 912//912 909//909 908//908
f 911//911 912//912 908//908
f 859//859 910//910 861//861
f 910//910 913//913 861//861
f 860//860 862//862 911//911
f 911//911 862//862 863//863
f 911//911 863//863 912//912
f 912//912 863//863 914//914
f 915//915 916//916 917//917
f 915//915 913//913 916//916
f 915//915 864//864 913//913
f 864//864 861//861 913//913
f 863//863 918//918 914//914
f 865//865 918//918 863//863
f 918//918 865//865 866//866
f 919//919 918//918 866//866
f 867//867 915//915 917//917
f 867//867 917//917 868//868
f 868//868 917//917 920//920
f 864//864 915//915 867//867
f 866//866 921//921 919//919
f 869//869 921//921 866//866
f 921//921 869//869 870//870
f 922//922 921//921 870//870
f 871//871 923//923 924//924
f 872//872 871//871 924//924
f 920//920 871//871 868//868
f 923//923 871//871 920//920
f 870//870 925//925 922//922
f 873//873 925//925 870//870
f 874//874 926//926 873//873
f 873//873 926//926 925//925
f 875//875 927//927 874//874
f 874//874 927//927 926//926
f 876//876 928//928 875//875
f 875//875 928//928 927//927
f 877//877 929//929 876//876
f 876//876 929//929 928//928
f 878//878 930//930 877//877
f 877//877 930//930 929//929
f 931//931 932//932 930//930
f 931//931 930//930 879//879
f 879//879 930//930 878//878
f 879//879 880//880 933//933
f 931//931 879//879 933//933
f 934//934 933//933 880//880
f 934//934 880//880 935//935
f 935//935 880//880 881//881
f 882//882 936//936 881//881
f 881//881 936//936 935//935
f 883//883 937//937 882//882
f 882//882 937//937 936//936
f 924//924 883//883 872//872
f 937//937 883//883 924//924
f 931//931 938//938 932//932
f 933//933 938//938 931//931
f 939//939 938//938 933//933
f 934//934 939//939 933//933
f 940//940 941//941 942//942
f 940//940 943//943 944//944
f 942//942 943//943 940//940
f 944//944 945//945 946//946
f 943//943 945//945 944//944
f 946//946 947//947 948//948
f 945//945 947//947 946//946
f 948//948 949//949 950//950
f 947//947 949//949 948//948
f 950//950 951//951 952//952
f 949//949 951//951 950//950
f 951//951 953//953 952//952
f 885//885 954//954 955//955
f 884//884 954//954 885//885
f 886//886 885//885 956//956
f 885//885 955//955 956//956
f 887//887 886//886 957//957
f 886//886 956//956 957//957
f 888//888 887//887 958//958
f 887//887 957//957 958//958
f 889//889 888//888 959//959
f 888//888 958//958 959//959
f 941//941 940//940 890//890
f 941//941 890//890 959//959
f 959//959 890//890 889//889
f 891//891 890//890 940//940
f 944//944 891//891 940//940
f 892//892 891//891 944//944
f 946//946 892//892 944//944
f 893//893 892//892 946//946
f 948//948 893//893 946//946
f 894//894 893//893 948//948
f 950//950 894//894 948//948
f 895//895 894//894 950//950
f 952//952 895//895 950//950
f 952//952 953//953 960//960
f 952//952 960//960 895//895
f 895//895 960//960 896//896
f 897//897 896//896 961//961
f 896//896 960//960 961//961
f 961//961 898//898 897//897
f 962//962 898//898 961//961
f 900//900 963//963 964//964
f 899//899 963//963 900//900
f 954//954 884//884 900//900
f 964//964 954//954 900//900
f 898//898 962//962 902//902
f 962//962 965//965 902//902
f 899//899 903//903 963//963
f 963//963 903//903 966//966
f 967//967 904//904 902//902
f 967//967 902//902 968//968
f 968//968 902//902 965//965
f 904//904 967//967 905//905
f 903//903 906//906 966//966
f 966//966 906//906 969//969
f 967//967 968//968 970//970
f 970//970 905//905 967//967
f 970//970 971//971 905//905
f 971//971 907//907 905//905
f 906//906 909//909 969//969
f 969//969 909//909 972//972
f 907//907 971//971 910//910
f 971//971 973//973 910//910
f 909//909 912//912 972//972
f 972//972 912//912 974//974
f 910//910 973//973 913//913
f 973//973 975//975 913//913
f 912//912 914//914 974//974
f 974//974 914//914 976//976
f 916//916 977//977 978//978
f 917//917 916//916 978//978
f 975//975 916//916 913//913
f 977//977 916//916 975//975
f 914//914 979//979 976//976
f 918//918 979//979 914//914
f 979//979 918//918 919//919
f 980//980 979//979 919//919
f 981//981 982//982 983//983
f 981//981 978//978 982//982
f 981//981 920//920 978//978
f 920//920 917//917 978//978
f 919//919 984//984 980//980
f 921//921 984//984 919//919
f 984//984 921//921 922//922
f 985//985 984//984 922//922
f 986//986 987//987 988//988
f 983//983 987//987 986//986
f 981//981 983//983 986//986
f 981//981 986//986 924//924
f 981//981 924//924 923//923
f 920//920 981//981 923//923
f 922//922 989//989 985//985
f 925//925 989//989 922//922
f 926//926 990//990 925//925
f 925//925 990//990 989//989
f 927//927 991//991 926//926
f 926//926 991//991 990//990
f 928//928 992//992 927//927
f 927//927 992//992 991//991
f 929//929 993//993 928//928
f 928//928 993//993 992//992
f 930//930 994//994 929//929
f 929//929 994//994 993//993
f 994//994 930//930 932//932
f 995//995 994//994 932//932
f 935//935 996//996 997//997
f 934//934 935//935 997//997
f 936//936 998//998 935//935
f 935//935 998//998 996//996
f 988//988 937//937 986//986
f 988//988 998//998 937//937
f 998//998 936//936 937//937
f 924//924 986//986 937//937
f 932//932 999//999 995//995
f 938//938 999//999 932//932
f 939//939 1000//1000 938//938
f 938//938 1000//1000 999//999
f 997//997 939//939 934//934
f 1000//1000 939//939 997//997
f 942//942 1001//1001 1002//1002
f 941//941 1001//1001 942//942
f 943//943 942//942 1003//1003
f 942//942 1002//1002 1003//1003
f 945//945 943//943 1004//1004
f 943//943 1003//1003 1004//1004
f 947//947 945//945 1005//1005
f 945//945 1004//1004 1005//1005
f 949//949 947//947 1006//1006
f 947//947 1005//1005 1006//1006
f 951//951 949//949 1007//1007
f 949//949 1006//1006 1007//1007
f 1007//1007 953//953 951//951
f 1008//1008 953//953 1007//1007
f 955//955 1009//1009 1010//1010
f 954//954 1009//1009 955//955
f 956//956 955//955 1011//1011
f 955//955 1010//1010 1011//1011
f 957//957 956//956 1012//1012
f 956//956 1011//1011 1012//1012
f 958//958 957//957 1013//1013
f 957//957 1012//1012 1013//1013
f 959//959 958//958 1014//1014
f 958//958 1013//1013 1014//1014
f 1001//1001 941//941 959//959
f 1014//1014 1001//1001 959//959
f 953//953 1008//1008 1015//1015
f 960//960 953//953 1015//1015
f 1016//1016 1015//1015 1017//1017
f 1016//1016 961//961 1015//1015
f 961//961 960//960 1015//1015
f 961//961 1016//1016 962//962
f 964//964 1018//1018 1019//1019
f 963//963 1018//1018 964//964
f 1009//1009 954//954 964//964
f 1019//1019 1009//1009 964//964
f 1020//1020 1016//1016 1017//1017
f 1021//1021 1020//1020 1017//1017
f 962//962 1020//1020 965//965
f 1016//1016 1020//1020 962//962
f 963//963 966//966 1018//1018
f 1018//1018 966//966 1022//1022
f 1020//1020 1021//1021 1023//1023
f 1023//1023 965//965 1020//1020
f 1023//1023 1024//1024 965//965
f 1024//1024 968//968 965//965
f 966//966 969//969 1022//1022
f 1022//1022 969//969 1025//1025
f 1026//1026 970//970 968//968
f 1026//1026 968//968 1027//1027
f 1027//1027 968//968 1024//1024
f 970//970 1026//1026 971//971
f 969//969 972//972 1025//1025
f 1025//1025 972//972 1028//1028
f 1026//1026 1027//1027 1029//1029
f 1029//1029 971//971 1026//1026
f 1029//1029 1030//1030 971//971
f 1030//1030 973//973 971//971
f 972//972 974//974 1028//1028
f 1028//1028 974//974 1031//1031
f 973//973 1030//1030 975//975
f 1030//1030 1032//1032 975//975
f 974//974 976//976 1031//1031
f 1031//1031 976//976 1033//1033
f 977//977 1034//1034 1035//1035
f 978//978 977//977 1035//1035
f 1032//1032 977//977 975//975
f 1034//1034 977//977 1032//1032
f 976//976 1036//1036 1033//1033
f 979//979 1036//1036 976//976
f 1036//1036 979//979 980//980
f 1037//1037 1036//1036 980//980
f 982//982 1038//1038 1039//1039
f 983//983 982//982 1039//1039
f 1035//1035 982//982 978//978
f 1038//1038 982//982 1035//1035
f 980//980 1040//1040 1037//1037
f 984//984 1040//1040 980//980
f 1040//1040 984//984 985//985
f 1041//1041 1040//1040 985//985
f 987//987 1042//1042 1043//1043
f 988//988 987//987 1043//1043
f 1039//1039 987//987 983//983
f 1042//1042 987//987 1039//1039
f 985//985 1044//1044 1041//1041
f 989//989 1044//1044 985//985
f 990//990 1045//1045 989//989
f 989//989 1045//1045 1044//1044
f 991//991 1046//1046 990//990
f 990//990 1046//1046 1045//1045
f 992//992 1047//1047 991//991
f 991//991 1047//1047 1046//1046
f 993//993 1048//1048 992//992
f 992//992 1048//1048 1047//1047
f 994//994 1049//1049 993//993
f 993//993 1049//1049 1048//1048
f 1049//1049 994//994 995//995
f 1050//1050 1049//1049 995//995
f 996//996 1051//1051 1052//1052
f 997//997 996//996 1052//1052
f 998//998 1053//1053 996//996
f 996//996 1053//1053 1051//1051
f 1043//1043 998//998 988//988
f 1053//1053 998//998 1043//1043
f 995//995 1054//1054 1050//1050
f 999//999 1054//1054 995//995
f 1000//1000 1055//1055 999//999
f 999//999 1055//1055 1054//1054
f 1052//1052 1000//1000 997//997
f 1055//1055 1000//1000 1052//1052
f 1002//1002 1001//1001 1056//1056
f 1057//1057 1002//1002 1056//1056
f 1057//1057 1058//1058 1002//1002
f 1058//1058 1003//1003 1002//1002
f 1004//1004 1003//1003 1059//1059
f 1003//1003 1058//1058 1059//1059
f 1005//1005 1004//1004 1060//1060
f 1004//1004 1059//1059 1060//1060
f 1061//1061 1060//1060 1062//1062
f 1061//1061 1006//1006 1060//1060
f 1006//1006 1005//1005 1060//1060
f 1006//1006 1063//1063 1007//1007
f 1061//1061 1063//1063 1006//1006
f 1007//1007 1063//1063 1008//1008
f 1010//1010 1009//1009 1064//1064
f 1065//1065 1010//1010 1064//1064
f 1065//1065 1066//1066 1010//1010
f 1066//1066 1011//1011 1010//1010
f 1012//1012 1011//1011 1067//1067
f 1011//1011 1066//1066 1067//1067
f 1013//1013 1012//1012 1068//1068
f 1012//1012 1067//1067 1068//1068
f 1014//1014 1013//1013 1069//1069
f 1013//1013 1068//1068 1069//1069
f 1056//1056 1001//1001 1014//1014
f 1056//1056 1014//1014 1070//1070
f 1070//1070 1014//1014 1069//1069
f 1057//1057 1056//1056 1070//1070
f 1061//1061 1062//1062 1071//1071
f 1063//1063 1061//1061 1071//1071
f 1072//1072 1063//1063 1071//1071
f 1073//1073 1072//1072 1074//1074
f 1015//1015 1072//1072 1073//1073
f 1015//1015 1063//1063 1072//1072
f 1015//1015 1008//1008 1063//1063
f 1015//1015 1073//1073 1017//1017
f 1019//1019 1018//1018 1075//1075
f 1019//1019 1075//1075 1076//1076
f 1009//1009 1019//1019 1076//1076
f 1009//1009 1076//1076 1077//1077
f 1009//1009 1077//1077 1064//1064
f 1065//1065 1064//1064 1077//1077
f 1073//1073 1074//1074 1078//1078
f 1078//1078 1017//1017 1073//1073
f 1078//1078 1079//1079 1017//1017
f 1079//1079 1021//1021 1017//1017
f 1075//1075 1080//1080 1081//1081
f 1075//1075 1018//1018 1080//1080
f 1018//1018 1022//1022 1080//1080
f 1076//1076 1075//1075 1081//1081
f 1082//1082 1023//1023 1021//1021
f 1082//1082 1021//1021 1083//1083
f 1083//1083 1021//1021 1079//1079
f 1023//1023 1082//1082 1024//1024
f 1022//1022 1025//1025 1080//1080
f 1080//1080 1025//1025 1084//1084
f 1082//1082 1083//1083 1085//1085
f 1085//1085 1024//1024 1082//1082
f 1085//1085 1086//1086 1024//1024
f 1086//1086 1027//1027 1024//1024
f 1025//1025 1028//1028 1084//1084
f 1084//1084 1028//1028 1087//1087
f 1088//1088 1029//1029 1027//1027
f 1088//1088 1027//1027 1089//1089
f 1089//1089 1027//1027 1086//1086
f 1029//1029 1088//1088 1030//1030
f 1028//1028 1031//1031 1087//1087
f 1087//1087 1031//1031 1090//1090
f 1091//1091 1088//1088 1089//1089
f 1092//1092 1091//1091 1089//1089
f 1030//1030 1091//1091 1032//1032
f 1088//1088 1091//1091 1030//1030
f 1031//1031 1033//1033 1090//1090
f 1090//1090 1033//1033 1093//1093
f 1034//1034 1091//1091 1092//1092
f 1034//1034 1092//1092 1035//1035
f 1035//1035 1092//1092 1094//1094
f 1032//1032 1091//1091 1034//1034
f 1033//1033 1095//1095 1093//1093
f 1036//1036 1095//1095 1033//1033
f 1095//1095 1036//1036 1037//1037
f 1096//1096 1095//1095 1037//1037
f 1038//1038 1097//1097 1098//1098
f 1039//1039 1038//1038 1098//1098
f 1094//1094 1038//1038 1035//1035
f 1097//1097 1038//1038 1094//1094
f 1037//1037 1099//1099 1096//1096
f 1040//1040 1099//1099 1037//1037
f 1041//1041 1100//1100 1101//1101
f 1041//1041 1101//1101 1040//1040
f 1040//1040 1101//1101 1099//1099
f 1101//1101 1100//1100 1102//1102
f 1042//1042 1103//1103 1104//1104
f 1043//1043 1042//1042 1104//1104
f 1098//1098 1042//1042 1039//1039
f 1103//1103 1042//1042 1098//1098
f 1041//1041 1044//1044 1100//1100
f 1100//1100 1105//1105 1102//1102
f 1100//1100 1044//1044 1105//1105
f 1044//1044 1045//1045 1105//1105
f 1046//1046 1106//1106 1045//1045
f 1045//1045 1106//1106 1105//1105
f 1047//1047 1107//1107 1046//1046
f 1046//1046 1107//1107 1106//1106
f 1048//1048 1108//1108 1047//1047
f 1047//1047 1108//1108 1107//1107
f 1049//1049 1109//1109 1048//1048
f 1048//1048 1109//1109 1108//1108
f 1109//1109 1049//1049 1050//1050
f 1110//1110 1109//1109 1050//1050
f 1051//1051 1111//1111 1112//1112
f 1052//1052 1051//1051 1112//1112
f 1053//1053 1113//1113 1051//1051
f 1051//1051 1113//1113 1111//1111
f 1104//1104 1053//1053 1043//1043
f 1113//1113 1053//1053 1104//1104
f 1050//1050 1114//1114 1110//1110
f 1054//1054 1114//1114 1050//1050
f 1055//1055 1115//1115 1054//1054
f 1054//1054 1115//1115 1114//1114
f 1112//1112 1055//1055 1052//1052
f 1115//1115 1055//1055 1112//1112
f 1058//1058 1057//1057 1116//1116
f 1058//1058 1117//1117 1059//1059
f 1116//1116 1117//1117 1058//1058
f 1059//1059 1118//1118 1060//1060
f 1117//1117 1118//1118 1059//1059
f 1060//1060 1118//1118 1062//1062
f 1066//1066 1065//1065 1119//1119
f 1066//1066 1120//1120 1067//1067
f 1119//1119 1120//1120 1066//1066
f 1067//1067 1121//1121 1068//1068
f 1120//1120 1121//1121 1067//1067
f 1068//1068 1122//1122 1069//1069
f 1121//1121 1122//1122 1068//1068
f 1123//1123 1069//1069 1122//1122
f 1123//1123 1124//1124 1069//1069
f 1124//1124 1070//1070 1069//1069
f 1116//1116 1057//1057 1070//1070
f 1116//1116 1070//1070 1125//1125
f 1125//1125 1070//1070 1124//1124
f 1117//1117 1116//1116 1125//1125
f 1126//1126 1117//1117 1125//1125
f 1118//1118 1117//1117 1126//1126
f 1127//1127 1118//1118 1126//1126
f 1062//1062 1118//1118 1127//1127
f 1062//1062 1127//1127 1071//1071
f 1071//1071 1127//1127 1128//1128
f 1129//1129 1128//1128 1130//1130
f 1129//1129 1072//1072 1128//1128
f 1072//1072 1071//1071 1128//1128
f 1072//1072 1129//1129 1074//1074
f 1077//1077 1076//1076 1131//1131
f 1077//1077 1119//1119 1065//1065
f 1077//1077 1131//1131 1119//1119
f 1131//1131 1132//1132 1119//1119
f 1133//1133 1134//1134 1120//1120
f 1133//1133 1120//1120 1132//1132
f 1132//1132 1120//1120 1119//1119
f 1121//1121 1120//1120 1134//1134
f 1135//1135 1121//1121 1134//1134
f 1122//1122 1121//1121 1135//1135
f 1136//1136 1122//1122 1135//1135
f 1123//1123 1122//1122 1136//1136
f 1129//1129 1130//1130 1137//1137
f 1138//1138 1137//1137 1139//1139
f 1078//1078 1137//1137 1138//1138
f 1078//1078 1129//1129 1137//1137
f 1078//1078 1074//1074 1129//1129
f 1078//1078 1138//1138 1079//1079
f 1081//1081 1080//1080 1140//1140
f 1081//1081 1140//1140 1141//1141
f 1076//1076 1081//1081 1141//1141
f 1076//1076 1141//1141 1142//1142
f 1076//1076 1142//1142 1131//1131
f 1132//1132 1131//1131 1142//1142
f 1143//1143 1132//1132 1142//1142
f 1133//1133 1132//1132 1143//1143
f 1138//1138 1139//1139 1144//1144
f 1144//1144 1079//1079 1138//1138
f 1144//1144 1145//1145 1079//1079
f 1145//1145 1083//1083 1079//1079
f 1140//1140 1146//1146 1147//1147
f 1140//1140 1080//1080 1146//1146
f 1080//1080 1084//1084 1146//1146
f 1141//1141 1140//1140 1147//1147
f 1148//1148 1085//1085 1083//1083
f 1148//1148 1083//1083 1149//1149
f 1149//1149 1083//1083 1145//1145
f 1085//1085 1148//1148 1086//1086
f 1084//1084 1087//1087 1146//1146
f 1146//1146 1087//1087 1150//1150
f 1148//1148 1149//1149 1151//1151
f 1151//1151 1086//1086 1148//1148
f 1151//1151 1152//1152 1086//1086
f 1152//1152 1089//1089 1086//1086
f 1087//1087 1090//1090 1150//1150
f 1150//1150 1090//1090 1153//1153
f 1089//1089 1152//1152 1092//1092
f 1152//1152 1154//1154 1092//1092
f 1155//1155 1093//1093 1156//1156
f 1155//1155 1153//1153 1093//1093
f 1153//1153 1090//1090 1093//1093
f 1155//1155 1156//1156 1157//1157
f 1092//1092 1154//1154 1094//1094
f 1154//1154 1158//1158 1094//1094
f 1093//1093 1095//1095 1156//1156
f 1096//1096 1159//1159 1160//1160
f 1095//1095 1096//1096 1160//1160
f 1095//1095 1160//1160 1157//1157
f 1095//1095 1157//1157 1156//1156
f 1160//1160 1159//1159 1161//1161
f 1097//1097 1162//1162 1163//1163
f 1098//1098 1097//1097 1163//1163
f 1158//1158 1097//1097 1094//1094
f 1162//1162 1097//1097 1158//1158
f 1096//1096 1099//1099 1159//1159
f 1159//1159 1164//1164 1161//1161
f 1159//1159 1099//1099 1164//1164
f 1099//1099 1101//1101 1164//1164
f 1102//1102 1165//1165 1166//1166
f 1102//1102 1166//1166 1101//1101
f 1101//1101 1166//1166 1164//1164
f 1166//1166 1165//1165 1167//1167
f 1103//1103 1168//1168 1169//1169
f 1104//1104 1103//1103 1169//1169
f 1163//1163 1103//1103 1098//1098
f 1168//1168 1103//1103 1163//1163
f 1102//1102 1105//1105 1165//1165
f 1165//1165 1170//1170 1167//1167
f 1165//1165 1105//1105 1170//1170
f 1105//1105 1106//1106 1170//1170
f 1107//1107 1171//1171 1106//1106
f 1106//1106 1171//1171 1170//1170
f 1108//1108 1172//1172 1107//1107
f 1107//1107 1172//1172 1171//1171
f 1109//1109 1173//1173 1108//1108
f 1108//1108 1173//1173 1172//1172
f 1110//1110 1174//1174 1175//1175
f 1110//1110 1175//1175 1109//1109
f 1109//1109 1175//1175 1173//1173
f 1174//1174 1176//1176 1177//1177
f 1175//1175 1174//1174 1177//1177
f 1176//1176 1112//1112 1111//1111
f 1176//1176 1111//1111 1177//1177
f 1177//1177 1111//1111 1178//1178
f 1113//1113 1179//1179 1111//1111
f 1111//1111 1179//1179 1178//1178
f 1169//1169 1113//1113 1104//1104
f 1179//1179 1113//1113 1169//1169
f 1110//1110 1114//1114 1174//1174
f 1115//1115 1174//1174 1114//1114
f 1176//1176 1174//1174 1115//1115
f 1112//1112 1176//1176 1115//1115
f 1124//1124 1123//1123 1180//1180
f 1124//1124 1181//1181 1125//1125
f 1180//1180 1181//1181 1124//1124
f 1125//1125 1182//1182 1126//1126
f 1181//1181 1182//1182 1125//1125
f 1126//1126 1183//1183 1127//1127
f 1182//1182 1183//1183 1126//1126
f 1127//1127 1184//1184 1128//1128
f 1183//1183 1184//1184 1127//1127
f 1128//1128 1184//1184 1130//1130
f 1134//1134 1133//1133 1185//1185
f 1134//1134 1186//1186 1135//1135
f 1185//1185 1186//1186 1134//1134
f 1135//1135 1187//1187 1136//1136
f 1186//1186 1187//1187 1135//1135
f 1136//1136 1180//1180 1123//1123
f 1136//1136 1187//1187 1180//1180
f 1187//1187 1188//1188 1180//1180
f 1189//1189 1190//1190 1181//1181
f 1189//1189 1181//1181 1188//1188
f 1188//1188 1181//1181 1180//1180
f 1182//1182 1181//1181 1190//1190
f 1191//1191 1182//1182 1190//1190
f 1183//1183 1182//1182 1191//1191
f 1192//1192 1183//1183 1191//1191
f 1192//1192 1193//1193 1194//1194
f 1192//1192 1194//1194 1183//1183
f 1183//1183 1194//1194 1184//1184
f 1130//1130 1195//1195 1137//1137
f 1130//1130 1184//1184 1195//1195
f 1184//1184 1194//1194 1195//1195
f 1137//1137 1195//1195 1139//1139
f 1142//1142 1141//1141 1196//1196
f 1142//1142 1197//1197 1143//1143
f 1196//1196 1197//1197 1142//1142
f 1143//1143 1185//1185 1133//1133
f 1143//1143 1197//1197 1185//1185
f 1197//1197 1198//1198 1185//1185
f 1186//1186 1185//1185 1199//1199
f 1199//1199 1185//1185 1198//1198
f 1187//1187 1186//1186 1200//1200
f 1200//1200 1186//1186 1199//1199
f 1188//1188 1187//1187 1201//1201
f 1201//1201 1187//1187 1200//1200
f 1202//1202 1189//1189 1188//1188
f 1201//1201 1202//1202 1188//1188
f 1194//1194 1193//1193 1203//1203
f 1203//1203 1204//1204 1205//1205
f 1203//1203 1205//1205 1194//1194
f 1194//1194 1205//1205 1195//1195
f 1139//1139 1206//1206 1144//1144
f 1139//1139 1195//1195 1206//1206
f 1195//1195 1205//1205 1206//1206
f 1144//1144 1206//1206 1145//1145
f 1147//1147 1146//1146 1207//1207
f 1147//1147 1196//1196 1141//1141
f 1147//1147 1207//1207 1196//1196
f 1207//1207 1208//1208 1196//1196
f 1197//1197 1196//1196 1209//1209
f 1209//1209 1196//1196 1208//1208
f 1198//1198 1197//1197 1210//1210
f 1210//1210 1197//1197 1209//1209
f 1199//1199 1198//1198 1211//1211
f 1211//1211 1198//1198 1210//1210
f 1200//1200 1199//1199 1212//1212
f 1212//1212 1199//1199 1211//1211
f 1213//1213 1214//1214 1201//1201
f 1213//1213 1201//1201 1212//1212
f 1212//1212 1201//1201 1200//1200
f 1202//1202 1201//1201 1214//1214
f 1205//1205 1204//1204 1215//1215
f 1215//1215 1216//1216 1217//1217
f 1215//1215 1217//1217 1205//1205
f 1205//1205 1217//1217 1206//1206
f 1145//1145 1217//1217 1149//1149
f 1206//1206 1217//1217 1145//1145
f 1207//1207 1150//1150 1218//1218
f 1146//1146 1150//1150 1207//1207
f 1208//1208 1207//1207 1219//1219
f 1219//1219 1207//1207 1218//1218
f 1209//1209 1208//1208 1220//1220
f 1220//1220 1208//1208 1219//1219
f 1210//1210 1209//1209 1221//1221
f 1221//1221 1209//1209 1220//1220
f 1211//1211 1210//1210 1222//1222
f 1222//1222 1210//1210 1221//1221
f 1223//1223 1224//1224 1212//1212
f 1223//1223 1212//1212 1222//1222
f 1222//1222 1212//1212 1211//1211
f 1213//1213 1212//1212 1224//1224
f 1217//1217 1216//1216 1225//1225
f 1226//1226 1225//1225 1227//1227
f 1151//1151 1225//1225 1226//1226
f 1151//1151 1217//1217 1225//1225
f 1151//1151 1149//1149 1217//1217
f 1151//1151 1226//1226 1152//1152
f 1218//1218 1153//1153 1228//1228
f 1150//1150 1153//1153 1218//1218
f 1219//1219 1218//1218 1229//1229
f 1229//1229 1218//1218 1228//1228
f 1220//1220 1219//1219 1230//1230
f 1230//1230 1219//1219 1229//1229
f 1221//1221 1220//1220 1231//1231
f 1231//1231 1220//1220 1230//1230
f 1222//1222 1221//1221 1232//1232
f 1232//1232 1221//1221 1231//1231
f 1233//1233 1223//1223 1222//1222
f 1232//1232 1233//1233 1222//1222
f 1234//1234 1226//1226 1227//1227
f 1235//1235 1234//1234 1227//1227
f 1152//1152 1234//1234 1154//1154
f 1226//1226 1234//1234 1152//1152
f 1153//1153 1155//1155 1228//1228
f 1157//1157 1228//1228 1155//1155
f 1157//1157 1236//1236 1228//1228
f 1236//1236 1229//1229 1228//1228
f 1230//1230 1229//1229 1237//1237
f 1237//1237 1229//1229 1236//1236
f 1231//1231 1230//1230 1238//1238
f 1238//1238 1230//1230 1237//1237
f 1232//1232 1231//1231 1239//1239
f 1239//1239 1231//1231 1238//1238
f 1240//1240 1233//1233 1232//1232
f 1239//1239 1240//1240 1232//1232
f 1241//1241 1234//1234 1235//1235
f 1242//1242 1241//1241 1235//1235
f 1154//1154 1241//1241 1158//1158
f 1234//1234 1241//1241 1154//1154
f 1157//1157 1160//1160 1236//1236
f 1161//1161 1236//1236 1160//1160
f 1161//1161 1243//1243 1236//1236
f 1243//1243 1237//1237 1236//1236
f 1238//1238 1237//1237 1244//1244
f 1244//1244 1237//1237 1243//1243
f 1239//1239 1238//1238 1245//1245
f 1245//1245 1238//1238 1244//1244
f 1246//1246 1240//1240 1239//1239
f 1246//1246 1239//1239 1247//1247
f 1247//1247 1239//1239 1245//1245
f 1246//1246 1247//1247 1248//1248
f 1249//1249 1250//1250 1251//1251
f 1242//1242 1250//1250 1249//1249
f 1241//1241 1242//1242 1249//1249
f 1241//1241 1249//1249 1163//1163
f 1241//1241 1163//1163 1162//1162
f 1158//1158 1241//1241 1162//1162
f 1161//1161 1164//1164 1243//1243
f 1166//1166 1243//1243 1164//1164
f 1244//1244 1243//1243 1166//1166
f 1167//1167 1244//1244 1166//1166
f 1167//1167 1252//1252 1244//1244
f 1252//1252 1245//1245 1244//1244
f 1247//1247 1245//1245 1253//1253
f 1253//1253 1245//1245 1252//1252
f 1254//1254 1248//1248 1247//1247
f 1254//1254 1247//1247 1255//1255
f 1255//1255 1247//1247 1253//1253
f 1254//1254 1255//1255 1256//1256
f 1257//1257 1258//1258 1259//1259
f 1251//1251 1258//1258 1257//1257
f 1249//1249 1251//1251 1257//1257
f 1249//1249 1257//1257 1169//1169
f 1249//1249 1169//1169 1168//1168
f 1163//1163 1249//1249 1168//1168
f 1167//1167 1170//1170 1252//1252
f 1171//1171 1252//1252 1170//1170
f 1253//1253 1252//1252 1171//1171
f 1172//1172 1253//1253 1171//1171
f 1255//1255 1253//1253 1172//1172
f 1255//1255 1260//1260 1256//1256
f 1255//1255 1172//1172 1260//1260
f 1172//1172 1173//1173 1260//1260
f 1175//1175 1261//1261 1173//1173
f 1173//1173 1261//1261 1260//1260
f 1177//1177 1262//1262 1175//1175
f 1175//1175 1262//1262 1261//1261
f 1178//1178 1263//1263 1177//1177
f 1177//1177 1263//1263 1262//1262
f 1259//1259 1179//1179 1257//1257
f 1259//1259 1263//1263 1179//1179
f 1263//1263 1178//1178 1179//1179
f 1169//1169 1257//1257 1179//1179
f 1190//1190 1189//1189 1264//1264
f 1190//1190 1265//1265 1191//1191
f 1264//1264 1265//1265 1190//1190
f 1191//1191 1266//1266 1192//1192
f 1265//1265 1266//1266 1191//1191
f 1192//1192 1266//1266 1193//1193
f 1264//1264 1202//1202 1267//1267
f 1189//1189 1202//1202 1264//1264
f 1265//1265 1264//1264 1268//1268
f 1268//1268 1264//1264 1267//1267
f 1266//1266 1265//1265 1269//1269
f 1269//1269 1265//1265 1268//1268
f 1193//1193 1270//1270 1203//1203
f 1193//1193 1266//1266 1270//1270
f 1266//1266 1269//1269 1270//1270
f 1203//1203 1270//1270 1204//1204
f 1214//1214 1213//1213 1271//1271
f 1214//1214 1267//1267 1202//1202
f 1214//1214 1271//1271 1267//1267
f 1271//1271 1272//1272 1267//1267
f 1268//1268 1267//1267 1273//1273
f 1273//1273 1267//1267 1272//1272
f 1269//1269 1268//1268 1274//1274
f 1274//1274 1268//1268 1273//1273
f 1270//1270 1269//1269 1275//1275
f 1275//1275 1269//1269 1274//1274
f 1204//1204 1276//1276 1215//1215
f 1204//1204 1270//1270 1276//1276
f 1270//1270 1275//1275 1276//1276
f 1215//1215 1276//1276 1216//1216
f 1224//1224 1223//1223 1277//1277
f 1224//1224 1271//1271 1213//1213
f 1224//1224 1277//1277 1271//1271
f 1277//1277 1278//1278 1271//1271
f 1272//1272 1271//1271 1279//1279
f 1279//1279 1271//1271 1278//1278
f 1273//1273 1272//1272 1280//1280
f 1280//1280 1272//1272 1279//1279
f 1274//1274 1273//1273 1281//1281
f 1281//1281 1273//1273 1280//1280
f 1275//1275 1274//1274 1282//1282
f 1282//1282 1274//1274 1281//1281
f 1276//1276 1275//1275 1283//1283
f 1283//1283 1275//1275 1282//1282
f 1216//1216 1284//1284 1225//1225
f 1216//1216 1276//1276 1284//1284
f 1276//1276 1283//1283 1284//1284
f 1225//1225 1284//1284 1227//1227
f 1277//1277 1233//1233 1285//1285
f 1223//1223 1233//1233 1277//1277
f 1278//1278 1277//1277 1286//1286
f 1286//1286 1277//1277 1285//1285
f 1279//1279 1278//1278 1287//1287
f 1287//1287 1278//1278 1286//1286
f 1280//1280 1279//1279 1288//1288
f 1288//1288 1279//1279 1287//1287
f 1281//1281 1280//1280 1289//1289
f 1289//1289 1280//1280 1288//1288
f 1282//1282 1281//1281 1290//1290
f 1290//1290 1281//1281 1289//1289
f 1283//1283 1282//1282 1291//1291
f 1291//1291 1282//1282 1290//1290
f 1284//1284 1283//1283 1292//1292
f 1292//1292 1283//1283 1291//1291
f 1227//1227 1292//1292 1235//1235
f 1284//1284 1292//1292 1227//1227
f 1285//1285 1240//1240 1293//1293
f 1233//1233 1240//1240 1285//1285
f 1286//1286 1285//1285 1294//1294
f 1294//1294 1285//1285 1293//1293
f 1287//1287 1286//1286 1295//1295
f 1295//1295 1286//1286 1294//1294
f 1288//1288 1287//1287 1296//1296
f 1296//1296 1287//1287 1295//1295
f 1289//1289 1288//1288 1297//1297
f 1297//1297 1288//1288 1296//1296
f 1290//1290 1289//1289 1298//1298
f 1298//1298 1289//1289 1297//1297
f 1291//1291 1290//1290 1299//1299
f 1299//1299 1290//1290 1298//1298
f 1292//1292 1291//1291 1300//1300
f 1300//1300 1291//1291 1299//1299
f 1235//1235 1300//1300 1242//1242
f 1292//1292 1300//1300 1235//1235
f 1240//1240 1246//1246 1293//1293
f 1248//1248 1293//1293 1246//1246
f 1248//1248 1301//1301 1293//1293
f 1301//1301 1294//1294 1293//1293
f 1295//1295 1294//1294 1302//1302
f 1302//1302 1294//1294 1301//1301
f 1296//1296 1295//1295 1303//1303
f 1303//1303 1295//1295 1302//1302
f 1297//1297 1296//1296 1304//1304
f 1304//1304 1296//1296 1303//1303
f 1298//1298 1297//1297 1305//1305
f 1305//1305 1297//1297 1304//1304
f 1299//1299 1298//1298 1306//1306
f 1306//1306 1298//1298 1305//1305
f 1250//1250 1306//1306 1251//1251
f 1250//1250 1300//1300 1306//1306
f 1300//1300 1299//1299 1306//1306
f 1242//1242 1300//1300 1250//1250
f 1248//1248 1254//1254 1301//1301
f 1256//1256 1301//1301 1254//1254
f 1256//1256 1307//1307 1301//1301
f 1307//1307 1302//1302 1301//1301
f 1303//1303 1302//1302 1308//1308
f 1308//1308 1302//1302 1307//1307
f 1304//1304 1303//1303 1309//1309
f 1309//1309 1303//1303 1308//1308
f 1305//1305 1304//1304 1310//1310
f 1310//1310 1304//1304 1309//1309
f 1258//1258 1310//1310 1259//1259
f 1258//1258 1306//1306 1310//1310
f 1306//1306 1305//1305 1310//1310
f 1251//1251 1306//1306 1258//1258
f 1256//1256 1260//1260 1307//1307
f 1261//1261 1307//1307 1260//1260
f 1308//1308 1307//1307 1261//1261
f 1262//1262 1308//1308 1261//1261
f 1309//1309 1308//1308 1262//1262
f 1263//1263 1309//1309 1262//1262
f 1310//1310 1309//1309 1263//1263
f 1259//1259 1310//1310 1263//1263
