# Murti generated mesh: 1822 verts, 3640 faces
o a_torus
v -0.309822 -0.080645 -0.112903
v -0.306452 -0.080645 -0.120013
v -0.306452 -0.087237 -0.112903
v -0.306452 -0.099458 -0.080645
v -0.316165 -0.080645 -0.080645
v -0.306452 -0.102337 -0.048387
v -0.318380 -0.080645 -0.048387
v -0.306452 -0.101454 -0.016129
v -0.318929 -0.080645 -0.016129
v -0.306452 -0.099098 0.016129
v -0.318114 -0.080645 0.016129
v -0.306452 -0.096742 0.048387
v -0.317204 -0.080645 0.048387
v -0.306452 -0.086297 0.080645
v -0.310456 -0.080645 0.080645
v -0.306452 -0.080645 0.088863
v -0.316155 -0.048387 -0.112903
v -0.306452 -0.048387 -0.135835
v -0.321121 -0.048387 -0.080645
v -0.323756 -0.048387 -0.048387
v -0.324396 -0.048387 -0.016129
v -0.325339 -0.048387 0.016129
v -0.324610 -0.048387 0.048387
v -0.320399 -0.048387 0.080645
v -0.306452 -0.048387 0.112422
v -0.315637 -0.016129 -0.112903
v -0.306452 -0.016129 -0.133363
v -0.320710 -0.016129 -0.080645
v -0.323701 -0.016129 -0.048387
v -0.324607 -0.016129 -0.016129
v -0.325957 -0.016129 0.016129
v -0.325227 -0.016129 0.048387
v -0.320490 -0.016129 0.080645
v -0.306452 -0.016129 0.109361
v -0.306452 0.014769 -0.112903
v -0.314177 0.016129 -0.080645
v -0.306452 0.016129 -0.111339
v -0.317822 0.016129 -0.048387
v -0.319384 0.016129 -0.016129
v -0.320102 0.016129 0.016129
v -0.318192 0.016129 0.048387
v -0.310286 0.016129 0.080645
v -0.306452 0.016129 0.087496
v -0.306452 0.030505 -0.080645
v -0.306452 0.038282 -0.048387
v -0.306452 0.043050 -0.016129
v -0.306452 0.041719 0.016129
v -0.306452 0.035938 0.048387
v -0.306452 0.021391 0.080645
v -0.288445 -0.112903 -0.112903
v -0.274194 -0.112903 -0.136434
v -0.274194 -0.126791 -0.112903
v -0.274194 -0.134081 -0.080645
v -0.296225 -0.112903 -0.080645
v -0.274194 -0.136503 -0.048387
v -0.297808 -0.112903 -0.048387
v -0.274194 -0.134742 -0.016129
v -0.296677 -0.112903 -0.016129
v -0.274194 -0.133346 0.016129
v -0.294719 -0.112903 0.016129
v -0.274194 -0.130243 0.048387
v -0.292076 -0.112903 0.048387
v -0.274194 -0.120926 0.080645
v -0.282735 -0.112903 0.080645
v -0.274194 -0.112903 0.093504
v -0.291731 -0.080645 -0.145161
v -0.274194 -0.080645 -0.162691
v -0.274194 -0.106021 -0.145161
v -0.274194 -0.099204 0.112903
v -0.291683 -0.080645 0.112903
v -0.274194 -0.080645 0.129612
v -0.300971 -0.048387 -0.145161
v -0.274194 -0.048387 -0.174426
v -0.306126 -0.048387 0.112903
v -0.274194 -0.048387 0.143568
v -0.299519 -0.016129 -0.145161
v -0.274194 -0.016129 -0.175394
v -0.303713 -0.016129 0.112903
v -0.274194 -0.016129 0.140203
v -0.291441 0.016129 -0.145161
v -0.274194 0.016129 -0.167371
v -0.305925 0.016129 -0.112903
v -0.286359 0.016129 0.112903
v -0.274194 0.016129 0.123230
v -0.275582 0.048387 -0.145161
v -0.274194 0.048387 -0.146959
v -0.289490 0.048387 -0.112903
v -0.296141 0.048387 -0.080645
v -0.300100 0.048387 -0.048387
v -0.302959 0.048387 -0.016129
v -0.301883 0.048387 0.016129
v -0.297396 0.048387 0.048387
v -0.283666 0.048387 0.080645
v -0.274194 0.048387 0.090787
v -0.274194 0.026631 0.112903
v -0.274194 0.050165 -0.145161
v -0.274194 0.069971 -0.112903
v -0.275149 0.080645 -0.080645
v -0.274194 0.080645 -0.083737
v -0.280418 0.080645 -0.048387
v -0.282906 0.080645 -0.016129
v -0.279845 0.080645 0.016129
v -0.274194 0.080645 0.034834
v -0.274194 0.075641 0.048387
v -0.274194 0.057493 0.080645
v -0.274194 0.081676 -0.080645
v -0.274194 0.087418 -0.048387
v -0.274194 0.089718 -0.016129
v -0.274194 0.086450 0.016129
v -0.246641 -0.145161 -0.112903
v -0.241935 -0.145161 -0.118195
v -0.241935 -0.148625 -0.112903
v -0.241935 -0.159782 -0.080645
v -0.259415 -0.145161 -0.080645
v -0.241935 -0.165163 -0.048387
v -0.264194 -0.145161 -0.048387
v -0.241935 -0.168348 -0.016129
v -0.262434 -0.145161 -0.016129
v -0.241935 -0.168599 0.016129
v -0.261371 -0.145161 0.016129
v -0.241935 -0.166946 0.048387
v -0.258455 -0.145161 0.048387
v -0.241935 -0.154368 0.080645
v -0.248992 -0.145161 0.080645
v -0.241935 -0.145161 0.090751
v -0.266307 -0.112903 -0.145161
v -0.241935 -0.112903 -0.161204
v -0.241935 -0.128997 -0.145161
v -0.241935 -0.126840 0.112903
v -0.257522 -0.112903 0.112903
v -0.241935 -0.112903 0.125572
v -0.251905 -0.080645 -0.177419
v -0.241935 -0.080645 -0.182898
v -0.241935 -0.090557 -0.177419
v -0.241935 -0.089815 0.145161
v -0.252029 -0.080645 0.145161
v -0.241935 -0.080645 0.151754
v -0.269885 -0.048387 -0.177419
v -0.241935 -0.048387 -0.191433
v -0.271898 -0.048387 0.145161
v -0.241935 -0.048387 0.162496
v -0.271655 -0.016129 -0.177419
v -0.241935 -0.016129 -0.193444
v -0.266533 -0.016129 0.145161
v -0.241935 -0.016129 0.159344
v -0.262624 0.016129 -0.177419
v -0.241935 0.016129 -0.190834
v -0.241935 0.007592 0.145161
v -0.241935 0.016129 0.140101
v -0.243882 0.048387 -0.177419
v -0.241935 0.048387 -0.178967
v -0.241935 0.044096 0.112903
v -0.241935 0.048387 0.108925
v -0.241935 0.050780 -0.177419
v -0.247380 0.080645 -0.145161
v -0.241935 0.080645 -0.151741
v -0.264197 0.080645 -0.112903
v -0.268708 0.080645 0.048387
v -0.241935 0.080645 0.080293
v -0.241935 0.080353 0.080645
v -0.241935 0.085775 -0.145161
v -0.241935 0.099698 -0.112903
v -0.241935 0.109219 -0.080645
v -0.244200 0.112903 -0.048387
v -0.241935 0.112903 -0.059744
v -0.245392 0.112903 -0.016129
v -0.241935 0.112903 0.002248
v -0.241935 0.110552 0.016129
v -0.241935 0.100261 0.048387
v -0.241935 0.115115 -0.048387
v -0.241935 0.116244 -0.016129
v -0.212209 -0.241935 0.016129
v -0.209677 -0.241935 0.005762
v -0.209677 -0.247889 0.016129
v -0.209677 -0.246576 0.048387
v -0.211919 -0.241935 0.048387
v -0.209677 -0.241935 0.055800
v -0.210089 -0.209677 -0.048387
v -0.209677 -0.209677 -0.049239
v -0.209677 -0.210390 -0.048387
v -0.209677 -0.230923 -0.016129
v -0.219421 -0.209677 -0.016129
v -0.223212 -0.209677 0.016129
v -0.223381 -0.209677 0.048387
v -0.209677 -0.224778 0.080645
v -0.216173 -0.209677 0.080645
v -0.209677 -0.209677 0.091145
v -0.221529 -0.177419 -0.080645
v -0.209677 -0.177419 -0.097905
v -0.209677 -0.190076 -0.080645
v -0.229948 -0.177419 -0.048387
v -0.234676 -0.177419 -0.016129
v -0.235455 -0.177419 0.016129
v -0.234851 -0.177419 0.048387
v -0.227262 -0.177419 0.080645
v -0.209677 -0.177419 0.110730
v -0.209677 -0.145161 -0.141604
v -0.209677 -0.168277 -0.112903
v -0.209677 -0.174415 0.112903
v -0.225502 -0.145161 0.112903
v -0.209677 -0.145161 0.128199
v -0.209677 -0.112903 -0.171262
v -0.209677 -0.142214 -0.145161
v -0.209677 -0.121273 0.145161
v -0.217463 -0.112903 0.145161
v -0.209677 -0.112903 0.150854
v -0.209677 -0.080645 -0.191858
v -0.209677 -0.105139 -0.177419
v -0.209677 -0.080645 0.171902
v -0.209677 -0.048387 -0.201884
v -0.209677 -0.063922 0.177419
v -0.217662 -0.048387 0.177419
v -0.209677 -0.048387 0.182799
v -0.209677 -0.016129 -0.205805
v -0.213151 -0.016129 0.177419
v -0.209677 -0.016129 0.179961
v -0.209677 0.016129 -0.205823
v -0.233871 0.016129 0.145161
v -0.209677 0.016129 0.160369
v -0.209677 -0.012493 0.177419
v -0.209677 0.048387 -0.197270
v -0.235986 0.048387 0.112903
v -0.209677 0.048387 0.129460
v -0.209677 0.031113 0.145161
v -0.213025 0.080645 -0.177419
v -0.209677 0.080645 -0.179850
v -0.241568 0.080645 0.080645
v -0.209677 0.080645 0.100364
v -0.209677 0.066187 0.112903
v -0.209677 0.083323 -0.177419
v -0.209677 0.105819 -0.145161
v -0.222342 0.112903 -0.112903
v -0.209677 0.112903 -0.131426
v -0.237322 0.112903 -0.080645
v -0.239124 0.112903 0.016129
v -0.225250 0.112903 0.048387
v -0.209677 0.112903 0.065832
v -0.209677 0.101677 0.080645
v -0.209677 0.122837 -0.112903
v -0.209677 0.136036 -0.080645
v -0.209677 0.143871 -0.048387
v -0.211596 0.145161 -0.016129
v -0.209677 0.145161 -0.035408
v -0.209677 0.145161 -0.007158
v -0.209677 0.140250 0.016129
v -0.209677 0.127403 0.048387
v -0.209677 0.147366 -0.016129
v -0.183485 -0.306452 -0.016129
v -0.177419 -0.306452 -0.036313
v -0.177419 -0.313574 -0.016129
v -0.177419 -0.316227 0.016129
v -0.186077 -0.306452 0.016129
v -0.177419 -0.311496 0.048387
v -0.182179 -0.306452 0.048387
v -0.177419 -0.306452 0.058947
v -0.189218 -0.274194 -0.048387
v -0.177419 -0.274194 -0.071008
v -0.177419 -0.299506 -0.048387
v -0.196260 -0.274194 -0.016129
v -0.200359 -0.274194 0.016129
v -0.198633 -0.274194 0.048387
v -0.177419 -0.293602 0.080645
v -0.190054 -0.274194 0.080645
v -0.177419 -0.274194 0.098242
v -0.183437 -0.241935 -0.080645
v -0.177419 -0.241935 -0.088913
v -0.177419 -0.258004 -0.080645
v -0.196604 -0.241935 -0.048387
v -0.204877 -0.241935 -0.016129
v -0.202754 -0.241935 0.080645
v -0.177419 -0.253250 0.112903
v -0.184482 -0.241935 0.112903
v -0.177419 -0.241935 0.120498
v -0.196304 -0.209677 -0.080645
v -0.177419 -0.209677 -0.107705
v -0.195976 -0.209677 0.112903
v -0.177419 -0.209677 0.134047
v -0.197576 -0.177419 -0.112903
v -0.177419 -0.177419 -0.130186
v -0.177419 -0.202421 -0.112903
v -0.208166 -0.177419 0.112903
v -0.177419 -0.180569 0.145161
v -0.178698 -0.177419 0.145161
v -0.177419 -0.177419 0.146419
v -0.204244 -0.145161 -0.145161
v -0.177419 -0.145161 -0.157808
v -0.177419 -0.161851 -0.145161
v -0.192106 -0.145161 0.145161
v -0.177419 -0.145161 0.157728
v -0.191723 -0.112903 -0.177419
v -0.177419 -0.112903 -0.182358
v -0.177419 -0.119233 -0.177419
v -0.177419 -0.112903 0.175959
v -0.177419 -0.080645 -0.202689
v -0.177419 -0.110787 0.177419
v -0.202035 -0.080645 0.177419
v -0.177419 -0.080645 0.197953
v -0.193927 -0.048387 -0.209677
v -0.177419 -0.048387 -0.217738
v -0.177419 -0.066919 -0.209677
v -0.177419 -0.049632 0.209677
v -0.177924 -0.048387 0.209677
v -0.177419 -0.048387 0.210251
v -0.203010 -0.016129 -0.209677
v -0.177419 -0.016129 -0.223138
v -0.178408 -0.016129 0.209677
v -0.177419 -0.016129 0.210826
v -0.203640 0.016129 -0.209677
v -0.177419 0.016129 -0.224658
v -0.188216 0.016129 0.177419
v -0.177419 0.016129 0.189090
v -0.177419 -0.014507 0.209677
v -0.191394 0.048387 -0.209677
v -0.177419 0.048387 -0.219410
v -0.186583 0.048387 0.145161
v -0.177419 0.048387 0.153069
v -0.177419 0.025352 0.177419
v -0.177419 0.069333 -0.209677
v -0.177419 0.080645 -0.202930
v -0.190262 0.080645 0.112903
v -0.177419 0.080645 0.122251
v -0.177419 0.055556 0.145161
v -0.177419 0.103596 -0.177419
v -0.197562 0.112903 -0.145161
v -0.177419 0.112903 -0.164137
v -0.195068 0.112903 0.080645
v -0.177419 0.112903 0.093645
v -0.177419 0.090506 0.112903
v -0.177419 0.126493 -0.145161
v -0.179437 0.145161 -0.112903
v -0.177419 0.145161 -0.115527
v -0.199227 0.145161 -0.080645
v -0.208301 0.145161 -0.048387
v -0.204759 0.145161 0.016129
v -0.192474 0.145161 0.048387
v -0.177419 0.145161 0.068748
v -0.177419 0.132933 0.080645
v -0.177419 0.147313 -0.112903
v -0.177419 0.172083 -0.080645
v -0.184565 0.177419 -0.048387
v -0.177419 0.177419 -0.069718
v -0.187560 0.177419 -0.016129
v -0.183093 0.177419 0.016129
v -0.177419 0.177419 0.032371
v -0.177419 0.167921 0.048387
v -0.177419 0.195309 -0.048387
v -0.177419 0.202804 -0.016129
v -0.177419 0.191197 0.016129
v -0.146033 -0.338710 -0.048387
v -0.145161 -0.338710 -0.050109
v -0.145161 -0.339434 -0.048387
v -0.145161 -0.345990 -0.016129
v -0.154291 -0.338710 -0.016129
v -0.145161 -0.345837 0.016129
v -0.154529 -0.338710 0.016129
v -0.145161 -0.340140 0.048387
v -0.146999 -0.338710 0.048387
v -0.145161 -0.338710 0.051423
v -0.160662 -0.306452 -0.080645
v -0.145161 -0.306452 -0.106176
v -0.145161 -0.324957 -0.080645
v -0.173686 -0.306452 -0.048387
v -0.145161 -0.325817 0.080645
v -0.167624 -0.306452 0.080645
v -0.145161 -0.306452 0.109240
v -0.155738 -0.274194 -0.112903
v -0.145161 -0.274194 -0.124370
v -0.145161 -0.297323 -0.112903
v -0.172171 -0.274194 -0.080645
v -0.145161 -0.302777 0.112903
v -0.165962 -0.274194 0.112903
v -0.145161 -0.274194 0.133423
v -0.162743 -0.241935 -0.112903
v -0.145161 -0.241935 -0.132660
v -0.145161 -0.255374 0.145161
v -0.154747 -0.241935 0.145161
v -0.145161 -0.241935 0.153510
v -0.145366 -0.209677 -0.145161
v -0.145161 -0.209677 -0.145344
v -0.145161 -0.210081 -0.145161
v -0.173906 -0.209677 -0.112903
v -0.168319 -0.209677 0.145161
v -0.145161 -0.209677 0.166836
v -0.163709 -0.177419 -0.145161
v -0.145161 -0.177419 -0.158881
v -0.145161 -0.182363 0.177419
v -0.147670 -0.177419 0.177419
v -0.145161 -0.177419 0.179905
v -0.145161 -0.145161 -0.176873
v -0.158884 -0.145161 0.177419
v -0.145161 -0.145161 0.193626
v -0.145161 -0.112903 -0.199401
v -0.145161 -0.144379 -0.177419
v -0.176012 -0.112903 0.177419
v -0.145161 -0.119818 0.209677
v -0.149248 -0.112903 0.209677
v -0.145161 -0.112903 0.214928
v -0.166279 -0.080645 -0.209677
v -0.145161 -0.080645 -0.221622
v -0.145161 -0.099921 -0.209677
v -0.168130 -0.080645 0.209677
v -0.145161 -0.081542 0.241935
v -0.145755 -0.080645 0.241935
v -0.145161 -0.080645 0.242742
v -0.145161 -0.048387 -0.234148
v -0.157568 -0.048387 0.241935
v -0.145161 -0.048387 0.261239
v -0.146675 -0.016129 -0.241935
v -0.145161 -0.016129 -0.243053
v -0.145161 -0.019936 -0.241935
v -0.158727 -0.016129 0.241935
v -0.145161 -0.016129 0.265197
v -0.153984 0.016129 -0.241935
v -0.145161 0.016129 -0.249077
v -0.164341 0.016129 0.209677
v -0.149884 0.016129 0.241935
v -0.145161 0.016129 0.250712
v -0.148996 0.048387 -0.241935
v -0.145161 0.048387 -0.245191
v -0.159073 0.048387 0.177419
v -0.145161 0.048387 0.207280
v -0.145161 0.046597 0.209677
v -0.145161 0.023442 0.241935
v -0.145161 0.056570 -0.241935
v -0.170303 0.080645 -0.209677
v -0.145161 0.080645 -0.231450
v -0.155532 0.080645 0.145161
v -0.145161 0.080645 0.159523
v -0.145161 0.065501 0.177419
v -0.145161 0.103221 -0.209677
v -0.164291 0.112903 -0.177419
v -0.145161 0.112903 -0.196640
v -0.157071 0.112903 0.112903
v -0.145161 0.112903 0.127443
v -0.145161 0.094115 0.145161
v -0.145161 0.127474 -0.177419
v -0.154002 0.145161 -0.145161
v -0.145161 0.145161 -0.154686
v -0.169019 0.145161 0.080645
v -0.145161 0.145161 0.108506
v -0.145161 0.137424 0.112903
v -0.145161 0.154316 -0.145161
v -0.154666 0.177419 -0.112903
v -0.145161 0.177419 -0.124260
v -0.173533 0.177419 -0.080645
v -0.172027 0.177419 0.048387
v -0.157871 0.177419 0.080645
v -0.145161 0.177419 0.097609
v -0.145161 0.208621 -0.112903
v -0.164242 0.209677 -0.080645
v -0.145161 0.209677 -0.112503
v -0.172156 0.209677 -0.048387
v -0.174718 0.209677 -0.016129
v -0.170736 0.209677 0.016129
v -0.164313 0.209677 0.048387
v -0.151979 0.209677 0.080645
v -0.145161 0.209677 0.090460
v -0.159141 0.241935 -0.080645
v -0.145161 0.241935 -0.103742
v -0.166442 0.241935 -0.048387
v -0.167101 0.241935 -0.016129
v -0.164412 0.241935 0.016129
v -0.159036 0.241935 0.048387
v -0.146788 0.241935 0.080645
v -0.145161 0.241935 0.083032
v -0.155880 0.274194 -0.080645
v -0.145161 0.274194 -0.097874
v -0.162364 0.274194 -0.048387
v -0.162606 0.274194 -0.016129
v -0.159511 0.274194 0.016129
v -0.153234 0.274194 0.048387
v -0.145161 0.274194 0.068620
v -0.145161 0.249256 0.080645
v -0.148550 0.306452 -0.080645
v -0.145161 0.306452 -0.085793
v -0.156746 0.306452 -0.048387
v -0.155805 0.306452 -0.016129
v -0.150177 0.306452 0.016129
v -0.145161 0.306452 0.031162
v -0.145161 0.293391 0.048387
v -0.145161 0.312780 -0.080645
v -0.145161 0.331990 -0.048387
v -0.145161 0.328278 -0.016129
v -0.145161 0.315365 0.016129
v -0.131055 -0.338710 -0.080645
v -0.112903 -0.338710 -0.112553
v -0.112903 -0.351557 -0.080645
v -0.112903 -0.356649 -0.048387
v -0.112903 -0.358263 -0.016129
v -0.112903 -0.357496 0.016129
v -0.112903 -0.354112 0.048387
v -0.112903 -0.346477 0.080645
v -0.125794 -0.338710 0.080645
v -0.112903 -0.338710 0.093452
v -0.113333 -0.306452 -0.145161
v -0.112903 -0.306452 -0.145608
v -0.112903 -0.306994 -0.145161
v -0.112903 -0.338479 -0.112903
v -0.140218 -0.306452 -0.112903
v -0.112903 -0.325143 0.112903
v -0.141246 -0.306452 0.112903
v -0.112903 -0.306452 0.133081
v -0.126412 -0.274194 -0.145161
v -0.112903 -0.274194 -0.158718
v -0.112903 -0.292173 0.145161
v -0.130671 -0.274194 0.145161
v -0.112903 -0.274194 0.157725
v -0.133230 -0.241935 -0.145161
v -0.112903 -0.241935 -0.163669
v -0.112903 -0.241935 0.175753
v -0.112903 -0.209677 -0.171403
v -0.112903 -0.239162 0.177419
v -0.132361 -0.209677 0.177419
v -0.112903 -0.209677 0.194554
v -0.120536 -0.177419 -0.177419
v -0.112903 -0.177419 -0.183538
v -0.112903 -0.192418 -0.177419
v -0.112903 -0.181140 0.209677
v -0.115312 -0.177419 0.209677
v -0.112903 -0.177419 0.212233
v -0.144458 -0.145161 -0.177419
v -0.112903 -0.145161 -0.200537
v -0.130947 -0.145161 0.209677
v -0.112903 -0.145161 0.229882
v -0.132287 -0.112903 -0.209677
v -0.112903 -0.112903 -0.223707
v -0.112903 -0.132734 -0.209677
v -0.112903 -0.128725 0.241935
v -0.123930 -0.112903 0.241935
v -0.112903 -0.112903 0.255527
v -0.117072 -0.080645 -0.241935
v -0.112903 -0.080645 -0.245408
v -0.112903 -0.085832 -0.241935
v -0.112903 -0.090771 0.274194
v -0.120208 -0.080645 0.274194
v -0.112903 -0.080645 0.281785
v -0.134838 -0.048387 -0.241935
v -0.112903 -0.048387 -0.258225
v -0.134788 -0.048387 0.274194
v -0.112903 -0.048387 0.295559
v -0.112903 -0.016129 -0.265678
v -0.138342 -0.016129 0.274194
v -0.112903 -0.016129 0.300004
v -0.112903 0.016129 -0.271778
v -0.130981 0.016129 0.274194
v -0.112903 0.016129 0.294158
v -0.112903 0.048387 -0.270703
v -0.143780 0.048387 0.209677
v -0.128410 0.048387 0.241935
v -0.112903 0.048387 0.269576
v -0.112903 0.044067 0.274194
v -0.133246 0.080645 -0.241935
v -0.112903 0.080645 -0.258907
v -0.132282 0.080645 0.177419
v -0.118535 0.080645 0.209677
v -0.112903 0.080645 0.223272
v -0.112903 0.069782 0.241935
v -0.112903 0.099926 -0.241935
v -0.132364 0.112903 -0.209677
v -0.112903 0.112903 -0.227129
v -0.130037 0.112903 0.145161
v -0.112903 0.112903 0.169048
v -0.112903 0.105549 0.177419
v -0.112903 0.087447 0.209677
v -0.112903 0.126487 -0.209677
v -0.118611 0.145161 -0.177419
v -0.112903 0.145161 -0.182433
v -0.140928 0.145161 0.112903
v -0.114657 0.145161 0.145161
v -0.112903 0.145161 0.147424
v -0.112903 0.149617 -0.177419
v -0.122950 0.177419 -0.145161
v -0.112903 0.177419 -0.153638
v -0.131365 0.177419 0.112903
v -0.112903 0.177419 0.135033
v -0.112903 0.150180 0.145161
v -0.112903 0.199810 -0.145161
v -0.144796 0.209677 -0.112903
v -0.112903 0.209677 -0.141602
v -0.128136 0.209677 0.112903
v -0.112903 0.209677 0.131291
v -0.137425 0.241935 -0.112903
v -0.112903 0.241935 -0.134424
v -0.124248 0.241935 0.112903
v -0.112903 0.241935 0.126305
v -0.132698 0.274194 -0.112903
v -0.112903 0.274194 -0.129640
v -0.139288 0.274194 0.080645
v -0.119401 0.274194 0.112903
v -0.112903 0.274194 0.120683
v -0.122967 0.306452 -0.112903
v -0.112903 0.306452 -0.121223
v -0.138209 0.306452 0.048387
v -0.124247 0.306452 0.080645
v -0.112903 0.306452 0.096970
v -0.112903 0.286335 0.112903
v -0.112903 0.321445 -0.112903
v -0.129132 0.338710 -0.080645
v -0.112903 0.338710 -0.100043
v -0.140756 0.338710 -0.048387
v -0.138050 0.338710 -0.016129
v -0.129143 0.338710 0.016129
v -0.116179 0.338710 0.048387
v -0.112903 0.338710 0.054262
v -0.112903 0.321154 0.080645
v -0.112903 0.353925 -0.080645
v -0.112903 0.362526 -0.048387
v -0.112903 0.360849 -0.016129
v -0.112903 0.353067 0.016129
v -0.112903 0.341717 0.048387
v -0.083795 -0.338710 -0.145161
v -0.080645 -0.338710 -0.148029
v -0.080645 -0.341167 -0.145161
v -0.080645 -0.355836 -0.112903
v -0.112652 -0.338710 -0.112903
v -0.080645 -0.363154 -0.080645
v -0.080645 -0.365707 -0.048387
v -0.080645 -0.366226 -0.016129
v -0.080645 -0.363814 0.016129
v -0.080645 -0.360344 0.048387
v -0.080645 -0.354140 0.080645
v -0.080645 -0.339665 0.112903
v -0.082675 -0.338710 0.112903
v -0.080645 -0.338710 0.114079
v -0.080645 -0.306452 -0.172400
v -0.080645 -0.311750 0.145161
v -0.090232 -0.306452 0.145161
v -0.080645 -0.306452 0.150130
v -0.089787 -0.274194 -0.177419
v -0.080645 -0.274194 -0.184639
v -0.080645 -0.294308 -0.177419
v -0.080645 -0.274194 0.171243
v -0.096198 -0.241935 -0.177419
v -0.080645 -0.241935 -0.189741
v -0.080645 -0.264831 0.177419
v -0.110133 -0.241935 0.177419
v -0.080645 -0.241935 0.192473
v -0.105781 -0.209677 -0.177419
v -0.080645 -0.209677 -0.197074
v -0.080645 -0.217026 0.209677
v -0.089571 -0.209677 0.209677
v -0.080645 -0.209677 0.215575
v -0.081326 -0.177419 -0.209677
v -0.080645 -0.177419 -0.210258
v -0.080645 -0.178522 -0.209677
v -0.080645 -0.177419 0.233839
v -0.103527 -0.145161 -0.209677
v -0.080645 -0.145161 -0.229879
v -0.080645 -0.164326 0.241935
v -0.097853 -0.145161 0.241935
v -0.080645 -0.145161 0.256046
v -0.093386 -0.112903 -0.241935
v -0.080645 -0.112903 -0.253194
v -0.080645 -0.128442 -0.241935
v -0.080645 -0.122828 0.274194
v -0.091316 -0.112903 0.274194
v -0.080645 -0.112903 0.281624
v -0.080645 -0.080645 -0.270436
v -0.080645 -0.080645 0.301078
v -0.092557 -0.048387 -0.274194
v -0.080645 -0.048387 -0.282273
v -0.080645 -0.072111 -0.274194
v -0.080645 -0.065191 0.306452
v -0.092631 -0.048387 0.306452
v -0.080645 -0.048387 0.312160
v -0.102066 -0.016129 -0.274194
v -0.080645 -0.016129 -0.287066
v -0.101366 -0.016129 0.306452
v -0.080645 -0.016129 0.316123
v -0.109891 0.016129 -0.274194
v -0.080645 0.016129 -0.289924
v -0.090264 0.016129 0.306452
v -0.080645 0.016129 0.310702
v -0.108460 0.048387 -0.274194
v -0.080645 0.048387 -0.288823
v -0.109092 0.048387 0.274194
v -0.080645 0.048387 0.293528
v -0.080645 0.024297 0.306452
v -0.091803 0.080645 -0.274194
v -0.080645 0.080645 -0.280892
v -0.103190 0.080645 0.241935
v -0.080645 0.080645 0.266352
v -0.080645 0.073135 0.274194
v -0.080645 0.090109 -0.274194
v -0.094917 0.112903 -0.241935
v -0.080645 0.112903 -0.252182
v -0.106364 0.112903 0.177419
v -0.088337 0.112903 0.209677
v -0.080645 0.112903 0.220372
v -0.080645 0.099169 0.241935
v -0.080645 0.121510 -0.241935
v -0.080645 0.143568 -0.209677
v -0.080645 0.145161 -0.207514
v -0.087308 0.145161 0.177419
v -0.080645 0.145161 0.185123
v -0.080645 0.121561 0.209677
v -0.080645 0.170596 -0.177419
v -0.080645 0.177419 -0.171733
v -0.103721 0.177419 0.145161
v -0.080645 0.177419 0.168456
v -0.080645 0.157959 0.177419
v -0.108420 0.209677 -0.145161
v -0.080645 0.209677 -0.161775
v -0.098925 0.209677 0.145161
v -0.080645 0.209677 0.160476
v -0.098196 0.241935 -0.145161
v -0.080645 0.241935 -0.156227
v -0.092442 0.241935 0.145161
v -0.080645 0.241935 0.154620
v -0.089504 0.274194 -0.145161
v -0.080645 0.274194 -0.150680
v -0.083206 0.274194 0.145161
v -0.080645 0.274194 0.147047
v -0.080645 0.291696 -0.145161
v -0.080645 0.306452 -0.139878
v -0.097227 0.306452 0.112903
v -0.080645 0.306452 0.126369
v -0.080645 0.277414 0.145161
v -0.097646 0.338710 -0.112903
v -0.080645 0.338710 -0.123170
v -0.092510 0.338710 0.080645
v -0.080645 0.338710 0.091371
v -0.080645 0.320174 0.112903
v -0.080645 0.349934 -0.112903
v -0.080645 0.370894 -0.080645
v -0.096681 0.370968 -0.048387
v -0.080645 0.370968 -0.080377
v -0.092207 0.370968 -0.016129
v -0.080645 0.370968 0.002620
v -0.080645 0.367141 0.016129
v -0.080645 0.357221 0.048387
v -0.080645 0.345454 0.080645
v -0.080645 0.377397 -0.048387
v -0.080645 0.375687 -0.016129
v -0.054666 -0.370968 -0.048387
v -0.048387 -0.370968 -0.068884
v -0.048387 -0.372317 -0.048387
v -0.048387 -0.370968 -0.028428
v -0.048387 -0.338710 -0.166363
v -0.048387 -0.354140 -0.145161
v -0.048387 -0.363808 -0.112903
v -0.048387 -0.370145 -0.080645
v -0.048387 -0.370105 -0.016129
v -0.048387 -0.367005 0.016129
v -0.048387 -0.362266 0.048387
v -0.048387 -0.356870 0.080645
v -0.048387 -0.345951 0.112903
v -0.048387 -0.338710 0.123005
v -0.072359 -0.306452 -0.177419
v -0.048387 -0.306452 -0.189986
v -0.048387 -0.325366 -0.177419
v -0.048387 -0.321111 0.145161
v -0.048387 -0.306452 0.158710
v -0.048387 -0.274194 -0.198789
v -0.048387 -0.279193 0.177419
v -0.060025 -0.274194 0.177419
v -0.048387 -0.274194 0.181199
v -0.048387 -0.241935 -0.204309
v -0.048387 -0.241935 0.199851
v -0.059659 -0.209677 -0.209677
v -0.048387 -0.209677 -0.216644
v -0.048387 -0.227934 -0.209677
v -0.048387 -0.228522 0.209677
v -0.048387 -0.209677 0.223871
v -0.048387 -0.177419 -0.229086
v -0.048387 -0.179418 0.241935
v -0.053369 -0.177419 0.241935
v -0.048387 -0.177419 0.243573
v -0.063527 -0.145161 -0.241935
v -0.048387 -0.145161 -0.252154
v -0.048387 -0.158711 -0.241935
v -0.048387 -0.145161 0.264637
v -0.048387 -0.112903 -0.271472
v -0.048387 -0.132938 0.274194
v -0.048387 -0.112903 0.288218
v -0.074886 -0.080645 -0.274194
v -0.048387 -0.080645 -0.286249
v -0.048387 -0.108680 -0.274194
v -0.048387 -0.080645 0.304331
v -0.048387 -0.048387 -0.291711
v -0.048387 -0.074529 0.306452
v -0.048387 -0.048387 0.314796
v -0.048387 -0.016129 -0.293913
v -0.048387 -0.016129 0.318227
v -0.048387 0.016129 -0.296376
v -0.048387 0.016129 0.313462
v -0.048387 0.048387 -0.295128
v -0.048387 0.030365 0.306452
v -0.048387 0.048387 0.297402
v -0.048387 0.080645 -0.289541
v -0.060563 0.080645 0.274194
v -0.048387 0.080645 0.277629
v -0.048387 0.104072 -0.274194
v -0.048387 0.112903 -0.264950
v -0.048387 0.110330 0.241935
v -0.048387 0.112903 0.238651
v -0.048387 0.084394 0.274194
v -0.048387 0.130040 -0.241935
v -0.075395 0.145161 -0.209677
v -0.048387 0.145161 -0.219592
v -0.048387 0.139776 0.209677
v -0.048387 0.145161 0.204341
v -0.048387 0.152968 -0.209677
v -0.058565 0.177419 -0.177419
v -0.048387 0.177419 -0.180532
v -0.062249 0.177419 0.177419
v -0.048387 0.177419 0.184315
v -0.048387 0.183783 -0.177419
v -0.048387 0.209677 -0.168924
v -0.048387 0.197121 0.177419
v -0.048387 0.209677 0.173583
v -0.048387 0.241935 -0.164030
v -0.048387 0.241935 0.166585
v -0.048387 0.274194 -0.160234
v -0.048387 0.274194 0.159380
v -0.068356 0.306452 -0.145161
v -0.048387 0.306452 -0.152418
v -0.048387 0.297727 0.145161
v -0.048387 0.306452 0.138402
v -0.048387 0.318761 -0.145161
v -0.048387 0.338710 -0.131835
v -0.048387 0.332171 0.112903
v -0.048387 0.338710 0.105433
v -0.048387 0.357346 -0.112903
v -0.080289 0.370968 -0.080645
v -0.048387 0.370968 -0.090485
v -0.064765 0.370968 0.016129
v -0.048387 0.370968 0.026529
v -0.048387 0.363357 0.048387
v -0.048387 0.352951 0.080645
v -0.048387 0.375897 -0.080645
v -0.048387 0.380639 -0.048387
v -0.048387 0.380241 -0.016129
v -0.048387 0.374459 0.016129
v -0.042992 -0.370968 -0.080645
v -0.016129 -0.370968 -0.098393
v -0.016129 -0.374565 -0.080645
v -0.016129 -0.374653 -0.048387
v -0.016129 -0.372616 -0.016129
v -0.037708 -0.370968 -0.016129
v -0.016129 -0.370968 -0.003924
v -0.016129 -0.338710 -0.174163
v -0.016129 -0.358502 -0.145161
v -0.016129 -0.367777 -0.112903
v -0.016129 -0.368262 0.016129
v -0.016129 -0.364274 0.048387
v -0.016129 -0.359086 0.080645
v -0.016129 -0.349919 0.112903
v -0.016129 -0.338710 0.129672
v -0.016129 -0.306452 -0.196598
v -0.016129 -0.335127 -0.177419
v -0.016129 -0.326107 0.145161
v -0.016129 -0.306452 0.162582
v -0.016129 -0.274194 -0.206233
v -0.016129 -0.285034 0.177419
v -0.016129 -0.274194 0.185023
v -0.032690 -0.241935 -0.209677
v -0.016129 -0.241935 -0.215119
v -0.016129 -0.261907 -0.209677
v -0.016129 -0.241935 0.201797
v -0.016129 -0.209677 -0.224514
v -0.016129 -0.231350 0.209677
v -0.016129 -0.209677 0.224793
v -0.016129 -0.177419 -0.239630
v -0.016129 -0.179259 0.241935
v -0.016129 -0.177419 0.243442
v -0.016129 -0.145161 -0.260529
v -0.016129 -0.174270 -0.241935
v -0.016129 -0.145161 0.265027
v -0.040840 -0.112903 -0.274194
v -0.016129 -0.112903 -0.280791
v -0.016129 -0.123824 -0.274194
v -0.016129 -0.132488 0.274194
v -0.016129 -0.112903 0.286106
v -0.016129 -0.080645 -0.290295
v -0.016129 -0.080645 0.302020
v -0.016129 -0.048387 -0.294938
v -0.016129 -0.065930 0.306452
v -0.016129 -0.048387 0.311612
v -0.016129 -0.016129 -0.296712
v -0.016129 -0.016129 0.315453
v -0.016129 0.016129 -0.298919
v -0.016129 0.016129 0.310086
v -0.016129 0.048387 -0.297313
v -0.016129 0.023948 0.306452
v -0.016129 0.048387 0.296056
v -0.016129 0.080645 -0.292399
v -0.016129 0.080645 0.276975
v -0.016129 0.108084 -0.274194
v -0.016129 0.112903 -0.268772
v -0.026227 0.112903 0.241935
v -0.016129 0.112903 0.243229
v -0.016129 0.083944 0.274194
v -0.016129 0.131845 -0.241935
v -0.016129 0.145161 -0.221838
v -0.026470 0.145161 0.209677
v -0.016129 0.145161 0.212033
v -0.016129 0.114234 0.241935
v -0.016129 0.154286 -0.209677
v -0.016129 0.177419 -0.182283
v -0.016129 0.148450 0.209677
v -0.016129 0.177419 0.193105
v -0.016129 0.188117 -0.177419
v -0.016129 0.209677 -0.170584
v -0.035617 0.209677 0.177419
v -0.016129 0.209677 0.183035
v -0.016129 0.241935 -0.166902
v -0.016129 0.227136 0.177419
v -0.016129 0.241935 0.172752
v -0.016129 0.274194 -0.163364
v -0.016129 0.274194 0.164204
v -0.016129 0.306452 -0.155790
v -0.018199 0.306452 0.145161
v -0.016129 0.306452 0.145603
v -0.016129 0.324979 -0.145161
v -0.016129 0.338710 -0.135132
v -0.016129 0.337626 0.112903
v -0.016129 0.338710 0.111629
v -0.016129 0.306938 0.145161
v -0.016129 0.357759 -0.112903
v -0.016129 0.370968 -0.088554
v -0.016129 0.365167 0.048387
v -0.016129 0.370968 0.030711
v -0.016129 0.355420 0.080645
v -0.016129 0.374806 -0.080645
v -0.016129 0.379600 -0.048387
v -0.016129 0.380069 -0.016129
v -0.016129 0.375549 0.016129
v 0.015305 -0.370968 -0.112903
v 0.016129 -0.370968 -0.113117
v 0.016129 -0.371055 -0.112903
v 0.016129 -0.375820 -0.080645
v 0.016129 -0.377108 -0.048387
v 0.016129 -0.373980 -0.016129
v 0.016129 -0.371879 0.016129
v 0.008203 -0.370968 0.016129
v 0.016129 -0.370968 0.021435
v 0.016129 -0.338710 -0.175538
v 0.016129 -0.359358 -0.145161
v 0.016129 -0.366523 0.048387
v 0.016129 -0.361727 0.080645
v 0.016129 -0.352775 0.112903
v 0.016129 -0.338710 0.136079
v 0.016129 -0.306452 -0.196063
v 0.016129 -0.336612 -0.177419
v 0.016129 -0.331468 0.145161
v 0.016129 -0.306452 0.166007
v 0.016129 -0.274194 -0.206888
v 0.016129 -0.289687 0.177419
v 0.016129 -0.274194 0.187420
v 0.016129 -0.241935 -0.215291
v 0.016129 -0.264043 -0.209677
v 0.016129 -0.241935 0.202830
v 0.016129 -0.209677 -0.224945
v 0.016129 -0.231965 0.209677
v 0.016129 -0.209677 0.223866
v 0.016129 -0.177419 -0.240507
v -0.002088 -0.177419 0.241935
v 0.016129 -0.177419 0.240261
v 0.016129 -0.145161 -0.262082
v 0.016129 -0.175522 -0.241935
v 0.016129 -0.174512 0.241935
v 0.016129 -0.145161 0.260633
v 0.016129 -0.112903 -0.282029
v 0.016129 -0.126476 -0.274194
v 0.016129 -0.124580 0.274194
v 0.016129 -0.112903 0.281810
v 0.016129 -0.080645 -0.290915
v 0.016129 -0.080645 0.296849
v 0.016129 -0.048387 -0.295036
v 0.015474 -0.048387 0.306452
v 0.016129 -0.048387 0.306337
v 0.016129 -0.016129 -0.296815
v 0.016129 -0.047664 0.306452
v 0.016129 -0.016129 0.311081
v 0.016129 0.016129 -0.298994
v 0.016129 0.016129 0.307141
v 0.016129 0.048387 -0.297486
v 0.016129 0.017593 0.306452
v 0.016129 0.048387 0.293610
v 0.016129 0.080645 -0.292401
v 0.016129 0.080645 0.274549
v 0.016129 0.108353 -0.274194
v 0.016129 0.112903 -0.268962
v 0.016129 0.081072 0.274194
v 0.016129 0.112903 0.244139
v 0.016129 0.129953 -0.241935
v 0.016129 0.145161 -0.216878
v 0.016129 0.115330 0.241935
v 0.016129 0.145161 0.215473
v 0.016129 0.150661 -0.209677
v 0.016129 0.177419 -0.178237
v 0.016129 0.153609 0.209677
v 0.016129 0.177419 0.195729
v 0.016129 0.179127 -0.177419
v 0.016129 0.209677 -0.168246
v 0.016129 0.209677 0.186355
v 0.016129 0.241935 -0.165492
v 0.016129 0.240876 0.177419
v 0.016129 0.241935 0.177089
v 0.016129 0.274194 -0.162567
v 0.016129 0.274194 0.166904
v 0.016129 0.306452 -0.154468
v 0.016129 0.306452 0.147156
v 0.016129 0.320694 -0.145161
v 0.016129 0.338710 -0.130432
v 0.016129 0.336597 0.112903
v 0.016129 0.338710 0.110371
v 0.016129 0.308499 0.145161
v 0.016129 0.353178 -0.112903
v 0.005084 0.370968 -0.080645
v 0.016129 0.368661 -0.080645
v 0.016129 0.370968 -0.071759
v 0.016129 0.364103 0.048387
v 0.016129 0.370968 0.023269
v 0.016129 0.355116 0.080645
v 0.016129 0.375937 -0.048387
v 0.016129 0.377281 -0.016129
v 0.016129 0.372961 0.016129
v 0.017867 -0.370968 -0.112903
v 0.048387 -0.370968 -0.106725
v 0.048387 -0.376483 -0.080645
v 0.048387 -0.378197 -0.048387
v 0.048387 -0.376829 -0.016129
v 0.048387 -0.375029 0.016129
v 0.048387 -0.371093 0.048387
v 0.047564 -0.370968 0.048387
v 0.048387 -0.370968 0.049195
v 0.048387 -0.338710 -0.169040
v 0.048387 -0.357461 -0.145161
v 0.048387 -0.369383 -0.112903
v 0.048387 -0.366128 0.080645
v 0.048387 -0.357136 0.112903
v 0.048387 -0.338710 0.143330
v 0.048387 -0.306452 -0.191892
v 0.048387 -0.328762 -0.177419
v 0.048387 -0.337101 0.145161
v 0.048387 -0.306452 0.167880
v 0.048387 -0.274194 -0.200429
v 0.048387 -0.291997 0.177419
v 0.048387 -0.274194 0.187759
v 0.041514 -0.241935 -0.209677
v 0.048387 -0.241935 -0.207986
v 0.048387 -0.241935 0.199719
v 0.048387 -0.209677 -0.220275
v 0.048387 -0.238063 -0.209677
v 0.048387 -0.225113 0.209677
v 0.048387 -0.209677 0.218941
v 0.048387 -0.177419 -0.234840
v 0.048387 -0.177419 0.231751
v 0.048387 -0.145161 -0.258136
v 0.048387 -0.168260 -0.241935
v 0.048387 -0.154418 0.241935
v 0.048387 -0.145161 0.247851
v 0.048387 -0.112903 -0.279373
v 0.048387 -0.120824 -0.274194
v 0.036825 -0.112903 0.274194
v 0.048387 -0.112903 0.268401
v 0.048387 -0.080645 -0.289762
v 0.048387 -0.104594 0.274194
v 0.048387 -0.080645 0.286914
v 0.048387 -0.048387 -0.294417
v 0.048387 -0.048387 0.294976
v 0.048387 -0.016129 -0.296688
v 0.031277 -0.016129 0.306452
v 0.048387 -0.016129 0.300699
v 0.048387 0.016129 -0.298993
v 0.018400 0.016129 0.306452
v 0.048387 0.016129 0.297321
v 0.048387 0.048387 -0.297486
v 0.048387 0.048387 0.286769
v 0.048387 0.080645 -0.291957
v 0.017419 0.080645 0.274194
v 0.048387 0.067803 0.274194
v 0.048387 0.080645 0.263626
v 0.048387 0.105262 -0.274194
v 0.048387 0.112903 -0.264680
v 0.023215 0.112903 0.241935
v 0.048387 0.103789 0.241935
v 0.048387 0.112903 0.233521
v 0.048387 0.126644 -0.241935
v 0.042247 0.145161 -0.209677
v 0.048387 0.143870 -0.209677
v 0.048387 0.145161 -0.207786
v 0.045897 0.145161 0.209677
v 0.048387 0.144455 0.209677
v 0.048387 0.145161 0.209106
v 0.019024 0.177419 -0.177419
v 0.048387 0.169233 -0.177419
v 0.048387 0.177419 -0.171199
v 0.048387 0.177419 0.193539
v 0.048387 0.209677 -0.164215
v 0.048387 0.209677 0.184257
v 0.048387 0.241935 -0.162270
v 0.048387 0.235019 0.177419
v 0.048387 0.241935 0.175506
v 0.048387 0.274194 -0.159209
v 0.048387 0.274194 0.164447
v 0.048387 0.306452 -0.149046
v 0.030339 0.306452 0.145161
v 0.048387 0.303243 0.145161
v 0.048387 0.306452 0.142358
v 0.048387 0.311790 -0.145161
v 0.048387 0.338710 -0.121608
v 0.048387 0.330286 0.112903
v 0.048387 0.338710 0.101813
v 0.048387 0.345872 -0.112903
v 0.048387 0.359937 -0.080645
v 0.032647 0.370968 -0.048387
v 0.048387 0.365821 -0.048387
v 0.040168 0.370968 -0.016129
v 0.048387 0.368423 -0.016129
v 0.024241 0.370968 0.016129
v 0.048387 0.365192 0.016129
v 0.048387 0.359105 0.048387
v 0.048387 0.350642 0.080645
v 0.080645 -0.370968 -0.101266
v 0.080645 -0.376399 -0.080645
v 0.080645 -0.379590 -0.048387
v 0.080645 -0.378619 -0.016129
v 0.080645 -0.377913 0.016129
v 0.080645 -0.375080 0.048387
v 0.080645 -0.370968 0.078809
v 0.080645 -0.338710 -0.159994
v 0.080645 -0.352139 -0.145161
v 0.080645 -0.367226 -0.112903
v 0.080645 -0.370656 0.080645
v 0.080645 -0.359891 0.112903
v 0.080645 -0.339139 0.145161
v 0.073785 -0.338710 0.145161
v 0.080645 -0.338710 0.145569
v 0.080645 -0.306452 -0.181817
v 0.080645 -0.313473 -0.177419
v 0.080645 -0.306452 0.166209
v 0.080645 -0.274194 -0.190448
v 0.080645 -0.286234 0.177419
v 0.080645 -0.274194 0.183953
v 0.080645 -0.241935 -0.194323
v 0.080645 -0.241935 0.193369
v 0.068973 -0.209677 -0.209677
v 0.080645 -0.209677 -0.202539
v 0.076010 -0.209677 0.209677
v 0.080645 -0.209677 0.207750
v 0.080645 -0.177419 -0.221668
v 0.080645 -0.198124 -0.209677
v 0.080645 -0.204385 0.209677
v 0.080645 -0.177419 0.218959
v 0.080645 -0.145161 -0.246259
v 0.080645 -0.150216 -0.241935
v 0.057249 -0.145161 0.241935
v 0.080645 -0.145161 0.229798
v 0.067543 -0.112903 -0.274194
v 0.080645 -0.112903 -0.269682
v 0.079054 -0.112903 0.241935
v 0.080645 -0.112903 0.240754
v 0.080645 -0.080645 -0.286476
v 0.080645 -0.106568 -0.274194
v 0.080645 -0.110575 0.241935
v 0.068087 -0.080645 0.274194
v 0.080645 -0.080645 0.262061
v 0.080645 -0.048387 -0.292140
v 0.080645 -0.049142 0.274194
v 0.080645 -0.048387 0.274422
v 0.080645 -0.016129 -0.294739
v 0.080645 -0.016129 0.281645
v 0.080645 0.016129 -0.297210
v 0.080645 0.016129 0.281564
v 0.080645 0.048387 -0.296471
v 0.074571 0.048387 0.274194
v 0.080645 0.038174 0.274194
v 0.080645 0.048387 0.269307
v 0.080645 0.080645 -0.289294
v 0.080645 0.080645 0.244394
v 0.080645 0.100047 -0.274194
v 0.080645 0.112903 -0.256135
v 0.080645 0.083429 0.241935
v 0.080645 0.112903 0.217920
v 0.080645 0.120705 -0.241935
v 0.080645 0.134891 -0.209677
v 0.080645 0.145161 -0.192495
v 0.080645 0.124594 0.209677
v 0.080645 0.145161 0.195436
v 0.080645 0.157644 -0.177419
v 0.080645 0.177419 -0.164258
v 0.080645 0.177419 0.183033
v 0.080645 0.209677 -0.158256
v 0.070616 0.209677 0.177419
v 0.080645 0.195937 0.177419
v 0.080645 0.209677 0.174168
v 0.080645 0.241935 -0.157345
v 0.080645 0.241935 0.167883
v 0.080645 0.274194 -0.154100
v 0.080645 0.274194 0.157207
v 0.080645 0.297292 -0.145161
v 0.064210 0.306452 -0.145161
v 0.080645 0.306452 -0.140371
v 0.080645 0.291248 0.145161
v 0.080645 0.306452 0.132099
v 0.070579 0.338710 -0.112903
v 0.080645 0.334700 -0.112903
v 0.080645 0.338710 -0.107632
v 0.080645 0.320977 0.112903
v 0.080645 0.338710 0.085945
v 0.080645 0.352612 -0.080645
v 0.080645 0.358409 -0.048387
v 0.080645 0.360692 -0.016129
v 0.080645 0.358237 0.016129
v 0.080645 0.352321 0.048387
v 0.080645 0.341931 0.080645
v 0.112903 -0.370968 -0.087597
v 0.112903 -0.373550 -0.080645
v 0.112903 -0.378631 -0.048387
v 0.112903 -0.379204 -0.016129
v 0.112903 -0.378375 0.016129
v 0.112903 -0.375825 0.048387
v 0.112903 -0.371359 0.080645
v 0.094328 -0.370968 0.080645
v 0.112903 -0.370968 0.081837
v 0.111925 -0.338710 -0.145161
v 0.112903 -0.338710 -0.144484
v 0.112903 -0.360263 -0.112903
v 0.112903 -0.358945 0.112903
v 0.082461 -0.338710 0.145161
v 0.112903 -0.338710 0.137178
v 0.087825 -0.306452 -0.177419
v 0.112903 -0.306452 -0.162371
v 0.112903 -0.337955 -0.145161
v 0.112903 -0.329543 0.145161
v 0.112903 -0.306452 0.158557
v 0.100499 -0.274194 -0.177419
v 0.112903 -0.274194 -0.168203
v 0.095598 -0.274194 0.177419
v 0.112903 -0.274194 0.169476
v 0.102355 -0.241935 -0.177419
v 0.112903 -0.241935 -0.168130
v 0.111685 -0.241935 0.177419
v 0.112903 -0.241935 0.176633
v 0.106690 -0.209677 -0.177419
v 0.112903 -0.209677 -0.171193
v 0.112903 -0.239081 0.177419
v 0.112903 -0.209677 0.185822
v 0.093979 -0.177419 -0.209677
v 0.112903 -0.177419 -0.186142
v 0.112903 -0.194481 -0.177419
v 0.092403 -0.177419 0.209677
v 0.112903 -0.177419 0.190925
v 0.085834 -0.145161 -0.241935
v 0.112903 -0.145161 -0.214900
v 0.112903 -0.151044 -0.209677
v 0.102711 -0.145161 0.209677
v 0.112903 -0.145161 0.197498
v 0.112903 -0.112903 -0.246852
v 0.112903 -0.118068 -0.241935
v 0.107672 -0.112903 0.209677
v 0.112903 -0.112903 0.202909
v 0.106398 -0.080645 -0.274194
v 0.112903 -0.080645 -0.269083
v 0.112903 -0.088159 0.209677
v 0.093349 -0.080645 0.241935
v 0.112903 -0.080645 0.212015
v 0.112903 -0.048387 -0.282640
v 0.112903 -0.070939 -0.274194
v 0.098402 -0.048387 0.241935
v 0.112903 -0.048387 0.217422
v 0.080871 -0.048387 0.274194
v 0.112903 -0.016129 -0.286331
v 0.103183 -0.016129 0.241935
v 0.112903 -0.016129 0.226042
v 0.087655 -0.016129 0.274194
v 0.112903 0.016129 -0.288681
v 0.104485 0.016129 0.241935
v 0.112903 0.016129 0.227715
v 0.088442 0.016129 0.274194
v 0.112903 0.048387 -0.286725
v 0.099297 0.048387 0.241935
v 0.112903 0.048387 0.219828
v 0.112903 0.080645 -0.274932
v 0.106078 0.080645 0.209677
v 0.112903 0.063777 0.209677
v 0.112903 0.080645 0.199682
v 0.082939 0.080645 0.241935
v 0.112903 0.081479 -0.274194
v 0.096211 0.112903 -0.241935
v 0.112903 0.101910 -0.241935
v 0.112903 0.112903 -0.219181
v 0.110395 0.112903 0.177419
v 0.112903 0.108826 0.177419
v 0.112903 0.112903 0.175117
v 0.088764 0.112903 0.209677
v 0.112903 0.117214 -0.209677
v 0.097311 0.145161 -0.177419
v 0.112903 0.133961 -0.177419
v 0.112903 0.145161 -0.167027
v 0.099681 0.145161 0.177419
v 0.112903 0.145161 0.167128
v 0.112903 0.177419 -0.150647
v 0.088267 0.177419 0.177419
v 0.112903 0.177419 0.161177
v 0.112903 0.209677 -0.146228
v 0.112903 0.209677 0.157091
v 0.112903 0.241935 -0.146051
v 0.112903 0.241935 0.150338
v 0.112903 0.249548 -0.145161
v 0.106113 0.274194 -0.145161
v 0.112903 0.274194 -0.142074
v 0.101408 0.274194 0.145161
v 0.112903 0.254553 0.145161
v 0.112903 0.274194 0.136730
v 0.112903 0.306452 -0.127887
v 0.108100 0.306452 0.112903
v 0.112903 0.302330 0.112903
v 0.112903 0.306452 0.108983
v 0.112903 0.321480 -0.112903
v 0.112903 0.338710 -0.087432
v 0.086713 0.338710 0.080645
v 0.112903 0.324186 0.080645
v 0.112903 0.338710 0.049536
v 0.112903 0.342667 -0.080645
v 0.112903 0.349745 -0.048387
v 0.112903 0.351869 -0.016129
v 0.112903 0.348442 0.016129
v 0.112903 0.339261 0.048387
v 0.121552 -0.370968 -0.080645
v 0.145161 -0.370968 -0.052936
v 0.145161 -0.372285 -0.048387
v 0.145161 -0.373780 -0.016129
v 0.145161 -0.373044 0.016129
v 0.136674 -0.370968 0.048387
v 0.145161 -0.370968 0.032449
v 0.114247 -0.370968 0.080645
v 0.145161 -0.338710 -0.115681
v 0.145161 -0.341667 -0.112903
v 0.145161 -0.361006 -0.080645
v 0.145161 -0.368337 0.048387
v 0.145161 -0.359389 0.080645
v 0.145161 -0.338802 0.112903
v 0.145161 -0.338710 0.112985
v 0.135566 -0.306452 -0.145161
v 0.145161 -0.306452 -0.135136
v 0.132416 -0.306452 0.145161
v 0.145161 -0.306452 0.133714
v 0.140907 -0.274194 -0.145161
v 0.145161 -0.274194 -0.140344
v 0.145161 -0.283280 0.145161
v 0.145161 -0.274194 0.149139
v 0.136183 -0.241935 -0.145161
v 0.145161 -0.241935 -0.134421
v 0.145161 -0.241935 0.154516
v 0.135404 -0.209677 -0.145161
v 0.145161 -0.209677 -0.132159
v 0.122756 -0.209677 0.177419
v 0.145161 -0.209677 0.160158
v 0.119848 -0.177419 -0.177419
v 0.142720 -0.177419 -0.145161
v 0.145161 -0.177419 -0.141885
v 0.126768 -0.177419 0.177419
v 0.145161 -0.177419 0.162399
v 0.117156 -0.145161 -0.209677
v 0.134443 -0.145161 -0.177419
v 0.145161 -0.145161 -0.162284
v 0.145161 -0.172340 -0.145161
v 0.131312 -0.145161 0.177419
v 0.145161 -0.145161 0.166220
v 0.117551 -0.112903 -0.241935
v 0.138277 -0.112903 -0.209677
v 0.145161 -0.112903 -0.197327
v 0.145161 -0.128501 -0.177419
v 0.134258 -0.112903 0.177419
v 0.145161 -0.112903 0.168157
v 0.138174 -0.080645 -0.241935
v 0.145161 -0.080645 -0.231644
v 0.145161 -0.102451 -0.209677
v 0.138166 -0.080645 0.177419
v 0.145161 -0.080645 0.171342
v 0.114621 -0.080645 0.209677
v 0.124570 -0.048387 -0.274194
v 0.145161 -0.048387 -0.252714
v 0.145161 -0.067208 -0.241935
v 0.139561 -0.048387 0.177419
v 0.145161 -0.048387 0.172349
v 0.117876 -0.048387 0.209677
v 0.129865 -0.016129 -0.274194
v 0.145161 -0.016129 -0.257105
v 0.144033 -0.016129 0.177419
v 0.145161 -0.016129 0.176401
v 0.123016 -0.016129 0.209677
v 0.133078 0.016129 -0.274194
v 0.145161 0.016129 -0.259021
v 0.145161 -0.007689 0.177419
v 0.145161 0.016129 0.181210
v 0.123515 0.016129 0.209677
v 0.128574 0.048387 -0.274194
v 0.145161 0.048387 -0.250047
v 0.143653 0.048387 0.177419
v 0.145161 0.039327 0.177419
v 0.145161 0.048387 0.176246
v 0.119483 0.048387 0.209677
v 0.113690 0.080645 -0.274194
v 0.145161 0.058357 -0.241935
v 0.132963 0.080645 -0.241935
v 0.145161 0.080645 -0.214274
v 0.132249 0.080645 0.177419
v 0.145161 0.080645 0.168165
v 0.118033 0.112903 -0.209677
v 0.145161 0.083268 -0.209677
v 0.136819 0.112903 -0.177419
v 0.145161 0.104150 -0.177419
v 0.145161 0.112903 -0.169019
v 0.145161 0.112903 0.155539
v 0.143778 0.145161 -0.145161
v 0.145161 0.143607 -0.145161
v 0.145161 0.145161 -0.144048
v 0.144680 0.145161 0.145161
v 0.145161 0.144203 0.145161
v 0.145161 0.145161 0.144763
v 0.121230 0.177419 -0.145161
v 0.145161 0.177419 -0.129631
v 0.133117 0.177419 0.145161
v 0.145161 0.177419 0.134266
v 0.114631 0.209677 -0.145161
v 0.145161 0.209677 -0.127562
v 0.126659 0.209677 0.145161
v 0.145161 0.209677 0.126354
v 0.114359 0.241935 -0.145161
v 0.145161 0.241935 -0.127966
v 0.118442 0.241935 0.145161
v 0.145161 0.241935 0.118914
v 0.145161 0.274194 -0.126083
v 0.136693 0.274194 0.112903
v 0.145161 0.255278 0.112903
v 0.145161 0.274194 0.104515
v 0.145161 0.303049 -0.112903
v 0.141751 0.306452 -0.112903
v 0.145161 0.306452 -0.110255
v 0.140093 0.306452 0.080645
v 0.145161 0.301190 0.080645
v 0.145161 0.306452 0.073852
v 0.120524 0.338710 -0.080645
v 0.145161 0.324917 -0.080645
v 0.136334 0.338710 -0.048387
v 0.145161 0.333284 -0.048387
v 0.139893 0.338710 -0.016129
v 0.145161 0.335164 -0.016129
v 0.130389 0.338710 0.016129
v 0.145161 0.329039 0.016129
v 0.113748 0.338710 0.048387
v 0.145161 0.318816 0.048387
v 0.147268 -0.370968 -0.048387
v 0.149939 -0.370968 -0.016129
v 0.148553 -0.370968 0.016129
v 0.147650 -0.338710 -0.112903
v 0.164551 -0.338710 -0.080645
v 0.173243 -0.338710 -0.048387
v 0.177419 -0.338710 -0.018113
v 0.177419 -0.339176 -0.016129
v 0.177419 -0.338710 -0.011038
v 0.175876 -0.338710 0.016129
v 0.171842 -0.338710 0.048387
v 0.162045 -0.338710 0.080645
v 0.145233 -0.338710 0.112903
v 0.160884 -0.306452 -0.112903
v 0.175709 -0.306452 -0.080645
v 0.177419 -0.306452 -0.075759
v 0.177419 -0.329503 -0.048387
v 0.177419 -0.336030 0.016129
v 0.177419 -0.327947 0.048387
v 0.177419 -0.308293 0.080645
v 0.177419 -0.306452 0.082254
v 0.161292 -0.306452 0.112903
v 0.163040 -0.274194 -0.112903
v 0.177419 -0.274194 -0.082663
v 0.177419 -0.287756 -0.080645
v 0.169631 -0.274194 0.112903
v 0.177419 -0.274194 0.098779
v 0.148928 -0.274194 0.145161
v 0.160043 -0.241935 -0.112903
v 0.177419 -0.266540 -0.080645
v 0.173971 -0.241935 -0.080645
v 0.177419 -0.241935 -0.073129
v 0.173184 -0.241935 0.112903
v 0.177419 -0.241935 0.106176
v 0.153974 -0.241935 0.145161
v 0.158396 -0.209677 -0.112903
v 0.174021 -0.209677 -0.080645
v 0.177419 -0.209677 -0.072940
v 0.177419 -0.215965 0.112903
v 0.177419 -0.209677 0.114550
v 0.158876 -0.209677 0.145161
v 0.162447 -0.177419 -0.112903
v 0.177419 -0.177419 -0.085181
v 0.177419 -0.191599 -0.080645
v 0.162014 -0.177419 0.145161
v 0.177419 -0.177419 0.123663
v 0.156849 -0.145161 -0.145161
v 0.172566 -0.145161 -0.112903
v 0.177419 -0.145161 -0.105698
v 0.166062 -0.145161 0.145161
v 0.177419 -0.145161 0.131150
v 0.155546 -0.112903 -0.177419
v 0.171888 -0.112903 -0.145161
v 0.177419 -0.112903 -0.136229
v 0.177419 -0.136675 -0.112903
v 0.170166 -0.112903 0.145161
v 0.177419 -0.112903 0.137322
v 0.157374 -0.080645 -0.209677
v 0.170086 -0.080645 -0.177419
v 0.177419 -0.080645 -0.164881
v 0.177419 -0.102996 -0.145161
v 0.175732 -0.080645 0.145161
v 0.177419 -0.080645 0.143450
v 0.153306 -0.048387 -0.241935
v 0.166760 -0.048387 -0.209677
v 0.177419 -0.048387 -0.187284
v 0.177419 -0.061682 -0.177419
v 0.177419 -0.068596 0.145161
v 0.177419 -0.048387 0.147686
v 0.156054 -0.016129 -0.241935
v 0.168850 -0.016129 -0.209677
v 0.177419 -0.016129 -0.192033
v 0.177419 -0.016129 0.153037
v 0.155626 0.016129 -0.241935
v 0.167292 0.016129 -0.209677
v 0.177419 0.016129 -0.189050
v 0.148794 0.016129 0.177419
v 0.177419 0.016129 0.157520
v 0.149884 0.048387 -0.241935
v 0.161184 0.048387 -0.209677
v 0.177419 0.039864 -0.177419
v 0.174813 0.048387 -0.177419
v 0.177419 0.048387 -0.173874
v 0.177419 0.048387 0.157283
v 0.147135 0.080645 -0.209677
v 0.162024 0.080645 -0.177419
v 0.177419 0.080645 -0.157426
v 0.177419 0.080645 0.150589
v 0.166746 0.112903 -0.145161
v 0.177419 0.097326 -0.145161
v 0.177419 0.112903 -0.133646
v 0.161399 0.112903 0.145161
v 0.177419 0.092355 0.145161
v 0.177419 0.112903 0.134177
v 0.177419 0.145161 -0.114730
v 0.177419 0.145161 0.119318
v 0.177419 0.149183 -0.112903
v 0.165537 0.177419 -0.112903
v 0.177419 0.177419 -0.101027
v 0.165124 0.177419 0.112903
v 0.177419 0.155917 0.112903
v 0.177419 0.177419 0.098718
v 0.163632 0.209677 -0.112903
v 0.177419 0.209677 -0.097157
v 0.157149 0.209677 0.112903
v 0.177419 0.209677 0.087462
v 0.164679 0.241935 -0.112903
v 0.177419 0.241935 -0.098175
v 0.174887 0.241935 0.080645
v 0.177419 0.231131 0.080645
v 0.177419 0.241935 0.075861
v 0.150538 0.241935 0.112903
v 0.162045 0.274194 -0.112903
v 0.177419 0.274194 -0.093291
v 0.164172 0.274194 0.080645
v 0.177419 0.274194 0.056267
v 0.169127 0.306452 -0.080645
v 0.177419 0.292345 -0.080645
v 0.177419 0.306452 -0.053430
v 0.173868 0.306452 0.016129
v 0.177419 0.301260 0.016129
v 0.177419 0.306452 0.000306
v 0.160689 0.306452 0.048387
v 0.177419 0.281370 0.048387
v 0.177419 0.307873 -0.048387
v 0.177419 0.309985 -0.016129
v 0.177668 -0.338710 -0.016129
v 0.185277 -0.306452 -0.048387
v 0.188233 -0.306452 -0.016129
v 0.188179 -0.306452 0.016129
v 0.185088 -0.306452 0.048387
v 0.178278 -0.306452 0.080645
v 0.178589 -0.274194 -0.080645
v 0.188626 -0.274194 -0.048387
v 0.192192 -0.274194 -0.016129
v 0.192774 -0.274194 0.016129
v 0.191182 -0.274194 0.048387
v 0.186071 -0.274194 0.080645
v 0.187820 -0.241935 -0.048387
v 0.193073 -0.241935 -0.016129
v 0.195039 -0.241935 0.016129
v 0.193753 -0.241935 0.048387
v 0.190232 -0.241935 0.080645
v 0.188372 -0.209677 -0.048387
v 0.195390 -0.209677 -0.016129
v 0.198916 -0.209677 0.016129
v 0.198565 -0.209677 0.048387
v 0.194265 -0.209677 0.080645
v 0.178569 -0.209677 0.112903
v 0.180899 -0.177419 -0.080645
v 0.195964 -0.177419 -0.048387
v 0.205344 -0.177419 -0.016129
v 0.209677 -0.177419 0.009980
v 0.209677 -0.179653 0.016129
v 0.209677 -0.177419 0.044732
v 0.209542 -0.177419 0.048387
v 0.202867 -0.177419 0.080645
v 0.185596 -0.177419 0.112903
v 0.198009 -0.145161 -0.080645
v 0.209677 -0.145161 -0.058697
v 0.209677 -0.153043 -0.048387
v 0.209677 -0.170057 -0.016129
v 0.209677 -0.177168 0.048387
v 0.209677 -0.163017 0.080645
v 0.209677 -0.145161 0.094255
v 0.194999 -0.145161 0.112903
v 0.197996 -0.112903 -0.112903
v 0.209677 -0.112903 -0.100083
v 0.209677 -0.130655 -0.080645
v 0.208192 -0.112903 0.112903
v 0.209677 -0.112903 0.111532
v 0.193884 -0.080645 -0.145161
v 0.209677 -0.080645 -0.127724
v 0.209677 -0.098506 -0.112903
v 0.209677 -0.109920 0.112903
v 0.209677 -0.080645 0.123618
v 0.183617 -0.048387 -0.177419
v 0.208714 -0.048387 -0.145161
v 0.209677 -0.048387 -0.144092
v 0.181525 -0.048387 0.145161
v 0.209677 -0.048387 0.129257
v 0.186314 -0.016129 -0.177419
v 0.209677 -0.016129 -0.150388
v 0.209677 -0.043581 -0.145161
v 0.192158 -0.016129 0.145161
v 0.209677 -0.016129 0.135815
v 0.184666 0.016129 -0.177419
v 0.209677 0.016129 -0.150186
v 0.205735 0.016129 0.145161
v 0.209677 0.016129 0.143164
v 0.207540 0.048387 -0.145161
v 0.209677 0.040492 -0.145161
v 0.209677 0.048387 -0.143375
v 0.209677 0.031710 0.145161
v 0.209677 0.048387 0.147281
v 0.189693 0.080645 -0.145161
v 0.209677 0.080645 -0.128269
v 0.194115 0.080645 0.145161
v 0.209677 0.058183 0.145161
v 0.209677 0.080645 0.140054
v 0.203874 0.112903 -0.112903
v 0.209677 0.106469 -0.112903
v 0.209677 0.112903 -0.108552
v 0.209677 0.112903 0.123399
v 0.179590 0.145161 -0.112903
v 0.209677 0.145161 -0.086180
v 0.187476 0.145161 0.112903
v 0.209677 0.127807 0.112903
v 0.209677 0.145161 0.096989
v 0.196074 0.177419 -0.080645
v 0.209677 0.153105 -0.080645
v 0.209677 0.177419 -0.050545
v 0.208101 0.177419 0.048387
v 0.209677 0.175497 0.048387
v 0.209677 0.177419 0.041667
v 0.193756 0.177419 0.080645
v 0.209677 0.160559 0.080645
v 0.190027 0.209677 -0.080645
v 0.209677 0.180532 -0.048387
v 0.201628 0.209677 -0.048387
v 0.203639 0.209677 -0.016129
v 0.209677 0.192415 -0.016129
v 0.201597 0.209677 0.016129
v 0.209677 0.188977 0.016129
v 0.194018 0.209677 0.048387
v 0.182439 0.209677 0.080645
v 0.189362 0.241935 -0.080645
v 0.198639 0.241935 -0.048387
v 0.200230 0.241935 -0.016129
v 0.197064 0.241935 0.016129
v 0.189469 0.241935 0.048387
v 0.185702 0.274194 -0.080645
v 0.194741 0.274194 -0.048387
v 0.195983 0.274194 -0.016129
v 0.192012 0.274194 0.016129
v 0.181705 0.274194 0.048387
v 0.178823 0.306452 -0.048387
v 0.180956 0.306452 -0.016129
v 0.210794 -0.177419 0.016129
v 0.215750 -0.145161 -0.048387
v 0.225564 -0.145161 -0.016129
v 0.228192 -0.145161 0.016129
v 0.227503 -0.145161 0.048387
v 0.219810 -0.145161 0.080645
v 0.227888 -0.112903 -0.080645
v 0.241719 -0.112903 -0.048387
v 0.241935 -0.112903 -0.047623
v 0.241935 -0.122108 -0.016129
v 0.241935 -0.126113 0.016129
v 0.241935 -0.124007 0.048387
v 0.241935 -0.112903 0.075841
v 0.240167 -0.112903 0.080645
v 0.225326 -0.080645 -0.112903
v 0.241935 -0.080645 -0.094301
v 0.241935 -0.095242 -0.080645
v 0.241935 -0.112625 -0.048387
v 0.241935 -0.110153 0.080645
v 0.227403 -0.080645 0.112903
v 0.241935 -0.080645 0.101142
v 0.241690 -0.048387 -0.112903
v 0.241935 -0.048387 -0.112639
v 0.241935 -0.049779 0.112903
v 0.241935 -0.048387 0.113327
v 0.215167 -0.016129 -0.145161
v 0.241935 -0.016129 -0.119528
v 0.241935 -0.047413 -0.112903
v 0.241935 -0.016129 0.124164
v 0.215269 0.016129 -0.145161
v 0.241935 0.016129 -0.122859
v 0.241935 0.016129 0.133133
v 0.241935 0.048387 -0.117830
v 0.218032 0.048387 0.145161
v 0.241935 0.048387 0.138723
v 0.241935 0.060362 -0.112903
v 0.230900 0.080645 -0.112903
v 0.241935 0.080645 -0.104204
v 0.241935 0.080645 0.132422
v 0.241935 0.112903 -0.080863
v 0.240837 0.112903 0.112903
v 0.241935 0.112359 0.112903
v 0.241935 0.112903 0.112326
v 0.241935 0.113125 -0.080645
v 0.214786 0.145161 -0.080645
v 0.230657 0.145161 -0.048387
v 0.241935 0.132151 -0.048387
v 0.238588 0.145161 -0.016129
v 0.241935 0.141749 -0.016129
v 0.241583 0.145161 0.016129
v 0.241935 0.144823 0.016129
v 0.239606 0.145161 0.048387
v 0.241935 0.143303 0.048387
v 0.227573 0.145161 0.080645
v 0.241935 0.134459 0.080645
v 0.210665 0.177419 -0.048387
v 0.215546 0.177419 -0.016129
v 0.214808 0.177419 0.016129
v 0.249307 -0.112903 -0.016129
v 0.251912 -0.112903 0.016129
v 0.250116 -0.112903 0.048387
v 0.252268 -0.080645 -0.080645
v 0.263038 -0.080645 -0.048387
v 0.268268 -0.080645 -0.016129
v 0.269302 -0.080645 0.016129
v 0.267201 -0.080645 0.048387
v 0.258204 -0.080645 0.080645
v 0.265217 -0.048387 -0.080645
v 0.274194 -0.048387 -0.054418
v 0.274194 -0.053450 -0.048387
v 0.274194 -0.067748 -0.016129
v 0.274194 -0.069896 0.016129
v 0.274194 -0.064787 0.048387
v 0.274194 -0.048387 0.072694
v 0.271462 -0.048387 0.080645
v 0.242475 -0.048387 0.112903
v 0.248937 -0.016129 -0.112903
v 0.273296 -0.016129 -0.080645
v 0.274194 -0.016129 -0.078691
v 0.274194 -0.042949 0.080645
v 0.274194 -0.016129 0.097280
v 0.259007 -0.016129 0.112903
v 0.253089 0.016129 -0.112903
v 0.274194 0.016129 -0.088230
v 0.274194 -0.012035 -0.080645
v 0.274194 0.009146 0.112903
v 0.274194 0.016129 0.116367
v 0.248023 0.048387 -0.112903
v 0.274194 0.048387 -0.086264
v 0.274194 0.048387 0.126189
v 0.264741 0.080645 -0.080645
v 0.274194 0.058804 -0.080645
v 0.274194 0.080645 -0.064841
v 0.274194 0.080645 0.119173
v 0.242137 0.112903 -0.080645
v 0.274194 0.093536 -0.048387
v 0.259416 0.112903 -0.048387
v 0.270493 0.112903 -0.016129
v 0.274194 0.108379 -0.016129
v 0.274194 0.112903 0.002905
v 0.273807 0.112903 0.080645
v 0.274194 0.112580 0.080645
v 0.274194 0.112903 0.078901
v 0.274194 0.089077 0.112903
v 0.274194 0.115210 0.016129
v 0.274194 0.116919 0.048387
v 0.275911 -0.048387 -0.048387
v 0.281211 -0.048387 -0.016129
v 0.281807 -0.048387 0.016129
v 0.280142 -0.048387 0.048387
v 0.283879 -0.016129 -0.048387
v 0.288207 -0.016129 -0.016129
v 0.289700 -0.016129 0.016129
v 0.289143 -0.016129 0.048387
v 0.283840 -0.016129 0.080645
v 0.279166 0.016129 -0.080645
v 0.288675 0.016129 -0.048387
v 0.293972 0.016129 -0.016129
v 0.296717 0.016129 0.016129
v 0.298064 0.016129 0.048387
v 0.294966 0.016129 0.080645
v 0.277665 0.016129 0.112903
v 0.277973 0.048387 -0.080645
v 0.289782 0.048387 -0.048387
v 0.295596 0.048387 -0.016129
v 0.300584 0.048387 0.016129
v 0.304124 0.048387 0.048387
v 0.302806 0.048387 0.080645
v 0.288032 0.048387 0.112903
v 0.281652 0.080645 -0.048387
v 0.289528 0.080645 -0.016129
v 0.293825 0.080645 0.016129
v 0.297571 0.080645 0.048387
v 0.296049 0.080645 0.080645
v 0.281093 0.080645 0.112903
v 0.276325 0.112903 0.016129
v 0.278116 0.112903 0.048387
vn -0.946969 -0.254923 -0.195613
vn -0.831231 -0.326741 -0.449773
vn -0.805971 -0.534106 -0.255227
vn -0.835984 -0.529169 -0.145293
vn -0.952811 -0.284721 -0.105283
vn -0.845300 -0.533549 -0.028170
vn -0.950216 -0.310233 -0.029054
vn -0.829684 -0.557905 0.019164
vn -0.944079 -0.329714 0.002081
vn -0.813446 -0.580333 0.038982
vn -0.936480 -0.349724 0.026424
vn -0.792144 -0.602873 0.095142
vn -0.930353 -0.347365 0.117394
vn -0.726814 -0.617949 0.299801
vn -0.900205 -0.314113 0.301601
vn -0.753654 -0.480240 0.448748
vn -0.967079 -0.072265 -0.243999
vn -0.900247 -0.050460 -0.432446
vn -0.988997 -0.078527 -0.125371
vn -0.995447 -0.081312 -0.049743
vn -0.995668 -0.089259 -0.026059
vn -0.993717 -0.111775 0.005741
vn -0.989660 -0.119456 0.079396
vn -0.949097 -0.130493 0.286683
vn -0.879603 -0.203287 0.430085
vn -0.951618 0.138982 -0.274058
vn -0.881822 0.163817 -0.442216
vn -0.986612 0.103406 -0.126111
vn -0.994046 0.089886 -0.061590
vn -0.996174 0.082008 -0.030215
vn -0.996029 0.089015 -0.001400
vn -0.988384 0.114497 0.099935
vn -0.954633 0.125049 0.270257
vn -0.890151 0.118745 0.439922
vn -0.913399 0.272808 -0.302121
vn -0.944018 0.285266 -0.165691
vn -0.852750 0.470858 -0.226075
vn -0.950845 0.298221 -0.083415
vn -0.954485 0.295904 -0.037399
vn -0.950477 0.310713 0.007181
vn -0.937467 0.330207 0.110083
vn -0.915320 0.335853 0.222244
vn -0.725505 0.457241 0.514367
vn -0.864631 0.480580 -0.146479
vn -0.878647 0.470941 -0.078705
vn -0.884245 0.466630 -0.019160
vn -0.859105 0.508099 0.061438
vn -0.798501 0.562830 0.213586
vn -0.710113 0.597623 0.372272
vn -0.738785 -0.601134 -0.304688
vn -0.622024 -0.648178 -0.439262
vn -0.585056 -0.758200 -0.287822
vn -0.635918 -0.758461 -0.142637
vn -0.727290 -0.680592 -0.088568
vn -0.680893 -0.731999 -0.023705
vn -0.724146 -0.689609 0.007235
vn -0.687545 -0.725390 0.033043
vn -0.720997 -0.692039 0.035274
vn -0.691354 -0.721105 0.045146
vn -0.724363 -0.687272 0.054367
vn -0.688969 -0.716133 0.111691
vn -0.714993 -0.680825 0.158943
vn -0.652863 -0.686724 0.319655
vn -0.702748 -0.654646 0.278539
vn -0.620177 -0.642601 0.449938
vn -0.748363 -0.403739 -0.526258
vn -0.610799 -0.341251 -0.714474
vn -0.625154 -0.492713 -0.605323
vn -0.579372 -0.603096 0.548273
vn -0.692583 -0.395119 0.603498
vn -0.560752 -0.446727 0.697132
vn -0.769584 -0.147138 -0.621363
vn -0.729623 -0.082870 -0.678810
vn -0.692107 -0.061506 0.719170
vn -0.654629 -0.191413 0.731315
vn -0.806996 0.113286 -0.579590
vn -0.748362 0.111888 -0.653785
vn -0.682563 0.272691 0.678046
vn -0.610237 0.235858 0.756295
vn -0.817975 0.301330 -0.490018
vn -0.696949 0.316758 -0.643372
vn -0.866314 0.365813 -0.340120
vn -0.660601 0.456051 0.596342
vn -0.524983 0.433250 0.732590
vn -0.795402 0.398403 -0.456739
vn -0.648627 0.415929 -0.637406
vn -0.830127 0.485264 -0.274605
vn -0.847578 0.508177 -0.152864
vn -0.849952 0.519496 -0.087781
vn -0.841474 0.540297 0.000316
vn -0.824393 0.561924 0.067952
vn -0.773894 0.596832 0.211847
vn -0.710962 0.609009 0.351627
vn -0.521343 0.615729 0.590829
vn -0.453775 0.637905 0.622226
vn -0.679738 0.575928 -0.454162
vn -0.753583 0.589772 -0.290313
vn -0.818668 0.549072 -0.168234
vn -0.661603 0.714416 -0.227796
vn -0.829447 0.549438 -0.100674
vn -0.824630 0.565404 -0.017413
vn -0.803652 0.586548 0.100520
vn -0.722613 0.651927 0.229830
vn -0.640020 0.678531 0.360514
vn -0.489349 0.678117 0.548358
vn -0.649733 0.739997 -0.173929
vn -0.655750 0.750124 -0.085475
vn -0.641121 0.766063 0.045936
vn -0.598893 0.779608 0.183138
vn -0.549352 -0.774868 -0.312718
vn -0.424102 -0.775158 -0.468261
vn -0.469886 -0.771548 -0.428859
vn -0.594956 -0.760364 -0.260528
vn -0.630665 -0.762327 -0.145324
vn -0.668868 -0.735251 -0.109643
vn -0.684422 -0.728444 -0.030594
vn -0.732886 -0.679786 -0.027739
vn -0.726808 -0.686430 0.023719
vn -0.772277 -0.635146 0.013336
vn -0.741511 -0.669334 0.046404
vn -0.793513 -0.599581 0.104114
vn -0.731026 -0.662102 0.164994
vn -0.785291 -0.530853 0.318610
vn -0.692963 -0.668421 0.270214
vn -0.679486 -0.541093 0.495497
vn -0.482428 -0.624275 -0.614446
vn -0.362217 -0.588165 -0.723091
vn -0.343470 -0.717264 -0.606268
vn -0.588083 -0.580002 0.563698
vn -0.544391 -0.635428 0.547604
vn -0.515000 -0.562245 0.647035
vn -0.490447 -0.432990 -0.756294
vn -0.353006 -0.280739 -0.892509
vn -0.276957 -0.528045 -0.802785
vn -0.496043 -0.557683 0.665531
vn -0.508756 -0.338746 0.791466
vn -0.494452 -0.402135 0.770588
vn -0.480134 -0.187363 -0.856952
vn -0.371125 -0.153593 -0.915792
vn -0.506933 -0.047213 0.860691
vn -0.511912 -0.156397 0.844681
vn -0.481000 0.019845 -0.876496
vn -0.414769 0.005071 -0.909913
vn -0.487854 0.291301 0.822887
vn -0.502176 0.247618 0.828556
vn -0.546672 0.195505 -0.814203
vn -0.445162 0.155127 -0.881911
vn -0.461597 0.454529 0.761795
vn -0.403186 0.579517 0.708238
vn -0.606827 0.378975 -0.698669
vn -0.452306 0.335545 -0.826335
vn -0.386844 0.639823 0.664062
vn -0.403309 0.622956 0.670274
vn -0.590284 0.528782 -0.609881
vn -0.655281 0.577315 -0.487149
vn -0.564303 0.564736 -0.602192
vn -0.665953 0.676547 -0.314309
vn -0.564063 0.746103 0.353783
vn -0.520914 0.714683 0.466773
vn -0.460822 0.651613 0.602531
vn -0.523296 0.747470 -0.409206
vn -0.579825 0.764012 -0.282999
vn -0.638420 0.751960 -0.164244
vn -0.648528 0.757176 -0.078078
vn -0.637081 0.757643 -0.141791
vn -0.641586 0.767044 -0.003298
vn -0.660248 0.738829 0.134925
vn -0.596523 0.782765 0.177311
vn -0.557260 0.754497 0.346693
vn -0.661690 0.742536 -0.103952
vn -0.681655 0.731612 0.009527
vn -0.937569 -0.344023 -0.051120
vn -0.893243 -0.399152 -0.206871
vn -0.935301 -0.341054 -0.094311
vn -0.929862 -0.364416 0.050582
vn -0.925570 -0.351510 0.140576
vn -0.896504 -0.366638 0.248712
vn -0.856488 -0.471574 -0.209871
vn -0.736934 -0.573006 -0.358599
vn -0.879384 -0.366969 -0.303343
vn -0.890768 -0.390691 -0.232149
vn -0.908292 -0.388928 -0.154081
vn -0.940218 -0.337892 -0.042646
vn -0.938172 -0.329403 0.106430
vn -0.873765 -0.366230 0.320016
vn -0.888285 -0.322653 0.326870
vn -0.803923 -0.320981 0.500678
vn -0.719075 -0.642321 -0.265243
vn -0.640212 -0.626071 -0.445156
vn -0.729295 -0.570289 -0.378021
vn -0.800620 -0.579065 -0.153916
vn -0.860558 -0.496356 -0.114328
vn -0.901656 -0.431649 -0.026362
vn -0.905189 -0.411707 0.105495
vn -0.868793 -0.382483 0.314492
vn -0.801178 -0.348400 0.486551
vn -0.405750 -0.736514 -0.541216
vn -0.502419 -0.741036 -0.445468
vn -0.721042 -0.409347 0.559047
vn -0.673928 -0.456958 0.580527
vn -0.619469 -0.427087 0.658677
vn -0.253876 -0.628859 -0.734904
vn -0.278756 -0.649992 -0.706970
vn -0.574479 -0.492745 0.653587
vn -0.514599 -0.529254 0.674595
vn -0.534351 -0.454112 0.712918
vn -0.269731 -0.390102 -0.880378
vn -0.243344 -0.522124 -0.817417
vn -0.514475 -0.392960 0.762167
vn -0.348169 -0.199362 -0.915988
vn -0.582631 -0.271232 0.766142
vn -0.535014 0.009836 0.844786
vn -0.629970 -0.046706 0.775214
vn -0.404034 -0.017464 -0.914577
vn -0.534702 0.118945 0.836628
vn -0.655716 0.183372 0.732401
vn -0.465876 0.181931 -0.865945
vn -0.429777 0.589413 0.684021
vn -0.491132 0.533068 0.688932
vn -0.542496 0.449937 0.709404
vn -0.507649 0.344767 -0.789575
vn -0.422574 0.617079 0.663811
vn -0.433440 0.612666 0.660886
vn -0.437498 0.628303 0.643297
vn -0.547347 0.541607 -0.638022
vn -0.476557 0.502774 -0.721188
vn -0.412694 0.624288 0.663286
vn -0.433318 0.600051 0.672439
vn -0.436505 0.607266 0.663846
vn -0.459073 0.719005 -0.521808
vn -0.477826 0.757222 -0.445305
vn -0.550662 0.770383 -0.321374
vn -0.519146 0.755941 -0.398799
vn -0.600497 0.761792 -0.243055
vn -0.657858 0.714580 0.237904
vn -0.621748 0.712540 0.325141
vn -0.562827 0.650765 0.509638
vn -0.457795 0.640282 0.616817
vn -0.562259 0.741835 -0.365439
vn -0.637845 0.740531 -0.211585
vn -0.671065 0.735514 -0.093219
vn -0.693092 0.720496 -0.022551
vn -0.794899 0.602130 -0.074671
vn -0.683413 0.715661 0.144140
vn -0.671656 0.704454 0.229395
vn -0.651239 0.646011 0.398194
vn -0.799664 0.595578 0.076315
vn -0.888055 -0.436615 -0.143964
vn -0.849057 -0.465655 -0.249533
vn -0.733446 -0.664532 -0.143020
vn -0.723638 -0.690114 0.009533
vn -0.874796 -0.483579 0.029741
vn -0.670605 -0.713057 0.204542
vn -0.845388 -0.490882 0.210604
vn -0.673155 -0.668796 0.315554
vn -0.906100 -0.301563 -0.296719
vn -0.831239 -0.333017 -0.445131
vn -0.829044 -0.402083 -0.388607
vn -0.936686 -0.310577 -0.161744
vn -0.933075 -0.355094 -0.057263
vn -0.902268 -0.401415 0.157413
vn -0.722730 -0.513741 0.462311
vn -0.829318 -0.411507 0.378012
vn -0.705199 -0.459244 0.540176
vn -0.863393 -0.286645 -0.415195
vn -0.796251 -0.295951 -0.527634
vn -0.818198 -0.271800 -0.506633
vn -0.899025 -0.308233 -0.311041
vn -0.939474 -0.280931 -0.196129
vn -0.859043 -0.337449 0.384934
vn -0.685610 -0.398507 0.609205
vn -0.781877 -0.316586 0.537067
vn -0.686250 -0.349984 0.637630
vn -0.787882 -0.429259 -0.441564
vn -0.735721 -0.419807 -0.531485
vn -0.767314 -0.285581 0.574172
vn -0.724093 -0.264716 0.636879
vn -0.584789 -0.586532 -0.560359
vn -0.538330 -0.570586 -0.620187
vn -0.637791 -0.433724 -0.636480
vn -0.698170 -0.297710 0.651096
vn -0.701121 -0.243217 0.670280
vn -0.694583 -0.277438 0.663764
vn -0.697008 -0.252144 0.671270
vn -0.374884 -0.630992 -0.679199
vn -0.411311 -0.532143 -0.740032
vn -0.477823 -0.552599 -0.682876
vn -0.651079 -0.353900 0.671455
vn -0.647627 -0.324609 0.689353
vn -0.291507 -0.604737 -0.741159
vn -0.319083 -0.510654 -0.798385
vn -0.386870 -0.546317 -0.742879
vn -0.586376 -0.417074 0.694415
vn -0.366607 -0.437694 -0.820989
vn -0.563056 -0.456367 0.688983
vn -0.576675 -0.396934 0.714066
vn -0.638557 -0.342882 0.688968
vn -0.431981 -0.261735 -0.863069
vn -0.444627 -0.235368 -0.864239
vn -0.449635 -0.371454 -0.812311
vn -0.648609 -0.263618 0.714011
vn -0.670003 0.021355 0.742051
vn -0.839237 -0.130263 0.527933
vn -0.460871 -0.090288 -0.882863
vn -0.499765 -0.109725 -0.859183
vn -0.691298 0.010301 0.722496
vn -0.849736 -0.010234 0.527109
vn -0.493500 0.050006 -0.868307
vn -0.562361 0.075056 -0.823478
vn -0.578501 0.493098 0.649763
vn -0.699724 0.459367 0.547146
vn -0.729205 0.385300 0.565512
vn -0.529268 0.228176 -0.817197
vn -0.590862 0.218654 -0.776578
vn -0.465814 0.614750 0.636474
vn -0.591746 0.592351 0.546770
vn -0.638184 0.588421 0.496470
vn -0.571304 0.358092 -0.738500
vn -0.510371 0.523222 -0.682466
vn -0.450303 0.597285 0.663685
vn -0.549604 0.565627 0.614818
vn -0.560112 0.577892 0.593562
vn -0.482323 0.686335 -0.544343
vn -0.478921 0.746538 -0.461861
vn -0.489388 0.711139 -0.504758
vn -0.541499 0.558859 0.628057
vn -0.563960 0.496245 0.660068
vn -0.538285 0.566846 0.623646
vn -0.527181 0.706300 -0.472462
vn -0.550704 0.732665 -0.399909
vn -0.566663 0.692282 -0.446809
vn -0.694628 0.649777 -0.308677
vn -0.777693 0.611871 -0.144249
vn -0.795887 0.572743 0.196289
vn -0.747302 0.567303 0.345986
vn -0.660536 0.546433 0.514882
vn -0.636355 0.475274 0.607591
vn -0.689652 0.547724 -0.473685
vn -0.732545 0.581785 -0.353418
vn -0.816148 0.547023 -0.186196
vn -0.877032 0.380144 -0.293778
vn -0.854646 0.518886 0.018376
vn -0.850280 0.485273 0.203801
vn -0.830694 0.471333 0.296296
vn -0.755429 0.474918 0.451420
vn -0.923065 0.359722 -0.136204
vn -0.929223 0.365261 0.055941
vn -0.912711 0.348179 0.213847
vn -0.721693 -0.651009 -0.235259
vn -0.701892 -0.648622 -0.294341
vn -0.458384 -0.876209 -0.148805
vn -0.405246 -0.912231 -0.060087
vn -0.708901 -0.696181 -0.113101
vn -0.425493 -0.901534 0.078692
vn -0.669626 -0.737528 0.087491
vn -0.432047 -0.882019 0.188092
vn -0.653910 -0.736395 0.173565
vn -0.573253 -0.750111 0.329720
vn -0.799334 -0.465042 -0.380527
vn -0.723684 -0.506193 -0.469095
vn -0.686603 -0.630172 -0.362574
vn -0.777176 -0.564451 -0.278196
vn -0.559097 -0.722980 0.405845
vn -0.643612 -0.644478 0.412810
vn -0.561063 -0.663199 0.495353
vn -0.821537 -0.276626 -0.498553
vn -0.723374 -0.205460 -0.659179
vn -0.707028 -0.337405 -0.621505
vn -0.855646 -0.286191 -0.431236
vn -0.601744 -0.502308 0.620960
vn -0.664461 -0.432778 0.609257
vn -0.598482 -0.447282 0.664649
vn -0.785048 -0.231484 -0.574556
vn -0.720308 -0.214662 -0.659603
vn -0.633425 -0.425039 0.646618
vn -0.677664 -0.315925 0.664050
vn -0.542141 -0.380703 0.749099
vn -0.711643 -0.308075 -0.631390
vn -0.599605 -0.264828 -0.755209
vn -0.670461 -0.252186 -0.697771
vn -0.739702 -0.318207 -0.592946
vn -0.689349 -0.254684 0.678184
vn -0.629307 -0.288371 0.721675
vn -0.645333 -0.403256 -0.648791
vn -0.546726 -0.380389 -0.745919
vn -0.659773 -0.306973 0.685906
vn -0.707790 -0.252469 0.659767
vn -0.671428 -0.306266 0.674823
vn -0.445662 -0.485713 -0.751976
vn -0.707022 -0.335961 0.622294
vn -0.699004 -0.319539 0.639756
vn -0.444375 -0.512679 -0.734637
vn -0.410672 -0.522057 -0.747533
vn -0.707254 -0.394719 0.586505
vn -0.694283 -0.402468 0.596649
vn -0.715226 -0.410876 0.565360
vn -0.693735 -0.466081 0.549090
vn -0.461285 -0.475721 -0.748936
vn -0.492390 -0.379411 -0.783326
vn -0.474018 -0.499493 -0.725130
vn -0.760439 -0.345283 0.550011
vn -0.690875 -0.468310 0.550797
vn -0.773414 -0.350004 0.528515
vn -0.725420 -0.378678 0.574777
vn -0.486555 -0.239660 -0.840135
vn -0.836764 -0.142804 0.528614
vn -0.781257 -0.245155 0.574053
vn -0.516867 -0.172026 -0.838603
vn -0.574554 -0.168130 -0.801012
vn -0.584083 -0.214223 -0.782915
vn -0.860694 0.166190 0.481235
vn -0.835243 0.039114 0.548488
vn -0.578924 -0.029373 -0.814852
vn -0.585259 -0.056902 -0.808847
vn -0.814504 0.379611 0.438724
vn -0.840264 0.378885 0.387817
vn -0.807032 0.337442 0.484595
vn -0.609192 0.178700 -0.772626
vn -0.605216 0.168921 -0.777933
vn -0.707170 0.568193 0.420794
vn -0.737613 0.567924 0.365225
vn -0.772549 0.501283 0.389722
vn -0.762913 0.509793 0.397587
vn -0.610901 0.320776 -0.723811
vn -0.573995 0.510502 -0.640248
vn -0.582160 0.462438 -0.668761
vn -0.639016 0.534591 0.553057
vn -0.674320 0.552913 0.489469
vn -0.690835 0.580256 0.431335
vn -0.531731 0.624364 -0.572216
vn -0.513006 0.693033 -0.506488
vn -0.519005 0.683204 -0.513679
vn -0.647709 0.445332 0.618184
vn -0.659853 0.488612 0.570835
vn -0.656737 0.529286 0.537171
vn -0.505688 0.692529 -0.514475
vn -0.564636 0.663837 -0.490415
vn -0.503659 0.664070 -0.552574
vn -0.780383 0.327035 0.532964
vn -0.705022 0.330487 0.627473
vn -0.688098 0.350765 0.635205
vn -0.598808 0.547041 -0.584957
vn -0.761822 0.393772 -0.514365
vn -0.658276 0.384449 -0.647204
vn -0.840347 0.379489 -0.387046
vn -0.902317 0.267294 0.338198
vn -0.852061 0.216529 0.476558
vn -0.750969 0.199895 0.629355
vn -0.725065 0.261329 -0.637172
vn -0.903172 0.206580 -0.376305
vn -0.834535 0.143408 -0.531964
vn -0.957339 0.242108 -0.157751
vn -0.967993 0.249756 0.024719
vn -0.957296 0.230965 0.173892
vn -0.939665 0.181616 0.289906
vn -0.896827 0.170196 0.408331
vn -0.787357 0.125324 0.603625
vn -0.924464 0.124848 -0.360248
vn -0.818103 0.116598 -0.563127
vn -0.981427 0.147971 -0.122086
vn -0.983914 0.177111 0.023354
vn -0.974537 0.180612 0.132877
vn -0.954359 0.168538 0.246564
vn -0.918793 0.160375 0.360693
vn -0.806351 0.125080 0.578060
vn -0.928703 0.146888 -0.340492
vn -0.789205 0.181426 -0.586720
vn -0.983594 0.149681 -0.100687
vn -0.981693 0.182612 0.054149
vn -0.971546 0.198568 0.129111
vn -0.938381 0.229742 0.258184
vn -0.884842 0.267793 0.381238
vn -0.825855 0.192786 0.529902
vn -0.902527 0.239464 -0.357913
vn -0.755002 0.267333 -0.598752
vn -0.951258 0.278404 -0.132664
vn -0.951805 0.298746 0.069421
vn -0.932445 0.317201 0.173004
vn -0.857697 0.417481 0.300108
vn -0.842698 0.403984 0.355888
vn -0.784024 0.460052 -0.416723
vn -0.887986 0.456371 -0.056621
vn -0.853480 0.498689 0.151265
vn -0.804667 0.531695 0.264220
vn -0.634629 -0.682290 -0.362942
vn -0.652132 -0.660982 -0.371250
vn -0.414287 -0.886108 -0.207796
vn -0.350117 -0.933231 -0.080605
vn -0.313842 -0.949043 -0.028635
vn -0.270381 -0.960931 0.059204
vn -0.290827 -0.942396 0.165254
vn -0.320224 -0.891074 0.321626
vn -0.498323 -0.778070 0.382467
vn -0.412730 -0.756856 0.506778
vn -0.691732 -0.434544 -0.576783
vn -0.602279 -0.385743 -0.698900
vn -0.611739 -0.560239 -0.558487
vn -0.629136 -0.556743 -0.542425
vn -0.693406 -0.489772 -0.528499
vn -0.404291 -0.716264 0.568783
vn -0.451246 -0.650837 0.610564
vn -0.412719 -0.634841 0.653177
vn -0.714308 -0.256777 -0.651022
vn -0.640946 -0.206251 -0.739357
vn -0.475215 -0.531519 0.701184
vn -0.533851 -0.460795 0.708993
vn -0.418455 -0.476503 0.773201
vn -0.694114 -0.180190 -0.696949
vn -0.638699 -0.173170 -0.749717
vn -0.468187 -0.413799 0.780750
vn -0.601616 -0.252536 -0.757815
vn -0.497973 -0.449239 0.741759
vn -0.611191 -0.347115 0.711306
vn -0.566872 -0.394587 0.723158
vn -0.565605 -0.349018 -0.747180
vn -0.590406 -0.357854 -0.723437
vn -0.609975 -0.279010 -0.741676
vn -0.604003 -0.379789 0.700671
vn -0.688177 -0.323579 0.649391
vn -0.514410 -0.419752 0.747790
vn -0.538184 -0.442438 -0.717361
vn -0.547072 -0.445621 -0.708615
vn -0.696706 -0.361035 0.619883
vn -0.612683 -0.415552 0.672262
vn -0.515904 -0.487373 -0.704493
vn -0.571159 -0.464312 -0.676899
vn -0.547523 -0.488161 -0.679645
vn -0.615070 -0.493022 0.615319
vn -0.690272 -0.471929 0.548459
vn -0.623591 -0.507717 0.594439
vn -0.539150 -0.412810 -0.734102
vn -0.577055 -0.342757 -0.741299
vn -0.602271 -0.440709 -0.665616
vn -0.636005 -0.495731 0.591396
vn -0.707425 -0.345216 0.616746
vn -0.504900 -0.417698 0.755384
vn -0.573016 -0.278045 -0.770936
vn -0.584385 -0.243961 -0.773936
vn -0.720305 -0.164572 0.673852
vn -0.568869 -0.252308 0.782770
vn -0.576253 -0.162965 -0.800859
vn -0.756483 0.092007 0.647509
vn -0.640058 -0.024467 0.767937
vn -0.594202 -0.010896 -0.804242
vn -0.760315 0.321313 0.564517
vn -0.580541 0.314300 0.751125
vn -0.602239 0.185195 -0.776537
vn -0.735157 0.586769 0.339481
vn -0.753570 0.542683 0.370983
vn -0.678165 0.569244 0.464816
vn -0.631690 0.485120 0.604670
vn -0.575990 0.472426 -0.667120
vn -0.572755 0.368978 -0.731989
vn -0.726945 0.579864 0.367844
vn -0.745379 0.579903 0.328821
vn -0.678731 0.642764 0.355216
vn -0.667190 0.593125 0.450621
vn -0.500274 0.605593 -0.618856
vn -0.500184 0.680256 -0.535787
vn -0.468047 0.688320 -0.554210
vn -0.716977 0.403915 0.568152
vn -0.711281 0.475953 0.517251
vn -0.702368 0.595225 0.390367
vn -0.670691 0.644161 0.367737
vn -0.443077 0.730249 -0.520018
vn -0.480029 0.693542 -0.537189
vn -0.430268 0.714362 -0.551866
vn -0.733474 0.281697 0.618598
vn -0.743196 0.275680 0.609640
vn -0.718793 0.361016 0.594141
vn -0.484560 0.580282 -0.654580
vn -0.607276 0.417373 -0.676029
vn -0.477473 0.412287 -0.775911
vn -0.759411 0.155966 0.631640
vn -0.749434 0.158444 0.642841
vn -0.701849 0.244845 0.668924
vn -0.634667 0.277063 -0.721411
vn -0.659025 0.178310 -0.730679
vn -0.640838 0.176004 -0.747227
vn -0.786753 0.098099 0.609424
vn -0.744246 0.089401 0.661895
vn -0.676173 0.139798 -0.723358
vn -0.616841 0.135017 -0.775421
vn -0.805412 0.129377 0.578423
vn -0.716935 0.114555 0.687664
vn -0.690562 0.141329 -0.709331
vn -0.568417 0.193027 -0.799776
vn -0.831153 0.294745 0.471498
vn -0.800971 0.285132 0.526446
vn -0.645634 0.272665 0.713310
vn -0.699460 0.281094 -0.657071
vn -0.496937 0.336791 -0.799766
vn -0.801134 0.492161 0.340531
vn -0.784621 0.457758 0.418124
vn -0.616530 0.562126 0.551277
vn -0.619232 0.447092 0.645492
vn -0.652949 0.443533 -0.613951
vn -0.720469 0.536713 -0.439162
vn -0.551114 0.611424 -0.567833
vn -0.717220 0.679029 -0.156573
vn -0.699544 0.707555 0.100023
vn -0.738707 0.625829 0.250297
vn -0.747688 0.583541 0.316927
vn -0.645222 0.640601 0.416317
vn -0.606588 0.622138 0.494970
vn -0.528572 0.766984 -0.363796
vn -0.563158 0.823133 -0.072833
vn -0.541811 0.825630 0.157405
vn -0.478275 0.840937 0.253137
vn -0.438101 0.840505 0.318776
vn -0.548691 -0.677552 -0.489756
vn -0.487447 -0.534943 -0.690095
vn -0.312533 -0.857341 -0.409011
vn -0.325754 -0.897107 -0.298467
vn -0.440674 -0.821073 -0.362830
vn -0.273906 -0.950693 -0.145456
vn -0.232633 -0.971215 -0.051212
vn -0.182473 -0.982846 0.026768
vn -0.147125 -0.985204 0.087905
vn -0.128572 -0.981389 0.142636
vn -0.162201 -0.942629 0.291791
vn -0.218512 -0.878338 0.425176
vn -0.345445 -0.767343 0.540233
vn -0.236845 -0.746427 0.621893
vn -0.540425 -0.429685 -0.723403
vn -0.289700 -0.711162 0.640565
vn -0.363769 -0.576744 0.731463
vn -0.270617 -0.565657 0.778972
vn -0.615837 -0.206452 -0.760344
vn -0.469853 -0.202186 -0.859278
vn -0.490220 -0.300508 -0.818156
vn -0.290241 -0.516121 0.805840
vn -0.621433 -0.142649 -0.770371
vn -0.489820 -0.166596 -0.855758
vn -0.339520 -0.519467 0.784143
vn -0.398355 -0.500601 0.768578
vn -0.275543 -0.527818 0.803420
vn -0.612115 -0.234433 -0.755219
vn -0.517965 -0.259659 -0.815039
vn -0.360938 -0.520669 0.773710
vn -0.495963 -0.444164 0.746149
vn -0.345585 -0.495549 0.796870
vn -0.595462 -0.331852 -0.731641
vn -0.506719 -0.401680 -0.762816
vn -0.492246 -0.331998 -0.804656
vn -0.385149 -0.462074 0.798841
vn -0.599696 -0.430847 -0.674341
vn -0.531226 -0.469800 -0.705044
vn -0.428750 -0.510974 0.745036
vn -0.547086 -0.495710 0.674513
vn -0.345880 -0.561207 0.751940
vn -0.596007 -0.459509 -0.658504
vn -0.507148 -0.440153 -0.740990
vn -0.517933 -0.498690 -0.695021
vn -0.422124 -0.575199 0.700683
vn -0.527003 -0.530347 0.664078
vn -0.309277 -0.517360 0.797927
vn -0.544394 -0.362850 -0.756291
vn -0.302002 -0.420693 0.855460
vn -0.585460 -0.237039 -0.775274
vn -0.392408 -0.185804 -0.900829
vn -0.455186 -0.290971 -0.841511
vn -0.279135 -0.317758 0.906153
vn -0.447568 -0.160121 0.879798
vn -0.155614 -0.222597 0.962411
vn -0.561691 -0.150996 -0.813452
vn -0.355436 -0.103148 -0.928992
vn -0.449217 0.063555 0.891159
vn -0.207692 -0.016815 0.978050
vn -0.510836 -0.066812 -0.857078
vn -0.338289 -0.026534 -0.940668
vn -0.444346 0.227758 0.866420
vn -0.187930 0.188729 0.963880
vn -0.487422 0.100905 -0.867316
vn -0.316374 0.123780 -0.940524
vn -0.497196 0.551758 0.669597
vn -0.315732 0.520835 0.793123
vn -0.207864 0.456670 0.865012
vn -0.506494 0.370580 -0.778546
vn -0.265725 0.329137 -0.906123
vn -0.601315 0.660065 0.450261
vn -0.508859 0.665389 0.546187
vn -0.382938 0.601306 0.701277
vn -0.390359 0.619190 -0.681340
vn -0.452880 0.648680 -0.611649
vn -0.292456 0.709214 -0.641471
vn -0.731371 0.452207 0.510496
vn -0.699214 0.567711 0.434517
vn -0.523318 0.713255 0.466267
vn -0.403930 0.749293 0.524787
vn -0.338450 0.761752 -0.552436
vn -0.335211 0.776317 -0.533821
vn -0.422747 0.694647 -0.582023
vn -0.721810 0.437538 0.536237
vn -0.476960 0.547895 0.687255
vn -0.410227 0.669098 0.619695
vn -0.335970 0.687187 -0.644126
vn -0.314832 0.332804 -0.888888
vn -0.694711 0.157759 0.701775
vn -0.584046 0.255417 0.770488
vn -0.593156 0.370986 0.714518
vn -0.517623 0.226067 -0.825203
vn -0.400740 0.226571 -0.887735
vn -0.662514 0.118530 0.739612
vn -0.534636 0.167722 0.828272
vn -0.543369 0.158126 -0.824467
vn -0.333092 0.155372 -0.930005
vn -0.643454 0.151764 0.750289
vn -0.449760 0.179322 0.874962
vn -0.544005 0.166897 -0.822316
vn -0.307268 0.193590 -0.931724
vn -0.619262 0.205906 0.757705
vn -0.400586 0.217500 0.890070
vn -0.488165 0.281444 -0.826126
vn -0.402554 0.384973 -0.830510
vn -0.566804 0.540323 0.621920
vn -0.456722 0.516677 0.724189
vn -0.410130 0.495023 0.765994
vn -0.483618 0.512927 -0.709239
vn -0.326540 0.519956 -0.789314
vn -0.527769 0.716946 0.455465
vn -0.437233 0.690527 0.576194
vn -0.367321 0.682755 0.631602
vn -0.337329 0.753769 -0.563951
vn -0.368157 0.836643 -0.405572
vn -0.417684 0.905422 -0.075838
vn -0.226069 0.954970 -0.192157
vn -0.416144 0.903952 0.098459
vn -0.349975 0.902685 0.250353
vn -0.308081 0.911736 0.271706
vn -0.302673 0.903320 0.303975
vn -0.304830 0.867840 0.392342
vn -0.190557 0.979769 -0.061165
vn -0.197104 0.969571 0.145197
vn -0.201044 -0.979451 0.016021
vn -0.193253 -0.979040 -0.064297
vn -0.097266 -0.995198 0.010935
vn -0.099432 -0.992769 0.067254
vn -0.324450 -0.663145 -0.674515
vn -0.197625 -0.886727 -0.417923
vn -0.214379 -0.938248 -0.271538
vn -0.188730 -0.967998 -0.165409
vn -0.113377 -0.991352 0.066083
vn -0.075656 -0.990710 0.113006
vn -0.067628 -0.986749 0.147486
vn -0.078894 -0.967571 0.239962
vn -0.126583 -0.908624 0.397969
vn -0.134300 -0.789168 0.599314
vn -0.434513 -0.488233 -0.756853
vn -0.328179 -0.346689 -0.878695
vn -0.246710 -0.565672 -0.786861
vn -0.168761 -0.732432 0.659593
vn -0.155929 -0.592699 0.790186
vn -0.308669 -0.208034 -0.928141
vn -0.172247 -0.561758 0.809172
vn -0.247925 -0.539924 0.804372
vn -0.157132 -0.518737 0.840370
vn -0.372318 -0.218657 -0.901980
vn -0.112098 -0.516356 0.849006
vn -0.491776 -0.318668 -0.810313
vn -0.344602 -0.322463 -0.881627
vn -0.356656 -0.331790 -0.873334
vn -0.150247 -0.585582 0.796567
vn -0.112825 -0.529726 0.840631
vn -0.376386 -0.429976 -0.820642
vn -0.121176 -0.516105 0.847911
vn -0.260334 -0.551587 0.792450
vn -0.114311 -0.551010 0.826632
vn -0.483499 -0.510138 -0.711328
vn -0.365314 -0.508615 -0.779652
vn -0.290959 -0.542218 -0.788253
vn -0.074430 -0.564712 0.821925
vn -0.376970 -0.470806 -0.797643
vn -0.123265 -0.596254 0.793276
vn -0.057000 -0.504653 0.861438
vn -0.420793 -0.375256 -0.825903
vn -0.257026 -0.273145 -0.927000
vn -0.314985 -0.388667 -0.865865
vn 0.015957 -0.417260 0.908647
vn -0.182525 -0.124779 -0.975251
vn -0.031099 -0.313913 0.948942
vn 0.001551 -0.192462 0.981303
vn -0.147656 -0.071152 -0.986476
vn 0.009117 0.021946 0.999718
vn -0.138608 -0.018091 -0.990182
vn 0.020821 0.241214 0.970249
vn -0.143031 0.117822 -0.982680
vn 0.018767 0.430371 0.902457
vn -0.044434 0.492173 0.869362
vn -0.131701 0.352041 -0.926673
vn -0.235739 0.746170 0.622622
vn -0.065313 0.546742 0.834750
vn -0.199273 0.614432 -0.763390
vn -0.125414 0.781439 -0.611248
vn -0.117994 0.758988 0.640324
vn -0.239503 0.726457 0.644126
vn -0.133704 0.763598 0.631697
vn -0.159560 0.802733 -0.574596
vn -0.218374 0.771591 -0.597461
vn -0.091270 0.813726 -0.574038
vn -0.280084 0.698869 0.658130
vn -0.329135 0.555139 0.763866
vn -0.150894 0.759684 -0.632544
vn -0.221172 0.692386 -0.686793
vn -0.060787 0.707335 -0.704260
vn -0.412839 0.324135 0.851176
vn -0.339182 0.414056 0.844697
vn -0.137976 0.331045 -0.933473
vn -0.153043 0.233083 -0.960338
vn -0.318971 0.297532 0.899851
vn -0.328265 0.221804 0.918175
vn -0.164414 0.134339 -0.977201
vn -0.282120 0.208872 0.936366
vn -0.170207 0.161299 -0.972117
vn -0.214850 0.363394 0.906523
vn -0.333015 0.354109 -0.873903
vn -0.176972 0.311405 -0.933653
vn -0.243577 0.528568 0.813195
vn -0.247104 0.634080 0.732723
vn -0.217381 0.529602 -0.819919
vn -0.153086 0.616387 -0.772419
vn -0.177370 0.706996 0.684614
vn -0.196340 0.806800 0.557247
vn -0.122440 0.785560 -0.606551
vn -0.152259 0.857683 -0.491117
vn -0.041528 0.871950 -0.487830
vn -0.208088 0.941352 0.265625
vn -0.128424 0.936729 0.325647
vn -0.117003 0.945064 0.305227
vn -0.137950 0.907043 0.397797
vn -0.047827 0.978372 -0.201247
vn -0.026197 0.998049 -0.056666
vn -0.067204 0.993168 0.095397
vn -0.097783 0.969967 0.222716
vn -0.134273 -0.984415 -0.113568
vn -0.116116 -0.971691 -0.205752
vn -0.076782 -0.994067 -0.077040
vn -0.067655 -0.996763 0.043425
vn -0.063135 -0.995251 0.074093
vn -0.077063 -0.990263 0.115937
vn -0.096462 -0.986338 0.133536
vn -0.104199 -0.784056 -0.611882
vn -0.062609 -0.887188 -0.457140
vn -0.100892 -0.958878 -0.265281
vn -0.068134 -0.989683 0.126037
vn -0.063344 -0.987791 0.142327
vn -0.073323 -0.973510 0.216568
vn -0.092098 -0.918208 0.385242
vn -0.110521 -0.809512 0.576607
vn -0.118626 -0.412362 -0.903264
vn -0.063318 -0.558783 -0.826893
vn -0.113083 -0.719196 0.685543
vn -0.091212 -0.612904 0.784875
vn -0.133082 -0.264672 -0.955111
vn -0.094268 -0.568806 0.817052
vn -0.075417 -0.498931 0.863354
vn -0.306066 -0.280354 -0.909794
vn -0.157070 -0.287997 -0.944662
vn -0.076165 -0.259477 -0.962741
vn -0.044194 -0.487773 0.871851
vn -0.131343 -0.341911 -0.930509
vn -0.031821 -0.585855 0.809791
vn 0.013113 -0.514329 0.857493
vn -0.138316 -0.456502 -0.878905
vn 0.003265 -0.509114 0.860693
vn 0.047548 -0.550773 0.833300
vn -0.170057 -0.533619 -0.828451
vn -0.106626 -0.544712 -0.831817
vn 0.066508 -0.560863 0.825233
vn -0.242992 -0.517078 -0.820722
vn -0.129582 -0.355951 -0.925477
vn -0.094125 -0.527402 -0.844386
vn 0.056548 -0.561012 0.825874
vn 0.086043 -0.471859 0.877466
vn -0.069448 -0.214639 -0.974221
vn 0.118688 -0.377741 0.918273
vn -0.051699 -0.098356 -0.993807
vn 0.106735 -0.291323 0.950652
vn 0.120537 -0.156036 0.980369
vn -0.043510 -0.062866 -0.997073
vn 0.108770 0.048124 0.992901
vn -0.038854 -0.011015 -0.999184
vn 0.104264 0.221642 0.969538
vn -0.039287 0.103391 -0.993865
vn 0.075952 0.393713 0.916090
vn 0.049043 0.472039 0.880212
vn -0.029192 0.361301 -0.931992
vn 0.046704 0.525252 0.849664
vn -0.051853 0.595282 -0.801842
vn -0.011884 0.813683 -0.581187
vn -0.091694 0.757646 0.646193
vn -0.052425 0.728610 0.682919
vn -0.005611 0.727618 0.685960
vn -0.017438 0.820996 -0.570668
vn 0.035625 0.827268 -0.560676
vn -0.187524 0.532174 0.825606
vn -0.115369 0.697492 0.707245
vn -0.066639 0.684302 0.726147
vn 0.006270 0.773655 -0.633576
vn 0.045170 0.708740 -0.704023
vn -0.089031 0.510985 0.854966
vn -0.167672 0.425159 0.889453
vn 0.000103 0.340174 -0.940363
vn 0.004687 0.201702 -0.979436
vn -0.268206 0.289504 0.918832
vn -0.172276 0.294488 0.939999
vn -0.019087 0.107790 -0.993990
vn -0.149651 0.289900 0.945284
vn -0.171918 0.247400 0.953540
vn -0.033742 0.167805 -0.985243
vn -0.110907 0.368938 0.922813
vn -0.007578 0.341554 -0.939832
vn -0.161484 0.674438 0.720456
vn -0.094464 0.508149 0.856073
vn -0.039696 0.538403 -0.841752
vn 0.042583 0.701841 -0.711060
vn -0.043872 0.735054 0.676587
vn -0.052469 0.862916 0.502617
vn -0.079594 0.720354 0.689024
vn 0.054793 0.828318 -0.557573
vn 0.102204 0.878368 -0.466930
vn 0.004462 0.958195 0.286082
vn -0.005183 0.949817 0.312764
vn -0.026443 0.920664 0.389460
vn 0.090076 0.969680 -0.227171
vn 0.068228 0.994014 -0.085326
vn 0.049162 0.996607 0.066014
vn 0.020699 0.981265 0.191549
vn -0.094845 -0.973901 -0.206206
vn -0.087906 -0.936496 -0.339481
vn -0.009265 -0.986324 -0.164557
vn -0.030410 -0.995888 -0.085333
vn -0.057711 -0.998006 0.025572
vn -0.072116 -0.994687 0.073465
vn -0.086663 -0.991648 0.095514
vn -0.109591 -0.982379 0.151401
vn -0.133364 -0.977647 0.162544
vn 0.022662 -0.814550 -0.579650
vn 0.017724 -0.897907 -0.439828
vn -0.108658 -0.983053 0.147652
vn -0.103965 -0.972296 0.209360
vn -0.099252 -0.918952 0.381675
vn -0.115923 -0.833788 0.539778
vn 0.036813 -0.426817 -0.903588
vn 0.076847 -0.549401 -0.832017
vn -0.109661 -0.687826 0.717544
vn -0.071324 -0.599561 0.797144
vn 0.108960 -0.276314 -0.954871
vn -0.065838 -0.557932 0.827271
vn -0.035248 -0.471711 0.881048
vn 0.068737 -0.282904 -0.956682
vn 0.102801 -0.252637 -0.962084
vn 0.030136 -0.445205 0.894921
vn 0.043631 -0.376131 -0.925538
vn 0.037287 -0.557582 0.829284
vn 0.082639 -0.490616 0.867449
vn 0.083282 -0.438685 -0.894773
vn 0.074275 -0.499005 0.863410
vn 0.145627 -0.430122 0.890948
vn 0.010111 -0.545850 -0.837822
vn 0.071832 -0.564574 -0.822251
vn 0.205460 -0.523701 0.826755
vn 0.224945 -0.533267 0.815491
vn 0.005931 -0.344883 -0.938627
vn 0.047858 -0.533444 -0.844481
vn 0.166384 -0.540477 0.824743
vn 0.207726 -0.443853 0.871690
vn 0.018318 -0.207420 -0.978081
vn 0.213804 -0.347142 0.913116
vn 0.010759 -0.093763 -0.995536
vn 0.156546 -0.278854 0.947488
vn 0.277890 -0.226978 0.933412
vn 0.003041 -0.063907 -0.997951
vn 0.202428 -0.142333 0.968898
vn 0.163949 0.004842 0.986457
vn -0.001004 -0.010543 -0.999944
vn 0.100398 0.190993 0.976443
vn -0.001780 0.100794 -0.994906
vn 0.174657 0.380885 0.907977
vn 0.133768 0.430877 0.892441
vn 0.013275 0.367522 -0.929920
vn 0.120954 0.514198 0.849100
vn 0.016874 0.588756 -0.808135
vn 0.051372 0.830691 -0.554358
vn 0.067308 0.684411 0.725982
vn 0.043578 0.703790 0.709071
vn 0.071466 0.847074 -0.526648
vn 0.117842 0.835674 -0.536435
vn 0.022459 0.664091 0.747315
vn 0.024772 0.655860 0.754476
vn 0.132328 0.766448 -0.628528
vn 0.144408 0.746627 -0.649380
vn 0.034131 0.522504 0.851953
vn -0.009270 0.396655 0.917921
vn 0.087126 0.316502 -0.944582
vn 0.105775 0.178994 -0.978148
vn -0.014157 0.279974 0.959903
vn 0.072347 0.086457 -0.993625
vn -0.002754 0.271347 0.962478
vn -0.063309 0.287840 0.955584
vn 0.065348 0.166149 -0.983933
vn -0.002144 0.419811 0.907609
vn 0.100972 0.348611 -0.931813
vn 0.029785 0.537635 0.842651
vn 0.105452 0.575811 -0.810754
vn 0.157538 0.690114 -0.706346
vn 0.095281 0.757204 0.646191
vn 0.053579 0.868800 0.492256
vn 0.057066 0.749159 0.659928
vn 0.163606 0.844533 -0.509899
vn 0.173653 0.949143 -0.262626
vn 0.209121 0.907101 -0.365289
vn 0.269247 0.938477 -0.216257
vn 0.123121 0.960829 0.248293
vn 0.075786 0.956230 0.282633
vn 0.069810 0.923478 0.377247
vn 0.168801 0.977664 -0.125220
vn 0.164006 0.986219 0.021790
vn 0.136400 0.980101 0.144210
vn 0.048689 -0.944041 -0.326213
vn 0.040063 -0.975849 -0.214740
vn -0.002560 -0.990612 -0.136677
vn -0.038292 -0.999253 -0.005213
vn -0.068207 -0.996297 0.052349
vn -0.096859 -0.991742 0.084056
vn -0.112303 -0.985800 0.124844
vn -0.138550 -0.978081 0.155440
vn -0.130634 -0.981081 0.142880
vn 0.126887 -0.763954 -0.632672
vn 0.100531 -0.866646 -0.488690
vn 0.055462 -0.941919 -0.331230
vn -0.125888 -0.967874 0.217650
vn -0.097492 -0.903197 0.418007
vn -0.079667 -0.846814 0.525889
vn 0.184040 -0.395877 -0.899673
vn 0.212500 -0.559174 -0.801354
vn -0.073654 -0.632752 0.770843
vn 0.001528 -0.560051 0.828457
vn 0.249985 -0.237554 -0.938656
vn 0.008662 -0.534291 0.845257
vn 0.060637 -0.417694 0.906562
vn 0.206752 -0.306007 -0.929308
vn 0.311464 -0.208264 -0.927155
vn 0.154302 -0.382725 0.910886
vn 0.246381 -0.378107 -0.892374
vn 0.418681 -0.336805 -0.843367
vn 0.160958 -0.517380 0.840482
vn 0.247110 -0.393919 0.885305
vn 0.247804 -0.452448 -0.856670
vn 0.324178 -0.353183 0.877594
vn 0.185177 -0.553834 -0.811774
vn 0.251708 -0.573454 -0.779611
vn 0.306470 -0.463398 0.831467
vn 0.457373 -0.467299 0.756599
vn 0.101611 -0.359890 -0.927445
vn 0.170828 -0.546889 -0.819592
vn 0.327962 -0.523000 0.786710
vn 0.462654 -0.487772 0.740291
vn 0.057504 -0.207137 -0.976620
vn 0.482518 -0.457648 0.746816
vn 0.385387 -0.307566 0.869989
vn 0.047219 -0.109249 -0.992892
vn 0.435482 -0.188103 0.880325
vn 0.033123 -0.071741 -0.996873
vn 0.306443 -0.012470 0.951807
vn 0.423996 -0.058998 0.903740
vn 0.028490 -0.013213 -0.999507
vn 0.296552 0.118541 0.947631
vn 0.363286 0.196225 0.910779
vn 0.021876 0.102238 -0.994519
vn 0.301016 0.392465 0.869115
vn 0.049802 0.383860 -0.922047
vn 0.236487 0.624288 0.744539
vn 0.335296 0.561733 0.756329
vn 0.340003 0.618997 0.707984
vn 0.064305 0.626206 -0.777002
vn 0.120429 0.830295 -0.544158
vn 0.219858 0.645369 0.731548
vn 0.339681 0.626378 0.701618
vn 0.306257 0.592333 0.745217
vn 0.138437 0.867649 -0.477515
vn 0.166311 0.790039 -0.590067
vn 0.162325 0.860728 -0.482491
vn 0.233722 0.774373 -0.587980
vn 0.190943 0.613247 0.766465
vn 0.339708 0.553586 0.760356
vn 0.198053 0.448856 0.871380
vn 0.192231 0.365114 -0.910900
vn 0.212190 0.736918 -0.641816
vn 0.180201 0.341841 -0.922319
vn 0.195642 0.339725 0.919952
vn 0.152482 0.134628 -0.979094
vn 0.165897 0.266075 0.949569
vn 0.130858 0.070759 -0.988873
vn 0.172540 0.259465 0.950215
vn 0.144246 0.281729 0.948589
vn 0.137038 0.189826 -0.972207
vn 0.142462 0.434924 0.889127
vn 0.170788 0.341994 -0.924052
vn 0.106664 0.571320 0.813767
vn 0.184160 0.575014 0.797147
vn 0.152892 0.758874 0.633035
vn 0.209729 0.634904 -0.743580
vn 0.232519 0.665868 -0.708911
vn 0.181864 0.774266 0.606166
vn 0.173858 0.839939 0.514078
vn 0.212672 0.852891 -0.476811
vn 0.224728 0.929116 -0.293668
vn 0.285287 0.953230 -0.099818
vn 0.251183 0.958785 -0.132812
vn 0.254228 0.965404 0.057990
vn 0.245442 0.969290 0.015363
vn 0.229542 0.955102 0.187326
vn 0.206832 0.964501 0.164190
vn 0.190800 0.953466 0.233448
vn 0.181674 0.923149 0.338808
vn 0.059065 -0.965440 -0.253846
vn 0.046590 -0.984488 -0.169153
vn -0.007072 -0.999372 -0.034734
vn -0.034094 -0.999008 0.028649
vn -0.047534 -0.997133 0.058877
vn -0.066715 -0.990948 0.116496
vn -0.072060 -0.988179 0.135315
vn 0.297449 -0.608377 -0.735800
vn 0.228133 -0.826063 -0.515341
vn 0.140115 -0.914594 -0.379323
vn -0.073552 -0.958882 0.274108
vn -0.046064 -0.912120 0.407327
vn -0.024749 -0.843256 0.536942
vn -0.040382 -0.606369 0.794157
vn 0.115806 -0.532033 0.838767
vn 0.299646 -0.338545 -0.891964
vn 0.361037 -0.521966 -0.772790
vn 0.181222 -0.470632 0.863518
vn 0.400389 -0.184254 -0.897630
vn 0.136514 -0.495051 0.858073
vn 0.260567 -0.308809 0.914736
vn 0.496962 -0.140575 -0.856310
vn 0.368763 -0.308320 0.876900
vn 0.439597 -0.395329 -0.806516
vn 0.596457 -0.255012 -0.761057
vn 0.288009 -0.469963 0.834378
vn 0.480727 -0.303608 0.822632
vn 0.465327 -0.476132 -0.746169
vn 0.630672 -0.424909 -0.649388
vn 0.403003 -0.294790 0.866422
vn 0.449832 -0.291678 0.844141
vn 0.382148 -0.547095 -0.744748
vn 0.480142 -0.536696 -0.693846
vn 0.444903 -0.349511 0.824562
vn 0.565441 -0.257994 0.783400
vn 0.230695 -0.466881 -0.853699
vn 0.401419 -0.528582 -0.747973
vn 0.543350 -0.390077 0.743378
vn 0.728553 -0.226823 0.646346
vn 0.219560 -0.272933 -0.936643
vn 0.388841 -0.447665 -0.805232
vn 0.708270 -0.350573 0.612742
vn 0.581179 -0.379282 0.719983
vn 0.749654 -0.307251 0.586187
vn 0.155156 -0.114356 -0.981249
vn 0.593806 -0.236531 0.769056
vn 0.537597 -0.179721 0.823826
vn 0.162551 -0.081979 -0.983289
vn 0.539854 -0.038959 0.840856
vn 0.153368 -0.021977 -0.987925
vn 0.470849 0.177455 0.864182
vn 0.165497 0.117963 -0.979130
vn 0.425624 0.391945 0.815612
vn 0.743019 0.275826 0.609789
vn 0.586726 0.489573 0.645035
vn 0.245411 0.374234 -0.894272
vn 0.425326 0.582381 0.692770
vn 0.271370 0.704342 -0.655942
vn 0.313915 0.792401 -0.523027
vn 0.442613 0.568552 0.693428
vn 0.394704 0.568619 0.721721
vn 0.286324 0.862864 -0.416514
vn 0.337175 0.838919 -0.427233
vn 0.382438 0.756420 -0.530631
vn 0.484526 0.497523 0.719517
vn 0.442617 0.391676 0.806647
vn 0.288696 0.669500 -0.684415
vn 0.304806 0.341445 -0.889106
vn 0.335310 0.289008 0.896684
vn 0.269737 0.099911 -0.957737
vn 0.296560 0.251174 0.921392
vn 0.497838 0.221506 0.838506
vn 0.394723 0.174542 0.902069
vn 0.247718 0.057716 -0.967112
vn 0.349176 0.241976 0.905276
vn 0.245868 0.203225 -0.947760
vn 0.324852 0.407934 0.853265
vn 0.270884 0.372137 -0.887770
vn 0.224865 0.500307 -0.836139
vn 0.285215 0.583707 -0.760222
vn 0.318952 0.582141 0.747918
vn 0.327596 0.687189 0.648423
vn 0.263224 0.822819 -0.503668
vn 0.259252 0.670211 -0.695417
vn 0.293308 0.820076 -0.491372
vn 0.310947 0.779013 0.544473
vn 0.303941 0.801194 0.515468
vn 0.250794 0.917525 -0.308627
vn 0.240359 0.963205 -0.120265
vn 0.251594 0.967815 0.005844
vn 0.267282 0.952869 0.143529
vn 0.270705 0.936095 0.224601
vn 0.283576 0.910857 0.299874
vn 0.162966 -0.929586 -0.330624
vn 0.159899 -0.968865 -0.189029
vn 0.117016 -0.989757 -0.081788
vn 0.082213 -0.996549 0.011423
vn 0.056591 -0.997330 0.046157
vn 0.075161 -0.991668 0.104620
vn -0.014723 -0.990323 0.138002
vn -0.022251 -0.936632 0.349608
vn 0.207790 -0.912257 0.353002
vn 0.308638 -0.701933 -0.641897
vn 0.483970 -0.646696 -0.589539
vn 0.342108 -0.819251 -0.460207
vn 0.218236 -0.850613 0.478362
vn 0.174212 -0.727134 0.664023
vn 0.430699 -0.609955 0.665172
vn 0.526507 -0.223828 -0.820178
vn 0.497066 -0.352449 -0.792909
vn 0.497071 -0.435980 -0.750227
vn 0.331178 -0.520572 0.786973
vn 0.354131 -0.395524 0.847438
vn 0.586583 -0.104597 -0.803106
vn 0.598473 -0.098793 -0.795028
vn 0.386801 -0.334828 0.859230
vn 0.422655 -0.279109 0.862242
vn 0.651341 -0.095291 -0.752778
vn 0.667118 -0.002008 -0.744949
vn 0.425530 -0.223641 0.876875
vn 0.558638 -0.164330 0.812970
vn 0.688684 -0.153084 -0.708717
vn 0.721062 -0.081076 -0.688110
vn 0.498261 -0.234702 0.834656
vn 0.560615 -0.212928 0.800233
vn 0.660248 -0.452381 -0.599520
vn 0.689753 -0.417818 -0.591329
vn 0.698454 -0.295081 -0.651989
vn 0.637439 -0.239554 0.732315
vn 0.666389 -0.163249 0.727513
vn 0.569708 -0.572895 -0.589257
vn 0.601881 -0.528079 -0.599059
vn 0.658916 -0.480442 -0.578796
vn 0.681158 -0.172187 0.711601
vn 0.751529 -0.108674 0.650688
vn 0.519378 -0.504564 -0.689682
vn 0.591290 -0.568372 -0.572128
vn 0.735442 -0.160587 0.658284
vn 0.763606 -0.139138 0.630513
vn 0.430209 -0.366411 -0.825023
vn 0.615969 -0.427673 -0.661572
vn 0.773419 -0.234804 0.588804
vn 0.824456 -0.219493 0.521627
vn 0.838946 -0.113313 0.532287
vn 0.354169 -0.170675 -0.919475
vn 0.631453 -0.336441 -0.698623
vn 0.863031 -0.134419 0.486939
vn 0.848741 -0.117791 0.515523
vn 0.857513 -0.170089 0.485531
vn 0.376310 -0.084733 -0.922611
vn 0.881019 -0.079085 0.466425
vn 0.853308 -0.063324 0.517548
vn 0.866703 -0.109592 0.486636
vn 0.403320 -0.006588 -0.915035
vn 0.879616 0.041171 0.473899
vn 0.854377 0.074955 0.514219
vn 0.855591 0.077216 0.511860
vn 0.436672 0.176253 -0.882186
vn 0.813047 0.272259 0.514616
vn 0.825677 0.231810 0.514316
vn 0.467739 0.310789 -0.827424
vn 0.763402 0.381644 0.521119
vn 0.746360 0.332752 0.576389
vn 0.708763 0.413766 0.571360
vn 0.744645 0.396200 0.537149
vn 0.406951 0.698672 -0.588428
vn 0.459863 0.795081 -0.395441
vn 0.584852 0.699547 -0.410587
vn 0.635114 0.691803 -0.343569
vn 0.771408 0.349321 0.531887
vn 0.629457 0.430201 0.647079
vn 0.527723 0.259321 0.808864
vn 0.736919 0.386550 0.554554
vn 0.455943 0.806971 -0.375385
vn 0.460470 0.589745 -0.663452
vn 0.516799 0.679787 -0.520393
vn 0.457363 0.469211 -0.755421
vn 0.684807 0.293527 0.666994
vn 0.559841 0.200184 0.804055
vn 0.428727 0.282217 -0.858223
vn 0.588872 0.212748 0.779723
vn 0.560103 0.143252 0.815944
vn 0.367410 0.058797 -0.928199
vn 0.522179 0.149184 0.839686
vn 0.341582 0.054175 -0.938289
vn 0.492137 0.247801 0.834503
vn 0.355977 0.099237 -0.929211
vn 0.349117 0.265576 -0.898658
vn 0.421923 0.237698 -0.874918
vn 0.483572 0.488475 0.726326
vn 0.592782 0.313024 0.742041
vn 0.608862 0.430602 0.666235
vn 0.371838 0.461341 -0.805544
vn 0.440991 0.674854 0.591692
vn 0.592593 0.525268 0.610678
vn 0.524921 0.666953 0.528802
vn 0.346160 0.732582 -0.586086
vn 0.377485 0.772700 -0.510334
vn 0.432538 0.787094 0.439766
vn 0.469089 0.776235 0.421207
vn 0.476375 0.797144 0.370984
vn 0.303582 0.894751 -0.327504
vn 0.328807 0.933087 -0.145724
vn 0.343279 0.939215 -0.005963
vn 0.354851 0.922837 0.149841
vn 0.362663 0.899865 0.242321
vn 0.344476 -0.875316 -0.339350
vn 0.357973 -0.887512 -0.290134
vn 0.234528 -0.966386 -0.105327
vn 0.221257 -0.975141 -0.012047
vn 0.189294 -0.980172 0.058571
vn 0.219590 -0.965712 0.138494
vn 0.658942 -0.740016 0.134803
vn 0.283626 -0.936509 0.206172
vn 0.543446 -0.572816 -0.613635
vn 0.561450 -0.701762 -0.438526
vn 0.539106 -0.757207 -0.368786
vn 0.612253 -0.763592 0.205119
vn 0.516339 -0.783149 0.346513
vn 0.452250 -0.722916 0.522362
vn 0.616147 -0.425973 0.662503
vn 0.631075 -0.227061 -0.741746
vn 0.711426 -0.307971 -0.631686
vn 0.569179 -0.418957 0.707468
vn 0.645973 -0.401868 0.649016
vn 0.678653 0.008870 -0.734405
vn 0.811702 -0.022269 -0.583647
vn 0.591803 -0.320221 0.739749
vn 0.562741 -0.201193 0.801775
vn 0.739613 0.029861 -0.672370
vn 0.808381 0.077764 -0.583501
vn 0.625444 -0.130866 0.769217
vn 0.774365 -0.141406 -0.616736
vn 0.810427 -0.033180 -0.584899
vn 0.616091 -0.141915 0.774785
vn 0.644211 -0.107904 0.757198
vn 0.774811 -0.322090 -0.543991
vn 0.781594 -0.281581 -0.556617
vn 0.824737 -0.157836 -0.543043
vn 0.647456 -0.083610 0.757503
vn 0.674935 -0.075624 0.733992
vn 0.755045 -0.467004 -0.460233
vn 0.776943 -0.421011 -0.468091
vn 0.756673 -0.384322 -0.528908
vn 0.793337 -0.340444 -0.504693
vn 0.682468 -0.091907 0.725114
vn 0.674661 -0.069530 0.734845
vn 0.707997 -0.467184 -0.529604
vn 0.745391 -0.488196 -0.453935
vn 0.764387 -0.500893 -0.405978
vn 0.741668 -0.482271 -0.466201
vn 0.737986 -0.099631 0.667421
vn 0.660769 -0.074805 0.746853
vn 0.708317 -0.440495 -0.551590
vn 0.767291 -0.438017 -0.468407
vn 0.780822 -0.458345 -0.424542
vn 0.781778 -0.070340 0.619577
vn 0.639609 -0.060791 0.766293
vn 0.790543 -0.114835 0.601544
vn 0.667676 -0.164751 -0.725993
vn 0.714444 -0.257846 -0.650451
vn 0.747039 -0.358178 -0.560037
vn 0.804329 -0.086470 0.587858
vn 0.617315 -0.062031 0.784267
vn 0.821637 -0.086707 0.563378
vn 0.671327 -0.075396 -0.737317
vn 0.764203 -0.075526 -0.640538
vn 0.816939 -0.071885 0.572226
vn 0.586323 -0.108832 0.802733
vn 0.836072 -0.087108 0.541661
vn 0.703392 0.049468 -0.709078
vn 0.804817 0.028543 -0.592837
vn 0.779432 -0.099533 0.618530
vn 0.786490 0.021158 0.617240
vn 0.822879 0.024408 0.567692
vn 0.752409 0.285250 -0.593729
vn 0.814496 0.179841 -0.551591
vn 0.783892 0.163732 0.598920
vn 0.590153 0.096676 0.801482
vn 0.524798 0.125651 0.841902
vn 0.795566 0.196881 0.572986
vn 0.746719 0.488950 -0.450930
vn 0.790787 0.423199 -0.442219
vn 0.755141 0.499186 -0.424943
vn 0.773447 0.536623 -0.337366
vn 0.693880 0.331982 0.638998
vn 0.494951 0.268526 0.826388
vn 0.652787 0.655097 -0.380416
vn 0.687736 0.628880 -0.362670
vn 0.618265 0.669009 -0.412524
vn 0.696666 0.548944 -0.461862
vn 0.600487 0.509128 -0.616607
vn 0.503145 0.288653 0.814570
vn 0.523535 0.371112 -0.766934
vn 0.561863 0.516224 -0.646393
vn 0.632225 0.374012 -0.678533
vn 0.553542 0.232177 0.799803
vn 0.531970 0.276538 0.800334
vn 0.601635 0.285206 0.746118
vn 0.522438 0.182337 -0.832954
vn 0.598980 0.227819 -0.767673
vn 0.609726 0.168484 0.774498
vn 0.675603 0.229232 0.700723
vn 0.496669 0.032242 -0.867341
vn 0.561897 0.038866 -0.826294
vn 0.667032 0.147143 0.730354
vn 0.710894 0.164760 0.683728
vn 0.488786 0.054738 -0.870685
vn 0.526706 0.027038 -0.849618
vn 0.679524 0.229289 0.696903
vn 0.687531 0.232870 0.687802
vn 0.501216 0.221508 -0.836491
vn 0.643928 0.421621 0.638429
vn 0.726846 0.286838 0.624035
vn 0.679057 0.431897 0.593588
vn 0.605900 0.396345 -0.689779
vn 0.367349 0.642926 -0.672087
vn 0.535564 0.677465 -0.504194
vn 0.554518 0.667363 0.497129
vn 0.678243 0.506272 0.532612
vn 0.614751 0.676723 0.405126
vn 0.455597 0.856087 -0.244022
vn 0.514710 0.782162 -0.351135
vn 0.453589 0.884473 -0.109385
vn 0.581567 0.803575 -0.126682
vn 0.477868 0.875634 0.070048
vn 0.599278 0.799472 0.041358
vn 0.509048 0.831429 0.222702
vn 0.590633 0.785410 0.185158
vn 0.506416 0.797729 0.327372
vn 0.552085 0.782140 0.288894
vn 0.754399 -0.635277 -0.165245
vn 0.747890 -0.663427 -0.022913
vn 0.734220 -0.674407 0.078086
vn 0.823000 -0.334723 -0.458946
vn 0.808510 -0.501713 -0.307565
vn 0.820984 -0.546093 -0.166637
vn 0.787649 -0.606053 -0.110944
vn 0.757525 -0.651913 0.034135
vn 0.933047 -0.357849 0.036964
vn 0.764978 -0.641358 0.058892
vn 0.766921 -0.622831 0.154641
vn 0.796381 -0.513947 0.318804
vn 0.776270 -0.483133 0.404953
vn 0.851271 -0.180236 -0.492800
vn 0.893347 -0.226624 -0.388038
vn 0.924667 -0.249419 -0.287716
vn 0.920070 -0.342865 -0.189511
vn 0.928433 -0.363632 0.076055
vn 0.897277 -0.396137 0.194859
vn 0.836978 -0.421050 0.349549
vn 0.864234 -0.228964 0.447967
vn 0.808839 -0.320886 0.492759
vn 0.880708 0.026623 -0.472910
vn 0.899782 -0.038556 -0.434632
vn 0.951392 -0.077679 -0.298025
vn 0.848238 -0.165676 0.503034
vn 0.878983 -0.147381 0.453505
vn 0.803674 -0.205636 0.558411
vn 0.877557 0.047559 -0.477107
vn 0.895425 0.123740 -0.427671
vn 0.911576 0.059688 -0.406777
vn 0.916656 0.063615 -0.394583
vn 0.852970 -0.117625 0.508535
vn 0.877469 -0.117158 0.465105
vn 0.823519 -0.117284 0.555032
vn 0.867915 -0.059509 -0.493136
vn 0.899568 -0.056804 -0.433071
vn 0.914915 -0.041857 -0.401470
vn 0.844135 -0.137802 0.518118
vn 0.825653 -0.128322 0.549392
vn 0.815672 -0.111519 0.567664
vn 0.856442 -0.219076 -0.467454
vn 0.846769 -0.232690 -0.478370
vn 0.883656 -0.189125 -0.428233
vn 0.782609 -0.094238 0.615339
vn 0.776669 -0.154185 0.610747
vn 0.811312 -0.368521 -0.453833
vn 0.829206 -0.349271 -0.436380
vn 0.726412 -0.427449 -0.538157
vn 0.743781 -0.098601 0.661111
vn 0.700197 -0.168133 0.693869
vn 0.811735 -0.416540 -0.409366
vn 0.813563 -0.393883 -0.427751
vn 0.667976 -0.501845 -0.549509
vn 0.648298 -0.521246 -0.554989
vn 0.703965 -0.092210 0.704224
vn 0.605037 -0.187083 0.773906
vn 0.852735 -0.348076 -0.389469
vn 0.851953 -0.344259 -0.394540
vn 0.737729 -0.422415 -0.526613
vn 0.677438 -0.482253 -0.555437
vn 0.667025 -0.097611 0.738613
vn 0.516405 -0.139288 0.844941
vn 0.882085 -0.164032 -0.441611
vn 0.901368 -0.180743 -0.393533
vn 0.871395 -0.202193 -0.446977
vn 0.761773 -0.354187 -0.542452
vn 0.638695 -0.094967 0.763577
vn 0.590615 -0.095715 0.801256
vn 0.900702 -0.015458 -0.434163
vn 0.917120 -0.015822 -0.398297
vn 0.881316 -0.029430 -0.471610
vn 0.517147 -0.134952 0.845190
vn 0.911869 0.110560 -0.395311
vn 0.917676 0.113574 -0.380751
vn 0.876145 0.094018 -0.472790
vn 0.589585 -0.014835 0.807570
vn 0.485068 -0.046192 0.873255
vn 0.892569 0.291569 -0.343958
vn 0.895037 0.272114 -0.353360
vn 0.760713 0.211041 -0.613823
vn 0.854363 0.271992 -0.442814
vn 0.668393 0.307875 -0.677100
vn 0.420795 0.122292 0.898875
vn 0.831062 0.430954 -0.351589
vn 0.804214 0.407272 -0.432863
vn 0.684827 0.384476 -0.619023
vn 0.409260 0.265825 0.872836
vn 0.656539 0.457455 -0.599743
vn 0.618876 0.454682 -0.640512
vn 0.592884 0.436640 -0.676634
vn 0.516106 0.332685 0.789275
vn 0.369145 0.421780 0.828151
vn 0.414117 0.392045 0.821467
vn 0.610162 0.373985 -0.698453
vn 0.541258 0.363955 0.758008
vn 0.642686 0.307027 -0.701918
vn 0.666663 0.119489 -0.735720
vn 0.694003 0.233293 -0.681127
vn 0.707153 0.287822 0.645827
vn 0.613426 0.425057 0.665609
vn 0.714903 0.305238 0.629081
vn 0.683441 0.001226 -0.730005
vn 0.756709 0.053613 -0.651550
vn 0.756337 0.178969 0.629225
vn 0.771121 0.199627 0.604583
vn 0.690034 0.035700 -0.722896
vn 0.787209 0.022673 -0.616270
vn 0.782419 0.207109 0.587304
vn 0.876339 0.196880 0.439622
vn 0.870670 0.242915 0.427698
vn 0.765087 0.212354 0.607904
vn 0.695095 0.221992 -0.683785
vn 0.774565 0.228715 -0.589693
vn 0.766119 0.386632 0.513398
vn 0.805068 0.395108 0.442443
vn 0.656659 0.660989 -0.363171
vn 0.778877 0.422966 -0.463088
vn 0.858250 0.458132 -0.231350
vn 0.677373 0.690158 0.254654
vn 0.848229 0.476123 0.231979
vn 0.650271 0.743354 0.156758
vn 0.722676 0.579667 0.376464
vn 0.808915 0.494913 0.317360
vn 0.613136 0.776961 -0.142816
vn 0.623477 0.780952 0.037291
vn 0.947163 -0.316474 -0.052212
vn 0.967583 -0.183378 -0.173653
vn 0.978195 -0.204043 -0.038735
vn 0.968641 -0.244351 0.045033
vn 0.955794 -0.260074 0.137181
vn 0.938553 -0.274414 0.209322
vn 0.946496 -0.001073 -0.322715
vn 0.979700 -0.036251 -0.197163
vn 0.994590 -0.078590 -0.067928
vn 0.994423 -0.104041 0.017259
vn 0.985873 -0.132882 0.101966
vn 0.952007 -0.178230 0.248830
vn 0.959858 0.008055 -0.280372
vn 0.992698 -0.048562 -0.110421
vn 0.995681 -0.092478 -0.008191
vn 0.990993 -0.107844 0.079393
vn 0.948105 -0.113142 0.297146
vn 0.932745 -0.165488 -0.320314
vn 0.975492 -0.151770 -0.159313
vn 0.971144 -0.232182 -0.054499
vn 0.971392 -0.221111 0.086645
vn 0.938486 -0.179932 0.294736
vn 0.885559 -0.145165 0.441262
vn 0.821554 -0.329079 -0.465571
vn 0.862716 -0.362777 -0.352299
vn 0.920731 -0.335935 -0.198500
vn 0.915351 -0.374529 -0.147851
vn 0.938448 -0.345404 0.003318
vn 0.874549 -0.483739 0.034068
vn 0.941813 -0.326758 0.078851
vn 0.896514 -0.291151 0.333907
vn 0.849694 -0.218460 0.479890
vn 0.757675 -0.456279 -0.466625
vn 0.761067 -0.511901 -0.398415
vn 0.817901 -0.506413 -0.273099
vn 0.827891 -0.519931 -0.210402
vn 0.862674 -0.467453 0.193083
vn 0.811218 -0.430295 0.395944
vn 0.704332 -0.374598 0.602986
vn 0.763776 -0.277908 0.582592
vn 0.631103 -0.533376 -0.563223
vn 0.627389 -0.538931 -0.562082
vn 0.649735 -0.590530 -0.478664
vn 0.674113 -0.237871 0.699277
vn 0.665535 -0.349089 0.659697
vn 0.709857 -0.384326 -0.590252
vn 0.654604 -0.436795 -0.617011
vn 0.628692 -0.514604 -0.583034
vn 0.607017 -0.333883 0.721147
vn 0.516239 -0.203502 0.831916
vn 0.788183 -0.205688 -0.580052
vn 0.764631 -0.186345 -0.616941
vn 0.677948 -0.270590 -0.683496
vn 0.492811 -0.134989 0.859602
vn 0.472370 -0.153426 0.867944
vn 0.784650 -0.028238 -0.619295
vn 0.743864 -0.062924 -0.665362
vn 0.686140 -0.139871 -0.713896
vn 0.472261 -0.172654 0.864384
vn 0.394099 -0.217947 0.892852
vn 0.763785 0.121332 -0.633965
vn 0.723961 0.087238 -0.684303
vn 0.428168 -0.153832 0.890510
vn 0.301532 -0.191140 0.934101
vn 0.641733 0.329955 -0.692321
vn 0.687760 0.178618 -0.703620
vn 0.613990 0.214647 -0.759567
vn 0.373554 -0.112025 0.920819
vn 0.311794 0.082571 0.946555
vn 0.619837 0.381493 -0.685759
vn 0.576661 0.370249 -0.728271
vn 0.298034 0.264036 0.917312
vn 0.268500 0.212417 0.939567
vn 0.257716 0.350394 0.900448
vn 0.571052 0.443463 -0.690826
vn 0.553643 0.450120 -0.700622
vn 0.566707 0.471830 -0.675440
vn 0.289560 0.472909 0.832173
vn 0.596728 0.435135 -0.674220
vn 0.588904 0.458928 -0.665265
vn 0.511628 0.534333 0.672848
vn 0.357631 0.591589 0.722580
vn 0.468322 0.632823 0.616612
vn 0.835544 0.249784 -0.489361
vn 0.714602 0.391733 -0.579559
vn 0.809038 0.450589 -0.377396
vn 0.855518 0.420094 0.302672
vn 0.696651 0.678448 0.233207
vn 0.903255 0.390762 0.177302
vn 0.700126 0.469425 0.538018
vn 0.654339 0.667249 0.355836
vn 0.901336 0.078067 -0.426028
vn 0.930668 0.260567 -0.256832
vn 0.962340 0.176732 -0.206560
vn 0.978847 0.202903 0.026235
vn 0.945604 0.321004 -0.052814
vn 0.953722 0.248896 0.168715
vn 0.927221 0.366301 0.078008
vn 0.923876 0.266811 0.274347
vn 0.868294 0.259462 0.422783
vn 0.921439 0.075428 -0.381132
vn 0.979996 0.094612 -0.175091
vn 0.992460 0.119739 0.026203
vn 0.973491 0.152615 0.170362
vn 0.937484 0.174390 0.301182
vn 0.904406 0.291510 -0.311562
vn 0.945721 0.284962 -0.156229
vn 0.966812 0.254434 0.023173
vn 0.932939 0.308047 0.186363
vn 0.919814 0.231339 0.316898
vn 0.874017 0.461641 -0.151601
vn 0.888821 0.456066 0.044733
vn 0.870292 -0.490930 -0.039757
vn 0.725531 -0.613611 -0.311587
vn 0.816267 -0.553016 -0.166979
vn 0.847150 -0.530232 -0.034496
vn 0.848138 -0.518144 0.110407
vn 0.824991 -0.488770 0.283714
vn 0.687630 -0.599988 -0.408876
vn 0.747843 -0.600292 -0.283514
vn 0.793218 -0.584129 -0.172045
vn 0.801171 -0.589507 -0.102985
vn 0.810036 -0.586374 -0.002732
vn 0.809281 -0.570899 0.138338
vn 0.828339 -0.500823 0.251059
vn 0.765803 -0.468145 0.440892
vn 0.655232 -0.389386 -0.647340
vn 0.670440 -0.460160 -0.582034
vn 0.736446 -0.544684 -0.401207
vn 0.810266 -0.535037 -0.239176
vn 0.664279 -0.418085 0.619627
vn 0.582600 -0.351317 0.732907
vn 0.679518 -0.344787 0.647593
vn 0.659147 -0.329436 -0.676015
vn 0.745375 -0.324207 -0.582500
vn 0.552849 -0.259601 0.791812
vn 0.424903 -0.222874 0.877374
vn 0.674953 -0.064485 -0.735037
vn 0.688167 -0.122144 -0.715197
vn 0.736105 -0.162769 -0.657005
vn 0.397337 -0.267012 0.877968
vn 0.645334 0.075837 -0.760127
vn 0.653035 0.038814 -0.756332
vn 0.375515 -0.204029 0.904080
vn 0.607601 0.226086 -0.761384
vn 0.256331 -0.045844 0.965501
vn 0.325197 -0.020989 0.945413
vn 0.632720 0.315544 -0.707176
vn 0.552697 0.396454 -0.733042
vn 0.626370 0.402763 -0.667415
vn 0.298775 0.348359 0.888470
vn 0.593173 0.467499 -0.655432
vn 0.344162 0.614604 0.709799
vn 0.428208 0.608118 0.668454
vn 0.495876 0.715535 0.492054
vn 0.700705 0.594113 -0.395021
vn 0.738048 0.551048 -0.389399
vn 0.792213 0.558221 -0.246553
vn 0.715730 0.627678 -0.306188
vn 0.789820 0.607215 -0.086455
vn 0.702780 0.694105 -0.155944
vn 0.764191 0.644905 -0.010474
vn 0.664443 0.746864 -0.026643
vn 0.692523 0.697056 0.185808
vn 0.628009 0.768417 0.123044
vn 0.546805 0.725540 0.417847
vn 0.563049 0.771433 0.296423
vn 0.843917 0.478308 -0.242954
vn 0.854663 0.512487 -0.083118
vn 0.786908 0.615351 0.046035
vn 0.844990 -0.523221 -0.110599
vn 0.858204 -0.513308 0.000299
vn 0.850230 -0.502787 0.155930
vn 0.811238 -0.381212 -0.443362
vn 0.856401 -0.460688 -0.233119
vn 0.883032 -0.457860 -0.103047
vn 0.883721 -0.467894 -0.010625
vn 0.888768 -0.433737 0.148201
vn 0.820016 -0.379547 0.428389
vn 0.843195 -0.271854 -0.463808
vn 0.904975 -0.297398 -0.304261
vn 0.915164 -0.366121 -0.168613
vn 0.927227 -0.367837 -0.070332
vn 0.930580 -0.364930 0.029110
vn 0.913104 -0.374687 0.160783
vn 0.910105 -0.342784 0.232827
vn 0.788856 -0.354661 0.501918
vn 0.716508 -0.304102 0.627805
vn 0.767973 -0.146568 -0.623487
vn 0.780379 -0.157454 -0.605158
vn 0.925421 -0.224740 -0.305104
vn 0.770673 -0.356278 0.528326
vn 0.743808 -0.356370 0.565465
vn 0.639349 -0.350219 0.684529
vn 0.739417 -0.017224 -0.673028
vn 0.775107 -0.065360 -0.628440
vn 0.919310 -0.161383 -0.358922
vn 0.603595 -0.361491 0.710632
vn 0.477768 -0.233222 0.846963
vn 0.688773 0.173668 -0.703869
vn 0.738755 0.146931 -0.657763
vn 0.476199 0.024361 0.879000
vn 0.719229 0.467174 -0.514255
vn 0.717535 0.313290 -0.622088
vn 0.823794 0.377538 -0.422882
vn 0.400369 0.368694 0.838910
vn 0.726485 0.565556 -0.390339
vn 0.767746 0.543112 -0.339993
vn 0.727297 0.607761 -0.318851
vn 0.703774 0.685397 -0.186902
vn 0.827772 0.520164 -0.210292
vn 0.845827 0.517952 -0.127683
vn 0.495114 0.725307 0.478321
vn 0.705182 0.615146 0.352580
vn 0.578638 0.808485 0.107377
vn 0.625602 0.614956 0.480053
vn 0.686478 0.722848 -0.078980
vn 0.634869 0.769260 0.071972
vn 0.952989 -0.229903 -0.197375
vn 0.962867 -0.257830 -0.080072
vn 0.958941 -0.283382 0.011281
vn 0.944746 -0.304168 0.122213
vn 0.958829 -0.182246 -0.217793
vn 0.973979 -0.203839 -0.099071
vn 0.973017 -0.229934 -0.019179
vn 0.958880 -0.271809 0.081664
vn 0.902164 -0.306905 0.303167
vn 0.936925 -0.066929 -0.343064
vn 0.973503 -0.081062 -0.213823
vn 0.984425 -0.119234 -0.129191
vn 0.983047 -0.170625 -0.067129
vn 0.973865 -0.225511 0.027058
vn 0.918120 -0.271426 0.288762
vn 0.828822 -0.290662 0.478090
vn 0.910505 0.171603 -0.376208
vn 0.959562 0.105635 -0.260925
vn 0.984550 0.073972 -0.158709
vn 0.991186 0.054861 -0.120584
vn 0.999557 0.020011 -0.022036
vn 0.967906 -0.006434 0.251230
vn 0.848174 -0.091876 0.521689
vn 0.897367 0.339140 -0.282341
vn 0.923765 0.345470 -0.165253
vn 0.928354 0.355147 -0.109682
vn 0.938546 0.342011 -0.046477
vn 0.895657 0.400964 0.192421
vn 0.835037 0.233230 0.498314
vn 0.860923 0.501032 -0.088196
vn 0.846343 0.532633 0.002426
f 1//1 2//2 3//3
f 1//1 4//4 5//5
f 3//3 4//4 1//1
f 5//5 6//6 7//7
f 4//4 6//6 5//5
f 7//7 8//8 9//9
f 6//6 8//8 7//7
f 9//9 10//10 11//11
f 8//8 10//10 9//9
f 11//11 12//12 13//13
f 10//10 12//12 11//11
f 13//13 14//14 15//15
f 12//12 14//14 13//13
f 14//14 16//16 15//15
f 17//17 2//2 1//1
f 18//18 2//2 17//17
f 5//5 19//19 1//1
f 19//19 17//17 1//1
f 7//7 20//20 5//5
f 20//20 19//19 5//5
f 9//9 21//21 7//7
f 21//21 20//20 7//7
f 11//11 22//22 9//9
f 22//22 21//21 9//9
f 13//13 23//23 11//11
f 23//23 22//22 11//11
f 15//15 24//24 13//13
f 24//24 23//23 13//13
f 25//25 15//15 16//16
f 24//24 15//15 25//25
f 26//26 18//18 17//17
f 27//27 18//18 26//26
f 19//19 28//28 17//17
f 28//28 26//26 17//17
f 20//20 29//29 19//19
f 29//29 28//28 19//19
f 21//21 30//30 20//20
f 30//30 29//29 20//20
f 22//22 31//31 21//21
f 31//31 30//30 21//21
f 23//23 32//32 22//22
f 32//32 31//31 22//22
f 24//24 33//33 23//23
f 33//33 32//32 23//23
f 34//34 24//24 25//25
f 33//33 24//24 34//34
f 26//26 35//35 27//27
f 35//35 36//36 37//37
f 35//35 26//26 36//36
f 26//26 28//28 36//36
f 29//29 38//38 28//28
f 38//38 36//36 28//28
f 30//30 39//39 29//29
f 39//39 38//38 29//29
f 31//31 40//40 30//30
f 40//40 39//39 30//30
f 32//32 41//41 31//31
f 41//41 40//40 31//31
f 33//33 42//42 32//32
f 42//42 41//41 32//32
f 43//43 33//33 34//34
f 42//42 33//33 43//43
f 36//36 44//44 37//37
f 38//38 44//44 36//36
f 45//45 44//44 38//38
f 39//39 45//45 38//38
f 46//46 45//45 39//39
f 40//40 46//46 39//39
f 47//47 46//46 40//40
f 41//41 47//47 40//40
f 48//48 47//47 41//41
f 42//42 48//48 41//41
f 49//49 48//48 42//42
f 43//43 49//49 42//42
f 50//50 51//51 52//52
f 50//50 53//53 54//54
f 52//52 53//53 50//50
f 54//54 55//55 56//56
f 53//53 55//55 54//54
f 56//56 57//57 58//58
f 55//55 57//57 56//56
f 58//58 59//59 60//60
f 57//57 59//59 58//58
f 60//60 61//61 62//62
f 59//59 61//61 60//60
f 62//62 63//63 64//64
f 61//61 63//63 62//62
f 63//63 65//65 64//64
f 66//66 67//67 68//68
f 51//51 66//66 68//68
f 50//50 66//66 51//51
f 50//50 2//2 66//66
f 50//50 3//3 2//2
f 4//4 3//3 50//50
f 54//54 4//4 50//50
f 6//6 4//4 54//54
f 56//56 6//6 54//54
f 8//8 6//6 56//56
f 58//58 8//8 56//56
f 10//10 8//8 58//58
f 60//60 10//10 58//58
f 12//12 10//10 60//60
f 62//62 12//12 60//60
f 14//14 12//12 62//62
f 64//64 14//14 62//62
f 16//16 69//69 70//70
f 14//14 69//69 16//16
f 14//14 65//65 69//69
f 14//14 64//64 65//65
f 69//69 71//71 70//70
f 72//72 67//67 66//66
f 73//73 67//67 72//72
f 2//2 18//18 72//72
f 66//66 2//2 72//72
f 70//70 74//74 25//25
f 16//16 70//70 25//25
f 75//75 70//70 71//71
f 74//74 70//70 75//75
f 76//76 73//73 72//72
f 77//77 73//73 76//76
f 18//18 27//27 76//76
f 72//72 18//18 76//76
f 74//74 78//78 34//34
f 25//25 74//74 34//34
f 79//79 74//74 75//75
f 78//78 74//74 79//79
f 80//80 77//77 76//76
f 81//81 77//77 80//80
f 27//27 35//35 82//82
f 27//27 82//82 76//76
f 76//76 82//82 80//80
f 35//35 37//37 82//82
f 78//78 83//83 43//43
f 34//34 78//78 43//43
f 84//84 78//78 79//79
f 83//83 78//78 84//84
f 85//85 81//81 80//80
f 86//86 81//81 85//85
f 82//82 87//87 80//80
f 87//87 85//85 80//80
f 37//37 44//44 88//88
f 37//37 88//88 82//82
f 82//82 88//88 87//87
f 44//44 45//45 89//89
f 88//88 44//44 89//89
f 45//45 46//46 90//90
f 89//89 45//45 90//90
f 46//46 47//47 91//91
f 90//90 46//46 91//91
f 47//47 48//48 92//92
f 91//91 47//47 92//92
f 48//48 49//49 93//93
f 92//92 48//48 93//93
f 49//49 94//94 93//93
f 43//43 94//94 49//49
f 43//43 95//95 94//94
f 43//43 83//83 95//95
f 84//84 95//95 83//83
f 85//85 96//96 86//86
f 87//87 96//96 85//85
f 97//97 96//96 87//87
f 97//97 98//98 99//99
f 97//97 87//87 98//98
f 87//87 88//88 98//98
f 89//89 100//100 88//88
f 100//100 98//98 88//88
f 90//90 101//101 89//89
f 101//101 100//100 89//89
f 91//91 102//102 90//90
f 102//102 101//101 90//90
f 103//103 92//92 104//104
f 103//103 102//102 92//92
f 102//102 91//91 92//92
f 93//93 104//104 92//92
f 105//105 104//104 93//93
f 94//94 105//105 93//93
f 98//98 106//106 99//99
f 100//100 106//106 98//98
f 107//107 106//106 100//100
f 101//101 107//107 100//100
f 108//108 107//107 101//101
f 102//102 108//108 101//101
f 109//109 108//108 102//102
f 103//103 109//109 102//102
f 110//110 111//111 112//112
f 110//110 113//113 114//114
f 112//112 113//113 110//110
f 114//114 115//115 116//116
f 113//113 115//115 114//114
f 116//116 117//117 118//118
f 115//115 117//117 116//116
f 118//118 119//119 120//120
f 117//117 119//119 118//118
f 120//120 121//121 122//122
f 119//119 121//121 120//120
f 122//122 123//123 124//124
f 121//121 123//123 122//122
f 123//123 125//125 124//124
f 126//126 127//127 128//128
f 111//111 126//126 128//128
f 110//110 126//126 111//111
f 110//110 51//51 126//126
f 110//110 52//52 51//51
f 53//53 52//52 110//110
f 114//114 53//53 110//110
f 55//55 53//53 114//114
f 116//116 55//55 114//114
f 57//57 55//55 116//116
f 118//118 57//57 116//116
f 59//59 57//57 118//118
f 120//120 59//59 118//118
f 61//61 59//59 120//120
f 122//122 61//61 120//120
f 63//63 61//61 122//122
f 124//124 63//63 122//122
f 65//65 129//129 130//130
f 63//63 129//129 65//65
f 63//63 125//125 129//129
f 63//63 124//124 125//125
f 129//129 131//131 130//130
f 132//132 133//133 134//134
f 127//127 132//132 134//134
f 126//126 132//132 127//127
f 126//126 67//67 132//132
f 126//126 68//68 67//67
f 51//51 68//68 126//126
f 65//65 130//130 69//69
f 71//71 135//135 136//136
f 69//69 135//135 71//71
f 69//69 131//131 135//135
f 69//69 130//130 131//131
f 135//135 137//137 136//136
f 138//138 133//133 132//132
f 139//139 133//133 138//138
f 67//67 73//73 138//138
f 132//132 67//67 138//138
f 136//136 140//140 75//75
f 71//71 136//136 75//75
f 141//141 136//136 137//137
f 140//140 136//136 141//141
f 142//142 139//139 138//138
f 143//143 139//139 142//142
f 73//73 77//77 142//142
f 138//138 73//73 142//142
f 140//140 144//144 79//79
f 75//75 140//140 79//79
f 145//145 140//140 141//141
f 144//144 140//140 145//145
f 146//146 143//143 142//142
f 147//147 143//143 146//146
f 77//77 81//81 146//146
f 142//142 77//77 146//146
f 144//144 148//148 149//149
f 144//144 149//149 79//79
f 79//79 149//149 84//84
f 145//145 148//148 144//144
f 150//150 147//147 146//146
f 151//151 147//147 150//150
f 81//81 86//86 150//150
f 146//146 81//81 150//150
f 95//95 152//152 153//153
f 94//94 95//95 153//153
f 149//149 95//95 84//84
f 152//152 95//95 149//149
f 150//150 154//154 151//151
f 155//155 156//156 154//154
f 96//96 155//155 154//154
f 96//96 154//154 150//150
f 96//96 150//150 86//86
f 96//96 97//97 157//157
f 155//155 96//96 157//157
f 97//97 99//99 157//157
f 104//104 158//158 103//103
f 159//159 158//158 104//104
f 159//159 104//104 160//160
f 160//160 104//104 105//105
f 153//153 105//105 94//94
f 160//160 105//105 153//153
f 155//155 161//161 156//156
f 157//157 161//161 155//155
f 162//162 161//161 157//157
f 99//99 162//162 157//157
f 99//99 106//106 162//162
f 106//106 163//163 162//162
f 164//164 165//165 163//163
f 164//164 163//163 107//107
f 107//107 163//163 106//106
f 107//107 108//108 166//166
f 164//164 107//107 166//166
f 167//167 166//166 108//108
f 167//167 108//108 168//168
f 168//168 108//108 109//109
f 158//158 109//109 103//103
f 158//158 169//169 109//109
f 169//169 168//168 109//109
f 159//159 169//169 158//158
f 164//164 170//170 165//165
f 166//166 170//170 164//164
f 171//171 170//170 166//166
f 167//167 171//171 166//166
f 172//172 173//173 174//174
f 172//172 175//175 176//176
f 174//174 175//175 172//172
f 175//175 177//177 176//176
f 178//178 179//179 180//180
f 178//178 181//181 182//182
f 180//180 181//181 178//178
f 173//173 182//182 181//181
f 173//173 172//172 182//182
f 172//172 183//183 182//182
f 176//176 184//184 172//172
f 184//184 183//183 172//172
f 185//185 176//176 177//177
f 185//185 186//186 176//176
f 186//186 184//184 176//176
f 185//185 187//187 186//186
f 188//188 189//189 190//190
f 179//179 188//188 190//190
f 179//179 178//178 188//188
f 178//178 191//191 188//188
f 182//182 192//192 178//178
f 192//192 191//191 178//178
f 183//183 193//193 182//182
f 193//193 192//192 182//182
f 184//184 194//194 183//183
f 194//194 193//193 183//183
f 186//186 195//195 184//184
f 195//195 194//194 184//184
f 196//196 186//186 187//187
f 195//195 186//186 196//196
f 112//112 197//197 198//198
f 111//111 197//197 112//112
f 189//189 188//188 113//113
f 189//189 113//113 198//198
f 198//198 113//113 112//112
f 115//115 113//113 188//188
f 191//191 115//115 188//188
f 117//117 115//115 191//191
f 192//192 117//117 191//191
f 119//119 117//117 192//192
f 193//193 119//119 192//192
f 121//121 119//119 193//193
f 194//194 121//121 193//193
f 123//123 121//121 194//194
f 195//195 123//123 194//194
f 125//125 199//199 200//200
f 123//123 199//199 125//125
f 123//123 196//196 199//199
f 123//123 195//195 196//196
f 199//199 201//201 200//200
f 128//128 202//202 203//203
f 127//127 202//202 128//128
f 197//197 111//111 128//128
f 203//203 197//197 128//128
f 125//125 200//200 129//129
f 131//131 204//204 205//205
f 129//129 204//204 131//131
f 129//129 201//201 204//204
f 129//129 200//200 201//201
f 204//204 206//206 205//205
f 134//134 207//207 208//208
f 133//133 207//207 134//134
f 202//202 127//127 134//134
f 208//208 202//202 134//134
f 131//131 205//205 135//135
f 205//205 137//137 135//135
f 205//205 206//206 137//137
f 206//206 209//209 137//137
f 133//133 139//139 207//207
f 207//207 139//139 210//210
f 211//211 212//212 141//141
f 211//211 141//141 209//209
f 209//209 141//141 137//137
f 211//211 213//213 212//212
f 139//139 143//143 210//210
f 210//210 143//143 214//214
f 212//212 215//215 145//145
f 141//141 212//212 145//145
f 216//216 212//212 213//213
f 215//215 212//212 216//216
f 143//143 147//147 214//214
f 214//214 147//147 217//217
f 148//148 218//218 149//149
f 148//148 219//219 218//218
f 145//145 219//219 148//148
f 145//145 220//220 219//219
f 145//145 215//215 220//220
f 216//216 220//220 215//215
f 147//147 151//151 217//217
f 217//217 151//151 221//221
f 152//152 222//222 153//153
f 152//152 223//223 222//222
f 149//149 223//223 152//152
f 149//149 224//224 223//223
f 149//149 218//218 224//224
f 219//219 224//224 218//218
f 225//225 151//151 154//154
f 225//225 226//226 151//151
f 226//226 221//221 151//151
f 154//154 156//156 225//225
f 160//160 227//227 159//159
f 160//160 228//228 227//227
f 153//153 228//228 160//160
f 153//153 229//229 228//228
f 153//153 222//222 229//229
f 223//223 229//229 222//222
f 225//225 230//230 226//226
f 156//156 230//230 225//225
f 156//156 161//161 230//230
f 161//161 231//231 230//230
f 232//232 233//233 231//231
f 232//232 231//231 162//162
f 162//162 231//231 161//161
f 162//162 163//163 234//234
f 232//232 162//162 234//234
f 163//163 165//165 234//234
f 168//168 235//235 167//167
f 168//168 169//169 236//236
f 235//235 168//168 236//236
f 169//169 237//237 236//236
f 159//159 237//237 169//169
f 159//159 238//238 237//237
f 159//159 227//227 238//238
f 228//228 238//238 227//227
f 232//232 239//239 233//233
f 234//234 239//239 232//232
f 240//240 239//239 234//234
f 165//165 240//240 234//234
f 165//165 170//170 240//240
f 170//170 241//241 240//240
f 242//242 243//243 241//241
f 242//242 241//241 171//171
f 171//171 241//241 170//170
f 171//171 244//244 242//242
f 167//167 244//244 171//171
f 167//167 245//245 244//244
f 167//167 235//235 245//245
f 236//236 245//245 235//235
f 246//246 245//245 236//236
f 237//237 246//246 236//236
f 242//242 247//247 243//243
f 244//244 247//247 242//242
f 248//248 249//249 250//250
f 248//248 251//251 252//252
f 250//250 251//251 248//248
f 252//252 253//253 254//254
f 251//251 253//253 252//252
f 253//253 255//255 254//254
f 256//256 257//257 258//258
f 249//249 256//256 258//258
f 249//249 248//248 256//256
f 248//248 259//259 256//256
f 252//252 260//260 248//248
f 260//260 259//259 248//248
f 254//254 261//261 252//252
f 261//261 260//260 252//252
f 262//262 254//254 255//255
f 262//262 263//263 254//254
f 263//263 261//261 254//254
f 262//262 264//264 263//263
f 265//265 266//266 267//267
f 257//257 265//265 267//267
f 257//257 256//256 265//265
f 256//256 268//268 265//265
f 259//259 269//269 256//256
f 269//269 268//268 256//256
f 174//174 173//173 269//269
f 174//174 269//269 260//260
f 260//260 269//269 259//259
f 175//175 174//174 260//260
f 261//261 175//175 260//260
f 177//177 175//175 261//261
f 177//177 261//261 270//270
f 270//270 261//261 263//263
f 271//271 263//263 264//264
f 271//271 272//272 263//263
f 272//272 270//270 263//263
f 271//271 273//273 272//272
f 274//274 266//266 265//265
f 275//275 266//266 274//274
f 180//180 179//179 274//274
f 180//180 274//274 268//268
f 268//268 274//274 265//265
f 181//181 180//180 268//268
f 269//269 181//181 268//268
f 173//173 181//181 269//269
f 177//177 270//270 185//185
f 187//187 185//185 270//270
f 187//187 270//270 276//276
f 276//276 270//270 272//272
f 277//277 272//272 273//273
f 276//276 272//272 277//277
f 278//278 279//279 280//280
f 275//275 278//278 280//280
f 274//274 278//278 275//275
f 274//274 189//189 278//278
f 274//274 190//190 189//189
f 179//179 190//190 274//274
f 276//276 281//281 196//196
f 187//187 276//276 196//196
f 282//282 276//276 277//277
f 282//282 283//283 276//276
f 283//283 281//281 276//276
f 282//282 284//284 283//283
f 285//285 286//286 287//287
f 279//279 285//285 287//287
f 278//278 285//285 279//279
f 278//278 197//197 285//285
f 278//278 198//198 197//197
f 189//189 198//198 278//278
f 196//196 281//281 199//199
f 201//201 199//199 281//281
f 201//201 281//281 288//288
f 288//288 281//281 283//283
f 289//289 283//283 284//284
f 288//288 283//283 289//289
f 290//290 291//291 292//292
f 286//286 290//290 292//292
f 285//285 290//290 286//286
f 285//285 202//202 290//290
f 285//285 203//203 202//202
f 197//197 203//203 285//285
f 201//201 288//288 204//204
f 288//288 206//206 204//204
f 288//288 289//289 206//206
f 289//289 293//293 206//206
f 208//208 291//291 290//290
f 208//208 207//207 291//291
f 207//207 294//294 291//291
f 202//202 208//208 290//290
f 295//295 296//296 209//209
f 295//295 209//209 293//293
f 293//293 209//209 206//206
f 295//295 297//297 296//296
f 298//298 299//299 300//300
f 298//298 300//300 294//294
f 298//298 294//294 210//210
f 210//210 294//294 207//207
f 209//209 296//296 211//211
f 213//213 301//301 302//302
f 211//211 301//301 213//213
f 211//211 297//297 301//301
f 211//211 296//296 297//297
f 301//301 303//303 302//302
f 304//304 299//299 298//298
f 305//305 299//299 304//304
f 210//210 214//214 304//304
f 298//298 210//210 304//304
f 302//302 306//306 216//216
f 213//213 302//302 216//216
f 307//307 302//302 303//303
f 306//306 302//302 307//307
f 308//308 305//305 304//304
f 309//309 305//305 308//308
f 214//214 217//217 308//308
f 304//304 214//214 308//308
f 220//220 310//310 219//219
f 220//220 311//311 310//310
f 216//216 311//311 220//220
f 216//216 312//312 311//311
f 216//216 306//306 312//312
f 307//307 312//312 306//306
f 313//313 309//309 308//308
f 314//314 309//309 313//313
f 217//217 221//221 313//313
f 308//308 217//217 313//313
f 224//224 315//315 223//223
f 224//224 316//316 315//315
f 219//219 316//316 224//224
f 219//219 317//317 316//316
f 219//219 310//310 317//317
f 311//311 317//317 310//310
f 313//313 318//318 314//314
f 318//318 313//313 221//221
f 318//318 221//221 319//319
f 319//319 221//221 226//226
f 229//229 320//320 228//228
f 229//229 321//321 320//320
f 223//223 321//321 229//229
f 223//223 322//322 321//321
f 223//223 315//315 322//322
f 316//316 322//322 315//315
f 226//226 323//323 319//319
f 230//230 323//323 226//226
f 324//324 325//325 323//323
f 324//324 323//323 231//231
f 231//231 323//323 230//230
f 231//231 233//233 324//324
f 238//238 326//326 237//237
f 238//238 327//327 326//326
f 228//228 327//327 238//238
f 228//228 328//328 327//327
f 228//228 320//320 328//328
f 321//321 328//328 320//320
f 324//324 329//329 325//325
f 330//330 331//331 329//329
f 239//239 330//330 329//329
f 239//239 329//329 324//324
f 239//239 324//324 233//233
f 239//239 240//240 332//332
f 330//330 239//239 332//332
f 240//240 241//241 333//333
f 332//332 240//240 333//333
f 241//241 243//243 333//333
f 245//245 334//334 244//244
f 245//245 246//246 335//335
f 334//334 245//245 335//335
f 246//246 336//336 335//335
f 237//237 336//336 246//246
f 237//237 337//337 336//336
f 237//237 326//326 337//337
f 327//327 337//337 326//326
f 330//330 338//338 331//331
f 332//332 338//338 330//330
f 339//339 338//338 332//332
f 339//339 340//340 341//341
f 339//339 332//332 340//340
f 332//332 333//333 340//340
f 243//243 247//247 342//342
f 243//243 342//342 333//333
f 333//333 342//342 340//340
f 247//247 244//244 334//334
f 247//247 334//334 342//342
f 342//342 334//334 343//343
f 344//344 335//335 345//345
f 344//344 343//343 335//335
f 343//343 334//334 335//335
f 336//336 345//345 335//335
f 340//340 346//346 341//341
f 342//342 346//346 340//340
f 347//347 346//346 342//342
f 343//343 347//347 342//342
f 348//348 347//347 343//343
f 344//344 348//348 343//343
f 349//349 350//350 351//351
f 349//349 352//352 353//353
f 351//351 352//352 349//349
f 353//353 354//354 355//355
f 352//352 354//354 353//353
f 355//355 356//356 357//357
f 354//354 356//356 355//355
f 356//356 358//358 357//357
f 359//359 360//360 361//361
f 350//350 359//359 361//361
f 350//350 349//349 359//359
f 349//349 362//362 359//359
f 250//250 249//249 362//362
f 250//250 362//362 353//353
f 353//353 362//362 349//349
f 251//251 250//250 353//353
f 355//355 251//251 353//353
f 253//253 251//251 355//355
f 357//357 253//253 355//355
f 255//255 363//363 364//364
f 253//253 363//363 255//255
f 253//253 358//358 363//363
f 253//253 357//357 358//358
f 363//363 365//365 364//364
f 366//366 367//367 368//368
f 360//360 366//366 368//368
f 360//360 359//359 366//366
f 359//359 369//369 366//366
f 258//258 257//257 369//369
f 258//258 369//369 362//362
f 362//362 369//369 359//359
f 249//249 258//258 362//362
f 255//255 364//364 262//262
f 264//264 370//370 371//371
f 262//262 370//370 264//264
f 262//262 365//365 370//370
f 262//262 364//364 365//365
f 370//370 372//372 371//371
f 373//373 367//367 366//366
f 374//374 367//367 373//373
f 267//267 266//266 373//373
f 267//267 373//373 369//369
f 369//369 373//373 366//366
f 257//257 267//267 369//369
f 264//264 371//371 271//271
f 273//273 375//375 376//376
f 271//271 375//375 273//273
f 271//271 372//372 375//375
f 271//271 371//371 372//372
f 375//375 377//377 376//376
f 378//378 379//379 380//380
f 374//374 378//378 380//380
f 374//374 373//373 378//378
f 373//373 381//381 378//378
f 266//266 275//275 381//381
f 373//373 266//266 381//381
f 376//376 382//382 277//277
f 273//273 376//376 277//277
f 383//383 376//376 377//377
f 382//382 376//376 383//383
f 384//384 379//379 378//378
f 385//385 379//379 384//384
f 280//280 279//279 384//384
f 280//280 384//384 381//381
f 381//381 384//384 378//378
f 275//275 280//280 381//381
f 277//277 382//382 282//282
f 284//284 386//386 387//387
f 282//282 386//386 284//284
f 282//282 383//383 386//386
f 282//282 382//382 383//383
f 386//386 388//388 387//387
f 287//287 385//385 384//384
f 287//287 286//286 385//385
f 286//286 389//389 385//385
f 279//279 287//287 384//384
f 387//387 390//390 289//289
f 284//284 387//387 289//289
f 391//391 387//387 388//388
f 390//390 387//387 391//391
f 292//292 392//392 393//393
f 291//291 392//392 292//292
f 389//389 286//286 292//292
f 393//393 389//389 292//292
f 390//390 394//394 293//293
f 289//289 390//390 293//293
f 395//395 390//390 391//391
f 395//395 396//396 390//390
f 396//396 394//394 390//390
f 395//395 397//397 396//396
f 398//398 399//399 400//400
f 398//398 400//400 392//392
f 398//398 392//392 294//294
f 294//294 392//392 291//291
f 293//293 394//394 295//295
f 297//297 295//295 394//394
f 297//297 394//394 401//401
f 401//401 394//394 396//396
f 402//402 396//396 397//397
f 402//402 403//403 396//396
f 403//403 401//401 396//396
f 402//402 404//404 403//403
f 300//300 399//399 398//398
f 300//300 299//299 399//399
f 299//299 405//405 399//399
f 294//294 300//300 398//398
f 297//297 401//401 301//301
f 303//303 301//301 401//401
f 303//303 401//401 406//406
f 406//406 401//401 403//403
f 407//407 403//403 404//404
f 406//406 403//403 407//407
f 408//408 409//409 410//410
f 408//408 410//410 405//405
f 408//408 405//405 305//305
f 305//305 405//405 299//299
f 406//406 411//411 307//307
f 303//303 406//406 307//307
f 412//412 406//406 407//407
f 411//411 406//406 412//412
f 413//413 409//409 408//408
f 414//414 409//409 413//413
f 305//305 309//309 413//413
f 408//408 305//305 413//413
f 312//312 415//415 311//311
f 312//312 307//307 411//411
f 312//312 411//411 415//415
f 415//415 411//411 416//416
f 417//417 411//411 412//412
f 416//416 411//411 417//417
f 418//418 414//414 413//413
f 419//419 414//414 418//418
f 309//309 314//314 418//418
f 413//413 309//309 418//418
f 317//317 420//420 316//316
f 317//317 421//421 420//420
f 311//311 421//421 317//317
f 311//311 422//422 421//421
f 311//311 415//415 422//422
f 416//416 422//422 415//415
f 423//423 422//422 416//416
f 417//417 423//423 416//416
f 418//418 424//424 419//419
f 425//425 426//426 424//424
f 318//318 425//425 424//424
f 318//318 424//424 418//418
f 318//318 418//418 314//314
f 318//318 319//319 425//425
f 322//322 427//427 321//321
f 322//322 428//428 427//427
f 316//316 428//428 322//322
f 316//316 429//429 428//428
f 316//316 420//420 429//429
f 421//421 429//429 420//420
f 425//425 430//430 426//426
f 431//431 432//432 430//430
f 323//323 431//431 430//430
f 323//323 430//430 425//425
f 323//323 425//425 319//319
f 323//323 325//325 431//431
f 328//328 433//433 327//327
f 328//328 434//434 433//433
f 321//321 434//434 328//328
f 321//321 435//435 434//434
f 321//321 427//427 435//435
f 428//428 435//435 427//427
f 431//431 436//436 432//432
f 437//437 438//438 436//436
f 329//329 437//437 436//436
f 329//329 436//436 431//431
f 329//329 431//431 325//325
f 329//329 331//331 437//437
f 337//337 439//439 336//336
f 337//337 440//440 439//439
f 327//327 440//440 337//337
f 327//327 441//441 440//440
f 327//327 433//433 441//441
f 434//434 441//441 433//433
f 437//437 442//442 438//438
f 443//443 444//444 442//442
f 338//338 443//443 442//442
f 338//338 442//442 437//437
f 338//338 437//437 331//331
f 338//338 339//339 445//445
f 443//443 338//338 445//445
f 339//339 341//341 445//445
f 345//345 446//446 344//344
f 345//345 336//336 439//439
f 345//345 439//439 446//446
f 446//446 439//439 447//447
f 448//448 439//439 440//440
f 447//447 439//439 448//448
f 443//443 449//449 444//444
f 449//449 450//450 451//451
f 449//449 443//443 450//450
f 443//443 445//445 450//450
f 341//341 346//346 452//452
f 341//341 452//452 445//445
f 445//445 452//452 450//450
f 346//346 347//347 453//453
f 452//452 346//346 453//453
f 347//347 348//348 454//454
f 453//453 347//347 454//454
f 348//348 344//344 446//446
f 348//348 446//446 454//454
f 454//454 446//446 455//455
f 447//447 456//456 446//446
f 456//456 455//455 446//446
f 457//457 447//447 448//448
f 456//456 447//447 457//457
f 458//458 451//451 450//450
f 459//459 451//451 458//458
f 452//452 460//460 450//450
f 460//460 458//458 450//450
f 453//453 461//461 452//452
f 461//461 460//460 452//452
f 454//454 462//462 453//453
f 462//462 461//461 453//453
f 455//455 463//463 454//454
f 463//463 462//462 454//454
f 456//456 464//464 455//455
f 464//464 463//463 455//455
f 465//465 456//456 457//457
f 464//464 456//456 465//465
f 466//466 459//459 458//458
f 467//467 459//459 466//466
f 460//460 468//468 458//458
f 468//468 466//466 458//458
f 461//461 469//469 460//460
f 469//469 468//468 460//460
f 462//462 470//470 461//461
f 470//470 469//469 461//461
f 463//463 471//471 462//462
f 471//471 470//470 462//462
f 472//472 464//464 473//473
f 472//472 471//471 464//464
f 471//471 463//463 464//464
f 465//465 473//473 464//464
f 474//474 467//467 466//466
f 475//475 467//467 474//474
f 468//468 476//476 466//466
f 476//476 474//474 466//466
f 469//469 477//477 468//468
f 477//477 476//476 468//468
f 470//470 478//478 469//469
f 478//478 477//477 469//469
f 479//479 471//471 480//480
f 479//479 478//478 471//471
f 478//478 470//470 471//471
f 472//472 480//480 471//471
f 474//474 481//481 475//475
f 476//476 481//481 474//474
f 482//482 481//481 476//476
f 477//477 482//482 476//476
f 483//483 482//482 477//477
f 478//478 483//483 477//477
f 484//484 483//483 478//478
f 479//479 484//484 478//478
f 485//485 486//486 487//487
f 485//485 351//351 350//350
f 485//485 487//487 351//351
f 487//487 488//488 351//351
f 352//352 351//351 489//489
f 351//351 488//488 489//489
f 354//354 352//352 490//490
f 352//352 489//489 490//490
f 356//356 354//354 491//491
f 354//354 490//490 491//491
f 358//358 492//492 493//493
f 358//358 356//356 492//492
f 356//356 491//491 492//492
f 492//492 494//494 493//493
f 495//495 496//496 497//497
f 495//495 498//498 499//499
f 497//497 498//498 495//495
f 486//486 499//499 498//498
f 485//485 499//499 486//486
f 485//485 360//360 499//499
f 485//485 361//361 360//360
f 350//350 361//361 485//485
f 358//358 493//493 363//363
f 365//365 500//500 501//501
f 363//363 500//500 365//365
f 363//363 494//494 500//500
f 363//363 493//493 494//494
f 500//500 502//502 501//501
f 503//503 496//496 495//495
f 504//504 496//496 503//503
f 368//368 367//367 503//503
f 368//368 503//503 499//499
f 499//499 503//503 495//495
f 360//360 368//368 499//499
f 365//365 501//501 370//370
f 372//372 505//505 506//506
f 370//370 505//505 372//372
f 370//370 502//502 505//505
f 370//370 501//501 502//502
f 505//505 507//507 506//506
f 508//508 504//504 503//503
f 509//509 504//504 508//508
f 367//367 374//374 508//508
f 503//503 367//367 508//508
f 372//372 506//506 375//375
f 506//506 377//377 375//375
f 506//506 507//507 377//377
f 507//507 510//510 377//377
f 380//380 509//509 508//508
f 380//380 379//379 509//509
f 379//379 511//511 509//509
f 374//374 380//380 508//508
f 512//512 513//513 383//383
f 512//512 383//383 510//510
f 510//510 383//383 377//377
f 512//512 514//514 513//513
f 515//515 516//516 517//517
f 515//515 517//517 511//511
f 515//515 511//511 385//385
f 385//385 511//511 379//379
f 383//383 513//513 386//386
f 388//388 518//518 519//519
f 386//386 518//518 388//388
f 386//386 514//514 518//518
f 386//386 513//513 514//514
f 518//518 520//520 519//519
f 521//521 516//516 515//515
f 522//522 516//516 521//521
f 385//385 389//389 521//521
f 515//515 385//385 521//521
f 519//519 523//523 391//391
f 388//388 519//519 391//391
f 524//524 519//519 520//520
f 523//523 519//519 524//524
f 525//525 526//526 527//527
f 522//522 525//525 527//527
f 521//521 525//525 522//522
f 521//521 392//392 525//525
f 521//521 393//393 392//392
f 389//389 393//393 521//521
f 391//391 523//523 395//395
f 397//397 528//528 529//529
f 395//395 528//528 397//397
f 395//395 524//524 528//528
f 395//395 523//523 524//524
f 528//528 530//530 529//529
f 531//531 532//532 533//533
f 526//526 531//531 533//533
f 525//525 531//531 526//526
f 525//525 399//399 531//531
f 525//525 400//400 399//399
f 392//392 400//400 525//525
f 397//397 529//529 402//402
f 404//404 534//534 535//535
f 402//402 534//534 404//404
f 402//402 530//530 534//534
f 402//402 529//529 530//530
f 534//534 536//536 535//535
f 537//537 532//532 531//531
f 538//538 532//532 537//537
f 399//399 405//405 537//537
f 531//531 399//399 537//537
f 535//535 539//539 407//407
f 404//404 535//535 407//407
f 540//540 535//535 536//536
f 539//539 535//535 540//540
f 410//410 538//538 537//537
f 410//410 409//409 538//538
f 409//409 541//541 538//538
f 405//405 410//410 537//537
f 539//539 542//542 412//412
f 407//407 539//539 412//412
f 543//543 539//539 540//540
f 542//542 539//539 543//543
f 409//409 414//414 541//541
f 541//541 414//414 544//544
f 542//542 545//545 417//417
f 412//412 542//542 417//417
f 546//546 542//542 543//543
f 545//545 542//542 546//546
f 414//414 419//419 544//544
f 544//544 419//419 547//547
f 422//422 548//548 421//421
f 422//422 423//423 549//549
f 548//548 422//422 549//549
f 423//423 550//550 549//549
f 417//417 550//550 423//423
f 417//417 551//551 550//550
f 417//417 545//545 551//551
f 546//546 551//551 545//545
f 552//552 419//419 424//424
f 552//552 553//553 419//419
f 553//553 547//547 419//419
f 424//424 426//426 552//552
f 429//429 554//554 428//428
f 429//429 421//421 548//548
f 429//429 548//548 554//554
f 554//554 548//548 555//555
f 556//556 549//549 557//557
f 556//556 555//555 549//549
f 555//555 548//548 549//549
f 550//550 557//557 549//549
f 552//552 558//558 553//553
f 559//559 560//560 558//558
f 430//430 559//559 558//558
f 430//430 558//558 552//552
f 430//430 552//552 426//426
f 430//430 432//432 559//559
f 435//435 561//561 434//434
f 435//435 562//562 561//561
f 428//428 562//562 435//435
f 428//428 563//563 562//562
f 428//428 554//554 563//563
f 555//555 563//563 554//554
f 564//564 563//563 555//555
f 556//556 564//564 555//555
f 559//559 565//565 560//560
f 566//566 567//567 565//565
f 436//436 566//566 565//565
f 436//436 565//565 559//559
f 436//436 559//559 432//432
f 436//436 438//438 566//566
f 441//441 568//568 440//440
f 441//441 434//434 561//561
f 441//441 561//561 568//568
f 568//568 561//561 569//569
f 570//570 561//561 562//562
f 569//569 561//561 570//570
f 566//566 571//571 567//567
f 572//572 573//573 571//571
f 442//442 572//572 571//571
f 442//442 571//571 566//566
f 442//442 566//566 438//438
f 442//442 444//444 572//572
f 568//568 574//574 448//448
f 440//440 568//568 448//448
f 575//575 569//569 576//576
f 575//575 574//574 569//569
f 574//574 568//568 569//569
f 570//570 576//576 569//569
f 572//572 577//577 573//573
f 578//578 579//579 577//577
f 449//449 578//578 577//577
f 449//449 577//577 572//572
f 449//449 572//572 444//444
f 449//449 451//451 578//578
f 574//574 580//580 457//457
f 448//448 574//574 457//457
f 581//581 574//574 575//575
f 580//580 574//574 581//581
f 582//582 579//579 578//578
f 583//583 579//579 582//582
f 451//451 459//459 582//582
f 578//578 451//451 582//582
f 580//580 584//584 465//465
f 457//457 580//580 465//465
f 585//585 580//580 581//581
f 584//584 580//580 585//585
f 586//586 583//583 582//582
f 587//587 583//583 586//586
f 459//459 467//467 586//586
f 582//582 459//459 586//586
f 473//473 588//588 472//472
f 473//473 465//465 584//584
f 473//473 584//584 588//588
f 588//588 584//584 589//589
f 590//590 584//584 585//585
f 589//589 584//584 590//590
f 591//591 587//587 586//586
f 592//592 587//587 591//591
f 467//467 475//475 591//591
f 586//586 467//467 591//591
f 480//480 593//593 479//479
f 480//480 472//472 588//588
f 480//480 588//588 593//593
f 593//593 588//588 594//594
f 595//595 589//589 596//596
f 595//595 594//594 589//589
f 594//594 588//588 589//589
f 590//590 596//596 589//589
f 591//591 597//597 592//592
f 598//598 599//599 597//597
f 481//481 598//598 597//597
f 481//481 597//597 591//591
f 481//481 591//591 475//475
f 481//481 482//482 600//600
f 598//598 481//481 600//600
f 482//482 483//483 601//601
f 600//600 482//482 601//601
f 483//483 484//484 602//602
f 601//601 483//483 602//602
f 484//484 479//479 593//593
f 484//484 593//593 602//602
f 602//602 593//593 603//603
f 604//604 594//594 605//605
f 604//604 603//603 594//594
f 603//603 593//593 594//594
f 595//595 605//605 594//594
f 598//598 606//606 599//599
f 600//600 606//606 598//598
f 607//607 606//606 600//600
f 601//601 607//607 600//600
f 608//608 607//607 601//601
f 602//602 608//608 601//601
f 609//609 608//608 602//602
f 603//603 609//609 602//602
f 610//610 609//609 603//603
f 604//604 610//610 603//603
f 611//611 612//612 613//613
f 611//611 614//614 615//615
f 613//613 614//614 611//611
f 615//615 487//487 486//486
f 615//615 614//614 487//487
f 614//614 616//616 487//487
f 488//488 487//487 617//617
f 487//487 616//616 617//617
f 489//489 488//488 618//618
f 488//488 617//617 618//618
f 490//490 489//489 619//619
f 489//489 618//618 619//619
f 491//491 490//490 620//620
f 490//490 619//619 620//620
f 492//492 491//491 621//621
f 491//491 620//620 621//621
f 494//494 622//622 623//623
f 494//494 492//492 622//622
f 492//492 621//621 622//622
f 622//622 624//624 623//623
f 497//497 612//612 611//611
f 497//497 496//496 612//612
f 496//496 625//625 612//612
f 498//498 497//497 611//611
f 615//615 498//498 611//611
f 486//486 498//498 615//615
f 494//494 623//623 500//500
f 502//502 626//626 627//627
f 500//500 626//626 502//502
f 500//500 624//624 626//626
f 500//500 623//623 624//624
f 626//626 628//628 627//627
f 629//629 630//630 631//631
f 629//629 631//631 625//625
f 629//629 625//625 504//504
f 504//504 625//625 496//496
f 502//502 627//627 505//505
f 627//627 507//507 505//505
f 627//627 628//628 507//507
f 628//628 632//632 507//507
f 633//633 630//630 629//629
f 634//634 630//630 633//633
f 504//504 509//509 633//633
f 629//629 504//504 633//633
f 635//635 636//636 510//510
f 635//635 510//510 632//632
f 632//632 510//510 507//507
f 635//635 637//637 636//636
f 638//638 634//634 633//633
f 639//639 634//634 638//638
f 509//509 511//511 638//638
f 633//633 509//509 638//638
f 510//510 636//636 512//512
f 514//514 640//640 641//641
f 512//512 640//640 514//514
f 512//512 637//637 640//640
f 512//512 636//636 637//637
f 640//640 642//642 641//641
f 643//643 644//644 645//645
f 639//639 643//643 645//645
f 638//638 643//643 639//639
f 638//638 516//516 643//643
f 638//638 517//517 516//516
f 511//511 517//517 638//638
f 514//514 641//641 518//518
f 641//641 520//520 518//518
f 641//641 642//642 520//520
f 642//642 646//646 520//520
f 647//647 644//644 643//643
f 648//648 644//644 647//647
f 516//516 522//522 647//647
f 643//643 516//516 647//647
f 649//649 650//650 524//524
f 649//649 524//524 646//646
f 646//646 524//524 520//520
f 649//649 651//651 650//650
f 652//652 653//653 654//654
f 648//648 652//652 654//654
f 647//647 652//652 648//648
f 647//647 526//526 652//652
f 647//647 527//527 526//526
f 522//522 527//527 647//647
f 524//524 650//650 528//528
f 530//530 655//655 656//656
f 528//528 655//655 530//530
f 528//528 651//651 655//655
f 528//528 650//650 651//651
f 655//655 657//657 656//656
f 533//533 653//653 652//652
f 533//533 532//532 653//653
f 532//532 658//658 653//653
f 526//526 533//533 652//652
f 530//530 656//656 534//534
f 656//656 536//536 534//534
f 656//656 657//657 536//536
f 657//657 659//659 536//536
f 660//660 661//661 662//662
f 660//660 662//662 658//658
f 660//660 658//658 538//538
f 538//538 658//658 532//532
f 663//663 664//664 540//540
f 663//663 540//540 659//659
f 659//659 540//540 536//536
f 663//663 665//665 664//664
f 666//666 661//661 660//660
f 667//667 661//661 666//666
f 538//538 541//541 666//666
f 660//660 538//538 666//666
f 664//664 668//668 543//543
f 540//540 664//664 543//543
f 669//669 664//664 665//665
f 668//668 664//664 669//669
f 670//670 667//667 666//666
f 671//671 667//667 670//670
f 541//541 544//544 670//670
f 666//666 541//541 670//670
f 668//668 672//672 546//546
f 543//543 668//668 546//546
f 673//673 668//668 669//669
f 672//672 668//668 673//673
f 674//674 671//671 670//670
f 675//675 671//671 674//674
f 544//544 547//547 674//674
f 670//670 544//544 674//674
f 551//551 676//676 550//550
f 551//551 677//677 676//676
f 546//546 677//677 551//551
f 546//546 678//678 677//677
f 546//546 672//672 678//678
f 673//673 678//678 672//672
f 679//679 675//675 674//674
f 680//680 675//675 679//679
f 547//547 553//553 679//679
f 674//674 547//547 679//679
f 557//557 681//681 556//556
f 557//557 682//682 681//681
f 550//550 682//682 557//557
f 550//550 683//683 682//682
f 550//550 676//676 683//683
f 677//677 683//683 676//676
f 679//679 684//684 680//680
f 685//685 686//686 684//684
f 558//558 685//685 684//684
f 558//558 684//684 679//679
f 558//558 679//679 553//553
f 558//558 560//560 685//685
f 563//563 687//687 562//562
f 563//563 564//564 688//688
f 687//687 563//563 688//688
f 564//564 689//689 688//688
f 556//556 689//689 564//564
f 556//556 690//690 689//689
f 556//556 681//681 690//690
f 682//682 690//690 681//681
f 685//685 691//691 686//686
f 560//560 691//691 685//685
f 560//560 565//565 691//691
f 565//565 692//692 691//691
f 692//692 565//565 567//567
f 693//693 692//692 567//567
f 687//687 694//694 570//570
f 562//562 687//687 570//570
f 695//695 688//688 696//696
f 695//695 694//694 688//688
f 694//694 687//687 688//688
f 689//689 696//696 688//688
f 567//567 697//697 693//693
f 571//571 697//697 567//567
f 697//697 571//571 573//573
f 698//698 697//697 573//573
f 576//576 699//699 575//575
f 576//576 700//700 699//699
f 570//570 700//700 576//576
f 570//570 701//701 700//700
f 570//570 694//694 701//701
f 695//695 701//701 694//694
f 702//702 573//573 577//577
f 702//702 703//703 573//573
f 703//703 698//698 573//573
f 577//577 579//579 702//702
f 699//699 704//704 581//581
f 575//575 699//699 581//581
f 705//705 699//699 700//700
f 704//704 699//699 705//705
f 706//706 703//703 702//702
f 707//707 703//703 706//706
f 579//579 583//583 706//706
f 702//702 579//579 706//706
f 704//704 708//708 585//585
f 581//581 704//704 585//585
f 709//709 704//704 705//705
f 708//708 704//704 709//709
f 710//710 707//707 706//706
f 711//711 707//707 710//710
f 583//583 587//587 710//710
f 706//706 583//583 710//710
f 708//708 712//712 590//590
f 585//585 708//708 590//590
f 713//713 708//708 709//709
f 712//712 708//708 713//713
f 710//710 714//714 711//711
f 714//714 710//710 587//587
f 714//714 587//587 715//715
f 715//715 587//587 592//592
f 596//596 716//716 595//595
f 596//596 717//717 716//716
f 590//590 717//717 596//596
f 590//590 718//718 717//717
f 590//590 712//712 718//718
f 713//713 718//718 712//712
f 719//719 592//592 597//597
f 719//719 720//720 592//592
f 720//720 715//715 592//592
f 597//597 599//599 719//719
f 605//605 721//721 604//604
f 605//605 722//722 721//721
f 595//595 722//722 605//605
f 595//595 723//723 722//722
f 595//595 716//716 723//723
f 717//717 723//723 716//716
f 719//719 724//724 720//720
f 599//599 724//724 719//719
f 599//599 606//606 724//724
f 606//606 725//725 724//724
f 726//726 727//727 725//725
f 726//726 725//725 607//607
f 607//607 725//725 606//606
f 607//607 608//608 728//728
f 726//726 607//607 728//728
f 729//729 728//728 608//608
f 729//729 608//608 730//730
f 730//730 608//608 609//609
f 610//610 731//731 609//609
f 609//609 731//731 730//730
f 721//721 610//610 604//604
f 721//721 732//732 610//610
f 732//732 731//731 610//610
f 722//722 732//732 721//721
f 726//726 733//733 727//727
f 728//728 733//733 726//726
f 734//734 733//733 728//728
f 729//729 734//734 728//728
f 735//735 736//736 737//737
f 737//737 738//738 735//735
f 613//613 739//739 740//740
f 612//612 739//739 613//613
f 614//614 613//613 741//741
f 613//613 740//740 741//741
f 616//616 614//614 742//742
f 614//614 741//741 742//742
f 736//736 735//735 617//617
f 736//736 617//617 742//742
f 742//742 617//617 616//616
f 735//735 738//738 743//743
f 735//735 743//743 617//617
f 617//617 743//743 618//618
f 619//619 618//618 744//744
f 618//618 743//743 744//744
f 620//620 619//619 745//745
f 619//619 744//744 745//745
f 621//621 620//620 746//746
f 620//620 745//745 746//746
f 622//622 621//621 747//747
f 621//621 746//746 747//747
f 747//747 624//624 622//622
f 748//748 624//624 747//747
f 749//749 750//750 751//751
f 749//749 751//751 739//739
f 749//749 739//739 625//625
f 625//625 739//739 612//612
f 624//624 748//748 752//752
f 626//626 624//624 752//752
f 752//752 628//628 626//626
f 753//753 628//628 752//752
f 631//631 750//750 749//749
f 631//631 630//630 750//750
f 630//630 754//754 750//750
f 625//625 631//631 749//749
f 755//755 756//756 632//632
f 755//755 632//632 753//753
f 753//753 632//632 628//628
f 755//755 757//757 756//756
f 630//630 634//634 754//754
f 754//754 634//634 758//758
f 632//632 756//756 635//635
f 756//756 637//637 635//635
f 756//756 757//757 637//637
f 757//757 759//759 637//637
f 760//760 761//761 762//762
f 760//760 762//762 758//758
f 760//760 758//758 639//639
f 639//639 758//758 634//634
f 637//637 759//759 763//763
f 640//640 637//637 763//763
f 763//763 642//642 640//640
f 764//764 642//642 763//763
f 645//645 761//761 760//760
f 645//645 644//644 761//761
f 644//644 765//765 761//761
f 639//639 645//645 760//760
f 766//766 767//767 646//646
f 766//766 646//646 764//764
f 764//764 646//646 642//642
f 766//766 768//768 767//767
f 769//769 770//770 771//771
f 769//769 771//771 765//765
f 769//769 765//765 648//648
f 648//648 765//765 644//644
f 646//646 767//767 649//649
f 767//767 651//651 649//649
f 767//767 768//768 651//651
f 768//768 772//772 651//651
f 654//654 770//770 769//769
f 654//654 653//653 770//770
f 653//653 773//773 770//770
f 648//648 654//654 769//769
f 651//651 772//772 774//774
f 655//655 651//651 774//774
f 774//774 657//657 655//655
f 775//775 657//657 774//774
f 776//776 777//777 778//778
f 776//776 778//778 773//773
f 776//776 773//773 658//658
f 658//658 773//773 653//653
f 657//657 775//775 659//659
f 775//775 779//779 659//659
f 662//662 777//777 776//776
f 662//662 661//661 777//777
f 661//661 780//780 777//777
f 658//658 662//662 776//776
f 659//659 779//779 781//781
f 663//663 659//659 781//781
f 781//781 665//665 663//663
f 782//782 665//665 781//781
f 661//661 667//667 780//780
f 780//780 667//667 783//783
f 665//665 782//782 669//669
f 782//782 784//784 669//669
f 667//667 671//671 783//783
f 783//783 671//671 785//785
f 669//669 784//784 673//673
f 784//784 786//786 673//673
f 671//671 675//675 785//785
f 785//785 675//675 787//787
f 678//678 788//788 789//789
f 677//677 678//678 789//789
f 786//786 678//678 673//673
f 788//788 678//678 786//786
f 675//675 680//680 787//787
f 787//787 680//680 790//790
f 683//683 791//791 682//682
f 683//683 792//792 791//791
f 683//683 677//677 792//792
f 677//677 789//789 792//792
f 680//680 793//793 790//790
f 684//684 793//793 680//680
f 793//793 684//684 686//686
f 794//794 793//793 686//686
f 690//690 795//795 796//796
f 689//689 690//690 796//796
f 791//791 690//690 682//682
f 791//791 797//797 690//690
f 797//797 795//795 690//690
f 792//792 797//797 791//791
f 686//686 798//798 794//794
f 691//691 798//798 686//686
f 799//799 800//800 798//798
f 799//799 798//798 692//692
f 692//692 798//798 691//691
f 692//692 693//693 799//799
f 696//696 801//801 802//802
f 695//695 696//696 802//802
f 796//796 696//696 689//689
f 801//801 696//696 796//796
f 799//799 803//803 800//800
f 804//804 805//805 803//803
f 697//697 804//804 803//803
f 697//697 803//803 799//799
f 697//697 799//799 693//693
f 697//697 698//698 804//804
f 701//701 806//806 700//700
f 701//701 807//807 806//806
f 701//701 695//695 807//807
f 695//695 802//802 807//807
f 804//804 808//808 805//805
f 808//808 804//804 698//698
f 808//808 698//698 809//809
f 809//809 698//698 703//703
f 806//806 810//810 811//811
f 806//806 811//811 700//700
f 700//700 811//811 705//705
f 807//807 810//810 806//806
f 703//703 707//707 809//809
f 809//809 707//707 812//812
f 705//705 811//811 709//709
f 811//811 813//813 709//709
f 707//707 711//711 812//812
f 812//812 711//711 814//814
f 709//709 813//813 713//713
f 813//813 815//815 713//713
f 816//816 711//711 714//714
f 816//816 817//817 711//711
f 817//817 814//814 711//711
f 714//714 715//715 816//816
f 718//718 818//818 819//819
f 717//717 718//718 819//819
f 815//815 718//718 713//713
f 818//818 718//718 815//815
f 816//816 820//820 817//817
f 820//820 816//816 715//715
f 820//820 715//715 821//821
f 821//821 715//715 720//720
f 723//723 822//822 823//823
f 722//722 723//723 823//823
f 819//819 723//723 717//717
f 822//822 723//723 819//819
f 720//720 824//824 821//821
f 724//724 824//824 720//720
f 825//825 826//826 824//824
f 825//825 824//824 725//725
f 725//725 824//824 724//724
f 725//725 727//727 825//825
f 730//730 827//827 729//729
f 828//828 827//827 730//730
f 828//828 730//730 829//829
f 829//829 730//730 731//731
f 732//732 830//830 731//731
f 731//731 830//830 829//829
f 823//823 732//732 722//722
f 830//830 732//732 823//823
f 825//825 831//831 826//826
f 727//727 831//831 825//825
f 727//727 733//733 831//831
f 733//733 832//832 831//831
f 734//734 833//833 733//733
f 733//733 833//833 832//832
f 827//827 734//734 729//729
f 827//827 834//834 734//734
f 834//834 833//833 734//734
f 828//828 834//834 827//827
f 835//835 836//836 837//837
f 835//835 737//737 736//736
f 835//835 837//837 737//737
f 837//837 838//838 737//737
f 738//738 839//839 840//840
f 738//738 737//737 839//839
f 737//737 838//838 839//839
f 839//839 841//841 840//840
f 740//740 842//842 843//843
f 739//739 842//842 740//740
f 741//741 740//740 844//844
f 740//740 843//843 844//844
f 836//836 835//835 742//742
f 836//836 742//742 844//844
f 844//844 742//742 741//741
f 736//736 742//742 835//835
f 738//738 840//840 743//743
f 840//840 841//841 845//845
f 840//840 845//845 743//743
f 743//743 845//845 744//744
f 745//745 744//744 846//846
f 744//744 845//845 846//846
f 746//746 745//745 847//847
f 745//745 846//846 847//847
f 747//747 746//746 848//848
f 746//746 847//847 848//848
f 848//848 748//748 747//747
f 849//849 748//748 848//848
f 751//751 850//850 851//851
f 750//750 850//850 751//751
f 842//842 739//739 751//751
f 851//851 842//842 751//751
f 748//748 849//849 852//852
f 752//752 748//748 852//852
f 852//852 753//753 752//752
f 853//853 753//753 852//852
f 750//750 754//754 850//850
f 850//850 754//754 854//854
f 753//753 853//853 855//855
f 755//755 753//753 855//855
f 855//855 757//757 755//755
f 856//856 757//757 855//855
f 857//857 858//858 859//859
f 857//857 859//859 854//854
f 857//857 854//854 758//758
f 758//758 854//854 754//754
f 757//757 856//856 759//759
f 856//856 860//860 759//759
f 762//762 858//858 857//857
f 762//762 761//761 858//858
f 761//761 861//861 858//858
f 758//758 762//762 857//857
f 759//759 860//860 862//862
f 763//763 759//759 862//862
f 862//862 764//764 763//763
f 863//863 764//764 862//862
f 761//761 765//765 861//861
f 861//861 765//765 864//864
f 764//764 863//863 865//865
f 766//766 764//764 865//865
f 865//865 768//768 766//766
f 866//866 768//768 865//865
f 771//771 867//867 868//868
f 770//770 867//867 771//771
f 864//864 765//765 771//771
f 868//868 864//864 771//771
f 768//768 866//866 772//772
f 866//866 869//869 772//772
f 870//870 871//871 872//872
f 870//870 872//872 867//867
f 870//870 867//867 773//773
f 773//773 867//867 770//770
f 772//772 869//869 873//873
f 774//774 772//772 873//873
f 873//873 775//775 774//774
f 874//874 775//775 873//873
f 778//778 871//871 870//870
f 778//778 777//777 871//871
f 777//777 875//875 871//871
f 773//773 778//778 870//870
f 775//775 874//874 779//779
f 874//874 876//876 779//779
f 777//777 780//780 875//875
f 875//875 780//780 877//877
f 779//779 876//876 878//878
f 781//781 779//779 878//878
f 878//878 782//782 781//781
f 879//879 782//782 878//878
f 780//780 783//783 877//877
f 877//877 783//783 880//880
f 782//782 879//879 784//784
f 879//879 881//881 784//784
f 783//783 785//785 880//880
f 880//880 785//785 882//882
f 784//784 881//881 786//786
f 881//881 883//883 786//786
f 785//785 787//787 882//882
f 882//882 787//787 884//884
f 788//788 885//885 886//886
f 789//789 788//788 886//886
f 883//883 788//788 786//786
f 885//885 788//788 883//883
f 787//787 790//790 884//884
f 884//884 790//790 887//887
f 789//789 886//886 792//792
f 886//886 888//888 792//792
f 790//790 889//889 887//887
f 793//793 889//889 790//790
f 889//889 793//793 794//794
f 890//890 889//889 794//794
f 795//795 891//891 796//796
f 892//892 891//891 795//795
f 892//892 795//795 893//893
f 893//893 795//795 797//797
f 888//888 797//797 792//792
f 893//893 797//797 888//888
f 794//794 894//894 890//890
f 798//798 894//894 794//794
f 894//894 798//798 800//800
f 895//895 894//894 800//800
f 801//801 896//896 802//802
f 801//801 897//897 896//896
f 796//796 897//897 801//801
f 796//796 898//898 897//897
f 796//796 891//891 898//898
f 892//892 898//898 891//891
f 800//800 899//899 895//895
f 803//803 899//899 800//800
f 899//899 803//803 805//805
f 900//900 899//899 805//805
f 896//896 901//901 902//902
f 896//896 902//902 802//802
f 802//802 902//902 807//807
f 897//897 901//901 896//896
f 805//805 903//903 900//900
f 808//808 903//903 805//805
f 903//903 808//808 809//809
f 904//904 903//903 809//809
f 810//810 905//905 811//811
f 810//810 906//906 905//905
f 810//810 807//807 906//906
f 807//807 902//902 906//906
f 809//809 812//812 904//904
f 904//904 812//812 907//907
f 905//905 908//908 909//909
f 905//905 909//909 811//811
f 811//811 909//909 813//813
f 906//906 908//908 905//905
f 812//812 814//814 907//907
f 907//907 814//814 910//910
f 813//813 909//909 815//815
f 909//909 911//911 815//815
f 814//814 817//817 910//910
f 910//910 817//817 912//912
f 818//818 913//913 819//819
f 818//818 914//914 913//913
f 818//818 815//815 914//914
f 815//815 911//911 914//914
f 817//817 915//915 912//912
f 820//820 915//915 817//817
f 915//915 820//820 821//821
f 916//916 915//915 821//821
f 822//822 917//917 918//918
f 823//823 822//822 918//918
f 913//913 822//822 819//819
f 913//913 919//919 822//822
f 919//919 917//917 822//822
f 914//914 919//919 913//913
f 821//821 920//920 916//916
f 824//824 920//920 821//821
f 920//920 824//824 826//826
f 921//921 920//920 826//826
f 829//829 922//922 923//923
f 828//828 829//829 923//923
f 830//830 924//924 829//829
f 829//829 924//924 922//922
f 918//918 830//830 823//823
f 924//924 830//830 918//918
f 826//826 925//925 921//921
f 831//831 925//925 826//826
f 832//832 926//926 831//831
f 831//831 926//926 925//925
f 833//833 927//927 832//832
f 832//832 927//927 926//926
f 834//834 928//928 833//833
f 833//833 928//928 927//927
f 923//923 834//834 828//828
f 928//928 834//834 923//923
f 929//929 930//930 931//931
f 929//929 837//837 836//836
f 929//929 931//931 837//837
f 931//931 932//932 837//837
f 838//838 837//837 933//933
f 837//837 932//932 933//933
f 839//839 838//838 934//934
f 838//838 933//933 934//934
f 841//841 935//935 936//936
f 841//841 839//839 935//935
f 839//839 934//934 935//935
f 935//935 937//937 936//936
f 843//843 938//938 939//939
f 842//842 938//938 843//843
f 930//930 929//929 844//844
f 930//930 844//844 939//939
f 939//939 844//844 843//843
f 836//836 844//844 929//929
f 841//841 936//936 845//845
f 936//936 937//937 940//940
f 936//936 940//940 845//845
f 845//845 940//940 846//846
f 847//847 846//846 941//941
f 846//846 940//940 941//941
f 848//848 847//847 942//942
f 847//847 941//941 942//942
f 942//942 849//849 848//848
f 943//943 849//849 942//942
f 851//851 944//944 945//945
f 850//850 944//944 851//851
f 938//938 842//842 851//851
f 945//945 938//938 851//851
f 849//849 943//943 946//946
f 852//852 849//849 946//946
f 946//946 853//853 852//852
f 947//947 853//853 946//946
f 850//850 854//854 944//944
f 944//944 854//854 948//948
f 853//853 947//947 949//949
f 855//855 853//853 949//949
f 949//949 856//856 855//855
f 950//950 856//856 949//949
f 859//859 951//951 952//952
f 858//858 951//951 859//859
f 948//948 854//854 859//859
f 952//952 948//948 859//859
f 856//856 950//950 860//860
f 950//950 953//953 860//860
f 858//858 861//861 951//951
f 951//951 861//861 954//954
f 860//860 953//953 955//955
f 862//862 860//860 955//955
f 955//955 863//863 862//862
f 956//956 863//863 955//955
f 861//861 864//864 954//954
f 954//954 864//864 957//957
f 958//958 865//865 863//863
f 958//958 863//863 959//959
f 959//959 863//863 956//956
f 865//865 958//958 866//866
f 868//868 960//960 961//961
f 867//867 960//960 868//868
f 957//957 864//864 868//868
f 961//961 957//957 868//868
f 958//958 959//959 962//962
f 962//962 866//866 958//958
f 962//962 963//963 866//866
f 963//963 869//869 866//866
f 872//872 964//964 965//965
f 871//871 964//964 872//872
f 960//960 867//867 872//872
f 965//965 960//960 872//872
f 869//869 963//963 966//966
f 873//873 869//869 966//966
f 966//966 874//874 873//873
f 967//967 874//874 966//966
f 871//871 875//875 964//964
f 964//964 875//875 968//968
f 874//874 967//967 876//876
f 967//967 969//969 876//876
f 875//875 877//877 968//968
f 968//968 877//877 970//970
f 971//971 878//878 876//876
f 971//971 876//876 972//972
f 972//972 876//876 969//969
f 878//878 971//971 879//879
f 877//877 880//880 970//970
f 970//970 880//880 973//973
f 971//971 972//972 974//974
f 974//974 879//879 971//971
f 974//974 975//975 879//879
f 975//975 881//881 879//879
f 880//880 882//882 973//973
f 973//973 882//882 976//976
f 881//881 975//975 883//883
f 975//975 977//977 883//883
f 882//882 884//884 976//976
f 976//976 884//884 978//978
f 885//885 979//979 980//980
f 886//886 885//885 980//980
f 977//977 885//885 883//883
f 979//979 885//885 977//977
f 884//884 887//887 978//978
f 978//978 887//887 981//981
f 886//886 980//980 888//888
f 980//980 982//982 888//888
f 887//887 983//983 981//981
f 889//889 983//983 887//887
f 983//983 889//889 890//890
f 984//984 983//983 890//890
f 893//893 985//985 986//986
f 892//892 893//893 986//986
f 982//982 893//893 888//888
f 985//985 893//893 982//982
f 890//890 987//987 984//984
f 894//894 987//987 890//890
f 987//987 894//894 895//895
f 988//988 987//987 895//895
f 898//898 989//989 990//990
f 897//897 898//898 990//990
f 986//986 898//898 892//892
f 989//989 898//898 986//986
f 895//895 991//991 988//988
f 899//899 991//991 895//895
f 991//991 899//899 900//900
f 992//992 991//991 900//900
f 901//901 993//993 994//994
f 902//902 901//901 994//994
f 990//990 901//901 897//897
f 993//993 901//901 990//990
f 900//900 995//995 992//992
f 903//903 995//995 900//900
f 995//995 903//903 904//904
f 996//996 995//995 904//904
f 902//902 994//994 906//906
f 994//994 997//997 906//906
f 904//904 907//907 996//996
f 996//996 907//907 998//998
f 908//908 999//999 1000//1000
f 909//909 908//908 1000//1000
f 997//997 908//908 906//906
f 999//999 908//908 997//997
f 907//907 910//910 998//998
f 998//998 910//910 1001//1001
f 909//909 1000//1000 911//911
f 1000//1000 1002//1002 911//911
f 910//910 912//912 1001//1001
f 1001//1001 912//912 1003//1003
f 911//911 1002//1002 914//914
f 1002//1002 1004//1004 914//914
f 912//912 1005//1005 1003//1003
f 915//915 1005//1005 912//912
f 1005//1005 915//915 916//916
f 1006//1006 1005//1005 916//916
f 917//917 1007//1007 1008//1008
f 918//918 917//917 1008//1008
f 919//919 1009//1009 917//917
f 917//917 1009//1009 1007//1007
f 1004//1004 919//919 914//914
f 1009//1009 919//919 1004//1004
f 916//916 1010//1010 1006//1006
f 920//920 1010//1010 916//916
f 921//921 1011//1011 1012//1012
f 921//921 1012//1012 920//920
f 920//920 1012//1012 1010//1010
f 1012//1012 1011//1011 1013//1013
f 922//922 1014//1014 1015//1015
f 923//923 922//922 1015//1015
f 924//924 1016//1016 922//922
f 922//922 1016//1016 1014//1014
f 1008//1008 924//924 918//918
f 1016//1016 924//924 1008//1008
f 921//921 925//925 1011//1011
f 1011//1011 1017//1017 1013//1013
f 1011//1011 925//925 1017//1017
f 925//925 926//926 1017//1017
f 927//927 1018//1018 926//926
f 926//926 1018//1018 1017//1017
f 928//928 1019//1019 927//927
f 927//927 1019//1019 1018//1018
f 1015//1015 928//928 923//923
f 1019//1019 928//928 1015//1015
f 931//931 930//930 1020//1020
f 1021//1021 931//931 1020//1020
f 1021//1021 1022//1022 931//931
f 1022//1022 932//932 931//931
f 933//933 932//932 1023//1023
f 932//932 1022//1022 1023//1023
f 934//934 933//933 1024//1024
f 933//933 1023//1023 1024//1024
f 935//935 934//934 1025//1025
f 934//934 1024//1024 1025//1025
f 937//937 1026//1026 1027//1027
f 937//937 935//935 1026//1026
f 935//935 1025//1025 1026//1026
f 1026//1026 1028//1028 1027//1027
f 939//939 1029//1029 1030//1030
f 938//938 1029//1029 939//939
f 1020//1020 930//930 939//939
f 1020//1020 939//939 1031//1031
f 1031//1031 939//939 1030//1030
f 1021//1021 1020//1020 1031//1031
f 937//937 1027//1027 940//940
f 1027//1027 1028//1028 1032//1032
f 1027//1027 1032//1032 940//940
f 940//940 1032//1032 941//941
f 942//942 941//941 1033//1033
f 941//941 1032//1032 1033//1033
f 1033//1033 943//943 942//942
f 1034//1034 943//943 1033//1033
f 945//945 1035//1035 1036//1036
f 944//944 1035//1035 945//945
f 1029//1029 938//938 945//945
f 1036//1036 1029//1029 945//945
f 943//943 1034//1034 1037//1037
f 946//946 943//943 1037//1037
f 1037//1037 947//947 946//946
f 1038//1038 947//947 1037//1037
f 944//944 948//948 1035//1035
f 1035//1035 948//948 1039//1039
f 947//947 1038//1038 1040//1040
f 949//949 947//947 1040//1040
f 1040//1040 950//950 949//949
f 1041//1041 950//950 1040//1040
f 952//952 951//951 1042//1042
f 952//952 1042//1042 1043//1043
f 952//952 1043//1043 948//948
f 948//948 1043//1043 1039//1039
f 950//950 1041//1041 953//953
f 1041//1041 1044//1044 953//953
f 1042//1042 1045//1045 1046//1046
f 1042//1042 951//951 1045//1045
f 951//951 954//954 1045//1045
f 1043//1043 1042//1042 1046//1046
f 953//953 1044//1044 1047//1047
f 955//955 953//953 1047//1047
f 1047//1047 956//956 955//955
f 1048//1048 956//956 1047//1047
f 954//954 957//957 1045//1045
f 1045//1045 957//957 1049//1049
f 956//956 1048//1048 959//959
f 1048//1048 1050//1050 959//959
f 961//961 1051//1051 1052//1052
f 960//960 1051//1051 961//961
f 1049//1049 957//957 961//961
f 1052//1052 1049//1049 961//961
f 959//959 1050//1050 1053//1053
f 962//962 959//959 1053//1053
f 1053//1053 963//963 962//962
f 1054//1054 963//963 1053//1053
f 965//965 1055//1055 1056//1056
f 964//964 1055//1055 965//965
f 1051//1051 960//960 965//965
f 1056//1056 1051//1051 965//965
f 1057//1057 966//966 963//963
f 1057//1057 963//963 1058//1058
f 1058//1058 963//963 1054//1054
f 966//966 1057//1057 967//967
f 964//964 968//968 1055//1055
f 1055//1055 968//968 1059//1059
f 1057//1057 1058//1058 1060//1060
f 1060//1060 967//967 1057//1057
f 1060//1060 1061//1061 967//967
f 1061//1061 969//969 967//967
f 968//968 970//970 1059//1059
f 1059//1059 970//970 1062//1062
f 969//969 1061//1061 972//972
f 1061//1061 1063//1063 972//972
f 970//970 973//973 1062//1062
f 1062//1062 973//973 1064//1064
f 1065//1065 974//974 972//972
f 1065//1065 972//972 1066//1066
f 1066//1066 972//972 1063//1063
f 974//974 1065//1065 975//975
f 973//973 976//976 1064//1064
f 1064//1064 976//976 1067//1067
f 1068//1068 1065//1065 1066//1066
f 1069//1069 1068//1068 1066//1066
f 975//975 1068//1068 977//977
f 1065//1065 1068//1068 975//975
f 976//976 978//978 1067//1067
f 1067//1067 978//978 1070//1070
f 979//979 1068//1068 1069//1069
f 979//979 1069//1069 980//980
f 980//980 1069//1069 1071//1071
f 977//977 1068//1068 979//979
f 978//978 981//981 1070//1070
f 1070//1070 981//981 1072//1072
f 1073//1073 1074//1074 1075//1075
f 1073//1073 1071//1071 1074//1074
f 1073//1073 982//982 1071//1071
f 982//982 980//980 1071//1071
f 981//981 1076//1076 1072//1072
f 983//983 1076//1076 981//981
f 1076//1076 983//983 984//984
f 1077//1077 1076//1076 984//984
f 1078//1078 1079//1079 1080//1080
f 1075//1075 1079//1079 1078//1078
f 1073//1073 1075//1075 1078//1078
f 1073//1073 1078//1078 986//986
f 1073//1073 986//986 985//985
f 982//982 1073//1073 985//985
f 984//984 1081//1081 1077//1077
f 987//987 1081//1081 984//984
f 988//988 1082//1082 1083//1083
f 988//988 1083//1083 987//987
f 987//987 1083//1083 1081//1081
f 1083//1083 1082//1082 1084//1084
f 1085//1085 1086//1086 1087//1087
f 1080//1080 1086//1086 1085//1085
f 1078//1078 1080//1080 1085//1085
f 1078//1078 1085//1085 990//990
f 1078//1078 990//990 989//989
f 986//986 1078//1078 989//989
f 988//988 991//991 1082//1082
f 992//992 1088//1088 1089//1089
f 991//991 992//992 1089//1089
f 991//991 1089//1089 1084//1084
f 991//991 1084//1084 1082//1082
f 1089//1089 1088//1088 1090//1090
f 993//993 1085//1085 1087//1087
f 993//993 1087//1087 994//994
f 994//994 1087//1087 1091//1091
f 990//990 1085//1085 993//993
f 992//992 995//995 1088//1088
f 1088//1088 995//995 996//996
f 1088//1088 996//996 1090//1090
f 1090//1090 996//996 1092//1092
f 994//994 1091//1091 997//997
f 1091//1091 1093//1093 997//997
f 996//996 998//998 1092//1092
f 1092//1092 998//998 1094//1094
f 999//999 1095//1095 1096//1096
f 1000//1000 999//999 1096//1096
f 1093//1093 999//999 997//997
f 1095//1095 999//999 1093//1093
f 998//998 1001//1001 1094//1094
f 1094//1094 1001//1001 1097//1097
f 1000//1000 1096//1096 1002//1002
f 1096//1096 1098//1098 1002//1002
f 1001//1001 1003//1003 1097//1097
f 1097//1097 1003//1003 1099//1099
f 1100//1100 1101//1101 1102//1102
f 1100//1100 1098//1098 1101//1101
f 1100//1100 1004//1004 1098//1098
f 1004//1004 1002//1002 1098//1098
f 1003//1003 1103//1103 1099//1099
f 1005//1005 1103//1103 1003//1003
f 1103//1103 1005//1005 1006//1006
f 1104//1104 1103//1103 1006//1006
f 1007//1007 1105//1105 1106//1106
f 1008//1008 1007//1007 1106//1106
f 1102//1102 1009//1009 1100//1100
f 1102//1102 1105//1105 1009//1009
f 1105//1105 1007//1007 1009//1009
f 1004//1004 1100//1100 1009//1009
f 1006//1006 1107//1107 1104//1104
f 1010//1010 1107//1107 1006//1006
f 1012//1012 1108//1108 1010//1010
f 1010//1010 1108//1108 1107//1107
f 1013//1013 1109//1109 1110//1110
f 1013//1013 1110//1110 1012//1012
f 1012//1012 1110//1110 1108//1108
f 1109//1109 1111//1111 1112//1112
f 1110//1110 1109//1109 1112//1112
f 1111//1111 1113//1113 1114//1114
f 1112//1112 1111//1111 1114//1114
f 1113//1113 1015//1015 1014//1014
f 1113//1113 1014//1014 1114//1114
f 1114//1114 1014//1014 1115//1115
f 1016//1016 1116//1116 1014//1014
f 1014//1014 1116//1116 1115//1115
f 1106//1106 1016//1016 1008//1008
f 1116//1116 1016//1016 1106//1106
f 1013//1013 1017//1017 1109//1109
f 1018//1018 1109//1109 1017//1017
f 1111//1111 1109//1109 1018//1018
f 1019//1019 1111//1111 1018//1018
f 1113//1113 1111//1111 1019//1019
f 1015//1015 1113//1113 1019//1019
f 1022//1022 1117//1117 1118//1118
f 1021//1021 1117//1117 1022//1022
f 1023//1023 1022//1022 1119//1119
f 1022//1022 1118//1118 1119//1119
f 1024//1024 1023//1023 1120//1120
f 1023//1023 1119//1119 1120//1120
f 1025//1025 1024//1024 1121//1121
f 1024//1024 1120//1120 1121//1121
f 1026//1026 1025//1025 1122//1122
f 1025//1025 1121//1121 1122//1122
f 1122//1122 1028//1028 1026//1026
f 1123//1123 1028//1028 1122//1122
f 1030//1030 1124//1124 1125//1125
f 1029//1029 1124//1124 1030//1030
f 1031//1031 1030//1030 1126//1126
f 1030//1030 1125//1125 1126//1126
f 1117//1117 1021//1021 1031//1031
f 1126//1126 1117//1117 1031//1031
f 1028//1028 1123//1123 1127//1127
f 1032//1032 1028//1028 1127//1127
f 1033//1033 1032//1032 1128//1128
f 1032//1032 1127//1127 1128//1128
f 1034//1034 1129//1129 1130//1130
f 1034//1034 1033//1033 1129//1129
f 1033//1033 1128//1128 1129//1129
f 1129//1129 1131//1131 1130//1130
f 1036//1036 1132//1132 1133//1133
f 1035//1035 1132//1132 1036//1036
f 1124//1124 1029//1029 1036//1036
f 1133//1133 1124//1124 1036//1036
f 1034//1034 1130//1130 1037//1037
f 1130//1130 1038//1038 1037//1037
f 1130//1130 1131//1131 1038//1038
f 1131//1131 1134//1134 1038//1038
f 1035//1035 1039//1039 1132//1132
f 1132//1132 1039//1039 1135//1135
f 1038//1038 1134//1134 1136//1136
f 1040//1040 1038//1038 1136//1136
f 1136//1136 1041//1041 1040//1040
f 1137//1137 1041//1041 1136//1136
f 1039//1039 1043//1043 1135//1135
f 1135//1135 1043//1043 1138//1138
f 1041//1041 1137//1137 1044//1044
f 1137//1137 1139//1139 1044//1044
f 1046//1046 1045//1045 1140//1140
f 1046//1046 1140//1140 1141//1141
f 1046//1046 1141//1141 1043//1043
f 1043//1043 1141//1141 1138//1138
f 1142//1142 1047//1047 1044//1044
f 1142//1142 1044//1044 1143//1143
f 1143//1143 1044//1044 1139//1139
f 1047//1047 1142//1142 1048//1048
f 1140//1140 1144//1144 1145//1145
f 1140//1140 1045//1045 1144//1144
f 1045//1045 1049//1049 1144//1144
f 1141//1141 1140//1140 1145//1145
f 1142//1142 1143//1143 1146//1146
f 1146//1146 1048//1048 1142//1142
f 1146//1146 1147//1147 1048//1048
f 1147//1147 1050//1050 1048//1048
f 1052//1052 1148//1148 1149//1149
f 1051//1051 1148//1148 1052//1052
f 1144//1144 1049//1049 1052//1052
f 1149//1149 1144//1144 1052//1052
f 1150//1150 1053//1053 1050//1050
f 1150//1150 1050//1050 1151//1151
f 1151//1151 1050//1050 1147//1147
f 1053//1053 1150//1150 1054//1054
f 1056//1056 1055//1055 1152//1152
f 1056//1056 1152//1152 1153//1153
f 1056//1056 1153//1153 1051//1051
f 1051//1051 1153//1153 1148//1148
f 1154//1154 1150//1150 1151//1151
f 1155//1155 1154//1154 1151//1151
f 1054//1054 1154//1154 1058//1058
f 1150//1150 1154//1154 1054//1054
f 1152//1152 1156//1156 1157//1157
f 1152//1152 1055//1055 1156//1156
f 1055//1055 1059//1059 1156//1156
f 1153//1153 1152//1152 1157//1157
f 1154//1154 1155//1155 1158//1158
f 1159//1159 1158//1158 1160//1160
f 1060//1060 1158//1158 1159//1159
f 1060//1060 1154//1154 1158//1158
f 1060//1060 1058//1058 1154//1154
f 1060//1060 1159//1159 1061//1061
f 1059//1059 1062//1062 1156//1156
f 1156//1156 1062//1062 1161//1161
f 1159//1159 1160//1160 1162//1162
f 1162//1162 1061//1061 1159//1159
f 1162//1162 1163//1163 1061//1061
f 1163//1163 1063//1063 1061//1061
f 1062//1062 1064//1064 1161//1161
f 1161//1161 1064//1064 1164//1164
f 1063//1063 1163//1163 1066//1066
f 1163//1163 1165//1165 1066//1066
f 1064//1064 1067//1067 1164//1164
f 1164//1164 1067//1067 1166//1166
f 1066//1066 1165//1165 1069//1069
f 1165//1165 1167//1167 1069//1069
f 1067//1067 1070//1070 1166//1166
f 1166//1166 1070//1070 1168//1168
f 1169//1169 1170//1170 1171//1171
f 1169//1169 1167//1167 1170//1170
f 1169//1169 1071//1071 1167//1167
f 1071//1071 1069//1069 1167//1167
f 1070//1070 1072//1072 1168//1168
f 1168//1168 1072//1072 1172//1172
f 1074//1074 1169//1169 1171//1171
f 1074//1074 1171//1171 1075//1075
f 1075//1075 1171//1171 1173//1173
f 1071//1071 1169//1169 1074//1074
f 1072//1072 1174//1174 1172//1172
f 1076//1076 1174//1174 1072//1072
f 1174//1174 1076//1076 1077//1077
f 1175//1175 1174//1174 1077//1077
f 1079//1079 1176//1176 1177//1177
f 1080//1080 1079//1079 1177//1177
f 1173//1173 1079//1079 1075//1075
f 1176//1176 1079//1079 1173//1173
f 1077//1077 1178//1178 1175//1175
f 1081//1081 1178//1178 1077//1077
f 1083//1083 1179//1179 1081//1081
f 1081//1081 1179//1179 1178//1178
f 1179//1179 1083//1083 1084//1084
f 1180//1180 1179//1179 1084//1084
f 1086//1086 1181//1181 1182//1182
f 1087//1087 1086//1086 1182//1182
f 1177//1177 1086//1086 1080//1080
f 1181//1181 1086//1086 1177//1177
f 1084//1084 1183//1183 1180//1180
f 1089//1089 1183//1183 1084//1084
f 1183//1183 1089//1089 1090//1090
f 1184//1184 1183//1183 1090//1090
f 1087//1087 1182//1182 1091//1091
f 1182//1182 1185//1185 1091//1091
f 1090//1090 1092//1092 1184//1184
f 1184//1184 1092//1092 1186//1186
f 1187//1187 1188//1188 1189//1189
f 1187//1187 1185//1185 1188//1188
f 1187//1187 1093//1093 1185//1185
f 1093//1093 1091//1091 1185//1185
f 1092//1092 1094//1094 1186//1186
f 1186//1186 1094//1094 1190//1190
f 1095//1095 1187//1187 1189//1189
f 1095//1095 1189//1189 1096//1096
f 1096//1096 1189//1189 1191//1191
f 1093//1093 1187//1187 1095//1095
f 1094//1094 1097//1097 1190//1190
f 1190//1190 1097//1097 1192//1192
f 1096//1096 1191//1191 1098//1098
f 1191//1191 1193//1193 1098//1098
f 1194//1194 1099//1099 1195//1195
f 1194//1194 1192//1192 1099//1099
f 1192//1192 1097//1097 1099//1099
f 1194//1194 1195//1195 1196//1196
f 1101//1101 1197//1197 1198//1198
f 1102//1102 1101//1101 1198//1198
f 1193//1193 1101//1101 1098//1098
f 1197//1197 1101//1101 1193//1193
f 1099//1099 1103//1103 1195//1195
f 1104//1104 1199//1199 1200//1200
f 1103//1103 1104//1104 1200//1200
f 1103//1103 1200//1200 1196//1196
f 1103//1103 1196//1196 1195//1195
f 1200//1200 1199//1199 1201//1201
f 1105//1105 1202//1202 1203//1203
f 1106//1106 1105//1105 1203//1203
f 1198//1198 1105//1105 1102//1102
f 1202//1202 1105//1105 1198//1198
f 1104//1104 1107//1107 1199//1199
f 1199//1199 1204//1204 1201//1201
f 1199//1199 1107//1107 1204//1204
f 1107//1107 1108//1108 1204//1204
f 1110//1110 1205//1205 1108//1108
f 1108//1108 1205//1205 1204//1204
f 1112//1112 1206//1206 1110//1110
f 1110//1110 1206//1206 1205//1205
f 1114//1114 1207//1207 1112//1112
f 1112//1112 1207//1207 1206//1206
f 1115//1115 1208//1208 1114//1114
f 1114//1114 1208//1208 1207//1207
f 1116//1116 1209//1209 1115//1115
f 1115//1115 1209//1209 1208//1208
f 1203//1203 1116//1116 1106//1106
f 1209//1209 1116//1116 1203//1203
f 1118//1118 1210//1210 1211//1211
f 1117//1117 1210//1210 1118//1118
f 1119//1119 1118//1118 1212//1212
f 1118//1118 1211//1211 1212//1212
f 1120//1120 1119//1119 1213//1213
f 1119//1119 1212//1212 1213//1213
f 1121//1121 1120//1120 1214//1214
f 1120//1120 1213//1213 1214//1214
f 1122//1122 1121//1121 1215//1215
f 1121//1121 1214//1214 1215//1215
f 1123//1123 1216//1216 1217//1217
f 1123//1123 1122//1122 1216//1216
f 1122//1122 1215//1215 1216//1216
f 1216//1216 1218//1218 1217//1217
f 1125//1125 1124//1124 1219//1219
f 1220//1220 1125//1125 1219//1219
f 1220//1220 1221//1221 1125//1125
f 1221//1221 1126//1126 1125//1125
f 1210//1210 1117//1117 1126//1126
f 1221//1221 1210//1210 1126//1126
f 1123//1123 1217//1217 1127//1127
f 1217//1217 1218//1218 1222//1222
f 1217//1217 1222//1222 1127//1127
f 1127//1127 1222//1222 1128//1128
f 1223//1223 1222//1222 1224//1224
f 1223//1223 1129//1129 1222//1222
f 1129//1129 1128//1128 1222//1222
f 1129//1129 1223//1223 1131//1131
f 1133//1133 1132//1132 1225//1225
f 1133//1133 1225//1225 1226//1226
f 1124//1124 1133//1133 1226//1226
f 1124//1124 1226//1226 1227//1227
f 1124//1124 1227//1227 1219//1219
f 1220//1220 1219//1219 1227//1227
f 1223//1223 1224//1224 1228//1228
f 1228//1228 1131//1131 1223//1223
f 1228//1228 1229//1229 1131//1131
f 1229//1229 1134//1134 1131//1131
f 1225//1225 1135//1135 1230//1230
f 1132//1132 1135//1135 1225//1225
f 1231//1231 1226//1226 1225//1225
f 1230//1230 1231//1231 1225//1225
f 1232//1232 1136//1136 1134//1134
f 1232//1232 1134//1134 1233//1233
f 1233//1233 1134//1134 1229//1229
f 1136//1136 1232//1232 1137//1137
f 1230//1230 1138//1138 1234//1234
f 1135//1135 1138//1138 1230//1230
f 1235//1235 1231//1231 1230//1230
f 1234//1234 1235//1235 1230//1230
f 1236//1236 1232//1232 1233//1233
f 1237//1237 1236//1236 1233//1233
f 1137//1137 1236//1236 1139//1139
f 1232//1232 1236//1236 1137//1137
f 1234//1234 1141//1141 1238//1238
f 1138//1138 1141//1141 1234//1234
f 1239//1239 1235//1235 1234//1234
f 1238//1238 1239//1239 1234//1234
f 1236//1236 1237//1237 1240//1240
f 1240//1240 1139//1139 1236//1236
f 1240//1240 1241//1241 1139//1139
f 1241//1241 1143//1143 1139//1139
f 1145//1145 1144//1144 1242//1242
f 1145//1145 1242//1242 1243//1243
f 1141//1141 1145//1145 1243//1243
f 1141//1141 1243//1243 1244//1244
f 1141//1141 1244//1244 1238//1238
f 1239//1239 1238//1238 1244//1244
f 1245//1245 1146//1146 1143//1143
f 1245//1245 1143//1143 1246//1246
f 1246//1246 1143//1143 1241//1241
f 1146//1146 1245//1245 1147//1147
f 1149//1149 1148//1148 1247//1247
f 1149//1149 1247//1247 1248//1248
f 1144//1144 1149//1149 1248//1248
f 1144//1144 1248//1248 1249//1249
f 1144//1144 1249//1249 1242//1242
f 1243//1243 1242//1242 1249//1249
f 1250//1250 1245//1245 1246//1246
f 1251//1251 1250//1250 1246//1246
f 1147//1147 1250//1250 1151//1151
f 1245//1245 1250//1250 1147//1147
f 1247//1247 1252//1252 1253//1253
f 1247//1247 1148//1148 1252//1252
f 1148//1148 1153//1153 1252//1252
f 1248//1248 1247//1247 1253//1253
f 1254//1254 1250//1250 1251//1251
f 1255//1255 1254//1254 1251//1251
f 1151//1151 1254//1254 1155//1155
f 1250//1250 1254//1254 1151//1151
f 1157//1157 1156//1156 1256//1256
f 1157//1157 1256//1256 1257//1257
f 1157//1157 1257//1257 1153//1153
f 1153//1153 1257//1257 1252//1252
f 1254//1254 1255//1255 1258//1258
f 1259//1259 1258//1258 1260//1260
f 1158//1158 1258//1258 1259//1259
f 1158//1158 1254//1254 1258//1258
f 1158//1158 1155//1155 1254//1254
f 1158//1158 1259//1259 1160//1160
f 1256//1256 1261//1261 1262//1262
f 1256//1256 1156//1156 1261//1261
f 1156//1156 1161//1161 1261//1261
f 1257//1257 1256//1256 1262//1262
f 1263//1263 1259//1259 1260//1260
f 1264//1264 1263//1263 1260//1260
f 1160//1160 1265//1265 1162//1162
f 1160//1160 1259//1259 1265//1265
f 1259//1259 1263//1263 1265//1265
f 1162//1162 1265//1265 1163//1163
f 1161//1161 1164//1164 1261//1261
f 1261//1261 1164//1164 1266//1266
f 1267//1267 1263//1263 1264//1264
f 1268//1268 1267//1267 1264//1264
f 1265//1265 1263//1263 1269//1269
f 1269//1269 1263//1263 1267//1267
f 1163//1163 1269//1269 1165//1165
f 1265//1265 1269//1269 1163//1163
f 1164//1164 1166//1166 1266//1266
f 1266//1266 1166//1166 1270//1270
f 1271//1271 1267//1267 1268//1268
f 1272//1272 1271//1271 1268//1268
f 1269//1269 1267//1267 1273//1273
f 1273//1273 1267//1267 1271//1271
f 1165//1165 1273//1273 1167//1167
f 1269//1269 1273//1273 1165//1165
f 1166//1166 1168//1168 1270//1270
f 1270//1270 1168//1168 1274//1274
f 1275//1275 1271//1271 1272//1272
f 1276//1276 1275//1275 1272//1272
f 1170//1170 1275//1275 1171//1171
f 1170//1170 1273//1273 1275//1275
f 1273//1273 1271//1271 1275//1275
f 1167//1167 1273//1273 1170//1170
f 1168//1168 1172//1172 1274//1274
f 1274//1274 1172//1172 1277//1277
f 1278//1278 1279//1279 1280//1280
f 1276//1276 1279//1279 1278//1278
f 1276//1276 1278//1278 1275//1275
f 1275//1275 1278//1278 1281//1281
f 1171//1171 1281//1281 1173//1173
f 1275//1275 1281//1281 1171//1171
f 1172//1172 1282//1282 1277//1277
f 1174//1174 1282//1282 1172//1172
f 1175//1175 1283//1283 1284//1284
f 1175//1175 1284//1284 1174//1174
f 1174//1174 1284//1284 1282//1282
f 1284//1284 1283//1283 1285//1285
f 1286//1286 1287//1287 1288//1288
f 1280//1280 1287//1287 1286//1286
f 1280//1280 1286//1286 1278//1278
f 1278//1278 1286//1286 1289//1289
f 1176//1176 1289//1289 1177//1177
f 1176//1176 1281//1281 1289//1289
f 1281//1281 1278//1278 1289//1289
f 1173//1173 1281//1281 1176//1176
f 1175//1175 1178//1178 1283//1283
f 1283//1283 1290//1290 1285//1285
f 1283//1283 1178//1178 1290//1290
f 1178//1178 1179//1179 1290//1290
f 1180//1180 1291//1291 1292//1292
f 1180//1180 1292//1292 1179//1179
f 1179//1179 1292//1292 1290//1290
f 1292//1292 1291//1291 1293//1293
f 1294//1294 1286//1286 1288//1288
f 1295//1295 1294//1294 1288//1288
f 1181//1181 1294//1294 1182//1182
f 1181//1181 1289//1289 1294//1294
f 1289//1289 1286//1286 1294//1294
f 1177//1177 1289//1289 1181//1181
f 1180//1180 1183//1183 1291//1291
f 1291//1291 1183//1183 1184//1184
f 1291//1291 1184//1184 1293//1293
f 1293//1293 1184//1184 1296//1296
f 1297//1297 1294//1294 1295//1295
f 1298//1298 1297//1297 1295//1295
f 1182//1182 1297//1297 1185//1185
f 1294//1294 1297//1297 1182//1182
f 1184//1184 1186//1186 1296//1296
f 1296//1296 1186//1186 1299//1299
f 1188//1188 1297//1297 1298//1298
f 1188//1188 1298//1298 1189//1189
f 1189//1189 1298//1298 1300//1300
f 1185//1185 1297//1297 1188//1188
f 1186//1186 1190//1190 1299//1299
f 1299//1299 1190//1190 1301//1301
f 1189//1189 1300//1300 1191//1191
f 1300//1300 1302//1302 1191//1191
f 1303//1303 1192//1192 1304//1304
f 1303//1303 1301//1301 1192//1192
f 1301//1301 1190//1190 1192//1192
f 1303//1303 1304//1304 1305//1305
f 1306//1306 1307//1307 1308//1308
f 1306//1306 1302//1302 1307//1307
f 1306//1306 1193//1193 1302//1302
f 1193//1193 1191//1191 1302//1302
f 1192//1192 1194//1194 1304//1304
f 1304//1304 1194//1194 1196//1196
f 1304//1304 1196//1196 1305//1305
f 1305//1305 1196//1196 1309//1309
f 1310//1310 1311//1311 1312//1312
f 1308//1308 1311//1311 1310//1310
f 1306//1306 1308//1308 1310//1310
f 1306//1306 1310//1310 1198//1198
f 1306//1306 1198//1198 1197//1197
f 1193//1193 1306//1306 1197//1197
f 1196//1196 1313//1313 1309//1309
f 1200//1200 1313//1313 1196//1196
f 1313//1313 1200//1200 1201//1201
f 1314//1314 1313//1313 1201//1201
f 1315//1315 1316//1316 1317//1317
f 1312//1312 1316//1316 1315//1315
f 1310//1310 1312//1312 1315//1315
f 1310//1310 1315//1315 1203//1203
f 1310//1310 1203//1203 1202//1202
f 1198//1198 1310//1310 1202//1202
f 1201//1201 1318//1318 1314//1314
f 1204//1204 1318//1318 1201//1201
f 1205//1205 1319//1319 1204//1204
f 1204//1204 1319//1319 1318//1318
f 1206//1206 1320//1320 1205//1205
f 1205//1205 1320//1320 1319//1319
f 1207//1207 1321//1321 1206//1206
f 1206//1206 1321//1321 1320//1320
f 1208//1208 1322//1322 1207//1207
f 1207//1207 1322//1322 1321//1321
f 1317//1317 1209//1209 1315//1315
f 1317//1317 1322//1322 1209//1209
f 1322//1322 1208//1208 1209//1209
f 1203//1203 1315//1315 1209//1209
f 1211//1211 1210//1210 1323//1323
f 1324//1324 1211//1211 1323//1323
f 1324//1324 1325//1325 1211//1211
f 1325//1325 1212//1212 1211//1211
f 1213//1213 1212//1212 1326//1326
f 1212//1212 1325//1325 1326//1326
f 1214//1214 1213//1213 1327//1327
f 1213//1213 1326//1326 1327//1327
f 1328//1328 1327//1327 1329//1329
f 1328//1328 1215//1215 1327//1327
f 1215//1215 1214//1214 1327//1327
f 1215//1215 1330//1330 1216//1216
f 1328//1328 1330//1330 1215//1215
f 1216//1216 1330//1330 1218//1218
f 1221//1221 1331//1331 1332//1332
f 1220//1220 1331//1331 1221//1221
f 1323//1323 1210//1210 1221//1221
f 1323//1323 1221//1221 1333//1333
f 1333//1333 1221//1221 1332//1332
f 1324//1324 1323//1323 1333//1333
f 1328//1328 1329//1329 1334//1334
f 1330//1330 1328//1328 1334//1334
f 1335//1335 1330//1330 1334//1334
f 1218//1218 1330//1330 1335//1335
f 1218//1218 1335//1335 1222//1222
f 1222//1222 1335//1335 1336//1336
f 1336//1336 1224//1224 1222//1222
f 1337//1337 1224//1224 1336//1336
f 1227//1227 1226//1226 1338//1338
f 1227//1227 1338//1338 1339//1339
f 1227//1227 1339//1339 1220//1220
f 1220//1220 1339//1339 1331//1331
f 1340//1340 1228//1228 1224//1224
f 1340//1340 1224//1224 1341//1341
f 1341//1341 1224//1224 1337//1337
f 1228//1228 1340//1340 1229//1229
f 1338//1338 1231//1231 1342//1342
f 1226//1226 1231//1231 1338//1338
f 1343//1343 1339//1339 1338//1338
f 1342//1342 1343//1343 1338//1338
f 1340//1340 1341//1341 1344//1344
f 1344//1344 1229//1229 1340//1340
f 1344//1344 1345//1345 1229//1229
f 1345//1345 1233//1233 1229//1229
f 1342//1342 1235//1235 1346//1346
f 1231//1231 1235//1235 1342//1342
f 1347//1347 1343//1343 1342//1342
f 1346//1346 1347//1347 1342//1342
f 1233//1233 1345//1345 1237//1237
f 1345//1345 1348//1348 1237//1237
f 1346//1346 1239//1239 1349//1349
f 1235//1235 1239//1239 1346//1346
f 1350//1350 1347//1347 1346//1346
f 1349//1349 1350//1350 1346//1346
f 1351//1351 1240//1240 1237//1237
f 1351//1351 1237//1237 1352//1352
f 1352//1352 1237//1237 1348//1348
f 1240//1240 1351//1351 1241//1241
f 1244//1244 1243//1243 1353//1353
f 1244//1244 1349//1349 1239//1239
f 1244//1244 1353//1353 1349//1349
f 1353//1353 1354//1354 1349//1349
f 1355//1355 1350//1350 1349//1349
f 1354//1354 1355//1355 1349//1349
f 1356//1356 1351//1351 1352//1352
f 1357//1357 1356//1356 1352//1352
f 1241//1241 1356//1356 1246//1246
f 1351//1351 1356//1356 1241//1241
f 1249//1249 1248//1248 1358//1358
f 1249//1249 1353//1353 1243//1243
f 1249//1249 1358//1358 1353//1353
f 1358//1358 1359//1359 1353//1353
f 1360//1360 1361//1361 1354//1354
f 1360//1360 1354//1354 1359//1359
f 1359//1359 1354//1354 1353//1353
f 1355//1355 1354//1354 1361//1361
f 1362//1362 1356//1356 1357//1357
f 1363//1363 1362//1362 1357//1357
f 1246//1246 1362//1362 1251//1251
f 1356//1356 1362//1362 1246//1246
f 1253//1253 1252//1252 1364//1364
f 1253//1253 1358//1358 1248//1248
f 1253//1253 1364//1364 1358//1358
f 1364//1364 1365//1365 1358//1358
f 1366//1366 1367//1367 1359//1359
f 1366//1366 1359//1359 1365//1365
f 1365//1365 1359//1359 1358//1358
f 1360//1360 1359//1359 1367//1367
f 1368//1368 1362//1362 1363//1363
f 1369//1369 1368//1368 1363//1363
f 1251//1251 1368//1368 1255//1255
f 1362//1362 1368//1368 1251//1251
f 1364//1364 1257//1257 1370//1370
f 1252//1252 1257//1257 1364//1364
f 1371//1371 1372//1372 1365//1365
f 1371//1371 1365//1365 1370//1370
f 1370//1370 1365//1365 1364//1364
f 1366//1366 1365//1365 1372//1372
f 1373//1373 1368//1368 1369//1369
f 1374//1374 1373//1373 1369//1369
f 1255//1255 1375//1375 1258//1258
f 1255//1255 1368//1368 1375//1375
f 1368//1368 1373//1373 1375//1375
f 1258//1258 1375//1375 1260//1260
f 1262//1262 1261//1261 1376//1376
f 1262//1262 1376//1376 1377//1377
f 1257//1257 1262//1262 1377//1377
f 1257//1257 1377//1377 1378//1378
f 1257//1257 1378//1378 1370//1370
f 1371//1371 1370//1370 1378//1378
f 1379//1379 1373//1373 1374//1374
f 1380//1380 1379//1379 1374//1374
f 1375//1375 1373//1373 1381//1381
f 1381//1381 1373//1373 1379//1379
f 1260//1260 1381//1381 1264//1264
f 1375//1375 1381//1381 1260//1260
f 1376//1376 1266//1266 1382//1382
f 1261//1261 1266//1266 1376//1376
f 1383//1383 1377//1377 1376//1376
f 1382//1382 1383//1383 1376//1376
f 1384//1384 1379//1379 1380//1380
f 1385//1385 1384//1384 1380//1380
f 1381//1381 1379//1379 1386//1386
f 1386//1386 1379//1379 1384//1384
f 1264//1264 1386//1386 1268//1268
f 1381//1381 1386//1386 1264//1264
f 1382//1382 1270//1270 1387//1387
f 1266//1266 1270//1270 1382//1382
f 1388//1388 1383//1383 1382//1382
f 1387//1387 1388//1388 1382//1382
f 1384//1384 1385//1385 1389//1389
f 1389//1389 1390//1390 1391//1391
f 1389//1389 1391//1391 1384//1384
f 1384//1384 1391//1391 1386//1386
f 1268//1268 1391//1391 1272//1272
f 1386//1386 1391//1391 1268//1268
f 1387//1387 1274//1274 1392//1392
f 1270//1270 1274//1274 1387//1387
f 1393//1393 1388//1388 1387//1387
f 1392//1392 1393//1393 1387//1387
f 1394//1394 1395//1395 1396//1396
f 1390//1390 1395//1395 1394//1394
f 1390//1390 1394//1394 1391//1391
f 1391//1391 1394//1394 1397//1397
f 1272//1272 1397//1397 1276//1276
f 1391//1391 1397//1397 1272//1272
f 1392//1392 1277//1277 1398//1398
f 1274//1274 1277//1277 1392//1392
f 1399//1399 1393//1393 1392//1392
f 1399//1399 1392//1392 1400//1400
f 1400//1400 1392//1392 1398//1398
f 1399//1399 1400//1400 1401//1401
f 1402//1402 1394//1394 1396//1396
f 1403//1403 1402//1402 1396//1396
f 1279//1279 1402//1402 1280//1280
f 1279//1279 1397//1397 1402//1402
f 1397//1397 1394//1394 1402//1402
f 1276//1276 1397//1397 1279//1279
f 1277//1277 1282//1282 1398//1398
f 1284//1284 1398//1398 1282//1282
f 1400//1400 1398//1398 1284//1284
f 1285//1285 1404//1404 1405//1405
f 1284//1284 1285//1285 1405//1405
f 1284//1284 1405//1405 1401//1401
f 1284//1284 1401//1401 1400//1400
f 1404//1404 1406//1406 1407//1407
f 1405//1405 1404//1404 1407//1407
f 1407//1407 1406//1406 1408//1408
f 1287//1287 1402//1402 1403//1403
f 1287//1287 1403//1403 1288//1288
f 1288//1288 1403//1403 1409//1409
f 1280//1280 1402//1402 1287//1287
f 1285//1285 1290//1290 1404//1404
f 1292//1292 1404//1404 1290//1290
f 1406//1406 1404//1404 1292//1292
f 1293//1293 1410//1410 1411//1411
f 1292//1292 1293//1293 1411//1411
f 1292//1292 1411//1411 1408//1408
f 1292//1292 1408//1408 1406//1406
f 1411//1411 1410//1410 1412//1412
f 1413//1413 1414//1414 1415//1415
f 1413//1413 1409//1409 1414//1414
f 1413//1413 1295//1295 1409//1409
f 1295//1295 1288//1288 1409//1409
f 1410//1410 1296//1296 1416//1416
f 1293//1293 1296//1296 1410//1410
f 1417//1417 1412//1412 1410//1410
f 1416//1416 1417//1417 1410//1410
f 1418//1418 1413//1413 1415//1415
f 1419//1419 1418//1418 1415//1415
f 1295//1295 1418//1418 1298//1298
f 1413//1413 1418//1418 1295//1295
f 1416//1416 1299//1299 1420//1420
f 1296//1296 1299//1299 1416//1416
f 1421//1421 1417//1417 1416//1416
f 1420//1420 1421//1421 1416//1416
f 1422//1422 1418//1418 1419//1419
f 1423//1423 1422//1422 1419//1419
f 1298//1298 1422//1422 1300//1300
f 1418//1418 1422//1422 1298//1298
f 1420//1420 1301//1301 1424//1424
f 1299//1299 1301//1301 1420//1420
f 1425//1425 1421//1421 1420//1420
f 1424//1424 1425//1425 1420//1420
f 1426//1426 1422//1422 1423//1423
f 1427//1427 1426//1426 1423//1423
f 1300//1300 1426//1426 1302//1302
f 1422//1422 1426//1426 1300//1300
f 1301//1301 1303//1303 1424//1424
f 1424//1424 1303//1303 1305//1305
f 1424//1424 1305//1305 1425//1425
f 1425//1425 1305//1305 1428//1428
f 1429//1429 1430//1430 1431//1431
f 1427//1427 1430//1430 1429//1429
f 1426//1426 1427//1427 1429//1429
f 1426//1426 1429//1429 1308//1308
f 1426//1426 1308//1308 1307//1307
f 1302//1302 1426//1426 1307//1307
f 1432//1432 1309//1309 1433//1433
f 1432//1432 1428//1428 1309//1309
f 1428//1428 1305//1305 1309//1309
f 1432//1432 1433//1433 1434//1434
f 1435//1435 1436//1436 1437//1437
f 1431//1431 1436//1436 1435//1435
f 1429//1429 1431//1431 1435//1435
f 1429//1429 1435//1435 1312//1312
f 1429//1429 1312//1312 1311//1311
f 1308//1308 1429//1429 1311//1311
f 1309//1309 1313//1313 1433//1433
f 1314//1314 1438//1438 1439//1439
f 1313//1313 1314//1314 1439//1439
f 1313//1313 1439//1439 1434//1434
f 1313//1313 1434//1434 1433//1433
f 1438//1438 1440//1440 1441//1441
f 1439//1439 1438//1438 1441//1441
f 1440//1440 1442//1442 1443//1443
f 1441//1441 1440//1440 1443//1443
f 1442//1442 1444//1444 1445//1445
f 1443//1443 1442//1442 1445//1445
f 1444//1444 1446//1446 1447//1447
f 1445//1445 1444//1444 1447//1447
f 1437//1437 1447//1447 1446//1446
f 1435//1435 1437//1437 1446//1446
f 1435//1435 1446//1446 1317//1317
f 1435//1435 1317//1317 1316//1316
f 1312//1312 1435//1435 1316//1316
f 1314//1314 1318//1318 1438//1438
f 1319//1319 1438//1438 1318//1318
f 1440//1440 1438//1438 1319//1319
f 1320//1320 1440//1440 1319//1319
f 1442//1442 1440//1440 1320//1320
f 1321//1321 1442//1442 1320//1320
f 1444//1444 1442//1442 1321//1321
f 1322//1322 1444//1444 1321//1321
f 1446//1446 1444//1444 1322//1322
f 1317//1317 1446//1446 1322//1322
f 1325//1325 1324//1324 1448//1448
f 1325//1325 1449//1449 1326//1326
f 1448//1448 1449//1449 1325//1325
f 1326//1326 1450//1450 1327//1327
f 1449//1449 1450//1450 1326//1326
f 1327//1327 1450//1450 1329//1329
f 1332//1332 1331//1331 1451//1451
f 1332//1332 1452//1452 1333//1333
f 1451//1451 1452//1452 1332//1332
f 1333//1333 1448//1448 1324//1324
f 1333//1333 1452//1452 1448//1448
f 1452//1452 1453//1453 1448//1448
f 1454//1454 1455//1455 1449//1449
f 1454//1454 1449//1449 1453//1453
f 1453//1453 1449//1449 1448//1448
f 1455//1455 1456//1456 1457//1457
f 1455//1455 1457//1457 1449//1449
f 1449//1449 1457//1457 1450//1450
f 1329//1329 1458//1458 1334//1334
f 1329//1329 1450//1450 1458//1458
f 1450//1450 1457//1457 1458//1458
f 1334//1334 1459//1459 1335//1335
f 1458//1458 1459//1459 1334//1334
f 1335//1335 1460//1460 1336//1336
f 1459//1459 1460//1460 1335//1335
f 1336//1336 1460//1460 1337//1337
f 1451//1451 1339//1339 1461//1461
f 1331//1331 1339//1339 1451//1451
f 1452//1452 1451//1451 1462//1462
f 1462//1462 1451//1451 1461//1461
f 1463//1463 1464//1464 1453//1453
f 1463//1463 1453//1453 1462//1462
f 1462//1462 1453//1453 1452//1452
f 1454//1454 1453//1453 1464//1464
f 1457//1457 1456//1456 1465//1465
f 1458//1458 1457//1457 1465//1465
f 1466//1466 1458//1458 1465//1465
f 1459//1459 1458//1458 1466//1466
f 1467//1467 1459//1459 1466//1466
f 1467//1467 1468//1468 1469//1469
f 1467//1467 1469//1469 1459//1459
f 1459//1459 1469//1469 1460//1460
f 1337//1337 1469//1469 1341//1341
f 1460//1460 1469//1469 1337//1337
f 1461//1461 1343//1343 1470//1470
f 1339//1339 1343//1343 1461//1461
f 1471//1471 1472//1472 1462//1462
f 1471//1471 1462//1462 1470//1470
f 1470//1470 1462//1462 1461//1461
f 1463//1463 1462//1462 1472//1472
f 1473//1473 1469//1469 1468//1468
f 1474//1474 1473//1473 1468//1468
f 1341//1341 1475//1475 1344//1344
f 1341//1341 1469//1469 1475//1475
f 1469//1469 1473//1473 1475//1475
f 1344//1344 1475//1475 1345//1345
f 1470//1470 1347//1347 1476//1476
f 1343//1343 1347//1347 1470//1470
f 1477//1477 1471//1471 1470//1470
f 1477//1477 1470//1470 1478//1478
f 1478//1478 1470//1470 1476//1476
f 1477//1477 1478//1478 1479//1479
f 1480//1480 1473//1473 1474//1474
f 1481//1481 1480//1480 1474//1474
f 1475//1475 1473//1473 1482//1482
f 1482//1482 1473//1473 1480//1480
f 1345//1345 1482//1482 1348//1348
f 1475//1475 1482//1482 1345//1345
f 1476//1476 1350//1350 1483//1483
f 1347//1347 1350//1350 1476//1476
f 1478//1478 1476//1476 1484//1484
f 1484//1484 1476//1476 1483//1483
f 1485//1485 1479//1479 1478//1478
f 1484//1484 1485//1485 1478//1478
f 1480//1480 1481//1481 1486//1486
f 1486//1486 1487//1487 1488//1488
f 1486//1486 1488//1488 1480//1480
f 1480//1480 1488//1488 1482//1482
f 1348//1348 1488//1488 1352//1352
f 1482//1482 1488//1488 1348//1348
f 1483//1483 1355//1355 1489//1489
f 1350//1350 1355//1355 1483//1483
f 1490//1490 1491//1491 1484//1484
f 1490//1490 1484//1484 1489//1489
f 1489//1489 1484//1484 1483//1483
f 1485//1485 1484//1484 1491//1491
f 1492//1492 1488//1488 1487//1487
f 1493//1493 1492//1492 1487//1487
f 1352//1352 1492//1492 1357//1357
f 1488//1488 1492//1492 1352//1352
f 1361//1361 1360//1360 1494//1494
f 1361//1361 1489//1489 1355//1355
f 1361//1361 1494//1494 1489//1489
f 1494//1494 1495//1495 1489//1489
f 1496//1496 1490//1490 1489//1489
f 1495//1495 1496//1496 1489//1489
f 1497//1497 1492//1492 1493//1493
f 1498//1498 1497//1497 1493//1493
f 1357//1357 1497//1497 1363//1363
f 1492//1492 1497//1497 1357//1357
f 1367//1367 1366//1366 1499//1499
f 1367//1367 1494//1494 1360//1360
f 1367//1367 1499//1499 1494//1494
f 1499//1499 1500//1500 1494//1494
f 1501//1501 1502//1502 1495//1495
f 1501//1501 1495//1495 1500//1500
f 1500//1500 1495//1495 1494//1494
f 1496//1496 1495//1495 1502//1502
f 1503//1503 1497//1497 1498//1498
f 1504//1504 1503//1503 1498//1498
f 1363//1363 1503//1503 1369//1369
f 1497//1497 1503//1503 1363//1363
f 1372//1372 1371//1371 1505//1505
f 1372//1372 1499//1499 1366//1366
f 1372//1372 1505//1505 1499//1499
f 1505//1505 1506//1506 1499//1499
f 1507//1507 1508//1508 1500//1500
f 1507//1507 1500//1500 1506//1506
f 1506//1506 1500//1500 1499//1499
f 1501//1501 1500//1500 1508//1508
f 1509//1509 1503//1503 1504//1504
f 1510//1510 1509//1509 1504//1504
f 1369//1369 1509//1509 1374//1374
f 1503//1503 1509//1509 1369//1369
f 1378//1378 1377//1377 1511//1511
f 1378//1378 1505//1505 1371//1371
f 1378//1378 1511//1511 1505//1505
f 1511//1511 1512//1512 1505//1505
f 1513//1513 1514//1514 1506//1506
f 1513//1513 1506//1506 1512//1512
f 1512//1512 1506//1506 1505//1505
f 1507//1507 1506//1506 1514//1514
f 1509//1509 1510//1510 1515//1515
f 1515//1515 1374//1374 1509//1509
f 1515//1515 1516//1516 1374//1374
f 1516//1516 1380//1380 1374//1374
f 1511//1511 1383//1383 1517//1517
f 1377//1377 1383//1383 1511//1511
f 1512//1512 1511//1511 1518//1518
f 1518//1518 1511//1511 1517//1517
f 1519//1519 1513//1513 1512//1512
f 1518//1518 1519//1519 1512//1512
f 1380//1380 1516//1516 1385//1385
f 1516//1516 1520//1520 1385//1385
f 1517//1517 1388//1388 1521//1521
f 1383//1383 1388//1388 1517//1517
f 1518//1518 1517//1517 1522//1522
f 1522//1522 1517//1517 1521//1521
f 1523//1523 1519//1519 1518//1518
f 1522//1522 1523//1523 1518//1518
f 1524//1524 1389//1389 1385//1385
f 1524//1524 1385//1385 1525//1525
f 1525//1525 1385//1385 1520//1520
f 1389//1389 1524//1524 1390//1390
f 1521//1521 1393//1393 1526//1526
f 1388//1388 1393//1393 1521//1521
f 1522//1522 1521//1521 1527//1527
f 1527//1527 1521//1521 1526//1526
f 1528//1528 1523//1523 1522//1522
f 1528//1528 1522//1522 1529//1529
f 1529//1529 1522//1522 1527//1527
f 1528//1528 1529//1529 1530//1530
f 1395//1395 1524//1524 1525//1525
f 1395//1395 1525//1525 1396//1396
f 1396//1396 1525//1525 1531//1531
f 1390//1390 1524//1524 1395//1395
f 1393//1393 1399//1399 1526//1526
f 1401//1401 1526//1526 1399//1399
f 1401//1401 1532//1532 1526//1526
f 1532//1532 1527//1527 1526//1526
f 1529//1529 1527//1527 1533//1533
f 1533//1533 1527//1527 1532//1532
f 1534//1534 1530//1530 1529//1529
f 1533//1533 1534//1534 1529//1529
f 1396//1396 1531//1531 1403//1403
f 1531//1531 1535//1535 1403//1403
f 1401//1401 1405//1405 1532//1532
f 1407//1407 1532//1532 1405//1405
f 1533//1533 1532//1532 1407//1407
f 1408//1408 1536//1536 1537//1537
f 1407//1407 1408//1408 1537//1537
f 1407//1407 1537//1537 1534//1534
f 1407//1407 1534//1534 1533//1533
f 1537//1537 1536//1536 1538//1538
f 1539//1539 1540//1540 1541//1541
f 1539//1539 1535//1535 1540//1540
f 1539//1539 1409//1409 1535//1535
f 1409//1409 1403//1403 1535//1535
f 1408//1408 1411//1411 1536//1536
f 1536//1536 1411//1411 1412//1412
f 1536//1536 1412//1412 1538//1538
f 1538//1538 1412//1412 1542//1542
f 1414//1414 1539//1539 1541//1541
f 1414//1414 1541//1541 1415//1415
f 1415//1415 1541//1541 1543//1543
f 1409//1409 1539//1539 1414//1414
f 1544//1544 1417//1417 1545//1545
f 1544//1544 1542//1542 1417//1417
f 1542//1542 1412//1412 1417//1417
f 1544//1544 1545//1545 1546//1546
f 1547//1547 1548//1548 1549//1549
f 1547//1547 1543//1543 1548//1548
f 1547//1547 1419//1419 1543//1543
f 1419//1419 1415//1415 1543//1543
f 1545//1545 1421//1421 1550//1550
f 1417//1417 1421//1421 1545//1545
f 1551//1551 1546//1546 1545//1545
f 1550//1550 1551//1551 1545//1545
f 1552//1552 1547//1547 1549//1549
f 1553//1553 1552//1552 1549//1549
f 1419//1419 1552//1552 1423//1423
f 1547//1547 1552//1552 1419//1419
f 1550//1550 1425//1425 1554//1554
f 1421//1421 1425//1425 1550//1550
f 1555//1555 1551//1551 1550//1550
f 1554//1554 1555//1555 1550//1550
f 1556//1556 1557//1557 1558//1558
f 1553//1553 1557//1557 1556//1556
f 1553//1553 1556//1556 1552//1552
f 1552//1552 1556//1556 1559//1559
f 1423//1423 1559//1559 1427//1427
f 1552//1552 1559//1559 1423//1423
f 1554//1554 1428//1428 1560//1560
f 1425//1425 1428//1428 1554//1554
f 1561//1561 1555//1555 1554//1554
f 1560//1560 1561//1561 1554//1554
f 1562//1562 1556//1556 1558//1558
f 1563//1563 1562//1562 1558//1558
f 1430//1430 1562//1562 1431//1431
f 1430//1430 1559//1559 1562//1562
f 1559//1559 1556//1556 1562//1562
f 1427//1427 1559//1559 1430//1430
f 1428//1428 1432//1432 1560//1560
f 1434//1434 1564//1564 1565//1565
f 1432//1432 1434//1434 1565//1565
f 1432//1432 1565//1565 1561//1561
f 1432//1432 1561//1561 1560//1560
f 1565//1565 1564//1564 1566//1566
f 1567//1567 1568//1568 1569//1569
f 1567//1567 1570//1570 1571//1571
f 1568//1568 1567//1567 1571//1571
f 1563//1563 1571//1571 1570//1570
f 1562//1562 1563//1563 1570//1570
f 1562//1562 1570//1570 1437//1437
f 1562//1562 1437//1437 1436//1436
f 1431//1431 1562//1562 1436//1436
f 1434//1434 1439//1439 1564//1564
f 1564//1564 1572//1572 1566//1566
f 1564//1564 1439//1439 1572//1572
f 1439//1439 1441//1441 1572//1572
f 1443//1443 1573//1573 1441//1441
f 1441//1441 1573//1573 1572//1572
f 1569//1569 1445//1445 1567//1567
f 1569//1569 1573//1573 1445//1445
f 1573//1573 1443//1443 1445//1445
f 1447//1447 1567//1567 1445//1445
f 1570//1570 1567//1567 1447//1447
f 1437//1437 1570//1570 1447//1447
f 1455//1455 1454//1454 1574//1574
f 1455//1455 1574//1574 1456//1456
f 1464//1464 1463//1463 1575//1575
f 1464//1464 1574//1574 1454//1454
f 1464//1464 1575//1575 1574//1574
f 1575//1575 1576//1576 1574//1574
f 1456//1456 1577//1577 1465//1465
f 1456//1456 1574//1574 1577//1577
f 1574//1574 1576//1576 1577//1577
f 1465//1465 1578//1578 1466//1466
f 1577//1577 1578//1578 1465//1465
f 1466//1466 1579//1579 1467//1467
f 1578//1578 1579//1579 1466//1466
f 1467//1467 1579//1579 1468//1468
f 1472//1472 1471//1471 1580//1580
f 1472//1472 1575//1575 1463//1463
f 1472//1472 1580//1580 1575//1575
f 1580//1580 1581//1581 1575//1575
f 1576//1576 1575//1575 1582//1582
f 1582//1582 1575//1575 1581//1581
f 1577//1577 1576//1576 1583//1583
f 1583//1583 1576//1576 1582//1582
f 1578//1578 1577//1577 1584//1584
f 1584//1584 1577//1577 1583//1583
f 1579//1579 1578//1578 1585//1585
f 1585//1585 1578//1578 1584//1584
f 1468//1468 1585//1585 1474//1474
f 1579//1579 1585//1585 1468//1468
f 1471//1471 1477//1477 1580//1580
f 1479//1479 1580//1580 1477//1477
f 1479//1479 1586//1586 1580//1580
f 1586//1586 1581//1581 1580//1580
f 1582//1582 1581//1581 1587//1587
f 1587//1587 1581//1581 1586//1586
f 1583//1583 1582//1582 1588//1588
f 1588//1588 1582//1582 1587//1587
f 1584//1584 1583//1583 1589//1589
f 1589//1589 1583//1583 1588//1588
f 1585//1585 1584//1584 1590//1590
f 1590//1590 1584//1584 1589//1589
f 1474//1474 1590//1590 1481//1481
f 1585//1585 1590//1590 1474//1474
f 1586//1586 1485//1485 1591//1591
f 1479//1479 1485//1485 1586//1586
f 1587//1587 1586//1586 1592//1592
f 1592//1592 1586//1586 1591//1591
f 1588//1588 1587//1587 1593//1593
f 1593//1593 1587//1587 1592//1592
f 1589//1589 1588//1588 1594//1594
f 1594//1594 1588//1588 1593//1593
f 1590//1590 1589//1589 1595//1595
f 1595//1595 1589//1589 1594//1594
f 1481//1481 1596//1596 1486//1486
f 1481//1481 1590//1590 1596//1596
f 1590//1590 1595//1595 1596//1596
f 1486//1486 1596//1596 1487//1487
f 1491//1491 1490//1490 1597//1597
f 1491//1491 1591//1591 1485//1485
f 1491//1491 1597//1597 1591//1591
f 1597//1597 1598//1598 1591//1591
f 1592//1592 1591//1591 1599//1599
f 1599//1599 1591//1591 1598//1598
f 1600//1600 1601//1601 1593//1593
f 1600//1600 1593//1593 1599//1599
f 1599//1599 1593//1593 1592//1592
f 1601//1601 1602//1602 1603//1603
f 1601//1601 1603//1603 1593//1593
f 1593//1593 1603//1603 1594//1594
f 1595//1595 1594//1594 1604//1604
f 1604//1604 1594//1594 1603//1603
f 1596//1596 1595//1595 1605//1605
f 1605//1605 1595//1595 1604//1604
f 1487//1487 1605//1605 1493//1493
f 1596//1596 1605//1605 1487//1487
f 1597//1597 1496//1496 1606//1606
f 1490//1490 1496//1496 1597//1597
f 1607//1607 1608//1608 1598//1598
f 1607//1607 1598//1598 1606//1606
f 1606//1606 1598//1598 1597//1597
f 1599//1599 1598//1598 1608//1608
f 1609//1609 1599//1599 1608//1608
f 1600//1600 1599//1599 1609//1609
f 1603//1603 1602//1602 1610//1610
f 1604//1604 1603//1603 1610//1610
f 1611//1611 1604//1604 1610//1610
f 1611//1611 1612//1612 1613//1613
f 1611//1611 1613//1613 1604//1604
f 1604//1604 1613//1613 1605//1605
f 1493//1493 1613//1613 1498//1498
f 1605//1605 1613//1613 1493//1493
f 1502//1502 1501//1501 1614//1614
f 1502//1502 1614//1614 1615//1615
f 1496//1496 1502//1502 1615//1615
f 1496//1496 1615//1615 1616//1616
f 1496//1496 1616//1616 1606//1606
f 1607//1607 1606//1606 1616//1616
f 1617//1617 1613//1613 1612//1612
f 1618//1618 1617//1617 1612//1612
f 1498//1498 1617//1617 1504//1504
f 1613//1613 1617//1617 1498//1498
f 1508//1508 1507//1507 1619//1619
f 1508//1508 1619//1619 1620//1620
f 1501//1501 1508//1508 1620//1620
f 1501//1501 1620//1620 1621//1621
f 1501//1501 1621//1621 1614//1614
f 1615//1615 1614//1614 1621//1621
f 1617//1617 1618//1618 1622//1622
f 1622//1622 1504//1504 1617//1617
f 1622//1622 1623//1623 1504//1504
f 1623//1623 1510//1510 1504//1504
f 1514//1514 1513//1513 1624//1624
f 1514//1514 1619//1619 1507//1507
f 1514//1514 1624//1624 1619//1619
f 1624//1624 1625//1625 1619//1619
f 1626//1626 1620//1620 1619//1619
f 1625//1625 1626//1626 1619//1619
f 1627//1627 1515//1515 1510//1510
f 1627//1627 1510//1510 1628//1628
f 1628//1628 1510//1510 1623//1623
f 1515//1515 1627//1627 1516//1516
f 1624//1624 1519//1519 1629//1629
f 1513//1513 1519//1519 1624//1624
f 1630//1630 1631//1631 1625//1625
f 1630//1630 1625//1625 1629//1629
f 1629//1629 1625//1625 1624//1624
f 1626//1626 1625//1625 1631//1631
f 1632//1632 1627//1627 1628//1628
f 1633//1633 1632//1632 1628//1628
f 1516//1516 1632//1632 1520//1520
f 1627//1627 1632//1632 1516//1516
f 1629//1629 1523//1523 1634//1634
f 1519//1519 1523//1523 1629//1629
f 1635//1635 1630//1630 1629//1629
f 1634//1634 1635//1635 1629//1629
f 1636//1636 1632//1632 1633//1633
f 1637//1637 1636//1636 1633//1633
f 1520//1520 1636//1636 1525//1525
f 1632//1632 1636//1636 1520//1520
f 1523//1523 1528//1528 1634//1634
f 1530//1530 1638//1638 1639//1639
f 1528//1528 1530//1530 1639//1639
f 1528//1528 1639//1639 1635//1635
f 1528//1528 1635//1635 1634//1634
f 1639//1639 1638//1638 1640//1640
f 1636//1636 1637//1637 1641//1641
f 1641//1641 1525//1525 1636//1636
f 1641//1641 1642//1642 1525//1525
f 1642//1642 1531//1531 1525//1525
f 1638//1638 1534//1534 1643//1643
f 1530//1530 1534//1534 1638//1638
f 1644//1644 1640//1640 1638//1638
f 1643//1643 1644//1644 1638//1638
f 1645//1645 1646//1646 1647//1647
f 1645//1645 1642//1642 1646//1646
f 1645//1645 1535//1535 1642//1642
f 1535//1535 1531//1531 1642//1642
f 1534//1534 1537//1537 1643//1643
f 1538//1538 1648//1648 1649//1649
f 1537//1537 1538//1538 1649//1649
f 1537//1537 1649//1649 1644//1644
f 1537//1537 1644//1644 1643//1643
f 1649//1649 1648//1648 1650//1650
f 1540//1540 1645//1645 1647//1647
f 1540//1540 1647//1647 1541//1541
f 1541//1541 1647//1647 1651//1651
f 1535//1535 1645//1645 1540//1540
f 1648//1648 1542//1542 1652//1652
f 1538//1538 1542//1542 1648//1648
f 1653//1653 1650//1650 1648//1648
f 1652//1652 1653//1653 1648//1648
f 1654//1654 1655//1655 1656//1656
f 1654//1654 1651//1651 1655//1655
f 1654//1654 1543//1543 1651//1651
f 1543//1543 1541//1541 1651//1651
f 1542//1542 1544//1544 1652//1652
f 1546//1546 1657//1657 1658//1658
f 1544//1544 1546//1546 1658//1658
f 1544//1544 1658//1658 1653//1653
f 1544//1544 1653//1653 1652//1652
f 1658//1658 1657//1657 1659//1659
f 1660//1660 1661//1661 1662//1662
f 1660//1660 1663//1663 1664//1664
f 1661//1661 1660//1660 1664//1664
f 1656//1656 1664//1664 1663//1663
f 1654//1654 1656//1656 1663//1663
f 1654//1654 1663//1663 1549//1549
f 1654//1654 1549//1549 1548//1548
f 1543//1543 1654//1654 1548//1548
f 1657//1657 1551//1551 1665//1665
f 1546//1546 1551//1551 1657//1657
f 1666//1666 1659//1659 1657//1657
f 1666//1666 1657//1657 1667//1667
f 1667//1667 1657//1657 1665//1665
f 1667//1667 1668//1668 1669//1669
f 1666//1666 1667//1667 1669//1669
f 1668//1668 1670//1670 1671//1671
f 1669//1669 1668//1668 1671//1671
f 1662//1662 1671//1671 1670//1670
f 1662//1662 1670//1670 1660//1660
f 1660//1660 1670//1670 1672//1672
f 1663//1663 1660//1660 1673//1673
f 1673//1673 1660//1660 1672//1672
f 1549//1549 1673//1673 1553//1553
f 1663//1663 1673//1673 1549//1549
f 1665//1665 1555//1555 1674//1674
f 1551//1551 1555//1555 1665//1665
f 1667//1667 1665//1665 1675//1675
f 1675//1675 1665//1665 1674//1674
f 1668//1668 1667//1667 1676//1676
f 1676//1676 1667//1667 1675//1675
f 1670//1670 1668//1668 1677//1677
f 1677//1677 1668//1668 1676//1676
f 1672//1672 1670//1670 1678//1678
f 1678//1678 1670//1670 1677//1677
f 1557//1557 1678//1678 1558//1558
f 1557//1557 1673//1673 1678//1678
f 1673//1673 1672//1672 1678//1678
f 1553//1553 1673//1673 1557//1557
f 1674//1674 1561//1561 1679//1679
f 1555//1555 1561//1561 1674//1674
f 1675//1675 1674//1674 1680//1680
f 1680//1680 1674//1674 1679//1679
f 1676//1676 1675//1675 1681//1681
f 1681//1681 1675//1675 1680//1680
f 1677//1677 1676//1676 1682//1682
f 1682//1682 1676//1676 1681//1681
f 1678//1678 1677//1677 1683//1683
f 1683//1683 1677//1677 1682//1682
f 1558//1558 1683//1683 1563//1563
f 1678//1678 1683//1683 1558//1558
f 1561//1561 1565//1565 1679//1679
f 1566//1566 1679//1679 1565//1565
f 1566//1566 1684//1684 1679//1679
f 1684//1684 1680//1680 1679//1679
f 1681//1681 1680//1680 1685//1685
f 1685//1685 1680//1680 1684//1684
f 1568//1568 1685//1685 1569//1569
f 1568//1568 1682//1682 1685//1685
f 1682//1682 1681//1681 1685//1685
f 1571//1571 1682//1682 1568//1568
f 1683//1683 1682//1682 1571//1571
f 1563//1563 1683//1683 1571//1571
f 1566//1566 1572//1572 1684//1684
f 1573//1573 1684//1684 1572//1572
f 1685//1685 1684//1684 1573//1573
f 1569//1569 1685//1685 1573//1573
f 1601//1601 1600//1600 1686//1686
f 1601//1601 1686//1686 1602//1602
f 1608//1608 1607//1607 1687//1687
f 1608//1608 1688//1688 1609//1609
f 1687//1687 1688//1688 1608//1608
f 1609//1609 1686//1686 1600//1600
f 1609//1609 1688//1688 1686//1686
f 1688//1688 1689//1689 1686//1686
f 1602//1602 1690//1690 1610//1610
f 1602//1602 1686//1686 1690//1690
f 1686//1686 1689//1689 1690//1690
f 1610//1610 1691//1691 1611//1611
f 1690//1690 1691//1691 1610//1610
f 1611//1611 1691//1691 1612//1612
f 1616//1616 1615//1615 1692//1692
f 1616//1616 1687//1687 1607//1607
f 1616//1616 1692//1692 1687//1687
f 1692//1692 1693//1693 1687//1687
f 1694//1694 1695//1695 1688//1688
f 1694//1694 1688//1688 1693//1693
f 1693//1693 1688//1688 1687//1687
f 1689//1689 1688//1688 1695//1695
f 1696//1696 1689//1689 1695//1695
f 1690//1690 1689//1689 1696//1696
f 1697//1697 1690//1690 1696//1696
f 1697//1697 1698//1698 1699//1699
f 1697//1697 1699//1699 1690//1690
f 1690//1690 1699//1699 1691//1691
f 1612//1612 1699//1699 1618//1618
f 1691//1691 1699//1699 1612//1612
f 1621//1621 1620//1620 1700//1700
f 1621//1621 1700//1700 1701//1701
f 1615//1615 1621//1621 1701//1701
f 1615//1615 1701//1701 1702//1702
f 1615//1615 1702//1702 1692//1692
f 1693//1693 1692//1692 1702//1702
f 1703//1703 1693//1693 1702//1702
f 1694//1694 1693//1693 1703//1703
f 1699//1699 1698//1698 1704//1704
f 1705//1705 1704//1704 1706//1706
f 1622//1622 1704//1704 1705//1705
f 1622//1622 1699//1699 1704//1704
f 1622//1622 1618//1618 1699//1699
f 1622//1622 1705//1705 1623//1623
f 1700//1700 1626//1626 1707//1707
f 1620//1620 1626//1626 1700//1700
f 1708//1708 1701//1701 1700//1700
f 1707//1707 1708//1708 1700//1700
f 1705//1705 1706//1706 1709//1709
f 1709//1709 1623//1623 1705//1705
f 1709//1709 1710//1710 1623//1623
f 1710//1710 1628//1628 1623//1623
f 1631//1631 1630//1630 1711//1711
f 1631//1631 1711//1711 1712//1712
f 1626//1626 1631//1631 1712//1712
f 1626//1626 1712//1712 1713//1713
f 1626//1626 1713//1713 1707//1707
f 1708//1708 1707//1707 1713//1713
f 1628//1628 1710//1710 1633//1633
f 1710//1710 1714//1714 1633//1633
f 1711//1711 1635//1635 1715//1715
f 1630//1630 1635//1635 1711//1711
f 1716//1716 1712//1712 1711//1711
f 1715//1715 1716//1716 1711//1711
f 1633//1633 1714//1714 1637//1637
f 1714//1714 1717//1717 1637//1637
f 1635//1635 1639//1639 1715//1715
f 1715//1715 1639//1639 1640//1640
f 1715//1715 1640//1640 1716//1716
f 1716//1716 1640//1640 1718//1718
f 1719//1719 1641//1641 1637//1637
f 1719//1719 1637//1637 1720//1720
f 1720//1720 1637//1637 1717//1717
f 1641//1641 1719//1719 1642//1642
f 1721//1721 1644//1644 1722//1722
f 1721//1721 1718//1718 1644//1644
f 1718//1718 1640//1640 1644//1644
f 1721//1721 1722//1722 1723//1723
f 1646//1646 1719//1719 1720//1720
f 1646//1646 1720//1720 1647//1647
f 1647//1647 1720//1720 1724//1724
f 1642//1642 1719//1719 1646//1646
f 1644//1644 1649//1649 1722//1722
f 1722//1722 1649//1649 1650//1650
f 1722//1722 1650//1650 1723//1723
f 1723//1723 1650//1650 1725//1725
f 1726//1726 1727//1727 1728//1728
f 1726//1726 1724//1724 1727//1727
f 1726//1726 1651//1651 1724//1724
f 1651//1651 1647//1647 1724//1724
f 1729//1729 1653//1653 1730//1730
f 1729//1729 1725//1725 1653//1653
f 1725//1725 1650//1650 1653//1653
f 1730//1730 1731//1731 1732//1732
f 1729//1729 1730//1730 1732//1732
f 1731//1731 1733//1733 1734//1734
f 1732//1732 1731//1731 1734//1734
f 1733//1733 1735//1735 1736//1736
f 1734//1734 1733//1733 1736//1736
f 1735//1735 1737//1737 1738//1738
f 1736//1736 1735//1735 1738//1738
f 1737//1737 1739//1739 1740//1740
f 1738//1738 1737//1737 1740//1740
f 1728//1728 1740//1740 1739//1739
f 1726//1726 1728//1728 1739//1739
f 1726//1726 1739//1739 1656//1656
f 1726//1726 1656//1656 1655//1655
f 1651//1651 1726//1726 1655//1655
f 1653//1653 1658//1658 1730//1730
f 1659//1659 1730//1730 1658//1658
f 1659//1659 1741//1741 1730//1730
f 1741//1741 1731//1731 1730//1730
f 1733//1733 1731//1731 1742//1742
f 1742//1742 1731//1731 1741//1741
f 1735//1735 1733//1733 1743//1743
f 1743//1743 1733//1733 1742//1742
f 1661//1661 1743//1743 1662//1662
f 1661//1661 1737//1737 1743//1743
f 1737//1737 1735//1735 1743//1743
f 1664//1664 1737//1737 1661//1661
f 1739//1739 1737//1737 1664//1664
f 1656//1656 1739//1739 1664//1664
f 1659//1659 1666//1666 1741//1741
f 1669//1669 1741//1741 1666//1666
f 1742//1742 1741//1741 1669//1669
f 1671//1671 1742//1742 1669//1669
f 1743//1743 1742//1742 1671//1671
f 1662//1662 1743//1743 1671//1671
f 1695//1695 1694//1694 1744//1744
f 1695//1695 1745//1745 1696//1696
f 1744//1744 1745//1745 1695//1695
f 1696//1696 1746//1746 1697//1697
f 1745//1745 1746//1746 1696//1696
f 1697//1697 1746//1746 1698//1698
f 1702//1702 1701//1701 1747//1747
f 1702//1702 1748//1748 1703//1703
f 1747//1747 1748//1748 1702//1702
f 1703//1703 1744//1744 1694//1694
f 1703//1703 1748//1748 1744//1744
f 1748//1748 1749//1749 1744//1744
f 1745//1745 1744//1744 1750//1750
f 1750//1750 1744//1744 1749//1749
f 1746//1746 1745//1745 1751//1751
f 1751//1751 1745//1745 1750//1750
f 1698//1698 1752//1752 1704//1704
f 1698//1698 1746//1746 1752//1752
f 1746//1746 1751//1751 1752//1752
f 1704//1704 1752//1752 1706//1706
f 1747//1747 1708//1708 1753//1753
f 1701//1701 1708//1708 1747//1747
f 1754//1754 1755//1755 1748//1748
f 1754//1754 1748//1748 1753//1753
f 1753//1753 1748//1748 1747//1747
f 1749//1749 1748//1748 1755//1755
f 1756//1756 1749//1749 1755//1755
f 1750//1750 1749//1749 1756//1756
f 1757//1757 1750//1750 1756//1756
f 1751//1751 1750//1750 1757//1757
f 1758//1758 1751//1751 1757//1757
f 1758//1758 1759//1759 1760//1760
f 1758//1758 1760//1760 1751//1751
f 1751//1751 1760//1760 1752//1752
f 1706//1706 1761//1761 1709//1709
f 1706//1706 1752//1752 1761//1761
f 1752//1752 1760//1760 1761//1761
f 1709//1709 1761//1761 1710//1710
f 1713//1713 1712//1712 1762//1762
f 1713//1713 1753//1753 1708//1708
f 1713//1713 1762//1762 1753//1753
f 1762//1762 1763//1763 1753//1753
f 1764//1764 1754//1754 1753//1753
f 1763//1763 1764//1764 1753//1753
f 1760//1760 1759//1759 1765//1765
f 1765//1765 1766//1766 1767//1767
f 1765//1765 1767//1767 1760//1760
f 1760//1760 1767//1767 1761//1761
f 1710//1710 1767//1767 1714//1714
f 1761//1761 1767//1767 1710//1710
f 1762//1762 1716//1716 1768//1768
f 1712//1712 1716//1716 1762//1762
f 1769//1769 1770//1770 1763//1763
f 1769//1769 1763//1763 1768//1768
f 1768//1768 1763//1763 1762//1762
f 1764//1764 1763//1763 1770//1770
f 1767//1767 1766//1766 1771//1771
f 1771//1771 1714//1714 1767//1767
f 1771//1771 1772//1772 1714//1714
f 1772//1772 1717//1717 1714//1714
f 1768//1768 1718//1718 1773//1773
f 1716//1716 1718//1718 1768//1768
f 1774//1774 1769//1769 1768//1768
f 1773//1773 1774//1774 1768//1768
f 1717//1717 1772//1772 1720//1720
f 1772//1772 1775//1775 1720//1720
f 1718//1718 1721//1721 1773//1773
f 1723//1723 1776//1776 1777//1777
f 1721//1721 1723//1723 1777//1777
f 1721//1721 1777//1777 1774//1774
f 1721//1721 1774//1774 1773//1773
f 1777//1777 1776//1776 1778//1778
f 1720//1720 1775//1775 1724//1724
f 1775//1775 1779//1779 1724//1724
f 1776//1776 1725//1725 1780//1780
f 1723//1723 1725//1725 1776//1776
f 1781//1781 1778//1778 1776//1776
f 1781//1781 1776//1776 1782//1782
f 1782//1782 1776//1776 1780//1780
f 1782//1782 1783//1783 1784//1784
f 1781//1781 1782//1782 1784//1784
f 1784//1784 1783//1783 1785//1785
f 1786//1786 1787//1787 1788//1788
f 1786//1786 1728//1728 1727//1727
f 1786//1786 1727//1727 1787//1787
f 1787//1787 1727//1727 1789//1789
f 1779//1779 1727//1727 1724//1724
f 1789//1789 1727//1727 1779//1779
f 1725//1725 1729//1729 1780//1780
f 1732//1732 1780//1780 1729//1729
f 1782//1782 1780//1780 1732//1732
f 1734//1734 1782//1782 1732//1732
f 1783//1783 1782//1782 1734//1734
f 1783//1783 1790//1790 1785//1785
f 1783//1783 1734//1734 1790//1790
f 1734//1734 1736//1736 1790//1790
f 1738//1738 1791//1791 1736//1736
f 1736//1736 1791//1791 1790//1790
f 1788//1788 1740//1740 1786//1786
f 1788//1788 1791//1791 1740//1740
f 1791//1791 1738//1738 1740//1740
f 1728//1728 1786//1786 1740//1740
f 1755//1755 1754//1754 1792//1792
f 1755//1755 1793//1793 1756//1756
f 1792//1792 1793//1793 1755//1755
f 1756//1756 1794//1794 1757//1757
f 1793//1793 1794//1794 1756//1756
f 1757//1757 1795//1795 1758//1758
f 1794//1794 1795//1795 1757//1757
f 1758//1758 1795//1795 1759//1759
f 1792//1792 1764//1764 1796//1796
f 1754//1754 1764//1764 1792//1792
f 1793//1793 1792//1792 1797//1797
f 1797//1797 1792//1792 1796//1796
f 1794//1794 1793//1793 1798//1798
f 1798//1798 1793//1793 1797//1797
f 1795//1795 1794//1794 1799//1799
f 1799//1799 1794//1794 1798//1798
f 1759//1759 1800//1800 1765//1765
f 1759//1759 1795//1795 1800//1800
f 1795//1795 1799//1799 1800//1800
f 1765//1765 1800//1800 1766//1766
f 1770//1770 1769//1769 1801//1801
f 1770//1770 1796//1796 1764//1764
f 1770//1770 1801//1801 1796//1796
f 1801//1801 1802//1802 1796//1796
f 1797//1797 1796//1796 1803//1803
f 1803//1803 1796//1796 1802//1802
f 1798//1798 1797//1797 1804//1804
f 1804//1804 1797//1797 1803//1803
f 1799//1799 1798//1798 1805//1805
f 1805//1805 1798//1798 1804//1804
f 1800//1800 1799//1799 1806//1806
f 1806//1806 1799//1799 1805//1805
f 1766//1766 1807//1807 1771//1771
f 1766//1766 1800//1800 1807//1807
f 1800//1800 1806//1806 1807//1807
f 1771//1771 1807//1807 1772//1772
f 1801//1801 1774//1774 1808//1808
f 1769//1769 1774//1774 1801//1801
f 1802//1802 1801//1801 1809//1809
f 1809//1809 1801//1801 1808//1808
f 1803//1803 1802//1802 1810//1810
f 1810//1810 1802//1802 1809//1809
f 1804//1804 1803//1803 1811//1811
f 1811//1811 1803//1803 1810//1810
f 1805//1805 1804//1804 1812//1812
f 1812//1812 1804//1804 1811//1811
f 1806//1806 1805//1805 1813//1813
f 1813//1813 1805//1805 1812//1812
f 1807//1807 1806//1806 1814//1814
f 1814//1814 1806//1806 1813//1813
f 1772//1772 1814//1814 1775//1775
f 1807//1807 1814//1814 1772//1772
f 1774//1774 1777//1777 1808//1808
f 1778//1778 1808//1808 1777//1777
f 1778//1778 1815//1815 1808//1808
f 1815//1815 1809//1809 1808//1808
f 1810//1810 1809//1809 1816//1816
f 1816//1816 1809//1809 1815//1815
f 1811//1811 1810//1810 1817//1817
f 1817//1817 1810//1810 1816//1816
f 1812//1812 1811//1811 1818//1818
f 1818//1818 1811//1811 1817//1817
f 1813//1813 1812//1812 1819//1819
f 1819//1819 1812//1812 1818//1818
f 1814//1814 1813//1813 1820//1820
f 1820//1820 1813//1813 1819//1819
f 1775//1775 1820//1820 1779//1779
f 1814//1814 1820//1820 1775//1775
f 1778//1778 1781//1781 1815//1815
f 1784//1784 1815//1815 1781//1781
f 1816//1816 1815//1815 1784//1784
f 1785//1785 1816//1816 1784//1784
f 1785//1785 1821//1821 1816//1816
f 1821//1821 1817//1817 1816//1816
f 1818//1818 1817//1817 1822//1822
f 1822//1822 1817//1817 1821//1821
f 1787//1787 1822//1822 1788//1788
f 1787//1787 1819//1819 1822//1822
f 1819//1819 1818//1818 1822//1822
f 1789//1789 1819//1819 1787//1787
f 1820//1820 1819//1819 1789//1789
f 1779//1779 1820//1820 1789//1789
f 1785//1785 1790//1790 1821//1821
f 1791//1791 1821//1821 1790//1790
f 1822//1822 1821//1821 1791//1791
f 1788//1788 1822//1822 1791//1791
