# Murti generated mesh: 1998 verts, 3992 faces
o a_rocket
v -0.306807 -0.016129 -0.177419
v -0.306452 -0.016129 -0.179709
v -0.306452 -0.024467 -0.177419
v -0.306452 -0.016129 -0.175717
v -0.306452 -0.012010 -0.177419
v -0.278470 -0.241935 0.209677
v -0.274194 -0.241935 0.199022
v -0.274194 -0.246682 0.209677
v -0.274194 -0.248171 0.241935
v -0.279996 -0.241935 0.241935
v -0.274194 -0.241935 0.250608
v -0.283189 -0.209677 0.177419
v -0.274194 -0.209677 0.161029
v -0.274194 -0.227848 0.177419
v -0.291104 -0.209677 0.209677
v -0.292386 -0.209677 0.241935
v -0.274194 -0.209677 0.273036
v -0.286110 -0.177419 0.177419
v -0.274194 -0.177419 0.151281
v -0.292132 -0.177419 0.209677
v -0.293252 -0.177419 0.241935
v -0.274194 -0.201747 0.274194
v -0.276934 -0.177419 0.274194
v -0.274194 -0.177419 0.276528
v -0.281790 -0.145161 -0.209677
v -0.274194 -0.145161 -0.240568
v -0.274194 -0.162803 -0.209677
v -0.274194 -0.161075 -0.177419
v -0.282416 -0.145161 -0.177419
v -0.274194 -0.146474 -0.145161
v -0.274967 -0.145161 -0.145161
v -0.274194 -0.145161 -0.142031
v -0.284604 -0.145161 0.177419
v -0.274194 -0.145161 0.153487
v -0.289512 -0.145161 0.209677
v -0.288697 -0.145161 0.241935
v -0.274194 -0.145161 0.265700
v -0.274194 -0.168762 0.274194
v -0.284046 -0.112903 -0.241935
v -0.274194 -0.112903 -0.255151
v -0.274194 -0.144078 -0.241935
v -0.290991 -0.112903 -0.209677
v -0.291988 -0.112903 -0.177419
v -0.288891 -0.112903 -0.145161
v -0.274194 -0.133350 -0.112903
v -0.284224 -0.112903 -0.112903
v -0.274194 -0.112903 -0.081700
v -0.280085 -0.112903 0.177419
v -0.274194 -0.112903 0.162371
v -0.284655 -0.112903 0.209677
v -0.281983 -0.112903 0.241935
v -0.274194 -0.112903 0.253694
v -0.288769 -0.080645 -0.241935
v -0.274194 -0.080645 -0.261136
v -0.297057 -0.080645 -0.209677
v -0.299679 -0.080645 -0.177419
v -0.295817 -0.080645 -0.145161
v -0.291231 -0.080645 -0.112903
v -0.274194 -0.111905 -0.080645
v -0.284593 -0.080645 -0.080645
v -0.274194 -0.080645 -0.049198
v -0.275818 -0.080645 0.177419
v -0.274194 -0.080645 0.172758
v -0.277811 -0.080645 0.209677
v -0.274194 -0.080645 0.226214
v -0.274194 -0.090300 0.241935
v -0.291227 -0.048387 -0.241935
v -0.274194 -0.048387 -0.263336
v -0.302267 -0.048387 -0.209677
v -0.305413 -0.048387 -0.177419
v -0.301224 -0.048387 -0.145161
v -0.294247 -0.048387 -0.112903
v -0.287422 -0.048387 -0.080645
v -0.274194 -0.078415 -0.048387
v -0.278349 -0.048387 -0.048387
v -0.274194 -0.048387 -0.037313
v -0.274194 -0.072546 0.177419
v -0.274194 -0.063930 0.209677
v -0.290406 -0.016129 -0.241935
v -0.274194 -0.016129 -0.261152
v -0.301888 -0.016129 -0.209677
v -0.300732 -0.016129 -0.145161
v -0.294491 -0.016129 -0.112903
v -0.287267 -0.016129 -0.080645
v -0.279835 -0.016129 -0.048387
v -0.274194 -0.016129 -0.033152
v -0.289662 0.016129 -0.241935
v -0.274194 0.016129 -0.260614
v -0.300976 0.016129 -0.209677
v -0.303969 0.016129 -0.177419
v -0.298835 0.016129 -0.145161
v -0.292306 0.016129 -0.112903
v -0.285037 0.016129 -0.080645
v -0.275584 0.016129 -0.048387
v -0.274194 0.016129 -0.044040
v -0.286467 0.048387 -0.241935
v -0.274194 0.048387 -0.258021
v -0.296232 0.048387 -0.209677
v -0.297248 0.048387 -0.177419
v -0.293284 0.048387 -0.145161
v -0.287194 0.048387 -0.112903
v -0.277394 0.048387 -0.080645
v -0.274194 0.048387 -0.070233
v -0.274194 0.021572 -0.048387
v -0.283181 0.080645 -0.241935
v -0.274194 0.080645 -0.255293
v -0.290969 0.080645 -0.209677
v -0.290863 0.080645 -0.177419
v -0.287509 0.080645 -0.145161
v -0.280114 0.080645 -0.112903
v -0.274194 0.080645 -0.096509
v -0.274194 0.059405 -0.080645
v -0.277760 0.112903 -0.241935
v -0.274194 0.112903 -0.247853
v -0.285031 0.112903 -0.209677
v -0.284603 0.112903 -0.177419
v -0.278261 0.112903 -0.145161
v -0.274194 0.112903 -0.130105
v -0.274194 0.099206 -0.112903
v -0.275544 0.145161 -0.241935
v -0.274194 0.145161 -0.244505
v -0.280512 0.145161 -0.209677
v -0.279088 0.145161 -0.177419
v -0.274194 0.145161 -0.156586
v -0.274194 0.131963 -0.145161
v -0.276686 0.177419 -0.241935
v -0.274194 0.177419 -0.247971
v -0.278933 0.177419 -0.209677
v -0.275550 0.177419 -0.177419
v -0.274194 0.177419 -0.172237
v -0.275934 0.209677 -0.241935
v -0.274194 0.209677 -0.247006
v -0.274194 0.209677 -0.211835
v -0.274194 0.208892 -0.209677
v -0.274194 0.184870 -0.177419
v -0.274194 0.215911 -0.241935
v -0.263499 -0.241935 0.177419
v -0.241935 -0.241935 0.149876
v -0.241935 -0.258233 0.177419
v -0.241935 -0.267754 0.209677
v -0.241935 -0.267183 0.241935
v -0.241935 -0.244428 0.274194
v -0.245754 -0.241935 0.274194
v -0.241935 -0.241935 0.276128
v -0.253503 -0.209677 -0.241935
v -0.241935 -0.209677 -0.262336
v -0.241935 -0.234672 -0.241935
v -0.241935 -0.234622 -0.209677
v -0.254747 -0.209677 -0.209677
v -0.241935 -0.223689 -0.177419
v -0.250696 -0.209677 -0.177419
v -0.241935 -0.209677 -0.155164
v -0.247484 -0.209677 0.112903
v -0.241935 -0.209677 0.100303
v -0.241935 -0.217355 0.112903
v -0.241935 -0.237781 0.145161
v -0.262953 -0.209677 0.145161
v -0.272823 -0.209677 0.274194
v -0.241935 -0.209677 0.286785
v -0.242209 -0.177419 -0.274194
v -0.241935 -0.177419 -0.274444
v -0.241935 -0.178330 -0.274194
v -0.263386 -0.177419 -0.241935
v -0.267141 -0.177419 -0.209677
v -0.265015 -0.177419 -0.177419
v -0.241935 -0.203039 -0.145161
v -0.257890 -0.177419 -0.145161
v -0.241935 -0.189880 -0.112903
v -0.251159 -0.177419 -0.112903
v -0.241935 -0.177419 -0.084962
v -0.245960 -0.177419 0.080645
v -0.241935 -0.177419 0.064258
v -0.241935 -0.187908 0.080645
v -0.255801 -0.177419 0.112903
v -0.270189 -0.177419 0.145161
v -0.241935 -0.177419 0.287866
v -0.249505 -0.145161 -0.274194
v -0.241935 -0.145161 -0.280560
v -0.273738 -0.145161 -0.241935
v -0.267211 -0.145161 -0.112903
v -0.241935 -0.175136 -0.080645
v -0.259469 -0.145161 -0.080645
v -0.241935 -0.168104 -0.048387
v -0.254390 -0.145161 -0.048387
v -0.241935 -0.161544 -0.016129
v -0.249681 -0.145161 -0.016129
v -0.241935 -0.161098 0.016129
v -0.247548 -0.145161 0.016129
v -0.241935 -0.165747 0.048387
v -0.248170 -0.145161 0.048387
v -0.252151 -0.145161 0.080645
v -0.258773 -0.145161 0.112903
v -0.269469 -0.145161 0.145161
v -0.263815 -0.145161 0.274194
v -0.241935 -0.145161 0.284433
v -0.255040 -0.112903 -0.274194
v -0.241935 -0.112903 -0.283759
v -0.273733 -0.112903 -0.080645
v -0.264178 -0.112903 -0.048387
v -0.257673 -0.112903 -0.016129
v -0.253821 -0.112903 0.016129
v -0.252360 -0.112903 0.048387
v -0.254446 -0.112903 0.080645
v -0.259027 -0.112903 0.112903
v -0.267108 -0.112903 0.145161
v -0.249066 -0.112903 0.274194
v -0.241935 -0.112903 0.278194
v -0.259727 -0.080645 -0.274194
v -0.241935 -0.080645 -0.285898
v -0.273838 -0.080645 -0.048387
v -0.263751 -0.080645 -0.016129
v -0.259088 -0.080645 0.016129
v -0.257046 -0.080645 0.048387
v -0.257475 -0.080645 0.080645
v -0.260512 -0.080645 0.112903
v -0.265766 -0.080645 0.145161
v -0.269747 -0.080645 0.241935
v -0.241935 -0.080645 0.267942
v -0.241935 -0.098867 0.274194
v -0.260957 -0.048387 -0.274194
v -0.241935 -0.048387 -0.285890
v -0.266800 -0.048387 -0.016129
v -0.262160 -0.048387 0.016129
v -0.259345 -0.048387 0.048387
v -0.259675 -0.048387 0.080645
v -0.261280 -0.048387 0.112903
v -0.265645 -0.048387 0.145161
v -0.269556 -0.048387 0.177419
v -0.270586 -0.048387 0.209677
v -0.261658 -0.048387 0.241935
v -0.241935 -0.048387 0.264016
v -0.256882 -0.016129 -0.274194
v -0.241935 -0.016129 -0.283276
v -0.267891 -0.016129 -0.016129
v -0.263610 -0.016129 0.016129
v -0.260956 -0.016129 0.048387
v -0.261261 -0.016129 0.080645
v -0.261860 -0.016129 0.112903
v -0.263848 -0.016129 0.145161
v -0.265630 -0.016129 0.177419
v -0.263561 -0.016129 0.209677
v -0.254599 -0.016129 0.241935
v -0.241935 -0.016129 0.257485
v -0.255274 0.016129 -0.274194
v -0.241935 0.016129 -0.281960
v -0.266555 0.016129 -0.016129
v -0.263242 0.016129 0.016129
v -0.261229 0.016129 0.048387
v -0.261005 0.016129 0.080645
v -0.260903 0.016129 0.112903
v -0.261499 0.016129 0.145161
v -0.260873 0.016129 0.177419
v -0.258034 0.016129 0.209677
v -0.247338 0.016129 0.241935
v -0.241935 0.016129 0.249344
v -0.253228 0.048387 -0.274194
v -0.241935 0.048387 -0.280963
v -0.267622 0.048387 -0.048387
v -0.261710 0.048387 -0.016129
v -0.260355 0.048387 0.016129
v -0.258934 0.048387 0.048387
v -0.258274 0.048387 0.080645
v -0.257755 0.048387 0.112903
v -0.256889 0.048387 0.145161
v -0.255388 0.048387 0.177419
v -0.249472 0.048387 0.209677
v -0.241935 0.048387 0.227657
v -0.241935 0.030187 0.241935
v -0.254354 0.080645 -0.274194
v -0.241935 0.080645 -0.282679
v -0.267801 0.080645 -0.080645
v -0.261329 0.080645 -0.048387
v -0.258843 0.080645 -0.016129
v -0.257673 0.080645 0.016129
v -0.256756 0.080645 0.048387
v -0.255816 0.080645 0.080645
v -0.254916 0.080645 0.112903
v -0.253047 0.080645 0.145161
v -0.249924 0.080645 0.177419
v -0.242026 0.080645 0.209677
v -0.241935 0.080645 0.209910
v -0.253860 0.112903 -0.274194
v -0.241935 0.112903 -0.283962
v -0.268608 0.112903 -0.112903
v -0.258942 0.112903 -0.080645
v -0.255214 0.112903 -0.048387
v -0.253478 0.112903 -0.016129
v -0.253366 0.112903 0.016129
v -0.253412 0.112903 0.048387
v -0.251899 0.112903 0.080645
v -0.250191 0.112903 0.112903
v -0.246585 0.112903 0.145161
v -0.243224 0.112903 0.177419
v -0.241935 0.112903 0.182447
v -0.241935 0.081036 0.209677
v -0.257194 0.145161 -0.274194
v -0.241935 0.145161 -0.289534
v -0.270653 0.145161 -0.145161
v -0.262407 0.145161 -0.112903
v -0.255644 0.145161 -0.080645
v -0.253467 0.145161 -0.048387
v -0.253264 0.145161 -0.016129
v -0.253638 0.145161 0.016129
v -0.252922 0.145161 0.048387
v -0.250959 0.145161 0.080645
v -0.247143 0.145161 0.112903
v -0.242993 0.145161 0.145161
v -0.241935 0.145161 0.152934
v -0.241935 0.122284 0.177419
v -0.262355 0.177419 -0.274194
v -0.241935 0.177419 -0.298398
v -0.265471 0.177419 -0.145161
v -0.257876 0.177419 -0.112903
v -0.250922 0.177419 -0.080645
v -0.249038 0.177419 -0.048387
v -0.250364 0.177419 -0.016129
v -0.250649 0.177419 0.016129
v -0.249483 0.177419 0.048387
v -0.244301 0.177419 0.080645
v -0.241935 0.177419 0.095193
v -0.241935 0.167527 0.112903
v -0.241935 0.148727 0.145161
v -0.242765 0.209677 -0.306452
v -0.241935 0.209677 -0.307192
v -0.241935 0.206712 -0.306452
v -0.264306 0.209677 -0.274194
v -0.274034 0.209677 -0.209677
v -0.268692 0.209677 -0.177419
v -0.257960 0.209677 -0.145161
v -0.248455 0.209677 -0.112903
v -0.241935 0.209677 -0.091651
v -0.241935 0.201510 -0.080645
v -0.241935 0.198176 -0.048387
v -0.241935 0.201832 -0.016129
v -0.241935 0.202033 0.016129
v -0.241935 0.196410 0.048387
v -0.241935 0.183096 0.080645
v -0.242651 0.241935 -0.306452
v -0.241935 0.241935 -0.307134
v -0.260715 0.241935 -0.274194
v -0.265770 0.241935 -0.241935
v -0.260478 0.241935 -0.209677
v -0.249521 0.241935 -0.177419
v -0.241935 0.241935 -0.163153
v -0.241935 0.230134 -0.145161
v -0.241935 0.216583 -0.112903
v -0.241935 0.243669 -0.306452
v -0.244325 0.274194 -0.274194
v -0.241935 0.274194 -0.279353
v -0.242264 0.274194 -0.241935
v -0.241935 0.274194 -0.241253
v -0.241935 0.260780 -0.209677
v -0.241935 0.248324 -0.177419
v -0.241935 0.276753 -0.274194
v -0.241935 0.274485 -0.241935
v -0.215424 -0.274194 -0.241935
v -0.209677 -0.274194 -0.249182
v -0.209677 -0.282071 -0.241935
v -0.209677 -0.281951 -0.209677
v -0.214938 -0.274194 -0.209677
v -0.209677 -0.274194 -0.197246
v -0.221193 -0.274194 0.209677
v -0.209677 -0.274194 0.201155
v -0.209677 -0.277513 0.209677
v -0.209677 -0.277916 0.241935
v -0.221309 -0.274194 0.241935
v -0.209677 -0.274194 0.247737
v -0.236311 -0.241935 -0.241935
v -0.209677 -0.241935 -0.272858
v -0.235708 -0.241935 -0.209677
v -0.209677 -0.262667 -0.177419
v -0.224715 -0.241935 -0.177419
v -0.209677 -0.241935 -0.157624
v -0.232883 -0.241935 0.145161
v -0.209677 -0.241935 0.130818
v -0.209677 -0.249566 0.145161
v -0.209677 -0.265072 0.177419
v -0.209677 -0.253468 0.274194
v -0.209677 -0.241935 0.281907
v -0.229429 -0.209677 -0.274194
v -0.209677 -0.209677 -0.284951
v -0.209677 -0.239974 -0.274194
v -0.209677 -0.232469 -0.145161
v -0.235264 -0.209677 -0.145161
v -0.209677 -0.217166 -0.112903
v -0.218669 -0.209677 -0.112903
v -0.209677 -0.209677 -0.096941
v -0.223554 -0.209677 0.080645
v -0.209677 -0.209677 0.056698
v -0.209677 -0.217695 0.080645
v -0.209677 -0.231083 0.112903
v -0.209677 -0.209677 0.289622
v -0.209677 -0.177419 -0.288800
v -0.209677 -0.201437 -0.080645
v -0.239420 -0.177419 -0.080645
v -0.209677 -0.194998 -0.048387
v -0.232291 -0.177419 -0.048387
v -0.209677 -0.192665 -0.016129
v -0.227546 -0.177419 -0.016129
v -0.209677 -0.197752 0.016129
v -0.231071 -0.177419 0.016129
v -0.209677 -0.205563 0.048387
v -0.235271 -0.177419 0.048387
v -0.209677 -0.177419 0.289350
v -0.209677 -0.145161 -0.291175
v -0.209677 -0.145161 0.287293
v -0.209677 -0.112903 -0.292293
v -0.209677 -0.112903 0.283306
v -0.209677 -0.080645 -0.293023
v -0.226587 -0.080645 0.274194
v -0.209677 -0.080645 0.279546
v -0.209677 -0.048387 -0.292713
v -0.220887 -0.048387 0.274194
v -0.209677 -0.048387 0.278547
v -0.209677 -0.016129 -0.290314
v -0.213974 -0.016129 0.274194
v -0.209677 -0.016129 0.276404
v -0.209677 0.016129 -0.288836
v -0.209677 0.005111 0.274194
v -0.209677 0.016129 0.272801
v -0.209677 0.048387 -0.287824
v -0.232902 0.048387 0.241935
v -0.209677 0.048387 0.263370
v -0.209677 0.080645 -0.289762
v -0.226001 0.080645 0.241935
v -0.209677 0.080645 0.259157
v -0.209677 0.112903 -0.292990
v -0.233187 0.112903 0.209677
v -0.218052 0.112903 0.241935
v -0.209677 0.112903 0.251797
v -0.209677 0.145161 -0.301434
v -0.237423 0.145161 0.177419
v -0.230944 0.145161 0.209677
v -0.220164 0.145161 0.241935
v -0.209677 0.145161 0.257028
v -0.227329 0.177419 -0.306452
v -0.209677 0.177419 -0.313662
v -0.209677 0.157106 -0.306452
v -0.237316 0.177419 0.112903
v -0.228194 0.177419 0.145161
v -0.225453 0.177419 0.177419
v -0.220536 0.177419 0.209677
v -0.214784 0.177419 0.241935
v -0.209677 0.177419 0.250961
v -0.209677 0.209677 -0.321468
v -0.212678 0.209677 -0.080645
v -0.210687 0.209677 -0.048387
v -0.224091 0.209677 -0.016129
v -0.229525 0.209677 0.016129
v -0.220722 0.209677 0.048387
v -0.209677 0.209677 0.077698
v -0.209677 0.209220 0.080645
v -0.209677 0.200074 0.112903
v -0.209677 0.195001 0.145161
v -0.209677 0.192615 0.177419
v -0.209677 0.191483 0.209677
v -0.209677 0.185880 0.241935
v -0.209677 0.241935 -0.322494
v -0.209677 0.234766 -0.145161
v -0.209677 0.241935 -0.154624
v -0.209677 0.220575 -0.112903
v -0.209677 0.210021 -0.080645
v -0.209677 0.209808 -0.048387
v -0.209677 0.212046 -0.016129
v -0.209677 0.214082 0.016129
v -0.209677 0.212883 0.048387
v -0.221632 0.274194 -0.306452
v -0.209677 0.274194 -0.314166
v -0.209677 0.269909 -0.209677
v -0.209677 0.274194 -0.217287
v -0.209677 0.253958 -0.177419
v -0.209677 0.282685 -0.306452
v -0.209677 0.293382 -0.274194
v -0.209677 0.285255 -0.241935
v -0.177419 -0.274194 -0.258067
v -0.177419 -0.292876 -0.241935
v -0.177419 -0.297011 -0.209677
v -0.177419 -0.274194 -0.177962
v -0.177419 -0.274194 0.209187
v -0.177419 -0.274451 0.209677
v -0.177419 -0.276914 0.241935
v -0.177419 -0.274194 0.246368
v -0.203276 -0.241935 -0.274194
v -0.177419 -0.241935 -0.277653
v -0.177419 -0.250031 -0.274194
v -0.177419 -0.273736 -0.177419
v -0.177419 -0.241935 -0.155535
v -0.185743 -0.241935 0.145161
v -0.177419 -0.241935 0.148841
v -0.177419 -0.260145 0.177419
v -0.177419 -0.251455 0.274194
v -0.177419 -0.241935 0.279995
v -0.177419 -0.209677 -0.287703
v -0.177419 -0.233690 -0.145161
v -0.177419 -0.212935 -0.112903
v -0.177419 -0.209677 -0.107060
v -0.186180 -0.209677 0.080645
v -0.177419 -0.209677 0.085109
v -0.177419 -0.223707 0.112903
v -0.177419 -0.239066 0.145161
v -0.177419 -0.209677 0.288040
v -0.177419 -0.177419 -0.291424
v -0.177419 -0.196641 -0.080645
v -0.177419 -0.189181 -0.048387
v -0.177419 -0.186296 -0.016129
v -0.177419 -0.188307 0.016129
v -0.177419 -0.195303 0.048387
v -0.177419 -0.206428 0.080645
v -0.177419 -0.177419 0.287631
v -0.177419 -0.145161 -0.294208
v -0.177419 -0.145161 0.285177
v -0.177419 -0.112903 -0.296105
v -0.177419 -0.112903 0.281098
v -0.177419 -0.080645 -0.297876
v -0.177419 -0.080645 0.278812
v -0.177419 -0.048387 -0.296829
v -0.177419 -0.048387 0.280415
v -0.177419 -0.016129 -0.293747
v -0.177419 -0.016129 0.280588
v -0.177419 0.016129 -0.291912
v -0.205080 0.016129 0.274194
v -0.177419 0.016129 0.280748
v -0.177419 0.048387 -0.290677
v -0.177419 0.046942 0.274194
v -0.177419 0.048387 0.273792
v -0.177419 0.080645 -0.292617
v -0.177419 0.080645 0.270642
v -0.177419 0.112903 -0.296099
v -0.177419 0.112903 0.265920
v -0.185044 0.145161 -0.306452
v -0.177419 0.145161 -0.307919
v -0.177419 0.141612 -0.306452
v -0.177419 0.145161 0.269813
v -0.177419 0.177419 -0.319058
v -0.177419 0.177419 0.262354
v -0.177419 0.209677 -0.327298
v -0.208621 0.209677 -0.080645
v -0.177419 0.197813 -0.080645
v -0.177419 0.209677 -0.105130
v -0.209208 0.209677 -0.048387
v -0.177419 0.198843 -0.048387
v -0.200676 0.209677 -0.016129
v -0.177419 0.202372 -0.016129
v -0.190298 0.209677 0.016129
v -0.177419 0.205919 0.016129
v -0.196378 0.209677 0.048387
v -0.177419 0.204482 0.048387
v -0.177419 0.201727 0.080645
v -0.177419 0.196921 0.112903
v -0.177419 0.194703 0.145161
v -0.177419 0.194701 0.177419
v -0.177419 0.196268 0.209677
v -0.177419 0.193749 0.241935
v -0.177419 0.241935 -0.330384
v -0.177419 0.228039 -0.145161
v -0.177419 0.241935 -0.162189
v -0.177419 0.212606 -0.112903
v -0.177419 0.274194 -0.324424
v -0.177419 0.267032 -0.209677
v -0.177419 0.274194 -0.220462
v -0.177419 0.251161 -0.177419
v -0.177419 0.293103 -0.306452
v -0.177419 0.297010 -0.274194
v -0.177419 0.286602 -0.241935
v -0.157253 -0.274194 -0.241935
v -0.155997 -0.274194 -0.209677
v -0.176955 -0.274194 0.209677
v -0.171544 -0.274194 0.241935
v -0.169204 -0.241935 -0.274194
v -0.145161 -0.241935 -0.256081
v -0.145161 -0.260026 -0.241935
v -0.145161 -0.259452 -0.209677
v -0.155445 -0.241935 -0.177419
v -0.145161 -0.241935 -0.192939
v -0.148502 -0.241935 0.177419
v -0.145161 -0.241935 0.182254
v -0.145161 -0.256313 0.209677
v -0.145161 -0.259130 0.241935
v -0.163185 -0.241935 0.274194
v -0.145161 -0.241935 0.261495
v -0.145161 -0.209677 -0.279160
v -0.145161 -0.220560 -0.274194
v -0.145161 -0.233405 -0.177419
v -0.148987 -0.209677 -0.145161
v -0.145161 -0.209677 -0.149190
v -0.173523 -0.209677 -0.112903
v -0.158535 -0.209677 0.112903
v -0.145161 -0.209677 0.129910
v -0.145161 -0.218744 0.145161
v -0.145161 -0.239322 0.177419
v -0.145161 -0.221811 0.274194
v -0.145161 -0.209677 0.278691
v -0.145161 -0.177419 -0.287692
v -0.145161 -0.206720 -0.145161
v -0.145161 -0.191513 -0.112903
v -0.146140 -0.177419 -0.080645
v -0.145161 -0.177419 -0.081793
v -0.160289 -0.177419 -0.048387
v -0.165150 -0.177419 -0.016129
v -0.162741 -0.177419 0.016129
v -0.153222 -0.177419 0.048387
v -0.145161 -0.177419 0.064386
v -0.145161 -0.182633 0.080645
v -0.145161 -0.198730 0.112903
v -0.145161 -0.177419 0.278977
v -0.145161 -0.145161 -0.293261
v -0.145161 -0.176899 -0.080645
v -0.145161 -0.170115 -0.048387
v -0.145161 -0.167774 -0.016129
v -0.145161 -0.168610 0.016129
v -0.145161 -0.172910 0.048387
v -0.145161 -0.145161 0.274844
v -0.145161 -0.112903 -0.297943
v -0.156896 -0.112903 0.274194
v -0.145161 -0.141303 0.274194
v -0.145161 -0.112903 0.269482
v -0.145161 -0.080645 -0.301835
v -0.156290 -0.080645 0.274194
v -0.145161 -0.080645 0.271436
v -0.145161 -0.048387 -0.302747
v -0.145161 -0.063841 0.274194
v -0.145161 -0.048387 0.276622
v -0.145161 -0.016129 -0.298197
v -0.145161 -0.016129 0.280895
v -0.145161 0.016129 -0.295613
v -0.145161 0.016129 0.281631
v -0.145161 0.048387 -0.293713
v -0.173328 0.048387 0.274194
v -0.145161 0.048387 0.276597
v -0.145161 0.080645 -0.295529
v -0.145161 0.066779 0.274194
v -0.145161 0.080645 0.271953
v -0.145161 0.112903 -0.299258
v -0.145161 0.112903 0.264427
v -0.145161 0.145161 -0.311462
v -0.145161 0.131962 -0.306452
v -0.145161 0.145161 0.263394
v -0.145161 0.177419 -0.321202
v -0.145161 0.177419 0.246221
v -0.145161 0.209677 -0.330878
v -0.171134 0.209677 -0.112903
v -0.145161 0.195805 -0.112903
v -0.145161 0.209677 -0.132365
v -0.145161 0.183959 -0.080645
v -0.145161 0.184685 -0.048387
v -0.145161 0.188516 -0.016129
v -0.145161 0.190456 0.016129
v -0.145161 0.190279 0.048387
v -0.145161 0.187354 0.080645
v -0.145161 0.185211 0.112903
v -0.145161 0.183760 0.145161
v -0.145161 0.184970 0.177419
v -0.145161 0.185287 0.209677
v -0.145161 0.180227 0.241935
v -0.145161 0.241935 -0.334573
v -0.145161 0.216986 -0.145161
v -0.145161 0.241935 -0.176514
v -0.145161 0.274194 -0.328554
v -0.145161 0.261222 -0.209677
v -0.145161 0.274194 -0.228760
v -0.145161 0.242560 -0.177419
v -0.145161 0.294201 -0.306452
v -0.145161 0.295923 -0.274194
v -0.145161 0.282785 -0.241935
v -0.137276 -0.241935 -0.241935
v -0.138155 -0.241935 -0.209677
v -0.128982 -0.241935 0.209677
v -0.128055 -0.241935 0.241935
v -0.138617 -0.209677 -0.274194
v -0.121518 -0.209677 -0.241935
v -0.120516 -0.209677 -0.209677
v -0.128859 -0.209677 -0.177419
v -0.134130 -0.209677 0.145161
v -0.112903 -0.209677 0.171680
v -0.112903 -0.213890 0.177419
v -0.112903 -0.226945 0.209677
v -0.112903 -0.224749 0.241935
v -0.137335 -0.209677 0.274194
v -0.112903 -0.209677 0.254471
v -0.115434 -0.177419 -0.274194
v -0.112903 -0.177419 -0.271529
v -0.112903 -0.198616 -0.241935
v -0.112903 -0.200824 -0.209677
v -0.112903 -0.192999 -0.177419
v -0.112903 -0.178672 -0.145161
v -0.128193 -0.177419 -0.112903
v -0.112903 -0.177419 -0.142438
v -0.138098 -0.177419 0.080645
v -0.112957 -0.177419 0.112903
v -0.112903 -0.177419 0.112969
v -0.112903 -0.192912 0.145161
v -0.134626 -0.177419 0.274194
v -0.112903 -0.177419 0.262313
v -0.112903 -0.145161 -0.288272
v -0.112903 -0.174842 -0.274194
v -0.112903 -0.167626 -0.112903
v -0.112903 -0.161189 -0.080645
v -0.112903 -0.157872 -0.048387
v -0.112903 -0.155878 -0.016129
v -0.112903 -0.155459 0.016129
v -0.112903 -0.158969 0.048387
v -0.112903 -0.164006 0.080645
v -0.112903 -0.177384 0.112903
v -0.143472 -0.145161 0.274194
v -0.112903 -0.145161 0.263092
v -0.112903 -0.112903 -0.297135
v -0.112903 -0.112903 0.262912
v -0.116267 -0.080645 -0.306452
v -0.112903 -0.080645 -0.307070
v -0.112903 -0.082436 -0.306452
v -0.112903 -0.080645 0.266858
v -0.126318 -0.048387 -0.306452
v -0.112903 -0.048387 -0.309241
v -0.112903 -0.053621 0.274194
v -0.112903 -0.048387 0.275734
v -0.113583 -0.016129 -0.306452
v -0.112903 -0.016129 -0.306676
v -0.112903 -0.016129 0.281307
v -0.112903 -0.014629 -0.306452
v -0.112903 0.016129 -0.302268
v -0.112903 0.016129 0.283229
v -0.112903 0.048387 -0.300962
v -0.112903 0.048387 0.276944
v -0.112903 0.080645 -0.301850
v -0.112903 0.061068 0.274194
v -0.112903 0.080645 0.269214
v -0.116872 0.112903 -0.306452
v -0.112903 0.112903 -0.307530
v -0.112903 0.107068 -0.306452
v -0.112903 0.112903 0.259433
v -0.112903 0.145161 -0.316457
v -0.112903 0.145161 0.252738
v -0.112903 0.177419 -0.324840
v -0.125468 0.177419 -0.080645
v -0.112903 0.173281 -0.080645
v -0.112903 0.177419 -0.089747
v -0.126216 0.177419 -0.048387
v -0.112903 0.172204 -0.048387
v -0.120341 0.177419 -0.016129
v -0.112903 0.173977 -0.016129
v -0.116566 0.177419 0.016129
v -0.112903 0.175634 0.016129
v -0.120262 0.177419 0.048387
v -0.112903 0.173085 0.048387
v -0.124788 0.177419 0.080645
v -0.112903 0.170883 0.080645
v -0.128445 0.177419 0.112903
v -0.112903 0.169175 0.112903
v -0.129339 0.177419 0.145161
v -0.112903 0.169810 0.145161
v -0.124325 0.177419 0.177419
v -0.112903 0.171989 0.177419
v -0.122025 0.177419 0.209677
v -0.112903 0.173099 0.209677
v -0.138664 0.177419 0.241935
v -0.112903 0.160805 0.241935
v -0.112903 0.209677 -0.335506
v -0.117753 0.209677 -0.145161
v -0.112903 0.207980 -0.145161
v -0.112903 0.209677 -0.146653
v -0.112903 0.187426 -0.112903
v -0.112903 0.241935 -0.338676
v -0.141806 0.241935 -0.177419
v -0.112903 0.235847 -0.177419
v -0.112903 0.241935 -0.184740
v -0.112903 0.274194 -0.331574
v -0.112903 0.257115 -0.209677
v -0.112903 0.274194 -0.235029
v -0.112903 0.293692 -0.306452
v -0.112903 0.292797 -0.274194
v -0.112903 0.279200 -0.241935
v -0.108260 -0.209677 0.177419
v -0.096323 -0.209677 0.209677
v -0.100640 -0.209677 0.241935
v -0.098609 -0.177419 -0.241935
v -0.095663 -0.177419 -0.209677
v -0.098939 -0.177419 -0.177419
v -0.111583 -0.177419 -0.145161
v -0.090831 -0.177419 0.145161
v -0.080645 -0.177419 0.162225
v -0.080645 -0.184768 0.177419
v -0.080645 -0.191410 0.209677
v -0.080645 -0.177419 0.241482
v -0.080884 -0.177419 0.241935
v -0.091173 -0.145161 -0.274194
v -0.080645 -0.145161 -0.260137
v -0.080645 -0.156164 -0.241935
v -0.080645 -0.161983 -0.209677
v -0.080645 -0.161318 -0.177419
v -0.080645 -0.157645 -0.145161
v -0.080645 -0.153491 -0.112903
v -0.080645 -0.146349 -0.080645
v -0.085977 -0.145161 -0.048387
v -0.080645 -0.145161 -0.071787
v -0.090748 -0.145161 -0.016129
v -0.089874 -0.145161 0.016129
v -0.080698 -0.145161 0.048387
v -0.080645 -0.145161 0.048495
v -0.080645 -0.152409 0.080645
v -0.080645 -0.160678 0.112903
v -0.080645 -0.170188 0.145161
v -0.080645 -0.176955 0.241935
v -0.080645 -0.145161 0.252099
v -0.080645 -0.112903 -0.289925
v -0.080645 -0.134222 -0.274194
v -0.080645 -0.142163 -0.048387
v -0.080645 -0.139875 -0.016129
v -0.080645 -0.140833 0.016129
v -0.080645 -0.145134 0.048387
v -0.080645 -0.112903 0.256864
v -0.092205 -0.080645 -0.306452
v -0.080645 -0.080645 -0.306063
v -0.080645 -0.080645 0.264828
v -0.080645 -0.048387 -0.313771
v -0.080645 -0.079317 -0.306452
v -0.080645 -0.049738 0.274194
v -0.080645 -0.048387 0.274660
v -0.080645 -0.016129 -0.314613
v -0.080645 -0.016129 0.282943
v -0.101124 0.016129 -0.306452
v -0.080645 0.016129 -0.313556
v -0.080645 0.016129 0.284213
v -0.097803 0.048387 -0.306452
v -0.080645 0.048387 -0.312681
v -0.080645 0.048387 0.277352
v -0.101643 0.080645 -0.306452
v -0.080645 0.080645 -0.314315
v -0.080645 0.059480 0.274194
v -0.080645 0.080645 0.267145
v -0.080645 0.112903 -0.317119
v -0.080645 0.112903 0.252625
v -0.080645 0.145161 -0.323097
v -0.081893 0.145161 0.241935
v -0.080645 0.144076 0.241935
v -0.080645 0.145161 0.241079
v -0.080645 0.177419 -0.330964
v -0.080645 0.167643 -0.080645
v -0.080645 0.177419 -0.098063
v -0.080645 0.161533 -0.048387
v -0.080645 0.160603 -0.016129
v -0.080645 0.158344 0.016129
v -0.080645 0.155513 0.048387
v -0.080645 0.153442 0.080645
v -0.080645 0.154639 0.112903
v -0.080645 0.156744 0.145161
v -0.080645 0.160080 0.177419
v -0.080645 0.160404 0.209677
v -0.096800 0.209677 -0.338710
v -0.080645 0.209677 -0.341533
v -0.080645 0.201164 -0.338710
v -0.085618 0.209677 -0.145161
v -0.080645 0.209677 -0.144789
v -0.080645 0.185358 -0.112903
v -0.112731 0.241935 -0.338710
v -0.080645 0.241935 -0.343592
v -0.080645 0.235157 -0.177419
v -0.080645 0.241935 -0.185730
v -0.080645 0.209928 -0.145161
v -0.080645 0.264310 -0.338710
v -0.080645 0.274194 -0.334872
v -0.080645 0.256222 -0.209677
v -0.080645 0.274194 -0.238895
v -0.080645 0.292589 -0.306452
v -0.080645 0.291454 -0.274194
v -0.080645 0.276355 -0.241935
v -0.066751 -0.177419 0.177419
v -0.060221 -0.177419 0.209677
v -0.069326 -0.145161 -0.241935
v -0.060347 -0.145161 -0.209677
v -0.056946 -0.145161 -0.177419
v -0.060274 -0.145161 -0.145161
v -0.066267 -0.145161 -0.112903
v -0.078552 -0.145161 -0.080645
v -0.055030 -0.145161 0.080645
v -0.048387 -0.145161 0.086239
v -0.048387 -0.153815 0.112903
v -0.048387 -0.160445 0.145161
v -0.048387 -0.168217 0.177419
v -0.048387 -0.168667 0.209677
v -0.050704 -0.145161 0.241935
v -0.048387 -0.145161 0.240443
v -0.048387 -0.112903 -0.275793
v -0.048387 -0.114212 -0.274194
v -0.048387 -0.128220 -0.241935
v -0.048387 -0.135821 -0.209677
v -0.048387 -0.138840 -0.177419
v -0.048387 -0.137458 -0.145161
v -0.048387 -0.135462 -0.112903
v -0.048387 -0.132805 -0.080645
v -0.048387 -0.132271 -0.048387
v -0.048387 -0.131408 -0.016129
v -0.048387 -0.132610 0.016129
v -0.048387 -0.136026 0.048387
v -0.048387 -0.143138 0.080645
v -0.048387 -0.143051 0.241935
v -0.048387 -0.112903 0.252894
v -0.048387 -0.080645 -0.303874
v -0.048387 -0.080645 0.265394
v -0.048387 -0.048387 -0.316172
v -0.048387 -0.075046 -0.306452
v -0.048387 -0.058779 0.274194
v -0.048387 -0.048387 0.278426
v -0.048387 -0.016129 -0.320369
v -0.048387 -0.016129 0.286008
v -0.048387 0.016129 -0.321400
v -0.048387 0.016129 0.287388
v -0.048387 0.048387 -0.322180
v -0.048387 0.048387 0.280582
v -0.048387 0.080645 -0.322875
v -0.048387 0.067561 0.274194
v -0.048387 0.080645 0.268675
v -0.048387 0.112903 -0.325220
v -0.048387 0.112903 0.253556
v -0.048387 0.145161 -0.331462
v -0.050308 0.145161 0.048387
v -0.048387 0.144542 0.048387
v -0.048387 0.145161 0.042789
v -0.052788 0.145161 0.080645
v -0.048387 0.143900 0.080645
v -0.048387 0.145161 0.092016
v -0.048387 0.142761 0.241935
v -0.048387 0.145161 0.239767
v -0.053376 0.177419 -0.338710
v -0.048387 0.177419 -0.340190
v -0.048387 0.172237 -0.338710
v -0.048387 0.169254 -0.080645
v -0.048387 0.177419 -0.091889
v -0.048387 0.158584 -0.048387
v -0.048387 0.152989 -0.016129
v -0.048387 0.148868 0.016129
v -0.048387 0.147654 0.112903
v -0.048387 0.153656 0.145161
v -0.048387 0.158645 0.177419
v -0.048387 0.160856 0.209677
v -0.048387 0.209677 -0.347324
v -0.048387 0.190399 -0.112903
v -0.048387 0.209677 -0.137445
v -0.048387 0.241935 -0.347475
v -0.048387 0.239298 -0.177419
v -0.048387 0.241935 -0.180923
v -0.048387 0.214805 -0.145161
v -0.053408 0.274194 -0.338710
v -0.048387 0.274194 -0.339194
v -0.048387 0.257153 -0.209677
v -0.048387 0.274194 -0.238082
v -0.048387 0.274839 -0.338710
v -0.048387 0.293698 -0.306452
v -0.048387 0.290417 -0.274194
v -0.048387 0.276954 -0.241935
v -0.016129 -0.145161 0.101766
v -0.016129 -0.149386 0.112903
v -0.016129 -0.156018 0.145161
v -0.016129 -0.160478 0.177419
v -0.016129 -0.156705 0.209677
v -0.016129 -0.145161 0.225917
v -0.046222 -0.112903 -0.274194
v -0.020834 -0.112903 -0.241935
v -0.016129 -0.112903 -0.235784
v -0.016129 -0.122594 -0.209677
v -0.016129 -0.127037 -0.177419
v -0.016129 -0.128539 -0.145161
v -0.016129 -0.128741 -0.112903
v -0.016129 -0.127987 -0.080645
v -0.016129 -0.127616 -0.048387
v -0.016129 -0.127566 -0.016129
v -0.016129 -0.128698 0.016129
v -0.016129 -0.132230 0.048387
v -0.016129 -0.137998 0.080645
v -0.016129 -0.129442 0.241935
v -0.016129 -0.112903 0.251472
v -0.016129 -0.080645 -0.293956
v -0.016129 -0.096434 -0.274194
v -0.016129 -0.109891 -0.241935
v -0.016129 -0.080645 0.266544
v -0.016129 -0.048387 -0.315557
v -0.016129 -0.063580 -0.306452
v -0.016129 -0.064117 0.274194
v -0.016129 -0.048387 0.280947
v -0.016129 -0.016129 -0.323738
v -0.016129 -0.016129 0.288632
v -0.016129 0.016129 -0.327032
v -0.016129 0.016129 0.290097
v -0.016129 0.048387 -0.328731
v -0.016129 0.048387 0.284592
v -0.016129 0.080645 -0.330592
v -0.020348 0.080645 0.274194
v -0.016129 0.080645 0.274926
v -0.016129 0.112903 -0.333409
v -0.016129 0.082501 0.274194
v -0.016129 0.112903 0.258977
v -0.024429 0.145161 -0.338710
v -0.016129 0.145161 -0.341245
v -0.016129 0.134936 -0.338710
v -0.016129 0.144924 0.048387
v -0.016129 0.145161 0.046118
v -0.027236 0.145161 0.080645
v -0.016129 0.145161 0.055635
v -0.044930 0.145161 0.241935
v -0.016129 0.145161 0.250785
v -0.016129 0.177419 -0.347507
v -0.023561 0.177419 -0.080645
v -0.016129 0.177419 -0.073478
v -0.016129 0.165731 -0.048387
v -0.016129 0.156443 -0.016129
v -0.016129 0.149161 0.016129
v -0.016129 0.146056 0.080645
v -0.016129 0.153791 0.112903
v -0.016129 0.162011 0.145161
v -0.016129 0.171830 0.177419
v -0.016129 0.174822 0.209677
v -0.016129 0.160512 0.241935
v -0.016129 0.209677 -0.351550
v -0.016129 0.201875 -0.112903
v -0.016129 0.209677 -0.121731
v -0.016129 0.179942 -0.080645
v -0.016129 0.241935 -0.351416
v -0.037311 0.241935 -0.177419
v -0.016129 0.241935 -0.171096
v -0.016129 0.224120 -0.145161
v -0.016129 0.274194 -0.342820
v -0.016129 0.260762 -0.209677
v -0.016129 0.274194 -0.233094
v -0.016129 0.246042 -0.177419
v -0.016129 0.279655 -0.338710
v -0.016129 0.295275 -0.306452
v -0.016129 0.292916 -0.274194
v -0.016129 0.279818 -0.241935
v 0.012548 -0.145161 0.112903
v 0.016129 -0.145161 0.115117
v 0.016129 -0.152352 0.145161
v 0.016129 -0.156426 0.177419
v 0.016129 -0.150130 0.209677
v 0.016129 -0.145161 0.216341
v 0.016129 -0.112903 -0.216467
v 0.016129 -0.115451 -0.209677
v 0.016129 -0.122706 -0.177419
v 0.016129 -0.125017 -0.145161
v 0.016129 -0.126234 -0.112903
v 0.016129 -0.125435 -0.080645
v 0.016129 -0.125246 -0.048387
v 0.016129 -0.124607 -0.016129
v 0.016129 -0.125966 0.016129
v 0.016129 -0.129719 0.048387
v 0.016129 -0.134933 0.080645
v 0.016129 -0.144592 0.112903
v 0.016129 -0.120991 0.241935
v 0.016129 -0.112903 0.247219
v 0.016129 -0.080645 -0.289171
v 0.016129 -0.090912 -0.274194
v 0.016129 -0.103221 -0.241935
v 0.016129 -0.080645 0.263840
v 0.016129 -0.048387 -0.316984
v 0.016129 -0.062710 -0.306452
v 0.016129 -0.060576 0.274194
v 0.016129 -0.048387 0.280393
v 0.016129 -0.016129 -0.328020
v 0.016129 -0.016129 0.288817
v 0.016129 0.016129 -0.333578
v 0.016129 0.016129 0.290950
v 0.016129 0.048387 -0.336959
v 0.016129 0.048387 0.285447
v 0.014078 0.080645 -0.338710
v 0.016129 0.080645 -0.339341
v 0.016129 0.071930 -0.338710
v 0.016129 0.080645 0.274848
v 0.003164 0.112903 -0.338710
v 0.016129 0.112903 -0.342248
v 0.016129 0.082335 0.274194
v 0.016129 0.112903 0.261276
v 0.016129 0.145161 -0.347816
v -0.015102 0.145161 0.048387
v 0.016129 0.145161 0.253569
v 0.016129 0.177419 -0.351230
v 0.014550 0.177419 -0.048387
v 0.016129 0.177419 -0.046656
v 0.016129 0.166530 -0.016129
v 0.016129 0.158807 0.016129
v 0.016129 0.154098 0.048387
v 0.016129 0.156524 0.080645
v 0.016129 0.165083 0.112903
v 0.016129 0.174185 0.145161
v -0.004097 0.177419 0.177419
v 0.016129 0.177419 0.153685
v -0.010414 0.177419 0.209677
v 0.016129 0.177419 0.234739
v 0.016129 0.172044 0.241935
v 0.016129 0.209677 -0.354078
v 0.005692 0.209677 -0.112903
v 0.016129 0.209677 -0.106804
v 0.016129 0.191336 -0.080645
v 0.016129 0.177916 -0.048387
v 0.016129 0.184505 0.177419
v 0.016129 0.186585 0.209677
v 0.016129 0.241935 -0.353080
v 0.016129 0.229449 -0.145161
v 0.016129 0.241935 -0.162867
v 0.016129 0.212879 -0.112903
v 0.016129 0.274194 -0.344867
v 0.016129 0.263254 -0.209677
v 0.016129 0.274194 -0.228226
v 0.016129 0.250623 -0.177419
v 0.016129 0.282116 -0.338710
v 0.016129 0.296746 -0.306452
v 0.016129 0.293636 -0.274194
v 0.016129 0.282518 -0.241935
v 0.048387 -0.145161 0.128645
v 0.048387 -0.150271 0.145161
v 0.048387 -0.155611 0.177419
v 0.048387 -0.146774 0.209677
v 0.048387 -0.145161 0.211560
v 0.048387 -0.112903 -0.216927
v 0.048387 -0.115820 -0.209677
v 0.048387 -0.122187 -0.177419
v 0.048387 -0.124887 -0.145161
v 0.048387 -0.125486 -0.112903
v 0.048387 -0.124548 -0.080645
v 0.048387 -0.123556 -0.048387
v 0.048387 -0.122788 -0.016129
v 0.048387 -0.123409 0.016129
v 0.048387 -0.127363 0.048387
v 0.048387 -0.131844 0.080645
v 0.048387 -0.140609 0.112903
v 0.048387 -0.116056 0.241935
v 0.048387 -0.112903 0.244097
v 0.048387 -0.080645 -0.290834
v 0.048387 -0.092082 -0.274194
v 0.048387 -0.103121 -0.241935
v 0.048387 -0.080645 0.259912
v 0.048387 -0.048387 -0.320322
v 0.048387 -0.065733 -0.306452
v 0.048387 -0.049163 0.274194
v 0.048387 -0.048387 0.274614
v 0.048387 -0.016129 -0.333113
v 0.048387 -0.016129 0.285534
v 0.039841 0.016129 -0.338710
v 0.048387 0.016129 -0.340561
v 0.048387 0.007820 -0.338710
v 0.048387 0.016129 0.287928
v 0.023697 0.048387 -0.338710
v 0.048387 0.048387 -0.343781
v 0.048387 0.048387 0.283145
v 0.048387 0.080645 -0.345525
v 0.023142 0.080645 0.274194
v 0.048387 0.075063 0.274194
v 0.048387 0.080645 0.271797
v 0.048387 0.112903 -0.347508
v 0.048387 0.112903 0.257844
v 0.048387 0.145161 -0.350632
v 0.048387 0.145161 0.252339
v 0.048387 0.177419 -0.353322
v 0.036343 0.177419 -0.016129
v 0.048387 0.177419 0.011895
v 0.048387 0.176395 0.016129
v 0.048387 0.170984 0.048387
v 0.048387 0.171791 0.080645
v 0.040953 0.177419 0.112903
v 0.048387 0.177419 0.099076
v 0.022835 0.177419 0.145161
v 0.048387 0.173280 0.241935
v 0.048387 0.177419 0.238421
v 0.048387 0.209677 -0.355077
v 0.048387 0.202290 -0.080645
v 0.048387 0.209677 -0.091170
v 0.048387 0.190129 -0.048387
v 0.048387 0.182045 -0.016129
v 0.048387 0.180200 0.112903
v 0.048387 0.186787 0.145161
v 0.048387 0.194981 0.177419
v 0.048387 0.195417 0.209677
v 0.048387 0.241935 -0.354116
v 0.048387 0.234055 -0.145161
v 0.048387 0.241935 -0.156652
v 0.048387 0.220248 -0.112903
v 0.048387 0.274194 -0.345519
v 0.048387 0.266792 -0.209677
v 0.048387 0.274194 -0.222031
v 0.048387 0.253861 -0.177419
v 0.048387 0.283344 -0.338710
v 0.048387 0.297822 -0.306452
v 0.048387 0.296430 -0.274194
v 0.048387 0.285023 -0.241935
v 0.080645 -0.145161 0.130669
v 0.080645 -0.151038 0.145161
v 0.080645 -0.158947 0.177419
v 0.080645 -0.153302 0.209677
v 0.080645 -0.145161 0.217493
v 0.080645 -0.112903 -0.241626
v 0.080645 -0.123694 -0.209677
v 0.080645 -0.128387 -0.177419
v 0.080645 -0.128871 -0.145161
v 0.080645 -0.127896 -0.112903
v 0.080645 -0.125170 -0.080645
v 0.080645 -0.123041 -0.048387
v 0.080645 -0.121069 -0.016129
v 0.080645 -0.121164 0.016129
v 0.080645 -0.124838 0.048387
v 0.080645 -0.129849 0.080645
v 0.080645 -0.138854 0.112903
v 0.063590 -0.112903 0.241935
v 0.080645 -0.112903 0.239099
v 0.080645 -0.080645 -0.299688
v 0.080645 -0.098884 -0.274194
v 0.080645 -0.112769 -0.241935
v 0.080645 -0.109133 0.241935
v 0.080645 -0.080645 0.255740
v 0.080645 -0.048387 -0.324902
v 0.080645 -0.073628 -0.306452
v 0.049856 -0.048387 0.274194
v 0.080645 -0.048387 0.266527
v 0.080645 -0.016129 -0.338648
v 0.080645 -0.027205 0.274194
v 0.080645 -0.016129 0.278366
v 0.080645 0.016129 -0.345111
v 0.080645 -0.015896 -0.338710
v 0.080645 0.016129 0.282231
v 0.080645 0.048387 -0.346908
v 0.080645 0.048387 0.275176
v 0.080645 0.080645 -0.347682
v 0.080645 0.050743 0.274194
v 0.080645 0.080645 0.262764
v 0.080645 0.112903 -0.349175
v 0.080645 0.112903 0.249956
v 0.080645 0.145161 -0.351774
v 0.079441 0.145161 0.241935
v 0.080645 0.143819 0.241935
v 0.080645 0.145161 0.241396
v 0.080645 0.177419 -0.353562
v 0.051462 0.177419 0.016129
v 0.069519 0.177419 0.048387
v 0.069620 0.177419 0.080645
v 0.080645 0.177419 0.223852
v 0.080645 0.209677 -0.354718
v 0.080645 0.207892 -0.080645
v 0.080645 0.209677 -0.083106
v 0.080645 0.196570 -0.048387
v 0.080645 0.188773 -0.016129
v 0.080645 0.183315 0.016129
v 0.080645 0.179630 0.048387
v 0.080645 0.179546 0.080645
v 0.080645 0.185179 0.112903
v 0.080645 0.190748 0.145161
v 0.080645 0.197172 0.177419
v 0.080645 0.192983 0.209677
v 0.080645 0.241935 -0.352550
v 0.080645 0.236810 -0.145161
v 0.080645 0.241935 -0.152449
v 0.080645 0.223615 -0.112903
v 0.080645 0.274194 -0.343239
v 0.080645 0.268437 -0.209677
v 0.080645 0.274194 -0.218874
v 0.080645 0.255802 -0.177419
v 0.080645 0.280255 -0.338710
v 0.080645 0.298856 -0.306452
v 0.080645 0.297017 -0.274194
v 0.080645 0.287030 -0.241935
v 0.111908 -0.177419 0.209677
v 0.112903 -0.177419 0.201042
v 0.112903 -0.178095 0.209677
v 0.112903 -0.177419 0.210702
v 0.111149 -0.145161 -0.209677
v 0.112903 -0.145161 -0.213882
v 0.112903 -0.146976 -0.209677
v 0.112903 -0.150351 -0.177419
v 0.106959 -0.145161 -0.177419
v 0.112903 -0.145161 -0.147368
v 0.112903 -0.145161 0.117336
v 0.112903 -0.159269 0.145161
v 0.112903 -0.175431 0.177419
v 0.112903 -0.145161 0.233834
v 0.107050 -0.112903 -0.274194
v 0.112903 -0.112903 -0.278609
v 0.112903 -0.116825 -0.274194
v 0.112903 -0.134184 -0.241935
v 0.080855 -0.112903 -0.241935
v 0.112903 -0.144792 -0.145161
v 0.112903 -0.137003 -0.112903
v 0.112903 -0.130210 -0.080645
v 0.112903 -0.126270 -0.048387
v 0.112903 -0.122861 -0.016129
v 0.112903 -0.121565 0.016129
v 0.112903 -0.124302 0.048387
v 0.112903 -0.130062 0.080645
v 0.112903 -0.142925 0.112903
v 0.112903 -0.128790 0.241935
v 0.089936 -0.112903 0.241935
v 0.112903 -0.112903 0.247164
v 0.096820 -0.080645 -0.306452
v 0.112903 -0.080645 -0.311932
v 0.112903 -0.087004 -0.306452
v 0.112903 -0.080645 0.255865
v 0.112903 -0.048387 -0.329501
v 0.112903 -0.048387 0.263654
v 0.081219 -0.016129 -0.338710
v 0.112903 -0.016129 -0.341687
v 0.112903 -0.024220 -0.338710
v 0.100465 -0.016129 0.274194
v 0.112903 -0.016129 0.271447
v 0.112903 0.016129 -0.346377
v 0.112903 0.007154 0.274194
v 0.112903 0.016129 0.275273
v 0.112903 0.048387 -0.347425
v 0.084126 0.048387 0.274194
v 0.112903 0.020145 0.274194
v 0.112903 0.048387 0.266784
v 0.112903 0.080645 -0.347909
v 0.112903 0.080645 0.256461
v 0.112903 0.112903 -0.349155
v 0.104784 0.112903 0.241935
v 0.112903 0.108526 0.241935
v 0.112903 0.112903 0.238755
v 0.112903 0.145161 -0.351301
v 0.112903 0.145161 0.227741
v 0.112903 0.177419 -0.352848
v 0.112903 0.177419 0.211989
v 0.112903 0.209677 -0.353558
v 0.098340 0.209677 -0.080645
v 0.112903 0.209677 -0.076591
v 0.112903 0.200140 -0.048387
v 0.112903 0.193415 -0.016129
v 0.112903 0.188607 0.016129
v 0.112903 0.184132 0.048387
v 0.112903 0.183394 0.080645
v 0.112903 0.186839 0.112903
v 0.112903 0.190831 0.145161
v 0.112903 0.194720 0.177419
v 0.112903 0.180630 0.209677
v 0.112903 0.241935 -0.350862
v 0.112903 0.237472 -0.145161
v 0.112903 0.241935 -0.151715
v 0.112903 0.224353 -0.112903
v 0.112903 0.210822 -0.080645
v 0.112903 0.274194 -0.340164
v 0.112903 0.271185 -0.209677
v 0.112903 0.274194 -0.214515
v 0.112903 0.256307 -0.177419
v 0.112903 0.276257 -0.338710
v 0.112903 0.298950 -0.306452
v 0.112903 0.299809 -0.274194
v 0.112903 0.288315 -0.241935
v 0.141630 -0.209677 0.209677
v 0.145161 -0.209677 0.201036
v 0.145161 -0.213109 0.209677
v 0.145161 -0.209677 0.218946
v 0.140958 -0.177419 -0.241935
v 0.145161 -0.177419 -0.248872
v 0.145161 -0.185808 -0.241935
v 0.145161 -0.202803 -0.209677
v 0.133827 -0.177419 -0.209677
v 0.145161 -0.197334 -0.177419
v 0.134122 -0.177419 -0.177419
v 0.145161 -0.177419 -0.145559
v 0.115234 -0.177419 0.177419
v 0.145161 -0.177419 0.145716
v 0.145161 -0.199709 0.177419
v 0.145161 -0.193457 0.241935
v 0.134961 -0.177419 0.241935
v 0.145161 -0.177419 0.249607
v 0.142239 -0.145161 -0.274194
v 0.145161 -0.145161 -0.277004
v 0.145161 -0.149220 -0.274194
v 0.123417 -0.145161 -0.241935
v 0.145161 -0.177208 -0.145161
v 0.113357 -0.145161 -0.145161
v 0.145161 -0.161471 -0.112903
v 0.124880 -0.145161 -0.112903
v 0.145161 -0.146715 -0.080645
v 0.142983 -0.145161 -0.080645
v 0.145161 -0.145161 -0.077102
v 0.119159 -0.145161 0.112903
v 0.145161 -0.145161 0.098068
v 0.145161 -0.154437 0.112903
v 0.145161 -0.176957 0.145161
v 0.123058 -0.145161 0.241935
v 0.145161 -0.145161 0.253069
v 0.145161 -0.112903 -0.296157
v 0.145161 -0.135021 -0.048387
v 0.145161 -0.128499 -0.016129
v 0.145161 -0.126129 0.016129
v 0.145161 -0.127903 0.048387
v 0.145161 -0.135147 0.080645
v 0.145161 -0.112903 0.253653
v 0.145161 -0.080645 -0.317331
v 0.145161 -0.098823 -0.306452
v 0.145161 -0.080645 0.257648
v 0.145161 -0.048387 -0.330147
v 0.145161 -0.048387 0.262539
v 0.145161 -0.016129 -0.341030
v 0.145161 -0.022911 -0.338710
v 0.145161 -0.016129 0.268636
v 0.145161 0.016129 -0.345744
v 0.119448 0.016129 0.274194
v 0.145161 0.016129 0.270075
v 0.145161 0.048387 -0.346795
v 0.145161 0.048387 0.262862
v 0.145161 0.080645 -0.346964
v 0.145161 0.080645 0.252139
v 0.145161 0.112903 -0.347892
v 0.145161 0.100998 0.241935
v 0.145161 0.112903 0.233938
v 0.145161 0.145161 -0.350417
v 0.145161 0.145161 0.220328
v 0.145161 0.177419 -0.351567
v 0.120862 0.177419 0.209677
v 0.145161 0.166691 0.209677
v 0.145161 0.177419 0.198261
v 0.145161 0.209677 -0.351930
v 0.145161 0.204624 -0.048387
v 0.145161 0.209677 -0.067134
v 0.145161 0.197438 -0.016129
v 0.145161 0.192799 0.016129
v 0.145161 0.188117 0.048387
v 0.145161 0.186380 0.080645
v 0.145161 0.188223 0.112903
v 0.145161 0.190485 0.145161
v 0.145161 0.190979 0.177419
v 0.145161 0.241935 -0.347446
v 0.145161 0.238695 -0.145161
v 0.145161 0.241935 -0.149859
v 0.145161 0.224925 -0.112903
v 0.145161 0.212534 -0.080645
v 0.145161 0.266565 -0.338710
v 0.122319 0.274194 -0.338710
v 0.145161 0.274194 -0.334308
v 0.145161 0.272673 -0.209677
v 0.145161 0.274194 -0.212037
v 0.145161 0.256966 -0.177419
v 0.145161 0.297982 -0.306452
v 0.145161 0.300026 -0.274194
v 0.145161 0.290052 -0.241935
v 0.176891 -0.274194 -0.209677
v 0.177419 -0.274194 -0.211880
v 0.177419 -0.275189 -0.209677
v 0.177419 -0.274194 -0.207524
v 0.170650 -0.241935 -0.241935
v 0.177419 -0.241935 -0.251261
v 0.177419 -0.258473 -0.241935
v 0.164338 -0.241935 -0.209677
v 0.177419 -0.260317 -0.177419
v 0.168959 -0.241935 -0.177419
v 0.177419 -0.241935 -0.163789
v 0.157713 -0.209677 -0.241935
v 0.177419 -0.209677 -0.267456
v 0.149059 -0.209677 -0.209677
v 0.153254 -0.209677 -0.177419
v 0.177419 -0.223443 -0.145161
v 0.168215 -0.209677 -0.145161
v 0.177419 -0.209677 -0.132791
v 0.155920 -0.209677 0.177419
v 0.177419 -0.209677 0.157149
v 0.177419 -0.225300 0.177419
v 0.177419 -0.238679 0.209677
v 0.177419 -0.233754 0.241935
v 0.154141 -0.209677 0.241935
v 0.177419 -0.209677 0.266757
v 0.166618 -0.177419 -0.274194
v 0.177419 -0.177419 -0.282269
v 0.177419 -0.197066 -0.274194
v 0.145359 -0.177419 -0.145161
v 0.177419 -0.192441 -0.112903
v 0.163286 -0.177419 -0.112903
v 0.177419 -0.177419 -0.094409
v 0.145729 -0.177419 0.145161
v 0.177419 -0.177419 0.120093
v 0.177419 -0.198356 0.145161
v 0.177419 -0.177419 0.271616
v 0.177419 -0.145161 -0.293010
v 0.177419 -0.167939 -0.080645
v 0.177419 -0.155698 -0.048387
v 0.161545 -0.145161 -0.048387
v 0.177419 -0.145161 -0.022122
v 0.169979 -0.145161 0.080645
v 0.177419 -0.145161 0.070965
v 0.177419 -0.148935 0.080645
v 0.177419 -0.170467 0.112903
v 0.177419 -0.145161 0.266166
v 0.177419 -0.112903 -0.304695
v 0.177419 -0.142417 -0.016129
v 0.177419 -0.137095 0.016129
v 0.177419 -0.137367 0.048387
v 0.177419 -0.112903 0.261275
v 0.177419 -0.080645 -0.319873
v 0.177419 -0.110028 -0.306452
v 0.177419 -0.080645 0.260228
v 0.177419 -0.048387 -0.329525
v 0.177419 -0.048387 0.262523
v 0.174805 -0.016129 -0.338710
v 0.177419 -0.016129 -0.338491
v 0.177419 -0.016129 0.266213
v 0.177419 0.016129 -0.343699
v 0.177419 -0.015011 -0.338710
v 0.177419 0.016129 0.266797
v 0.177419 0.048387 -0.344637
v 0.177419 0.048387 0.260475
v 0.177419 0.080645 -0.344746
v 0.177419 0.080645 0.249048
v 0.177419 0.112903 -0.345782
v 0.177419 0.093691 0.241935
v 0.177419 0.112903 0.228913
v 0.177419 0.145161 -0.348318
v 0.177419 0.145161 0.214666
v 0.177419 0.177419 -0.349533
v 0.177419 0.155241 0.209677
v 0.177419 0.177419 0.190699
v 0.177419 0.209677 -0.348740
v 0.177419 0.206411 -0.048387
v 0.177419 0.209677 -0.064350
v 0.177419 0.201327 -0.016129
v 0.177419 0.196686 0.016129
v 0.177419 0.192025 0.048387
v 0.177419 0.188630 0.080645
v 0.177419 0.189300 0.112903
v 0.177419 0.189344 0.145161
v 0.177419 0.188001 0.177419
v 0.177419 0.241935 -0.342694
v 0.177419 0.235265 -0.145161
v 0.177419 0.241935 -0.155018
v 0.177419 0.222873 -0.112903
v 0.177419 0.212362 -0.080645
v 0.177419 0.251857 -0.338710
v 0.177419 0.274194 -0.326392
v 0.177419 0.270983 -0.209677
v 0.177419 0.274194 -0.214620
v 0.177419 0.254521 -0.177419
v 0.177419 0.292642 -0.306452
v 0.177419 0.299166 -0.274194
v 0.177419 0.289024 -0.241935
v 0.203279 -0.274194 -0.241935
v 0.209677 -0.274194 -0.244226
v 0.209677 -0.277070 -0.241935
v 0.209677 -0.289949 -0.209677
v 0.209677 -0.279157 -0.177419
v 0.199023 -0.274194 -0.177419
v 0.209677 -0.274194 -0.172250
v 0.209677 -0.241935 -0.259356
v 0.209677 -0.242721 -0.145161
v 0.208567 -0.241935 -0.145161
v 0.209677 -0.241935 -0.144559
v 0.184043 -0.241935 0.209677
v 0.209677 -0.241935 0.189195
v 0.209677 -0.252282 0.209677
v 0.209677 -0.251182 0.241935
v 0.191327 -0.241935 0.241935
v 0.209677 -0.241935 0.258993
v 0.209521 -0.209677 -0.274194
v 0.209677 -0.209677 -0.274220
v 0.209677 -0.209748 -0.274194
v 0.209677 -0.211495 -0.112903
v 0.206921 -0.209677 -0.112903
v 0.209677 -0.209677 -0.110912
v 0.207481 -0.209677 0.145161
v 0.209677 -0.209677 0.144139
v 0.209677 -0.210507 0.145161
v 0.209677 -0.235327 0.177419
v 0.209677 -0.229142 0.274194
v 0.188068 -0.209677 0.274194
v 0.209677 -0.209677 0.285498
v 0.209677 -0.177419 -0.283165
v 0.209677 -0.185177 -0.080645
v 0.196470 -0.177419 -0.080645
v 0.209677 -0.177419 -0.067819
v 0.196522 -0.177419 0.112903
v 0.209677 -0.177419 0.106955
v 0.209677 -0.181953 0.112903
v 0.182584 -0.177419 0.274194
v 0.209677 -0.177419 0.284678
v 0.209677 -0.145161 -0.291449
v 0.209677 -0.167374 -0.048387
v 0.209677 -0.156587 -0.016129
v 0.183455 -0.145161 -0.016129
v 0.209677 -0.148740 0.016129
v 0.200819 -0.145161 0.016129
v 0.209677 -0.147618 0.048387
v 0.202810 -0.145161 0.048387
v 0.209677 -0.155246 0.080645
v 0.202190 -0.145161 0.274194
v 0.209677 -0.145161 0.276723
v 0.209677 -0.112903 -0.300171
v 0.209677 -0.139662 0.274194
v 0.209677 -0.112903 0.262660
v 0.209677 -0.080645 -0.314999
v 0.209677 -0.100535 -0.306452
v 0.209677 -0.080645 0.258289
v 0.209677 -0.048387 -0.324180
v 0.209677 -0.048387 0.256613
v 0.209677 -0.016129 -0.331777
v 0.209677 -0.016129 0.259414
v 0.203003 0.016129 -0.338710
v 0.209677 0.016129 -0.337113
v 0.209677 0.016129 0.259715
v 0.208393 0.048387 -0.338710
v 0.209677 0.048387 -0.338397
v 0.209677 0.048387 0.255679
v 0.205384 0.080645 -0.338710
v 0.209677 0.080645 -0.337530
v 0.209677 0.080645 0.243220
v 0.209677 0.112903 -0.338907
v 0.209677 0.108099 -0.338710
v 0.209677 0.083122 0.241935
v 0.209677 0.112903 0.223073
v 0.209677 0.145161 -0.341909
v 0.195938 0.145161 0.209677
v 0.209677 0.137892 0.209677
v 0.209677 0.145161 0.202182
v 0.209677 0.177419 -0.342170
v 0.203688 0.177419 0.177419
v 0.209677 0.173378 0.177419
v 0.209677 0.177419 0.160251
v 0.209677 0.207618 -0.338710
v 0.209052 0.209677 -0.338710
v 0.209677 0.209677 -0.338412
v 0.187925 0.209677 -0.080645
v 0.209677 0.202599 -0.080645
v 0.209677 0.209677 -0.103312
v 0.209677 0.199764 -0.048387
v 0.209677 0.196665 -0.016129
v 0.209677 0.193302 0.016129
v 0.209677 0.188004 0.048387
v 0.209677 0.183580 0.080645
v 0.209677 0.181620 0.112903
v 0.209677 0.179581 0.145161
v 0.186813 0.241935 -0.338710
v 0.209677 0.241935 -0.327816
v 0.209677 0.222827 -0.145161
v 0.209677 0.241935 -0.174082
v 0.209677 0.212277 -0.112903
v 0.209677 0.274194 -0.311210
v 0.209677 0.260793 -0.209677
v 0.209677 0.274194 -0.230085
v 0.209677 0.243926 -0.177419
v 0.209677 0.279356 -0.306452
v 0.209677 0.288142 -0.274194
v 0.209677 0.281871 -0.241935
v 0.212076 -0.274194 -0.241935
v 0.223190 -0.274194 -0.209677
v 0.214605 -0.274194 -0.177419
v 0.229317 -0.241935 -0.241935
v 0.241935 -0.241935 -0.210104
v 0.241935 -0.242206 -0.209677
v 0.241935 -0.241935 -0.208473
v 0.237313 -0.241935 -0.177419
v 0.210501 -0.241935 -0.145161
v 0.241935 -0.241935 0.208282
v 0.241935 -0.242644 0.209677
v 0.241935 -0.244065 0.241935
v 0.241935 -0.241935 0.246374
v 0.209716 -0.209677 -0.274194
v 0.241935 -0.209677 -0.244268
v 0.241935 -0.214771 -0.241935
v 0.241935 -0.235867 -0.177419
v 0.241935 -0.214548 -0.145161
v 0.213443 -0.209677 -0.112903
v 0.241935 -0.209677 -0.137991
v 0.212082 -0.209677 0.145161
v 0.241935 -0.209677 0.157308
v 0.241935 -0.226309 0.177419
v 0.241935 -0.221645 0.274194
v 0.241935 -0.209677 0.281834
v 0.223688 -0.177419 -0.274194
v 0.241935 -0.177419 -0.257085
v 0.241935 -0.194445 -0.112903
v 0.236712 -0.177419 -0.080645
v 0.241935 -0.177419 -0.083840
v 0.221160 -0.177419 0.112903
v 0.241935 -0.177419 0.124946
v 0.241935 -0.195167 0.145161
v 0.241935 -0.177419 0.280190
v 0.237065 -0.145161 -0.274194
v 0.241935 -0.145161 -0.268682
v 0.241935 -0.175604 -0.080645
v 0.241935 -0.163376 -0.048387
v 0.241935 -0.151434 -0.016129
v 0.227227 -0.145161 0.016129
v 0.241935 -0.145161 0.005026
v 0.216341 -0.145161 0.048387
v 0.229514 -0.145161 0.080645
v 0.241935 -0.145161 0.093963
v 0.241935 -0.161210 0.112903
v 0.218100 -0.145161 0.274194
v 0.241935 -0.162851 0.274194
v 0.241935 -0.145161 0.265343
v 0.241935 -0.112903 -0.279994
v 0.241935 -0.131701 -0.274194
v 0.241935 -0.140928 0.016129
v 0.241935 -0.131314 0.048387
v 0.241935 -0.132973 0.080645
v 0.241935 -0.112903 0.249629
v 0.224867 -0.080645 -0.306452
v 0.241935 -0.080645 -0.293996
v 0.237647 -0.080645 0.241935
v 0.241935 -0.090336 0.241935
v 0.241935 -0.080645 0.237187
v 0.241935 -0.048387 -0.309510
v 0.241935 -0.055084 -0.306452
v 0.232198 -0.048387 0.241935
v 0.241935 -0.048387 0.232038
v 0.241935 -0.016129 -0.318215
v 0.236531 -0.016129 0.241935
v 0.241935 -0.016129 0.235920
v 0.241935 0.016129 -0.322304
v 0.238765 0.016129 0.241935
v 0.241935 0.016129 0.238593
v 0.241935 0.048387 -0.323074
v 0.234979 0.048387 0.241935
v 0.241935 0.048387 0.235021
v 0.241935 0.080645 -0.322195
v 0.212401 0.080645 0.241935
v 0.241935 0.080645 0.219898
v 0.210056 0.112903 -0.338710
v 0.241935 0.112903 -0.322042
v 0.229283 0.112903 0.209677
v 0.241935 0.096036 0.209677
v 0.241935 0.112903 0.185280
v 0.215407 0.145161 -0.338710
v 0.241935 0.145161 -0.322573
v 0.234490 0.145161 0.080645
v 0.241935 0.126786 0.080645
v 0.241935 0.145161 0.050699
v 0.232294 0.145161 0.112903
v 0.241935 0.121031 0.112903
v 0.233517 0.145161 0.145161
v 0.241935 0.124409 0.145161
v 0.228575 0.145161 0.177419
v 0.241935 0.120461 0.177419
v 0.215561 0.177419 -0.338710
v 0.241935 0.177419 -0.320787
v 0.239904 0.177419 -0.145161
v 0.241935 0.170004 -0.145161
v 0.241935 0.177419 -0.150789
v 0.236642 0.177419 -0.112903
v 0.241935 0.164257 -0.112903
v 0.236340 0.177419 -0.080645
v 0.241935 0.165890 -0.080645
v 0.236907 0.177419 -0.048387
v 0.241935 0.168861 -0.048387
v 0.237936 0.177419 -0.016129
v 0.241935 0.171201 -0.016129
v 0.232738 0.177419 0.016129
v 0.241935 0.163881 0.016129
v 0.225519 0.177419 0.048387
v 0.241935 0.146454 0.048387
v 0.217884 0.177419 0.080645
v 0.215255 0.177419 0.112903
v 0.212311 0.177419 0.145161
v 0.241935 0.209677 -0.315696
v 0.235976 0.209677 -0.177419
v 0.241935 0.196773 -0.177419
v 0.241935 0.209677 -0.189853
v 0.222021 0.209677 -0.145161
v 0.212658 0.209677 -0.112903
v 0.241935 0.232630 -0.306452
v 0.237130 0.241935 -0.306452
v 0.241935 0.241935 -0.297535
v 0.230253 0.241935 -0.209677
v 0.241935 0.225063 -0.209677
v 0.241935 0.241935 -0.229421
v 0.212021 0.241935 -0.177419
v 0.215165 0.274194 -0.306452
v 0.241935 0.257061 -0.274194
v 0.226692 0.274194 -0.274194
v 0.219844 0.274194 -0.241935
v 0.241935 0.251175 -0.241935
v 0.242056 -0.241935 -0.209677
v 0.242856 -0.241935 0.209677
v 0.244687 -0.241935 0.241935
v 0.243533 -0.209677 -0.241935
v 0.252333 -0.209677 -0.209677
v 0.252833 -0.209677 -0.177419
v 0.244985 -0.209677 -0.145161
v 0.258489 -0.209677 0.177419
v 0.272193 -0.209677 0.209677
v 0.271269 -0.209677 0.241935
v 0.252442 -0.209677 0.274194
v 0.251511 -0.177419 -0.241935
v 0.258049 -0.177419 -0.209677
v 0.260546 -0.177419 -0.177419
v 0.258389 -0.177419 -0.145161
v 0.255220 -0.177419 -0.112903
v 0.254386 -0.177419 0.145161
v 0.273284 -0.177419 0.177419
v 0.274194 -0.177419 0.180502
v 0.274194 -0.203768 0.209677
v 0.274194 -0.194544 0.241935
v 0.274194 -0.177419 0.246441
v 0.251018 -0.177419 0.274194
v 0.255846 -0.145161 -0.241935
v 0.262075 -0.145161 -0.209677
v 0.266284 -0.145161 -0.177419
v 0.268966 -0.145161 -0.145161
v 0.273934 -0.145161 -0.112903
v 0.272730 -0.145161 -0.080645
v 0.267798 -0.145161 -0.048387
v 0.251099 -0.145161 -0.016129
v 0.249472 -0.145161 0.112903
v 0.259750 -0.145161 0.145161
v 0.270866 -0.145161 0.177419
v 0.274194 -0.145161 0.206156
v 0.264602 -0.145161 0.241935
v 0.274194 -0.169885 0.241935
v 0.274194 -0.145161 0.211080
v 0.246939 -0.112903 -0.274194
v 0.259332 -0.112903 -0.241935
v 0.265081 -0.112903 -0.209677
v 0.270438 -0.112903 -0.177419
v 0.274194 -0.112903 -0.158784
v 0.274194 -0.124423 -0.145161
v 0.274194 -0.144556 -0.112903
v 0.274194 -0.143141 -0.080645
v 0.274194 -0.138301 -0.048387
v 0.274194 -0.124004 -0.016129
v 0.266882 -0.112903 0.016129
v 0.274194 -0.112903 0.002094
v 0.255279 -0.112903 0.048387
v 0.250893 -0.112903 0.080645
v 0.255470 -0.112903 0.112903
v 0.259778 -0.112903 0.145161
v 0.265474 -0.112903 0.177419
v 0.274194 -0.144097 0.209677
v 0.263669 -0.112903 0.209677
v 0.249633 -0.112903 0.241935
v 0.257007 -0.080645 -0.274194
v 0.264403 -0.080645 -0.241935
v 0.269481 -0.080645 -0.209677
v 0.274194 -0.080645 -0.183186
v 0.274194 -0.088035 -0.177419
v 0.274194 -0.102123 0.016129
v 0.274194 -0.080645 0.040565
v 0.270429 -0.080645 0.048387
v 0.262231 -0.080645 0.080645
v 0.260868 -0.080645 0.112903
v 0.260925 -0.080645 0.145161
v 0.262110 -0.080645 0.177419
v 0.257090 -0.080645 0.209677
v 0.245394 -0.048387 -0.306452
v 0.265363 -0.048387 -0.274194
v 0.271490 -0.048387 -0.241935
v 0.273692 -0.048387 -0.209677
v 0.274194 -0.048387 -0.206566
v 0.274194 -0.065663 0.048387
v 0.274194 -0.048387 0.059248
v 0.267167 -0.048387 0.080645
v 0.264024 -0.048387 0.112903
v 0.262528 -0.048387 0.145161
v 0.261448 -0.048387 0.177419
v 0.256043 -0.048387 0.209677
v 0.255353 -0.016129 -0.306452
v 0.272600 -0.016129 -0.274194
v 0.274194 -0.016129 -0.264015
v 0.274194 -0.033655 -0.241935
v 0.274194 -0.042336 -0.209677
v 0.270831 -0.016129 0.080645
v 0.274194 -0.016129 0.068854
v 0.266362 -0.016129 0.112903
v 0.264736 -0.016129 0.145161
v 0.262778 -0.016129 0.177419
v 0.256877 -0.016129 0.209677
v 0.260042 0.016129 -0.306452
v 0.274194 0.016129 -0.278064
v 0.274194 -0.001231 -0.274194
v 0.273430 0.016129 -0.209677
v 0.274194 0.007652 -0.209677
v 0.274194 0.016129 -0.214906
v 0.271686 0.016129 -0.177419
v 0.274194 0.004445 -0.177419
v 0.274194 0.016129 -0.158493
v 0.268923 0.016129 0.080645
v 0.274194 0.016129 0.060796
v 0.266481 0.016129 0.112903
v 0.265608 0.016129 0.145161
v 0.264388 0.016129 0.177419
v 0.258506 0.016129 0.209677
v 0.260291 0.048387 -0.306452
v 0.274194 0.048387 -0.275481
v 0.267444 0.048387 -0.209677
v 0.274194 0.048387 -0.238895
v 0.264176 0.048387 -0.177419
v 0.274194 0.020340 -0.145161
v 0.263784 0.048387 -0.145161
v 0.269479 0.048387 -0.112903
v 0.274194 0.038815 -0.112903
v 0.274194 0.048387 -0.092074
v 0.267661 0.048387 0.048387
v 0.274194 0.027207 0.048387
v 0.274194 0.048387 0.026689
v 0.263573 0.048387 0.080645
v 0.261582 0.048387 0.112903
v 0.261840 0.048387 0.145161
v 0.261245 0.048387 0.177419
v 0.256216 0.048387 0.209677
v 0.259353 0.080645 -0.306452
v 0.274194 0.059283 -0.274194
v 0.273073 0.080645 -0.274194
v 0.271657 0.080645 -0.241935
v 0.274194 0.056122 -0.241935
v 0.262649 0.080645 -0.209677
v 0.257957 0.080645 -0.177419
v 0.255600 0.080645 -0.145161
v 0.258315 0.080645 -0.112903
v 0.274194 0.054131 -0.080645
v 0.262907 0.080645 -0.080645
v 0.268319 0.080645 -0.048387
v 0.274194 0.068584 -0.048387
v 0.268682 0.080645 -0.016129
v 0.274194 0.067024 -0.016129
v 0.265625 0.080645 0.016129
v 0.274194 0.057429 0.016129
v 0.259554 0.080645 0.048387
v 0.255464 0.080645 0.080645
v 0.254968 0.080645 0.112903
v 0.255847 0.080645 0.145161
v 0.255364 0.080645 0.177419
v 0.248760 0.080645 0.209677
v 0.257827 0.112903 -0.306452
v 0.270315 0.112903 -0.274194
v 0.268482 0.112903 -0.241935
v 0.260282 0.112903 -0.209677
v 0.255229 0.112903 -0.177419
v 0.250807 0.112903 -0.145161
v 0.251452 0.112903 -0.112903
v 0.254418 0.112903 -0.080645
v 0.257445 0.112903 -0.048387
v 0.257953 0.112903 -0.016129
v 0.255502 0.112903 0.016129
v 0.249865 0.112903 0.048387
v 0.245683 0.112903 0.080645
v 0.244130 0.112903 0.112903
v 0.244981 0.112903 0.145161
v 0.244460 0.112903 0.177419
v 0.257661 0.145161 -0.306452
v 0.267998 0.145161 -0.274194
v 0.267204 0.145161 -0.241935
v 0.259025 0.145161 -0.209677
v 0.253014 0.145161 -0.177419
v 0.247226 0.145161 -0.145161
v 0.247605 0.145161 -0.112903
v 0.248225 0.145161 -0.080645
v 0.250030 0.145161 -0.048387
v 0.250669 0.145161 -0.016129
v 0.248999 0.145161 0.016129
v 0.242338 0.145161 0.048387
v 0.254686 0.177419 -0.306452
v 0.264130 0.177419 -0.274194
v 0.262760 0.177419 -0.241935
v 0.255938 0.177419 -0.209677
v 0.248811 0.177419 -0.177419
v 0.250140 0.209677 -0.306452
v 0.258972 0.209677 -0.274194
v 0.258036 0.209677 -0.241935
v 0.249134 0.209677 -0.209677
v 0.250369 0.241935 -0.274194
v 0.247393 0.241935 -0.241935
v 0.280577 -0.177419 0.209677
v 0.276777 -0.177419 0.241935
v 0.274573 -0.145161 0.209677
v 0.276828 -0.112903 -0.145161
v 0.283397 -0.112903 -0.112903
v 0.287287 -0.112903 -0.080645
v 0.288029 -0.112903 -0.048387
v 0.281146 -0.112903 -0.016129
v 0.275255 -0.080645 -0.177419
v 0.281934 -0.080645 -0.145161
v 0.288737 -0.080645 -0.112903
v 0.294041 -0.080645 -0.080645
v 0.296866 -0.080645 -0.048387
v 0.291440 -0.080645 -0.016129
v 0.283417 -0.080645 0.016129
v 0.278268 -0.048387 -0.177419
v 0.283840 -0.048387 -0.145161
v 0.290384 -0.048387 -0.112903
v 0.296694 -0.048387 -0.080645
v 0.300273 -0.048387 -0.048387
v 0.295973 -0.048387 -0.016129
v 0.288308 -0.048387 0.016129
v 0.277772 -0.048387 0.048387
v 0.277140 -0.016129 -0.241935
v 0.276178 -0.016129 -0.209677
v 0.278219 -0.016129 -0.177419
v 0.283008 -0.016129 -0.145161
v 0.289142 -0.016129 -0.112903
v 0.294349 -0.016129 -0.080645
v 0.298013 -0.016129 -0.048387
v 0.294658 -0.016129 -0.016129
v 0.288961 -0.016129 0.016129
v 0.279525 -0.016129 0.048387
v 0.275897 0.016129 -0.274194
v 0.277778 0.016129 -0.241935
v 0.275958 0.016129 -0.145161
v 0.283140 0.016129 -0.112903
v 0.288991 0.016129 -0.080645
v 0.291765 0.016129 -0.048387
v 0.290465 0.016129 -0.016129
v 0.285727 0.016129 0.016129
v 0.277451 0.016129 0.048387
v 0.274730 0.048387 -0.274194
v 0.274987 0.048387 -0.241935
v 0.276729 0.048387 -0.080645
v 0.282303 0.048387 -0.048387
v 0.280653 0.048387 -0.016129
v 0.277309 0.048387 0.016129
vn -1.000000 0.000000 0.000000
vn -0.986748 0.060337 -0.150626
vn -0.990192 -0.042612 -0.133056
vn -0.982315 -0.028050 0.185122
vn -0.982961 0.085478 0.162732
vn -0.902374 -0.413545 -0.121248
vn -0.794179 -0.514357 -0.323599
vn -0.557879 -0.818469 -0.137404
vn -0.530372 -0.804674 0.266843
vn -0.882264 -0.394350 0.257095
vn -0.582282 -0.523267 0.622206
vn -0.933021 -0.221634 -0.283461
vn -0.825699 -0.263051 -0.499025
vn -0.780599 -0.476462 -0.404537
vn -0.978144 -0.170959 -0.118349
vn -0.947520 -0.207627 0.243097
vn -0.721409 -0.372684 0.583674
vn -0.957477 -0.015400 -0.288098
vn -0.899385 -0.022486 -0.436578
vn -0.993647 0.024736 -0.109788
vn -0.983359 0.038720 0.177501
vn -0.837005 -0.090488 0.539662
vn -0.869040 0.055637 0.491603
vn -0.367820 0.015659 0.929765
vn -0.940930 -0.321309 -0.106824
vn -0.916712 -0.328925 -0.226820
vn -0.904605 -0.412414 -0.107724
vn -0.887139 -0.453335 0.086443
vn -0.928140 -0.359256 0.097420
vn -0.864096 -0.461593 0.200674
vn -0.898011 -0.404397 0.173320
vn -0.859068 -0.469009 0.205019
vn -0.959985 0.090875 -0.264895
vn -0.910014 0.080595 -0.406667
vn -0.991175 0.118669 -0.059073
vn -0.949077 0.161911 0.270253
vn -0.776361 0.223244 0.589429
vn -0.502910 0.221558 0.835460
vn -0.929960 -0.216844 -0.296906
vn -0.732856 -0.168287 -0.659244
vn -0.723190 -0.274777 -0.633635
vn -0.967038 -0.229183 -0.110961
vn -0.966752 -0.253003 0.037139
vn -0.948754 -0.285675 0.135112
vn -0.858427 -0.453011 0.240591
vn -0.925888 -0.319518 0.201594
vn -0.846038 -0.444526 0.294307
vn -0.966156 0.144763 -0.213511
vn -0.933274 0.091783 -0.347239
vn -0.983954 0.170338 -0.053099
vn -0.960493 0.221309 0.168745
vn -0.688364 0.271689 0.672562
vn -0.906441 -0.112972 -0.406942
vn -0.736606 -0.071649 -0.672516
vn -0.972998 -0.165952 -0.160418
vn -0.980550 -0.194155 0.028732
vn -0.974591 -0.178124 0.135810
vn -0.973834 -0.149947 0.170771
vn -0.905493 -0.303175 0.296932
vn -0.946350 -0.186676 0.263768
vn -0.905600 -0.294509 0.305210
vn -0.976438 0.137765 -0.166101
vn -0.945964 0.136756 -0.294023
vn -0.978650 0.205531 0.000900
vn -0.928663 0.300627 0.217274
vn -0.752836 0.339869 0.563672
vn -0.887879 -0.018659 -0.459699
vn -0.716986 0.015724 -0.696911
vn -0.972523 -0.073081 -0.221040
vn -0.996474 -0.083495 0.008262
vn -0.983064 -0.080288 0.164742
vn -0.978153 -0.059495 0.199192
vn -0.971860 -0.049465 0.230309
vn -0.937651 -0.129273 0.322643
vn -0.949726 -0.080632 0.302522
vn -0.937920 -0.084461 0.336412
vn -0.976812 0.203211 -0.067404
vn -0.969813 0.224959 0.094109
vn -0.881563 0.025682 -0.471367
vn -0.690009 0.028067 -0.723256
vn -0.975983 0.020450 -0.216885
vn -0.983662 0.037183 0.176141
vn -0.977566 0.033364 0.207970
vn -0.972415 0.044106 0.229048
vn -0.962841 0.034357 0.267874
vn -0.938952 0.012267 0.343830
vn -0.885814 0.064896 -0.459481
vn -0.687603 0.042324 -0.724852
vn -0.973801 0.094472 -0.206851
vn -0.991847 0.121362 0.038857
vn -0.976527 0.121131 0.178108
vn -0.968377 0.120746 0.218325
vn -0.961333 0.130710 0.242392
vn -0.952172 0.151442 0.265395
vn -0.947730 0.094514 0.304754
vn -0.905314 0.099468 -0.412931
vn -0.711760 0.045478 -0.700949
vn -0.974949 0.149081 -0.165073
vn -0.981968 0.186367 0.031738
vn -0.969501 0.182592 0.163489
vn -0.957450 0.177692 0.227409
vn -0.937343 0.211786 0.276649
vn -0.928896 0.239591 0.282396
vn -0.935573 0.227899 0.269751
vn -0.926956 0.128092 -0.352625
vn -0.762070 0.082560 -0.642210
vn -0.978921 0.161575 -0.124925
vn -0.977628 0.201040 0.061855
vn -0.964063 0.217766 0.152187
vn -0.941030 0.234560 0.243813
vn -0.898837 0.274401 0.341755
vn -0.912597 0.270531 0.306560
vn -0.952698 0.122088 -0.278317
vn -0.824777 0.043479 -0.563785
vn -0.981614 0.161533 -0.101689
vn -0.980307 0.179212 0.082950
vn -0.954666 0.226823 0.192778
vn -0.923062 0.280109 0.263620
vn -0.889782 0.323431 0.321993
vn -0.985278 0.028412 -0.168584
vn -0.883808 -0.040884 -0.466060
vn -0.994142 0.092212 -0.056377
vn -0.982257 0.147393 0.115958
vn -0.955719 0.165137 0.243580
vn -0.931831 0.229107 0.281425
vn -0.990743 -0.007605 -0.135539
vn -0.922900 -0.025149 -0.384218
vn -0.997937 0.064023 -0.004770
vn -0.989379 0.108106 0.097173
vn -0.951009 0.140464 0.275411
vn -0.994082 0.091415 -0.058696
vn -0.928705 0.152569 -0.337978
vn -0.983852 0.169694 0.056919
vn -0.976038 0.176893 0.126724
vn -0.951727 0.206203 0.227368
vn -0.953532 0.301265 0.004072
vn -0.649722 -0.613400 -0.449001
vn -0.593337 -0.630962 -0.499838
vn -0.379705 -0.849220 -0.366947
vn -0.394578 -0.900808 -0.181253
vn -0.404276 -0.871671 0.277039
vn -0.347577 -0.758785 0.550849
vn -0.477554 -0.412152 0.775933
vn -0.187331 -0.389920 0.901593
vn -0.910149 -0.339730 -0.237090
vn -0.742883 -0.345123 -0.573599
vn -0.861374 -0.459070 -0.217461
vn -0.867245 -0.495298 0.050664
vn -0.907918 -0.415266 0.056913
vn -0.736525 -0.599823 0.312640
vn -0.865699 -0.454165 0.210474
vn -0.667900 -0.630638 0.395227
vn -0.865496 -0.336236 -0.371298
vn -0.720605 -0.504407 -0.475712
vn -0.431491 -0.791931 -0.432043
vn -0.528792 -0.712479 -0.461252
vn -0.774538 -0.419062 -0.473791
vn -0.380448 -0.202206 0.902426
vn -0.244686 -0.172240 0.954181
vn -0.810854 -0.221122 -0.541869
vn -0.435325 -0.142065 -0.888994
vn -0.560461 -0.223568 -0.797434
vn -0.895247 -0.280788 -0.345963
vn -0.930147 -0.363876 -0.049207
vn -0.895258 -0.422452 0.141588
vn -0.796818 -0.535581 0.279703
vn -0.856794 -0.469347 0.213584
vn -0.684262 -0.668513 0.291334
vn -0.847916 -0.482206 0.220263
vn -0.648379 -0.693887 0.313251
vn -0.945899 -0.213250 -0.244538
vn -0.838414 -0.458791 -0.294233
vn -0.731504 -0.508084 -0.454700
vn -0.931340 -0.126216 -0.341579
vn -0.882914 -0.137626 -0.448911
vn -0.173811 0.030372 0.984311
vn -0.762730 -0.151713 -0.628670
vn -0.417516 -0.111930 -0.901750
vn -0.852928 -0.243231 -0.461901
vn -0.871373 -0.441390 0.214205
vn -0.838457 -0.508841 0.195117
vn -0.883502 -0.424773 0.197461
vn -0.826669 -0.548817 0.124165
vn -0.925388 -0.350409 0.144468
vn -0.821978 -0.563741 0.080919
vn -0.954144 -0.284392 0.093441
vn -0.868781 -0.494559 -0.025119
vn -0.974572 -0.223314 0.018420
vn -0.909136 -0.403989 -0.101314
vn -0.979963 -0.174234 -0.096511
vn -0.982013 -0.104884 -0.157001
vn -0.963784 -0.051198 -0.261724
vn -0.924613 0.009113 -0.380798
vn -0.527568 0.234635 0.816467
vn -0.223822 0.137516 0.964880
vn -0.697628 -0.147710 -0.701068
vn -0.382964 -0.067571 -0.921288
vn -0.898648 -0.357884 0.253674
vn -0.931147 -0.284984 0.227487
vn -0.964949 -0.215346 0.150000
vn -0.980591 -0.181158 0.074984
vn -0.990302 -0.138430 -0.011774
vn -0.991037 -0.083590 -0.104205
vn -0.981778 -0.022483 -0.188696
vn -0.949213 0.045760 -0.311289
vn -0.581528 0.274844 0.765693
vn -0.225962 0.167399 0.959645
vn -0.626556 -0.071887 -0.776054
vn -0.357044 -0.027639 -0.933679
vn -0.934126 -0.200195 0.295517
vn -0.966857 -0.154789 0.203045
vn -0.986520 -0.127700 0.102329
vn -0.993675 -0.110048 0.022358
vn -0.995150 -0.081810 -0.054616
vn -0.990701 -0.037949 -0.130661
vn -0.973573 0.042118 -0.224457
vn -0.831357 0.204406 0.516782
vn -0.603130 0.225925 0.764979
vn -0.469437 0.275510 0.838882
vn -0.585342 0.008441 -0.810742
vn -0.334776 0.035373 -0.941634
vn -0.970786 -0.066675 0.230495
vn -0.991020 -0.070181 0.113819
vn -0.997333 -0.064293 0.034555
vn -0.998227 -0.053894 -0.025263
vn -0.996054 -0.015948 -0.087306
vn -0.992017 0.035843 -0.120899
vn -0.986386 0.136446 -0.091788
vn -0.965464 0.215072 0.147048
vn -0.854889 0.193246 0.481477
vn -0.607812 0.130906 0.783216
vn -0.567262 0.053801 -0.821778
vn -0.316687 0.057727 -0.946772
vn -0.979931 0.020504 0.198281
vn -0.994262 -0.018124 0.105429
vn -0.998874 -0.025620 0.039934
vn -0.999798 -0.017126 -0.010518
vn -0.999244 0.007830 -0.038083
vn -0.996249 0.064175 -0.058052
vn -0.991958 0.126544 -0.002551
vn -0.970356 0.181951 0.159072
vn -0.902005 0.197432 0.383937
vn -0.607585 0.151641 0.779644
vn -0.556254 0.028459 -0.830525
vn -0.304408 0.036573 -0.951839
vn -0.980449 0.117930 0.157521
vn -0.995094 0.052144 0.084079
vn -0.998513 0.036855 0.040170
vn -0.998947 0.045665 0.004476
vn -0.997719 0.067406 -0.003721
vn -0.994510 0.104615 -0.002191
vn -0.985530 0.159861 0.056347
vn -0.964784 0.197011 0.174295
vn -0.912969 0.228887 0.337785
vn -0.640858 0.229976 0.732402
vn -0.570404 0.021949 -0.821071
vn -0.307747 -0.001849 -0.951466
vn -0.961144 0.188879 0.201313
vn -0.989138 0.111040 0.096314
vn -0.994368 0.093305 0.050261
vn -0.996615 0.073594 0.036626
vn -0.996643 0.079883 0.017931
vn -0.995144 0.095365 0.024376
vn -0.990737 0.130613 0.037163
vn -0.978073 0.171577 0.118046
vn -0.944676 0.232138 0.231732
vn -0.856033 0.289963 0.427936
vn -0.706949 0.344979 0.617424
vn -0.626135 0.005117 -0.779698
vn -0.336518 -0.041866 -0.940746
vn -0.938873 0.248071 0.238703
vn -0.975965 0.182627 0.118908
vn -0.988067 0.138164 0.068081
vn -0.994209 0.103708 0.028170
vn -0.995289 0.090730 0.034183
vn -0.994404 0.100977 0.031067
vn -0.991154 0.123145 0.049485
vn -0.985496 0.153501 0.072351
vn -0.975059 0.170296 0.142332
vn -0.956625 0.194773 0.216638
vn -0.871375 0.216633 0.440200
vn -0.717210 0.006507 -0.696826
vn -0.402195 -0.095173 -0.910594
vn -0.938437 0.212540 0.272329
vn -0.972038 0.157058 0.174567
vn -0.987882 0.126559 0.089843
vn -0.995720 0.087455 0.029882
vn -0.997368 0.071748 0.010405
vn -0.997333 0.066543 0.029965
vn -0.994903 0.082799 0.057548
vn -0.989784 0.117898 0.080172
vn -0.983753 0.151462 0.096384
vn -0.974943 0.174024 0.138571
vn -0.930186 0.226258 0.289071
vn -0.894874 0.245594 0.372672
vn -0.791291 -0.074058 -0.606938
vn -0.501097 -0.191849 -0.843858
vn -0.950695 0.166217 0.261821
vn -0.962738 0.156311 0.220687
vn -0.979588 0.134988 0.148950
vn -0.994764 0.095343 0.036805
vn -0.998383 0.056560 0.005719
vn -0.998848 0.046901 0.010128
vn -0.995848 0.073285 0.053998
vn -0.992083 0.096473 0.080402
vn -0.983739 0.140243 0.112203
vn -0.983921 0.133845 0.118259
vn -0.970025 0.185721 0.156712
vn -0.953523 0.176107 0.244498
vn -0.828093 -0.108520 -0.549987
vn -0.583836 -0.234768 -0.777187
vn -0.940149 0.205322 0.271960
vn -0.955337 0.195964 0.221200
vn -0.958188 0.228757 0.171891
vn -0.975021 0.220795 0.024154
vn -0.979328 0.201269 -0.020204
vn -0.979833 0.199712 0.006487
vn -0.975609 0.206158 0.075412
vn -0.967754 0.219197 0.124116
vn -0.939202 0.301877 0.163618
vn -0.921494 0.336453 0.194032
vn -0.888413 0.411504 0.203435
vn -0.826886 -0.028270 -0.561658
vn -0.410879 -0.111348 -0.904865
vn -0.425754 -0.209573 -0.880234
vn -0.910144 0.064628 -0.409221
vn -0.900694 0.399510 0.170708
vn -0.905233 0.350683 0.239946
vn -0.855046 0.421660 0.301827
vn -0.897606 0.367194 0.243869
vn -0.611122 0.698497 0.372334
vn -0.638702 0.758122 0.131571
vn -0.684455 0.728314 -0.032856
vn -0.795097 0.605280 -0.038170
vn -0.804527 0.590313 0.065323
vn -0.705814 0.679699 0.199589
vn -0.641953 0.726913 0.243916
vn -0.848671 0.216067 -0.482777
vn -0.436921 0.104343 -0.893427
vn -0.904168 0.297028 -0.307010
vn -0.913329 0.404673 -0.045509
vn -0.817026 0.533734 0.218165
vn -0.802992 0.535133 0.262365
vn -0.456300 0.765305 0.453981
vn -0.352197 0.838160 0.416467
vn -0.208512 0.919248 0.333925
vn -0.728949 0.447543 -0.518014
vn -0.866068 0.447341 -0.223187
vn -0.674159 0.561813 -0.479454
vn -0.831957 0.554348 0.023358
vn -0.466660 0.813873 0.346177
vn -0.401641 0.842316 0.359427
vn -0.227858 0.891304 0.391992
vn -0.435253 0.899974 -0.024548
vn -0.311590 0.924891 0.217919
vn -0.834199 -0.548672 -0.055415
vn -0.480740 -0.532220 -0.696872
vn -0.395131 -0.870620 -0.293073
vn -0.559706 -0.818184 0.131546
vn -0.816209 -0.545296 0.190935
vn -0.377011 -0.774801 0.507491
vn -0.300921 -0.952678 -0.043028
vn -0.095344 -0.927967 -0.360259
vn 0.008375 -0.996096 -0.087882
vn -0.102350 -0.992239 0.070609
vn -0.305409 -0.889935 0.338735
vn -0.015444 -0.791793 0.610594
vn -0.747440 -0.511260 -0.424203
vn -0.534749 -0.499871 -0.681303
vn -0.808510 -0.574364 0.128131
vn -0.517019 -0.673955 0.527709
vn -0.745179 -0.570302 0.345637
vn -0.320891 -0.665896 0.673507
vn -0.279849 -0.822286 -0.495510
vn -0.063596 -0.860258 -0.505878
vn 0.001036 -0.878298 -0.478113
vn -0.046021 -0.923054 -0.381907
vn -0.142454 -0.747236 0.649111
vn -0.055988 -0.342972 0.937676
vn -0.600426 -0.364337 -0.711861
vn -0.254664 -0.224271 -0.940664
vn -0.270228 -0.332097 -0.903708
vn -0.336333 -0.810663 0.479277
vn -0.624610 -0.706913 0.331870
vn -0.275957 -0.870406 0.407726
vn -0.610944 -0.722257 0.324180
vn -0.164033 -0.884193 0.437374
vn -0.627833 -0.659000 -0.414180
vn -0.375310 -0.839719 -0.392446
vn -0.029435 -0.915453 -0.401346
vn -0.063972 -0.888096 -0.455184
vn -0.010668 -0.123111 0.992336
vn -0.236052 -0.111158 -0.965362
vn -0.291291 -0.911384 0.290737
vn -0.627681 -0.761797 0.160254
vn -0.231155 -0.964224 0.129766
vn -0.655591 -0.747206 0.109010
vn -0.164564 -0.986085 -0.023544
vn -0.714654 -0.699322 -0.014790
vn -0.164679 -0.968783 -0.185309
vn -0.755568 -0.646365 -0.106439
vn -0.204838 -0.941969 -0.265961
vn -0.743627 -0.619247 -0.252093
vn -0.004172 0.043876 0.999028
vn -0.194450 -0.065586 -0.978717
vn -0.025077 0.106721 0.993973
vn -0.177068 -0.039280 -0.983415
vn -0.022727 0.120441 0.992460
vn -0.175916 -0.013235 -0.984316
vn -0.364935 0.116995 0.923653
vn -0.084173 0.104491 0.990957
vn -0.171701 0.046156 -0.984067
vn -0.441658 0.107033 0.890776
vn -0.124341 0.026053 0.991898
vn -0.162486 0.061827 -0.984772
vn -0.504669 0.105811 0.856804
vn -0.168499 0.039970 0.984891
vn -0.154039 0.039850 -0.987261
vn -0.266409 0.100274 0.958630
vn -0.491309 0.205088 0.846495
vn -0.151102 -0.011924 -0.988446
vn -0.768542 0.208676 0.604811
vn -0.514186 0.222443 0.828331
vn -0.161524 -0.068945 -0.984458
vn -0.830990 0.197670 0.519983
vn -0.499795 0.140886 0.854609
vn -0.195053 -0.161913 -0.967336
vn -0.927331 0.137155 0.348203
vn -0.864286 0.051510 0.500356
vn -0.506970 0.077015 0.858516
vn -0.272117 -0.290886 -0.917245
vn -0.944004 0.279222 0.175762
vn -0.954104 0.181492 0.238216
vn -0.906634 0.053334 0.418534
vn -0.534255 -0.022987 0.845011
vn -0.415627 -0.284646 -0.863847
vn -0.259273 -0.264482 -0.928885
vn -0.248651 -0.342300 -0.906092
vn -0.687097 0.695367 0.210623
vn -0.812799 0.561710 0.154400
vn -0.831757 0.547223 0.093418
vn -0.884883 0.443901 0.141189
vn -0.914406 0.322238 0.244997
vn -0.495673 0.253671 0.830638
vn -0.298038 -0.126343 -0.946156
vn -0.206657 0.952502 0.223678
vn -0.311929 0.950047 -0.010516
vn -0.313099 0.945105 -0.093519
vn -0.334178 0.942507 0.002312
vn -0.417244 0.900148 0.125067
vn -0.276088 0.948002 0.158331
vn -0.157255 0.962646 0.220416
vn -0.369361 0.909072 0.192769
vn -0.326396 0.941666 0.082045
vn -0.357998 0.932908 0.038973
vn -0.398666 0.912042 0.096149
vn -0.332507 0.850880 0.406746
vn -0.307896 0.067767 -0.949004
vn 0.091899 0.875139 0.475064
vn -0.050329 0.862206 0.504052
vn 0.019183 0.931217 0.363959
vn 0.071204 0.952069 0.297482
vn -0.109023 0.992365 -0.057660
vn -0.063419 0.996326 -0.057554
vn -0.008503 0.999922 -0.009193
vn 0.066610 0.995799 0.062823
vn -0.624114 0.513199 -0.589159
vn -0.325765 0.354163 -0.876611
vn -0.030557 0.887810 0.459195
vn -0.176171 0.894697 0.410465
vn -0.067062 0.895053 0.440888
vn -0.331413 0.886027 -0.324223
vn -0.251081 0.967450 0.031596
vn -0.204858 0.933127 0.295479
vn 0.147377 -0.593870 -0.790948
vn 0.307889 -0.889532 -0.337545
vn -0.000373 -0.968338 0.249641
vn 0.134272 -0.803609 0.579813
vn 0.306093 -0.869338 -0.388019
vn 0.153421 -0.984834 -0.081015
vn 0.091063 -0.994861 0.044267
vn 0.093834 -0.781514 0.616791
vn -0.160988 -0.514827 -0.842043
vn 0.042871 -0.325858 -0.944446
vn 0.253669 -0.522685 -0.813912
vn 0.309414 -0.647362 0.696553
vn 0.273426 -0.603410 0.749090
vn 0.281983 -0.824807 -0.490080
vn 0.366037 -0.779959 -0.507622
vn 0.314114 -0.842819 -0.437022
vn 0.205036 -0.719223 0.663836
vn 0.170132 -0.286133 0.942965
vn 0.054427 -0.190752 -0.980128
vn 0.357944 -0.754670 0.549863
vn 0.095799 -0.873411 0.477467
vn 0.195231 -0.875413 0.442196
vn 0.327821 -0.871386 -0.364994
vn 0.400195 -0.809083 -0.430383
vn 0.375195 -0.832651 -0.407334
vn 0.401210 -0.801998 -0.442527
vn 0.144058 -0.091644 0.985317
vn 0.039580 -0.122547 -0.991673
vn 0.380895 -0.864551 0.327826
vn 0.318682 -0.935249 0.154114
vn 0.327812 -0.944553 0.018938
vn 0.392439 -0.908771 -0.141871
vn 0.438502 -0.863982 -0.247489
vn 0.491429 -0.801036 -0.341817
vn 0.164043 0.038175 0.985714
vn -0.021890 -0.082620 -0.996341
vn 0.180646 0.107024 0.977708
vn -0.078158 -0.065517 -0.994786
vn 0.173841 0.094833 0.980197
vn -0.120894 -0.025793 -0.992330
vn 0.078420 -0.013805 0.996825
vn -0.140299 0.049785 -0.988857
vn -0.002062 -0.008745 0.999960
vn -0.126476 0.081027 -0.988655
vn -0.032130 -0.030596 0.999015
vn -0.107009 0.049953 -0.993002
vn -0.237015 0.184043 0.953914
vn -0.102375 0.088134 0.990834
vn -0.094303 -0.007454 -0.995516
vn -0.150980 0.207684 0.966474
vn -0.246478 0.152856 0.957018
vn -0.090654 -0.081468 -0.992545
vn -0.236811 0.137763 0.961739
vn -0.109166 -0.210700 -0.971436
vn -0.199229 0.020007 0.979749
vn -0.181292 -0.350082 -0.919008
vn -0.138313 -0.329074 -0.934120
vn -0.105344 -0.346519 -0.932109
vn -0.115837 0.072843 0.990594
vn -0.120429 -0.277283 -0.953211
vn 0.070624 0.509628 0.857491
vn -0.145356 -0.168016 -0.975009
vn 0.340156 0.933243 0.115548
vn 0.393321 0.902803 0.173914
vn 0.336357 0.856487 0.391527
vn 0.309926 0.949017 -0.057562
vn 0.366858 0.928250 -0.061381
vn 0.272514 0.958624 -0.082318
vn 0.363436 0.927266 -0.089950
vn 0.247557 0.968870 0.002510
vn 0.380122 0.924365 -0.032503
vn 0.252896 0.963991 0.082252
vn 0.336368 0.938955 0.072245
vn 0.323416 0.940881 0.100724
vn 0.239649 0.963083 0.122632
vn 0.179589 0.982838 0.042161
vn 0.135999 0.990694 -0.005439
vn 0.122085 0.991652 0.041484
vn 0.039190 0.950322 0.308791
vn -0.192375 0.052551 -0.979913
vn 0.240286 0.816286 0.525300
vn 0.165795 0.816931 0.552390
vn 0.251639 0.884560 0.392724
vn -0.159118 0.435480 -0.886024
vn 0.147419 0.860988 0.486793
vn 0.059412 0.869844 0.489737
vn 0.136667 0.878511 0.457756
vn -0.128260 0.921546 -0.366473
vn -0.060061 0.995032 0.079394
vn 0.016333 0.925843 0.377555
vn 0.680364 -0.668120 -0.301198
vn 0.736753 -0.659970 0.147088
vn 0.488234 -0.868305 -0.087599
vn 0.482687 -0.857348 0.178795
vn 0.447473 -0.491393 -0.747195
vn 0.583556 -0.492102 -0.645986
vn 0.808926 -0.524554 -0.265486
vn 0.797872 -0.493923 0.345600
vn 0.654853 -0.527911 0.540811
vn 0.772210 -0.521162 0.363430
vn 0.484991 -0.737003 -0.470756
vn 0.510841 -0.772727 -0.376742
vn 0.561378 -0.808524 -0.176477
vn 0.536975 -0.764499 0.356651
vn 0.439641 -0.566404 0.697067
vn 0.570542 -0.537063 0.621326
vn 0.261760 -0.249333 -0.932371
vn 0.610540 -0.478614 -0.631008
vn 0.633271 -0.609723 0.476661
vn 0.561325 -0.666743 0.490274
vn 0.695540 -0.578776 0.425727
vn 0.534645 -0.744365 0.400095
vn 0.566214 -0.715191 -0.409761
vn 0.544406 -0.730139 -0.412940
vn 0.522713 -0.731922 -0.437105
vn 0.555577 -0.724036 -0.408788
vn 0.554103 -0.423265 0.716810
vn 0.314000 -0.101368 0.943996
vn 0.220327 -0.232740 -0.947253
vn 0.591212 -0.727424 0.348314
vn 0.548645 -0.758472 0.351723
vn 0.498771 -0.814991 0.294986
vn 0.562405 -0.765849 0.311730
vn 0.506354 -0.846704 0.163395
vn 0.501265 -0.864542 0.036073
vn 0.512045 -0.855613 -0.075737
vn 0.542167 -0.820610 -0.180704
vn 0.554833 -0.790284 -0.260023
vn 0.548226 -0.767038 -0.333318
vn 0.533085 -0.743272 -0.404188
vn 0.301373 0.061581 0.951516
vn 0.061509 -0.137295 -0.988619
vn 0.411727 -0.896958 0.161080
vn 0.379162 -0.919312 0.105362
vn 0.388326 -0.921429 0.013127
vn 0.405551 -0.910290 -0.083065
vn 0.425621 -0.890537 -0.160595
vn 0.308278 0.124123 0.943164
vn -0.005263 -0.142082 -0.989841
vn 0.338146 0.067766 0.938651
vn 0.346361 0.153111 0.925522
vn 0.267978 0.029697 0.962967
vn -0.124761 -0.088637 -0.988220
vn 0.270272 -0.022953 0.962510
vn 0.156546 -0.137558 0.978045
vn -0.188475 0.071399 -0.979479
vn 0.135957 -0.154102 0.978656
vn 0.075429 -0.100427 0.992081
vn -0.182339 0.103259 -0.977799
vn -0.007381 -0.081112 0.996678
vn -0.145393 0.062460 -0.987400
vn -0.033275 0.041316 0.998592
vn -0.153859 -0.002376 -0.988090
vn -0.092773 0.147434 0.984711
vn -0.042788 0.167169 0.984999
vn -0.147094 -0.078750 -0.985983
vn -0.003186 0.174550 0.984643
vn 0.006867 0.171849 0.985099
vn -0.158368 -0.221656 -0.962179
vn 0.112825 0.117278 0.986669
vn -0.124596 -0.303270 -0.944724
vn -0.170512 -0.349434 -0.921315
vn 0.266345 0.243649 0.932575
vn -0.099529 -0.274060 -0.956549
vn 0.347073 0.549066 0.760307
vn -0.121694 -0.203262 -0.971532
vn 0.422619 0.792695 0.439348
vn 0.316384 0.841884 0.437188
vn 0.320770 0.793837 0.516652
vn 0.328741 0.918008 0.221792
vn 0.378664 0.924259 -0.048566
vn 0.394697 0.915023 -0.083355
vn 0.416332 0.908265 -0.041509
vn 0.426210 0.903579 0.043466
vn 0.421265 0.904122 0.071415
vn 0.386638 0.919605 0.069551
vn 0.349038 0.936935 0.018032
vn 0.318492 0.947682 -0.021486
vn 0.317861 0.947494 0.034918
vn 0.348085 0.925481 0.149404
vn -0.129733 0.038073 -0.990818
vn 0.264152 0.805246 0.530851
vn 0.236624 0.770025 0.592512
vn -0.084841 0.490832 -0.867114
vn 0.125379 0.840344 0.527355
vn 0.122401 0.832954 0.539634
vn 0.159119 0.859964 0.484916
vn -0.001691 0.932678 -0.360706
vn 0.055514 0.984654 0.165452
vn 0.087132 0.907513 0.410888
vn 0.875704 -0.437500 -0.204296
vn 0.877583 -0.457324 0.143886
vn 0.659463 -0.723538 -0.203963
vn 0.706904 -0.660554 0.252892
vn 0.696217 -0.422114 -0.580605
vn 0.813747 -0.500803 -0.294978
vn 0.856982 -0.511124 0.065834
vn 0.770380 -0.565926 0.293670
vn 0.562916 -0.702950 -0.434726
vn 0.576100 -0.694321 -0.431309
vn 0.602850 -0.711861 -0.360313
vn 0.692141 -0.707917 -0.140689
vn 0.682905 -0.576035 0.449249
vn 0.600806 -0.259928 0.755956
vn 0.573594 -0.264200 0.775363
vn 0.548709 -0.444667 -0.707947
vn 0.724389 -0.574833 -0.380563
vn 0.796813 -0.582336 -0.161164
vn 0.769652 -0.633265 0.081309
vn 0.682054 -0.675319 0.280617
vn 0.618213 -0.716103 0.324051
vn 0.569593 -0.764001 0.303095
vn 0.523723 -0.807969 0.269998
vn 0.474497 -0.828718 -0.296783
vn 0.488465 -0.788333 -0.374078
vn 0.534514 -0.749819 -0.389957
vn 0.555779 -0.732078 -0.393917
vn 0.510954 -0.025200 0.859238
vn 0.450535 -0.112362 0.885659
vn 0.268692 -0.305352 -0.913545
vn 0.594434 -0.442564 -0.671405
vn 0.448015 -0.870328 0.204480
vn 0.424025 -0.895473 0.135394
vn 0.404414 -0.909473 0.096480
vn 0.381446 -0.923747 0.034509
vn 0.382591 -0.922395 -0.053017
vn 0.379644 -0.915150 -0.135540
vn 0.398121 -0.885374 -0.240026
vn 0.454324 -0.834689 -0.311262
vn 0.399000 0.062392 0.914826
vn 0.306390 0.024689 0.951586
vn 0.058878 -0.284094 -0.956987
vn 0.205767 -0.071860 0.975959
vn -0.156782 -0.173226 -0.972323
vn -0.101710 -0.120139 -0.987533
vn 0.010432 -0.295016 -0.955436
vn 0.103279 -0.213264 0.971520
vn -0.185046 -0.005110 -0.982717
vn -0.159452 0.006927 -0.987181
vn 0.067121 -0.230127 0.970843
vn 0.017447 -0.172037 0.984936
vn -0.225433 0.106362 -0.968435
vn -0.229347 0.046415 -0.972237
vn -0.023689 -0.123070 0.992115
vn -0.274025 0.129228 -0.953001
vn -0.246687 0.073171 -0.966329
vn -0.036832 0.064353 0.997247
vn -0.254615 -0.012235 -0.966965
vn -0.011248 0.190938 0.981538
vn -0.240584 -0.099580 -0.965507
vn 0.029617 0.256263 0.966153
vn 0.084401 0.252781 0.963835
vn -0.240491 -0.236185 -0.941478
vn -0.243959 -0.221032 -0.944261
vn -0.345871 -0.156512 -0.925136
vn 0.179131 0.239159 0.954314
vn -0.179520 -0.247615 -0.952082
vn 0.295359 0.360196 0.884885
vn -0.151141 -0.273116 -0.950034
vn 0.334446 0.940717 0.056546
vn 0.228481 0.951620 0.205463
vn 0.197276 0.897715 0.393941
vn 0.377426 0.924633 -0.051024
vn 0.340790 0.940139 0.000301
vn 0.412408 0.909101 -0.058776
vn 0.409705 0.911971 -0.021254
vn 0.435644 0.900097 0.006339
vn 0.468431 0.883085 0.027088
vn 0.464252 0.883368 0.064272
vn 0.479278 0.875494 0.061661
vn 0.450849 0.890825 0.056262
vn 0.462827 0.885835 0.032981
vn 0.429336 0.902806 0.024720
vn 0.422626 0.906303 0.001458
vn 0.388930 0.920721 -0.031724
vn 0.389647 0.919785 -0.046600
vn 0.366538 0.929800 -0.033478
vn 0.374380 0.926387 -0.040577
vn 0.407581 0.900554 0.151262
vn 0.382876 0.913816 0.135449
vn 0.469005 0.749079 0.467884
vn 0.405402 0.793480 0.453915
vn -0.155013 -0.210875 -0.965144
vn 0.223049 0.783374 0.580150
vn 0.080998 0.821116 0.564985
vn 0.075640 0.758274 0.647533
vn 0.166019 0.877657 0.449617
vn -0.121651 0.147415 -0.981565
vn 0.163757 0.755744 0.634062
vn 0.046216 0.770059 0.636297
vn 0.078779 0.832713 0.548072
vn -0.059695 0.604903 -0.794059
vn 0.069482 0.847613 0.526047
vn 0.092200 0.823694 0.559488
vn 0.013116 0.949097 -0.314711
vn 0.061927 0.975002 0.213394
vn 0.089056 0.904162 0.417805
vn 0.643174 -0.712436 -0.280645
vn 0.750168 -0.660005 -0.040516
vn 0.782036 -0.575225 0.239868
vn 0.777301 -0.590644 -0.216663
vn 0.778517 -0.627134 -0.024767
vn 0.718819 -0.680631 0.141563
vn 0.617229 -0.761728 0.196975
vn 0.538865 -0.764887 -0.352948
vn 0.547555 -0.743318 -0.384269
vn 0.616486 -0.752229 -0.232586
vn 0.664018 -0.742626 0.087099
vn 0.538106 -0.769178 0.344685
vn 0.741234 -0.452890 0.495441
vn 0.550642 -0.482448 -0.681202
vn 0.694707 -0.576301 -0.430418
vn 0.709593 -0.667625 -0.225287
vn 0.651235 -0.757903 -0.038426
vn 0.579520 -0.810198 0.087950
vn 0.499014 -0.855086 0.140758
vn 0.429990 -0.889169 0.156482
vn 0.414009 -0.898539 0.145684
vn 0.436658 -0.895624 0.084780
vn 0.400322 -0.909681 0.110559
vn 0.441919 -0.896299 0.036818
vn 0.423225 -0.905017 -0.042727
vn 0.401235 -0.909551 -0.108292
vn 0.334860 -0.919199 -0.207225
vn 0.299036 -0.927676 -0.223593
vn 0.321961 -0.909994 -0.261252
vn 0.380945 -0.878647 -0.287855
vn 0.542719 -0.468845 0.696879
vn 0.307548 -0.174165 0.935458
vn 0.326584 -0.439954 -0.836530
vn 0.512197 -0.686472 -0.516150
vn 0.327904 -0.943027 0.056374
vn 0.302516 -0.953139 0.003235
vn 0.283686 -0.955196 -0.084399
vn 0.269623 -0.947220 -0.173431
vn 0.133388 -0.177747 0.974994
vn 0.028271 -0.237463 -0.970985
vn 0.164034 -0.470884 -0.866811
vn 0.023122 -0.296106 0.954875
vn -0.107370 -0.083446 -0.990711
vn -0.003351 -0.286725 -0.958007
vn 0.003000 -0.282876 0.959152
vn -0.049636 -0.240893 0.969282
vn -0.181557 -0.022952 -0.983112
vn -0.072142 -0.145855 0.986672
vn -0.329462 0.080323 -0.940746
vn -0.257127 0.030403 -0.965899
vn -0.060595 0.082682 0.994732
vn -0.337725 0.008208 -0.941209
vn -0.296156 -0.018077 -0.954969
vn -0.058653 0.218977 0.973966
vn -0.352804 -0.073033 -0.932843
vn -0.291170 -0.070690 -0.954056
vn -0.044991 0.316475 0.947533
vn 0.046992 0.342384 0.938384
vn -0.250248 -0.142666 -0.957613
vn 0.103572 0.351319 0.930509
vn -0.217911 -0.208456 -0.953447
vn 0.303641 0.402840 0.863436
vn 0.001344 0.364991 0.931010
vn 0.226140 0.871477 0.435187
vn -0.214348 -0.270599 -0.938526
vn 0.050001 0.941420 0.333508
vn 0.039069 0.889332 0.455590
vn 0.203644 0.973464 0.104384
vn 0.305324 0.951282 0.042888
vn 0.382699 0.922586 0.048746
vn 0.397815 0.914050 0.079098
vn 0.372567 0.927991 0.005096
vn 0.311601 0.948710 -0.053417
vn 0.241204 0.966964 -0.082471
vn 0.198649 0.978282 -0.059187
vn 0.224124 0.944213 0.241308
vn -0.179273 -0.204929 -0.962219
vn -0.174918 -0.131152 -0.975809
vn -0.230104 -0.303932 -0.924488
vn -0.036221 0.757054 0.652348
vn -0.092966 0.791788 0.603679
vn -0.063046 0.823339 0.564037
vn -0.162972 -0.001720 -0.986629
vn -0.134344 0.079973 -0.987702
vn -0.064702 0.786967 0.613593
vn -0.014215 0.836405 0.547927
vn -0.057600 0.789324 0.611269
vn -0.140619 0.258472 -0.955729
vn -0.104092 0.628543 -0.770778
vn -0.014526 0.860449 0.509330
vn 0.027932 0.840300 0.541402
vn -0.017353 0.949528 -0.313201
vn 0.026428 0.971617 0.235078
vn 0.031558 0.902204 0.430154
vn 0.438255 -0.866786 -0.237939
vn 0.540250 -0.839221 0.061951
vn 0.630270 -0.710076 -0.313929
vn 0.632648 -0.762739 -0.134111
vn 0.592167 -0.805791 -0.006254
vn 0.543057 -0.836169 0.076879
vn 0.498844 -0.858289 0.120392
vn 0.429773 -0.893498 0.130214
vn 0.268896 -0.935361 -0.229772
vn 0.205168 -0.929639 -0.306067
vn 0.176234 -0.953409 -0.244851
vn 0.211726 -0.954303 -0.210899
vn 0.338275 -0.933696 -0.117394
vn 0.491472 -0.791892 0.362439
vn 0.521775 -0.506973 0.686097
vn 0.283144 -0.742083 0.607571
vn 0.242653 -0.587402 -0.772061
vn 0.475528 -0.803428 -0.358296
vn 0.499027 -0.812007 -0.302683
vn 0.435548 -0.889923 -0.135404
vn 0.387424 -0.921677 -0.020367
vn 0.337395 -0.940413 0.042276
vn 0.293021 -0.953210 0.074364
vn 0.251712 -0.966374 0.052555
vn 0.200052 -0.979633 0.017267
vn 0.194723 -0.980855 0.002421
vn 0.185031 -0.980271 -0.069512
vn 0.195939 -0.968178 -0.155692
vn 0.200843 -0.948812 -0.243757
vn 0.229219 -0.342428 0.911154
vn 0.111476 -0.316567 0.941997
vn 0.142978 -0.618713 -0.772497
vn -0.016015 -0.384011 0.923189
vn -0.043568 -0.194846 -0.979866
vn 0.106959 -0.428327 -0.897271
vn -0.062939 -0.347078 0.935722
vn -0.089674 -0.277490 0.956534
vn -0.129992 -0.089689 -0.987450
vn -0.087038 -0.137031 0.986735
vn -0.201418 -0.030559 -0.979029
vn -0.090348 0.083315 0.992419
vn -0.232498 -0.031556 -0.972085
vn -0.106443 0.241672 0.964502
vn -0.236609 -0.053851 -0.970111
vn -0.123349 0.342550 0.931367
vn -0.096132 0.405686 0.908943
vn -0.241799 -0.129037 -0.961708
vn -0.105089 0.357774 0.927876
vn -0.257630 -0.218411 -0.941235
vn 0.304209 0.951505 0.045774
vn 0.005978 0.999294 0.037101
vn 0.161541 0.978041 0.131683
vn 0.284202 0.957687 -0.045438
vn 0.003446 0.999924 -0.011799
vn -0.024228 0.992522 -0.119638
vn -0.132295 0.377710 0.916424
vn -0.011494 0.881700 0.471671
vn -0.263396 -0.272240 -0.925477
vn -0.214308 -0.217983 -0.952132
vn -0.280190 -0.251148 -0.926509
vn -0.180183 0.903921 0.387894
vn -0.137798 0.842883 0.520154
vn -0.067354 0.968477 0.239824
vn 0.056052 0.988397 0.141172
vn 0.160742 0.980362 0.114244
vn 0.004822 0.986540 -0.163448
vn -0.084857 0.981446 -0.171938
vn -0.173923 0.979160 -0.104866
vn -0.218154 0.952546 0.212285
vn -0.158428 -0.104851 -0.981788
vn -0.224632 0.793173 0.566054
vn -0.182037 0.783508 0.594119
vn -0.121672 0.100368 -0.987483
vn -0.165477 0.792558 0.586915
vn -0.072070 0.856786 0.510612
vn -0.168880 0.796368 0.580756
vn -0.094496 0.268202 -0.958717
vn -0.111704 0.274137 -0.955181
vn -0.082615 0.874681 0.477606
vn -0.039195 0.850297 0.524842
vn -0.071209 0.863606 -0.499114
vn -0.047984 0.983300 -0.175555
vn -0.034580 0.970342 0.239252
vn -0.029624 0.904909 0.424573
vn 0.140248 -0.935865 -0.323244
vn 0.129420 -0.962913 -0.236746
vn 0.124664 -0.978178 -0.166211
vn 0.175881 -0.984305 -0.014486
vn 0.263976 -0.914432 0.306807
vn 0.216971 -0.738470 0.638425
vn 0.430456 -0.781582 -0.451484
vn 0.457342 -0.816100 -0.353297
vn 0.343866 -0.875275 -0.340073
vn 0.293812 -0.928858 -0.225604
vn 0.244595 -0.965810 -0.085933
vn 0.198437 -0.979976 -0.016426
vn 0.152773 -0.988061 0.019910
vn 0.122159 -0.992167 0.026124
vn 0.112048 -0.993649 0.010349
vn 0.107801 -0.994079 -0.013660
vn 0.100695 -0.992219 -0.073224
vn 0.099731 -0.985311 -0.138622
vn 0.119886 -0.963129 -0.240851
vn 0.168191 -0.541158 0.823929
vn 0.057410 -0.436194 0.898020
vn 0.223325 -0.661324 -0.716084
vn 0.260604 -0.851522 -0.454967
vn 0.224760 -0.901276 -0.370385
vn 0.046442 -0.434532 0.899458
vn -0.006865 -0.300645 -0.953711
vn 0.085393 -0.589459 -0.803272
vn -0.022704 -0.396727 0.917656
vn -0.033163 -0.290509 0.956298
vn -0.112951 -0.176888 -0.977728
vn -0.039714 -0.143580 0.988842
vn -0.178266 -0.082704 -0.980500
vn -0.058264 0.065633 0.996141
vn -0.220470 -0.056328 -0.973766
vn -0.063922 0.216511 0.974185
vn -0.247145 -0.071617 -0.966328
vn -0.176040 0.421235 0.889703
vn -0.064755 0.300251 0.951660
vn -0.257650 -0.158685 -0.953119
vn -0.039756 0.417461 0.907825
vn -0.125840 0.363336 0.923121
vn -0.281257 -0.236435 -0.930050
vn -0.219042 -0.193524 -0.956331
vn -0.262943 -0.227435 -0.937622
vn -0.032883 0.999453 0.003558
vn -0.015779 0.991187 0.131529
vn -0.066202 0.996309 -0.054651
vn -0.226018 0.973480 -0.035392
vn -0.374986 0.719088 0.585063
vn -0.152749 0.316780 0.936118
vn -0.165385 -0.156745 -0.973693
vn -0.257774 0.828391 0.497313
vn -0.309498 0.870508 0.382658
vn -0.278115 0.904627 0.322957
vn -0.215264 0.949582 0.227937
vn -0.165521 0.972945 0.161187
vn -0.244802 0.956795 -0.156891
vn -0.271959 0.932632 -0.237141
vn -0.272429 0.931012 -0.242897
vn -0.349983 0.916052 -0.195860
vn -0.383167 0.904382 0.187819
vn -0.305292 0.735099 0.605331
vn -0.108567 -0.055467 -0.992541
vn -0.281396 0.782453 0.555504
vn -0.254130 0.786889 0.562338
vn -0.289036 0.829595 0.477735
vn -0.088516 0.136309 -0.986704
vn -0.163738 0.857330 0.488031
vn -0.158203 0.814776 0.557775
vn -0.186288 0.822218 0.537824
vn -0.071508 0.324525 -0.943170
vn -0.092328 0.893247 0.439982
vn -0.082549 0.855158 0.511752
vn -0.129429 0.883785 0.449636
vn -0.080889 0.875348 -0.476679
vn -0.058622 0.975293 -0.212997
vn -0.053829 0.972259 0.227627
vn -0.076583 0.905081 0.418286
vn 0.131218 -0.936615 -0.324861
vn 0.119872 -0.965378 -0.231682
vn 0.089115 -0.978041 -0.188398
vn 0.086156 -0.995248 0.045370
vn 0.145975 -0.947683 0.283881
vn 0.134250 -0.729414 0.670770
vn 0.135731 -0.924892 -0.355178
vn 0.071473 -0.968645 -0.237947
vn 0.086568 -0.987190 -0.134019
vn 0.063777 -0.996849 -0.047167
vn 0.056324 -0.998412 -0.000511
vn 0.057119 -0.998183 0.019201
vn 0.064404 -0.997820 0.014407
vn 0.074618 -0.997158 -0.010357
vn 0.081581 -0.993563 -0.078592
vn 0.079400 -0.988004 -0.132454
vn 0.094276 -0.970474 -0.222020
vn 0.108588 -0.952419 -0.284792
vn 0.149150 -0.662385 0.734166
vn 0.093050 -0.463347 0.881278
vn 0.048934 -0.734190 -0.677179
vn 0.037095 -0.903810 -0.426324
vn 0.093994 -0.927784 -0.361086
vn 0.100096 -0.444324 0.890257
vn -0.071151 -0.393804 -0.916436
vn -0.034274 -0.660031 -0.750456
vn 0.086214 -0.439046 0.894319
vn 0.067981 -0.292237 0.953927
vn -0.141923 -0.244215 -0.959279
vn 0.056522 -0.170272 0.983775
vn -0.202619 -0.131988 -0.970322
vn 0.034891 0.050808 0.998099
vn -0.248019 -0.076963 -0.965693
vn 0.030093 0.234227 0.971716
vn -0.261136 -0.078546 -0.962101
vn -0.203806 -0.073697 -0.976234
vn -0.211811 -0.067736 -0.974960
vn 0.038652 0.316415 0.947833
vn -0.261342 -0.122784 -0.957405
vn -0.193631 -0.131843 -0.972175
vn 0.045341 0.387527 0.920743
vn 0.011216 0.335690 0.941906
vn -0.140588 -0.138532 -0.980328
vn -0.273612 0.956948 0.096885
vn -0.014821 0.304484 0.952402
vn -0.086940 -0.098632 -0.991319
vn -0.312973 0.871658 0.377175
vn -0.382842 0.870624 0.308944
vn -0.378532 0.890708 0.251698
vn -0.381789 0.907325 0.176063
vn -0.361960 0.931774 0.027957
vn -0.365959 0.917426 -0.156216
vn -0.368995 0.897427 -0.241802
vn -0.349352 0.898167 -0.266925
vn -0.365030 0.910794 -0.192892
vn -0.337445 0.899586 -0.277265
vn -0.350511 0.935129 0.051733
vn -0.214047 0.887869 0.407274
vn -0.146209 0.595927 0.789616
vn -0.055751 -0.027438 -0.998068
vn -0.239798 0.808985 0.536693
vn -0.275790 0.797303 0.536887
vn -0.297721 0.837453 0.458296
vn -0.330926 0.890946 0.310970
vn -0.310218 0.941600 -0.130972
vn -0.241485 0.945290 0.219345
vn -0.043149 0.142941 -0.988790
vn -0.146116 0.864823 0.480345
vn -0.125227 0.826463 0.548888
vn -0.191133 0.869800 0.454880
vn -0.035931 0.340615 -0.939516
vn -0.087573 0.904508 0.417368
vn -0.081038 0.856542 0.509675
vn -0.099000 0.899731 0.425069
vn -0.044494 0.866190 -0.497731
vn -0.052430 0.980611 -0.188822
vn -0.055463 0.975517 0.212815
vn -0.064857 0.914765 0.398746
vn 0.068203 -0.960753 -0.268890
vn -0.006600 -0.972284 -0.233708
vn -0.048921 -0.997826 0.044164
vn -0.016135 -0.957693 0.287338
vn 0.018099 -0.677152 0.735620
vn -0.094941 -0.927815 -0.360757
vn -0.164544 -0.959621 -0.228149
vn -0.080213 -0.987988 -0.132080
vn -0.049492 -0.997936 -0.040911
vn -0.019710 -0.999742 0.011298
vn 0.009253 -0.999343 0.035056
vn 0.036207 -0.998914 0.029325
vn 0.056799 -0.998376 0.004319
vn 0.071686 -0.994760 -0.072896
vn 0.073123 -0.988688 -0.130952
vn 0.072003 -0.976048 -0.205295
vn 0.078796 -0.956995 -0.279199
vn 0.111066 -0.698426 0.707012
vn 0.104626 -0.447669 0.888057
vn -0.084943 -0.764454 -0.639058
vn -0.152227 -0.885592 -0.438809
vn -0.115488 -0.932288 -0.342785
vn 0.136046 -0.402380 0.905308
vn -0.110702 -0.454122 -0.884035
vn -0.119897 -0.651616 -0.749013
vn 0.137599 -0.431383 0.891614
vn 0.167284 -0.302016 0.938511
vn -0.159440 -0.295581 -0.941919
vn 0.144501 -0.173705 0.974139
vn -0.209668 -0.163484 -0.964009
vn -0.168987 -0.115307 -0.978850
vn -0.157840 -0.209777 -0.964925
vn 0.137633 0.032825 0.989939
vn -0.207720 -0.092374 -0.973817
vn -0.150776 -0.069903 -0.986093
vn 0.141618 0.238793 0.960688
vn -0.128242 -0.056954 -0.990106
vn 0.076929 0.332339 0.940017
vn 0.199783 0.334841 0.920852
vn 0.149644 0.389732 0.908689
vn -0.096443 -0.088484 -0.991398
vn 0.160400 0.289733 0.943571
vn -0.059966 -0.090607 -0.994080
vn 0.156105 0.273418 0.949144
vn -0.035057 -0.069680 -0.996953
vn -0.420147 0.877049 0.232943
vn -0.416594 0.890012 0.185281
vn -0.428213 0.886670 0.174498
vn -0.398579 0.914425 0.070442
vn -0.403389 0.904384 -0.139166
vn -0.421203 0.874986 -0.238721
vn -0.249505 0.940018 -0.232624
vn -0.381285 0.896971 -0.223750
vn 0.170110 0.391937 0.904128
vn 0.109933 0.777401 0.619324
vn -0.013213 -0.009018 -0.999872
vn -0.214839 0.895912 0.388827
vn -0.204132 0.841756 0.499778
vn -0.261284 0.919653 0.293206
vn -0.255556 0.946299 0.198015
vn -0.195337 0.963376 -0.183711
vn -0.211740 0.951226 -0.224356
vn -0.140115 0.986899 -0.079984
vn -0.088333 0.957036 0.276186
vn 0.003913 0.150669 -0.988576
vn -0.098776 0.895139 0.434707
vn -0.090502 0.843327 0.529726
vn -0.137589 0.897744 0.418480
vn 0.031660 0.345695 -0.937813
vn -0.067289 0.909199 0.410889
vn -0.074871 0.864163 0.497610
vn -0.076675 0.903488 0.421699
vn 0.007679 0.844904 -0.534862
vn -0.030550 0.979874 -0.197265
vn -0.049811 0.979376 0.195809
vn -0.065184 0.917173 0.393121
vn -0.037090 -0.942725 -0.331504
vn -0.210598 -0.914845 -0.344539
vn -0.242584 -0.968320 -0.059240
vn -0.364140 -0.905643 0.217287
vn -0.316453 -0.558853 0.766512
vn -0.361309 -0.878039 -0.313852
vn -0.413753 -0.885019 -0.213423
vn -0.394097 -0.916703 -0.065900
vn -0.273750 -0.961328 0.030143
vn -0.163016 -0.984198 0.069137
vn -0.087062 -0.993385 0.074876
vn -0.040402 -0.997072 0.064930
vn -0.000169 -0.999549 0.030044
vn 0.030635 -0.997950 -0.056181
vn 0.041684 -0.989491 -0.138458
vn 0.010160 -0.973551 -0.228245
vn -0.017633 -0.956506 -0.291180
vn 0.129635 -0.694686 0.707535
vn -0.200401 -0.557351 0.805729
vn -0.237243 -0.756675 -0.609227
vn -0.296255 -0.834678 -0.464269
vn -0.297621 -0.886546 -0.354202
vn 0.046280 -0.454698 0.889442
vn 0.023498 -0.370129 0.928683
vn -0.152069 -0.477492 -0.865377
vn -0.205755 -0.597993 -0.774641
vn 0.224253 -0.376293 0.898952
vn 0.127748 -0.310791 0.941854
vn -0.148893 -0.346273 -0.926243
vn 0.215725 -0.337242 0.916368
vn 0.205255 -0.172465 0.963393
vn -0.093588 -0.128245 -0.987317
vn -0.117355 -0.194974 -0.973762
vn 0.201617 0.067634 0.977126
vn -0.055208 -0.040898 -0.997637
vn 0.226000 0.243750 0.943138
vn -0.035870 -0.036123 -0.998703
vn 0.247792 0.346960 0.904554
vn 0.221797 0.351545 0.909517
vn -0.024033 -0.064702 -0.997615
vn 0.252838 0.304397 0.918376
vn -0.008031 -0.070146 -0.997504
vn 0.305425 0.285341 0.908458
vn 0.320391 0.252174 0.913103
vn 0.372130 0.408747 0.833334
vn 0.009182 -0.047437 -0.998832
vn -0.203679 0.969320 0.137599
vn -0.241787 0.966418 0.087037
vn -0.243059 0.967824 -0.065104
vn 0.290076 0.569156 0.769361
vn 0.027466 0.011754 -0.999554
vn -0.120238 0.933455 0.337942
vn -0.099299 0.884781 0.455305
vn -0.148323 0.948491 0.279939
vn -0.171937 0.965307 0.196519
vn -0.175817 0.974507 0.139371
vn -0.147399 0.988090 0.044172
vn -0.124133 0.985516 -0.115538
vn -0.081480 0.983591 -0.160965
vn -0.053918 0.983085 -0.175034
vn 0.046011 0.998914 0.007353
vn 0.149313 0.938485 0.311369
vn 0.050553 0.174046 -0.983439
vn -0.038724 0.907846 0.417511
vn -0.045529 0.857678 0.512167
vn -0.062345 0.915750 0.396882
vn 0.069632 0.337048 -0.938909
vn -0.049661 0.908894 0.414059
vn -0.055509 0.866452 0.496165
vn -0.033163 0.906001 0.421975
vn 0.062069 0.809744 -0.583492
vn -0.009812 0.969534 -0.244760
vn -0.046036 0.981601 0.185314
vn -0.044058 0.921777 0.385208
vn -0.574362 -0.742050 0.345644
vn -0.676225 -0.733593 -0.067531
vn -0.716555 -0.626218 0.307245
vn -0.612676 -0.479509 0.628251
vn -0.568683 -0.807328 -0.157545
vn -0.583362 -0.758740 -0.289833
vn -0.806072 -0.564749 -0.176936
vn -0.762710 -0.642129 0.077095
vn -0.562604 -0.826483 0.020037
vn -0.696154 -0.707194 0.123476
vn -0.189198 -0.896159 -0.401377
vn -0.329244 -0.829467 -0.451202
vn -0.447170 -0.868099 -0.215507
vn -0.504438 -0.458908 0.731400
vn -0.426923 -0.767684 -0.477910
vn -0.388867 -0.616065 -0.685016
vn -0.617563 -0.671944 -0.408788
vn -0.585450 -0.725818 -0.361161
vn -0.520426 -0.776886 -0.354409
vn -0.471284 -0.875842 0.103887
vn -0.381848 -0.910523 0.158556
vn -0.306625 -0.934625 0.180161
vn -0.174931 -0.977494 0.117920
vn -0.115962 -0.990756 0.070395
vn -0.078894 -0.996583 -0.024466
vn -0.059298 -0.988020 -0.142481
vn -0.060235 -0.965596 -0.252976
vn -0.128409 -0.920084 -0.370077
vn -0.330984 -0.369334 0.868356
vn -0.206240 -0.404687 0.890895
vn -0.207473 -0.249828 0.945802
vn -0.294961 -0.698363 -0.652140
vn -0.175491 -0.523572 -0.833712
vn -0.264494 -0.638029 -0.723161
vn -0.037251 -0.239416 0.970202
vn -0.092517 -0.409873 -0.907439
vn 0.037440 -0.218007 0.975229
vn -0.090065 -0.351291 -0.931924
vn -0.036667 -0.189074 -0.981278
vn -0.028649 -0.342085 -0.939232
vn 0.201375 -0.248796 0.947390
vn 0.104033 -0.175386 0.978988
vn -0.005795 -0.092535 -0.995693
vn 0.200575 -0.113431 0.973090
vn 0.213675 0.047693 0.975740
vn 0.003273 -0.025248 -0.999676
vn 0.243942 0.255943 0.935407
vn 0.195909 0.249200 0.948430
vn 0.173105 0.280366 0.944156
vn 0.010778 -0.026454 -0.999592
vn 0.168270 0.366172 0.915207
vn 0.020546 -0.053188 -0.998373
vn 0.296270 0.360232 0.884566
vn 0.131687 0.481503 0.866495
vn 0.266093 0.331021 0.905329
vn 0.024175 -0.060324 -0.997886
vn 0.268200 0.386170 0.882577
vn 0.031146 -0.035197 -0.998895
vn 0.258624 0.481550 0.837391
vn 0.044098 0.029815 -0.998582
vn -0.067593 0.904853 0.420324
vn -0.091642 0.944531 0.315379
vn -0.111736 0.958246 0.263210
vn -0.126500 0.975689 0.178969
vn -0.139655 0.979485 0.145275
vn -0.128945 0.988344 0.080927
vn -0.100448 0.994260 -0.036841
vn -0.049142 0.991951 -0.116696
vn 0.013384 0.993614 -0.112033
vn 0.075780 0.993401 0.086086
vn 0.202281 0.901462 0.382686
vn 0.075187 0.204636 -0.975946
vn -0.024032 0.909823 0.414300
vn -0.018309 0.862818 0.505182
vn -0.023886 0.925773 0.377324
vn -0.045270 0.930395 0.363752
vn 0.102794 0.329725 -0.938464
vn -0.046606 0.898047 0.437424
vn -0.048307 0.876610 0.478770
vn -0.029136 0.897509 0.440033
vn 0.077183 0.786851 -0.612297
vn 0.026955 0.943504 -0.330263
vn -0.039943 0.984917 0.168354
vn -0.048631 0.919363 0.390392
vn -0.717030 -0.695794 -0.041689
vn -0.599889 -0.743223 -0.296231
vn -0.623282 -0.774815 -0.105738
vn -0.716816 -0.614069 0.330293
vn -0.844637 -0.437608 -0.308364
vn -0.700228 -0.446454 -0.557099
vn -0.850352 -0.441681 -0.286042
vn -0.891539 -0.435004 -0.126212
vn -0.853115 -0.510878 -0.105821
vn -0.865944 -0.478544 0.145384
vn -0.815775 -0.560104 0.144201
vn -0.792040 -0.539425 0.285821
vn -0.612456 -0.725861 -0.313087
vn -0.544387 -0.683588 -0.486159
vn -0.565076 -0.712717 -0.415600
vn -0.716726 -0.509514 0.476130
vn -0.659313 -0.308987 0.685444
vn -0.605213 -0.189960 0.773067
vn -0.711103 -0.558855 -0.426630
vn -0.439348 -0.432093 -0.787571
vn -0.629431 -0.479338 -0.611597
vn -0.790928 -0.520470 -0.321782
vn -0.691583 -0.685478 0.227668
vn -0.638758 -0.721126 0.268266
vn -0.603203 -0.721156 0.340706
vn -0.542781 -0.802675 0.247186
vn -0.538145 -0.774985 0.331358
vn -0.435371 -0.857912 0.272836
vn -0.517541 -0.801700 0.299045
vn -0.299286 -0.838156 -0.455984
vn -0.307952 -0.816523 -0.488320
vn -0.366538 -0.781097 -0.505507
vn -0.417688 -0.758988 -0.499474
vn -0.484296 -0.239724 0.841421
vn -0.418243 -0.056681 0.906565
vn -0.333345 -0.515219 -0.789576
vn -0.375306 -0.899586 0.223360
vn -0.288347 -0.948666 0.129959
vn -0.231983 -0.972656 0.011140
vn -0.185468 -0.974600 -0.125524
vn -0.228521 -0.926980 -0.297467
vn -0.216899 -0.065254 0.974011
vn -0.095991 -0.448695 -0.888515
vn -0.159500 -0.504427 -0.848595
vn -0.077845 -0.125278 0.989063
vn -0.000498 -0.326768 -0.945104
vn 0.012709 -0.163419 0.986475
vn 0.042683 -0.175487 -0.983556
vn 0.043256 -0.319537 -0.946586
vn 0.064435 -0.115298 0.991239
vn 0.036979 -0.077686 -0.996292
vn 0.158250 -0.074551 0.984581
vn 0.112823 0.073414 0.990899
vn 0.044201 -0.019932 -0.998824
vn 0.100307 0.260550 0.960235
vn 0.050285 -0.018314 -0.998567
vn 0.099467 0.377500 0.920652
vn 0.050743 -0.051992 -0.997357
vn 0.111830 0.501266 0.858037
vn 0.155368 0.412402 0.897655
vn 0.048209 -0.058891 -0.997100
vn 0.179788 0.410599 0.893916
vn 0.053423 -0.025529 -0.998246
vn 0.247967 0.548731 0.798377
vn 0.199592 0.564859 0.800685
vn 0.212122 0.782032 0.586029
vn 0.077561 0.060317 -0.995161
vn -0.091211 0.972874 0.212596
vn -0.070950 0.962055 0.263469
vn -0.122081 0.976666 0.176691
vn -0.122242 0.982194 0.142660
vn -0.113453 0.987905 0.105702
vn -0.080000 0.996795 -0.000741
vn -0.034877 0.997571 -0.060296
vn 0.023575 0.998835 -0.042115
vn 0.115519 0.962511 0.245413
vn 0.119698 0.241347 -0.963029
vn 0.044225 0.908456 0.415634
vn 0.009839 0.867903 0.496636
vn 0.009186 0.930851 0.365282
vn -0.020233 0.948462 0.316244
vn 0.149966 0.369817 -0.916922
vn 0.141424 0.702414 -0.697577
vn 0.160451 0.670216 -0.724614
vn 0.024440 0.891096 0.453156
vn -0.014958 0.881210 0.472489
vn 0.019607 0.890570 0.454424
vn 0.088409 0.910844 -0.403172
vn 0.016810 0.991527 0.128807
vn -0.001979 0.920620 0.390454
vn -0.925957 -0.377047 0.020939
vn -0.664734 -0.662802 -0.344707
vn -0.419935 -0.905998 -0.053134
vn -0.486786 -0.804615 0.340048
vn -0.894245 -0.373923 -0.245982
vn -0.443279 -0.405135 -0.799606
vn -0.580478 -0.606220 -0.543639
vn -0.914464 -0.404641 0.004611
vn -0.551133 -0.606161 0.573430
vn -0.863964 -0.419049 0.279220
vn -0.519558 -0.561741 0.643822
vn -0.802788 -0.380185 -0.459337
vn -0.471549 -0.405946 -0.782847
vn -0.897776 -0.433912 -0.075617
vn -0.845475 -0.471850 0.250059
vn -0.501294 -0.611275 0.612411
vn -0.748576 -0.511718 0.421639
vn -0.494813 -0.625130 0.603632
vn -0.551749 -0.711857 -0.434549
vn -0.406603 -0.706968 -0.578680
vn -0.405131 -0.797079 -0.447811
vn -0.504236 -0.837498 -0.210579
vn -0.584504 -0.715829 0.382027
vn -0.692614 -0.506144 0.513911
vn -0.595071 -0.405348 0.693962
vn -0.676969 -0.412778 -0.609367
vn -0.243362 -0.330000 -0.912072
vn -0.298890 -0.398129 -0.867270
vn -0.725755 -0.575865 0.376376
vn -0.489489 -0.671504 0.556312
vn -0.657086 -0.615832 0.434728
vn -0.481735 -0.692771 0.536656
vn -0.469724 -0.680049 -0.562932
vn -0.345272 -0.708618 -0.615343
vn -0.366573 -0.701739 -0.610890
vn -0.509178 -0.029508 0.860155
vn -0.182390 -0.344026 -0.921075
vn -0.476442 -0.792566 0.380581
vn -0.421596 -0.848536 0.319754
vn -0.516128 -0.799556 0.307120
vn -0.429033 -0.835842 0.342489
vn -0.357638 -0.818288 -0.450001
vn -0.333313 -0.890356 -0.310111
vn -0.273326 -0.855084 -0.440595
vn -0.312828 -0.764814 -0.563204
vn -0.277525 0.160434 0.947228
vn -0.050907 -0.365803 -0.929299
vn -0.421851 -0.883263 0.204666
vn -0.342469 -0.936235 0.078603
vn -0.307607 -0.944354 -0.116505
vn -0.126511 0.048407 0.990783
vn 0.006942 -0.373016 -0.927799
vn 0.036816 -0.422761 -0.905493
vn -0.013699 -0.015585 0.999785
vn 0.099648 -0.275192 -0.956211
vn 0.083191 -0.084082 0.992980
vn 0.076112 -0.188803 -0.979061
vn 0.133277 -0.244986 -0.960322
vn 0.141032 -0.065269 0.987851
vn 0.102502 -0.091640 -0.990503
vn 0.188947 -0.162829 -0.968393
vn 0.152030 0.093477 0.983946
vn 0.125818 -0.016439 -0.991917
vn 0.121796 0.249454 0.960697
vn 0.143980 -0.016611 -0.989441
vn 0.125515 0.381932 0.915628
vn 0.123270 -0.059389 -0.990594
vn 0.147361 0.523793 0.839003
vn 0.148121 0.454626 0.878280
vn 0.132527 -0.059571 -0.989388
vn 0.174504 0.420108 0.890538
vn 0.145136 -0.007507 -0.989383
vn 0.245162 0.578191 0.778197
vn 0.238841 0.701363 0.671599
vn 0.195904 0.109625 -0.974476
vn 0.136910 0.980325 0.142194
vn 0.019908 0.978340 0.206047
vn 0.016050 0.988074 0.153140
vn -0.004467 0.989292 0.145879
vn 0.007111 0.991592 0.129204
vn 0.048314 0.997719 0.047151
vn 0.106438 0.994299 -0.006327
vn 0.127478 0.991839 0.002064
vn 0.200924 0.965722 0.164347
vn 0.235953 0.218501 -0.946881
vn 0.256669 0.875992 0.408361
vn 0.150219 0.852703 0.500331
vn 0.164792 0.925230 0.341749
vn 0.131501 0.948001 0.289831
vn 0.215225 0.409985 -0.886335
vn 0.311110 0.548453 -0.776151
vn 0.207416 0.857941 0.470017
vn 0.100521 0.870880 0.481107
vn 0.150896 0.875980 0.458138
vn 0.247433 0.866058 -0.434419
vn 0.183832 0.981238 0.058112
vn 0.110514 0.918269 0.380223
vn -0.445658 -0.778695 -0.441615
vn -0.200309 -0.444386 -0.873154
vn 0.016697 -0.925571 -0.378205
vn 0.071897 -0.997268 -0.016953
vn -0.273342 -0.902150 0.333781
vn -0.457962 -0.784135 0.418812
vn -0.219136 -0.636294 0.739668
vn 0.234829 -0.411283 -0.880739
vn -0.381481 -0.585196 0.715555
vn -0.388851 -0.650646 0.652269
vn -0.373299 -0.667797 0.643968
vn -0.422300 -0.904899 -0.053112
vn -0.054498 -0.881251 -0.469496
vn 0.049127 -0.988324 -0.144231
vn -0.128878 -0.975931 0.175926
vn -0.461457 -0.854120 0.239868
vn -0.031985 -0.821093 0.569897
vn -0.185772 -0.426241 -0.885329
vn -0.073856 -0.310802 -0.947601
vn 0.642467 -0.320871 -0.695900
vn 0.006587 -0.718311 0.695691
vn -0.406895 -0.688870 0.599912
vn -0.348402 -0.728157 0.590257
vn -0.257297 -0.736277 -0.625855
vn 0.209678 -0.731406 -0.648907
vn 0.046971 -0.785666 -0.616866
vn -0.021941 -0.854406 -0.519143
vn -0.292294 -0.636845 0.713438
vn -0.450387 -0.165376 0.877384
vn -0.102658 -0.246452 0.963702
vn 0.135418 -0.270767 -0.953072
vn -0.045624 -0.803640 0.593365
vn -0.408075 -0.785319 0.465564
vn 0.034844 -0.872824 0.486789
vn -0.251309 -0.726494 -0.639570
vn 0.193548 -0.740806 -0.643231
vn 0.170388 -0.747092 -0.642512
vn -0.352164 0.112812 0.929115
vn -0.112577 0.090979 0.989469
vn 0.327798 -0.256043 -0.909390
vn -0.082967 -0.927011 0.365743
vn -0.159943 -0.941658 0.296140
vn -0.365847 -0.906776 0.209556
vn -0.031740 -0.981108 0.190838
vn -0.326722 -0.942649 0.068299
vn 0.002177 -0.985095 -0.171998
vn -0.302795 -0.938988 -0.163145
vn 0.055360 -0.869143 -0.491452
vn -0.296182 0.287961 0.910689
vn -0.074090 0.257680 0.963386
vn 0.387899 -0.318247 -0.865016
vn 0.199206 0.399951 0.894626
vn 0.108011 0.243462 0.963877
vn 0.244817 -0.321540 -0.914700
vn 0.340975 -0.407123 -0.847341
vn 0.319049 0.094988 0.942966
vn 0.269840 -0.245479 -0.931089
vn 0.361419 -0.043883 0.931370
vn 0.317456 -0.198741 -0.927213
vn 0.378157 -0.038633 0.924935
vn 0.196088 -0.074367 -0.977762
vn 0.346335 -0.115625 -0.930958
vn 0.353088 0.077782 0.932351
vn 0.199447 -0.004447 -0.979899
vn 0.410112 -0.012645 -0.911948
vn 0.272875 0.257851 0.926851
vn 0.218171 -0.007326 -0.975883
vn 0.426048 0.004787 -0.904688
vn 0.177805 0.391882 0.902670
vn 0.206414 -0.059098 -0.976678
vn 0.442344 -0.038268 -0.896029
vn 0.193802 0.519684 0.832087
vn 0.275649 0.475080 0.835654
vn 0.239122 -0.045458 -0.969925
vn 0.318140 0.565608 0.760838
vn 0.465440 0.481119 0.742893
vn 0.604582 0.545692 0.580259
vn 0.292500 0.038962 -0.955471
vn 0.378221 0.709868 0.594169
vn 0.747255 0.558156 0.360656
vn 0.429376 0.892564 0.137716
vn 0.338030 0.106538 -0.935086
vn 0.352759 0.226278 -0.907942
vn 0.562611 0.171248 -0.808791
vn 0.287523 0.931907 0.221088
vn 0.489205 0.857346 0.160112
vn 0.319618 0.911024 0.260535
vn 0.494905 0.866698 0.062489
vn 0.390131 0.916941 0.083773
vn 0.340118 0.932295 0.123069
vn 0.301672 0.942877 0.141338
vn 0.274364 0.956086 0.103069
vn 0.288140 0.956863 0.037256
vn 0.317563 0.946991 0.048598
vn 0.403064 0.352285 -0.844651
vn 0.496115 0.345471 -0.796567
vn 0.467504 0.792933 0.390766
vn 0.310919 0.805428 0.504594
vn 0.377953 0.877829 0.294225
vn 0.479286 0.425967 -0.767358
vn 0.430287 0.782646 0.449797
vn 0.365960 0.786499 0.497487
vn 0.386049 0.818367 0.425725
vn 0.382185 0.809806 -0.445138
vn 0.447087 0.890922 -0.079821
vn 0.375193 0.889518 0.260746
vn 0.768919 -0.422462 -0.479885
vn 0.834346 -0.547367 -0.065244
vn 0.738063 -0.557725 0.379744
vn 0.789619 -0.414012 -0.452876
vn 0.834152 -0.441966 -0.329936
vn 0.856207 -0.502243 0.121088
vn 0.897976 -0.431756 0.085011
vn 0.781794 -0.528079 0.331560
vn 0.604163 -0.582742 0.543506
vn 0.259483 -0.858285 -0.442737
vn 0.326321 -0.943455 -0.058366
vn 0.255841 -0.959291 0.119612
vn 0.393743 -0.752275 0.528250
vn 0.631094 -0.271625 -0.726595
vn 0.654404 -0.299088 -0.694480
vn 0.783342 -0.352877 -0.511716
vn 0.787455 -0.535110 0.305895
vn 0.562783 -0.650677 0.509798
vn 0.396314 -0.745247 0.536230
vn 0.576612 -0.696143 0.427672
vn 0.295873 -0.622187 -0.724805
vn 0.427399 -0.652513 -0.625745
vn 0.363099 -0.773452 -0.519548
vn 0.262821 -0.675289 0.689137
vn 0.250987 -0.066321 0.965716
vn 0.593575 -0.244760 -0.766656
vn 0.710237 -0.253907 -0.656578
vn 0.461703 -0.742465 0.485361
vn 0.248503 -0.834267 0.492184
vn 0.665240 -0.665479 0.338517
vn 0.388280 -0.603815 -0.696165
vn 0.454804 -0.646573 -0.612451
vn 0.532758 -0.586457 -0.610112
vn 0.231261 0.193058 0.953544
vn 0.554408 -0.231451 -0.799413
vn 0.803901 -0.196822 -0.561253
vn 0.454338 -0.839932 0.296801
vn 0.354210 -0.876154 0.326940
vn 0.204256 -0.934027 0.293041
vn 0.222648 -0.957179 0.185031
vn 0.386049 -0.877128 0.285680
vn 0.385156 -0.922127 0.036571
vn 0.510325 -0.831452 -0.219673
vn 0.547731 -0.650851 -0.525722
vn 0.630420 -0.519996 -0.576346
vn 0.290342 0.400044 0.869291
vn 0.379126 0.386882 0.840587
vn 0.503805 0.381357 0.775079
vn 0.538815 -0.266259 -0.799240
vn 0.827770 -0.217232 -0.517307
vn 0.633868 -0.724804 0.269946
vn 0.697118 -0.714997 0.052974
vn 0.837814 -0.500957 -0.217047
vn 0.451482 0.277584 0.848004
vn 0.507093 -0.361087 -0.782606
vn 0.619513 -0.331496 -0.711557
vn 0.529299 0.180701 0.828969
vn 0.796991 0.267692 0.541430
vn 0.830165 0.093557 0.549613
vn 0.419664 -0.250240 -0.872503
vn 0.663646 -0.334761 -0.668961
vn 0.587277 0.024981 0.809000
vn 0.818053 -0.004645 0.575123
vn 0.467992 -0.166624 -0.867882
vn 0.593292 -0.065574 0.802312
vn 0.847095 -0.050996 0.528989
vn 0.515947 -0.061737 -0.854393
vn 0.561916 0.002712 0.827190
vn 0.846743 0.027656 0.531282
vn 0.531326 0.005114 -0.847152
vn 0.533455 0.178340 0.826813
vn 0.753718 0.234383 0.613982
vn 0.556145 0.014631 -0.830957
vn 0.523687 0.398806 0.752798
vn 0.601243 0.384123 0.700683
vn 0.486967 -0.049885 -0.871995
vn 0.549685 -0.006829 -0.835344
vn 0.636343 0.479090 0.604600
vn 0.790515 0.455462 0.409439
vn 0.794969 0.461807 0.393395
vn 0.527214 -0.016565 -0.849571
vn 0.590437 -0.006349 -0.807059
vn 0.892741 0.431421 0.129962
vn 0.937737 0.323076 0.127557
vn 0.879944 0.421687 0.218812
vn 0.894046 0.447516 0.020290
vn 0.940455 0.338834 0.027129
vn 0.873024 0.484926 0.051733
vn 0.941081 0.338061 -0.009016
vn 0.798104 0.511604 0.318264
vn 0.912252 0.393496 0.113828
vn 0.552250 0.052816 -0.832004
vn 0.614464 0.072978 -0.785562
vn 0.851287 0.480500 0.210786
vn 0.966019 0.212120 0.147690
vn 0.902183 0.338087 0.267887
vn 0.846723 0.530591 0.039162
vn 0.957075 0.289259 0.018358
vn 0.748069 0.661414 0.054071
vn 0.941045 0.337756 -0.018869
vn 0.669684 0.742614 0.006871
vn 0.929847 0.366387 -0.033850
vn 0.637573 0.767912 0.061743
vn 0.928816 0.370356 0.011738
vn 0.710535 0.684916 0.161336
vn 0.897258 0.419567 0.137446
vn 0.792858 0.580576 0.185222
vn 0.868645 0.445634 0.216484
vn 0.819767 0.558419 0.127088
vn 0.855205 0.513676 0.069008
vn 0.838616 0.539164 0.077621
vn 0.619939 0.202969 -0.757944
vn 0.784307 0.504336 0.361258
vn 0.890062 0.340735 0.302803
vn 0.815635 0.448627 0.365340
vn 0.779939 0.542337 0.312356
vn 0.783491 0.605450 0.139896
vn 0.664583 0.308956 -0.680349
vn 0.697909 0.493811 -0.518722
vn 0.858916 0.388706 -0.333422
vn 0.683510 0.602768 0.411686
vn 0.807209 0.454002 0.377222
vn 0.711558 0.568194 0.413330
vn 0.724112 0.574595 0.381447
vn 0.723414 0.616949 -0.309913
vn 0.791216 0.594796 -0.142106
vn 0.723105 0.686248 -0.078639
vn 0.656276 0.679031 0.328966
vn 0.766895 0.616392 0.178697
vn 0.942831 -0.301977 -0.140994
vn 0.733792 -0.662406 -0.150888
vn 0.747004 -0.632473 0.204847
vn 0.929191 -0.233355 -0.286617
vn 0.963280 -0.237097 -0.126005
vn 0.943989 -0.317122 0.091204
vn 0.893892 -0.402541 0.197277
vn 0.744551 -0.516665 -0.422729
vn 0.799621 -0.563448 -0.207685
vn 0.850643 -0.457884 0.258358
vn 0.774100 -0.346631 0.529732
vn 0.933728 -0.164645 -0.317874
vn 0.973489 -0.166979 -0.156321
vn 0.975807 -0.217766 -0.019471
vn 0.931447 -0.358001 0.065131
vn 0.817694 -0.544075 0.188041
vn 0.854818 -0.257890 -0.450309
vn 0.904611 -0.173875 -0.389160
vn 0.972984 -0.042177 -0.226986
vn 0.974511 -0.223371 -0.020808
vn 0.905815 -0.168900 0.388552
vn 0.770642 0.149675 0.619442
vn 0.742388 0.136343 0.655950
vn 0.942949 -0.128379 -0.307190
vn 0.979525 -0.114139 -0.165843
vn 0.984385 -0.145310 -0.099354
vn 0.967484 -0.235297 -0.092793
vn 0.910567 -0.412263 -0.030129
vn 0.750944 -0.640524 0.160661
vn 0.633353 -0.741908 0.220085
vn 0.611616 -0.734767 0.293332
vn 0.936362 -0.213411 -0.278716
vn 0.957176 -0.032001 -0.287731
vn 0.966017 0.106211 -0.235651
vn 0.976992 0.134284 -0.165696
vn 0.798746 0.344768 0.493093
vn 0.891584 0.335210 0.304486
vn 0.903616 0.325026 0.278993
vn 0.892209 -0.202950 -0.403454
vn 0.960671 -0.128147 -0.246353
vn 0.978718 -0.111034 -0.172575
vn 0.978888 -0.137411 -0.151313
vn 0.961439 -0.195542 -0.193387
vn 0.952127 -0.251573 -0.173683
vn 0.941356 -0.325698 -0.088143
vn 0.890464 -0.454048 0.030244
vn 0.790730 -0.576134 0.206920
vn 0.694285 -0.646310 0.316625
vn 0.760073 -0.557522 0.333853
vn 0.829241 -0.449204 0.332528
vn 0.846183 -0.488327 0.213334
vn 0.943302 -0.328528 -0.047447
vn 0.983305 -0.145940 -0.108682
vn 0.986719 -0.025402 -0.160441
vn 0.989857 0.123072 -0.070973
vn 0.943002 0.319469 -0.093209
vn 0.944596 0.269901 0.186794
vn 0.810472 0.299702 0.503303
vn 0.887839 -0.255761 -0.382529
vn 0.961582 -0.191746 -0.196454
vn 0.976901 -0.136311 -0.164572
vn 0.975152 -0.135618 -0.175172
vn 0.971192 -0.143390 -0.190329
vn 0.825109 -0.433912 0.361822
vn 0.893748 -0.275544 0.353964
vn 0.892387 -0.340142 0.296561
vn 0.958711 -0.251886 0.132008
vn 0.988160 -0.153410 -0.002392
vn 0.998171 -0.052786 -0.029461
vn 0.998433 0.041017 0.038066
vn 0.944727 0.143142 0.294960
vn 0.805530 -0.229631 -0.546252
vn 0.904609 -0.218626 -0.365903
vn 0.965003 -0.213344 -0.152494
vn 0.981284 -0.164921 -0.099415
vn 0.981857 -0.107892 -0.155936
vn 0.920463 -0.209360 0.330024
vn 0.950930 -0.106736 0.290413
vn 0.972068 -0.134298 0.192481
vn 0.993664 -0.093091 0.062979
vn 0.997390 -0.062392 0.036338
vn 0.995664 -0.019411 0.090977
vn 0.943601 0.019212 0.330528
vn 0.783125 -0.167970 -0.598749
vn 0.897852 -0.179789 -0.401918
vn 0.978628 -0.150341 -0.140306
vn 0.989376 -0.137147 -0.048234
vn 0.993899 -0.075661 -0.080252
vn 0.984141 -0.032009 0.174477
vn 0.965846 0.015517 0.258650
vn 0.995335 -0.048609 0.083344
vn 0.997343 -0.052093 0.050934
vn 0.991973 -0.049801 0.116234
vn 0.941111 -0.041095 0.335592
vn 0.826987 -0.047955 -0.560172
vn 0.896628 -0.030948 -0.441701
vn 0.980848 -0.095898 -0.169532
vn 0.978864 0.191542 0.071669
vn 0.993986 0.083756 0.070550
vn 0.976242 0.128702 0.174317
vn 0.965759 0.258879 -0.017059
vn 0.987346 0.155176 -0.032700
vn 0.967501 0.220154 -0.124398
vn 0.981036 0.138950 0.135131
vn 0.951299 0.176095 0.253023
vn 0.995365 0.078354 0.055754
vn 0.998418 0.045476 0.033057
vn 0.993796 0.023024 0.108805
vn 0.939786 -0.008286 0.341663
vn 0.831892 0.018508 -0.554629
vn 0.906098 0.019859 -0.422602
vn 0.972451 0.155019 0.174092
vn 0.965125 0.132507 0.225776
vn 0.976021 0.209918 0.057592
vn 0.923756 0.348647 -0.158494
vn 0.950815 0.295816 -0.091885
vn 0.918689 0.357881 -0.167126
vn 0.909753 0.369434 -0.189388
vn 0.903632 0.385142 -0.187393
vn 0.951441 0.249131 0.180815
vn 0.922540 0.279075 0.266527
vn 0.910056 0.310217 0.274887
vn 0.976188 0.202955 0.076588
vn 0.984274 0.174786 0.025570
vn 0.987913 0.154664 0.010366
vn 0.984097 0.148828 0.096972
vn 0.938236 0.119053 0.324870
vn 0.845400 0.038197 -0.532767
vn 0.975050 0.050704 -0.216117
vn 0.983918 0.072220 -0.163368
vn 0.976479 0.101410 0.190277
vn 0.996511 0.078210 0.029144
vn 0.975130 0.103095 0.196198
vn 0.983977 0.139717 0.110765
vn 0.980250 0.197701 -0.004905
vn 0.958411 0.261083 -0.115252
vn 0.902782 0.387285 -0.187071
vn 0.934292 0.324693 -0.147215
vn 0.936417 0.346242 -0.056917
vn 0.913077 0.394286 -0.104065
vn 0.943061 0.327773 0.056569
vn 0.929962 0.364457 0.048399
vn 0.940433 0.296916 0.165609
vn 0.931848 0.341080 0.123791
vn 0.952502 0.267953 0.144710
vn 0.959676 0.271340 0.073455
vn 0.963366 0.268184 0.001855
vn 0.966697 0.255910 -0.002646
vn 0.967391 0.237292 0.088581
vn 0.923263 0.255824 0.286598
vn 0.866637 0.027471 -0.498181
vn 0.982582 0.065761 -0.173803
vn 0.986315 0.065844 0.151155
vn 0.975764 0.063720 0.209343
vn 0.985418 0.080624 0.149836
vn 0.991632 0.119505 0.048832
vn 0.984846 0.164902 -0.053725
vn 0.971349 0.219023 -0.092250
vn 0.963251 0.260545 -0.065295
vn 0.963655 0.265895 0.025854
vn 0.958387 0.255057 0.128220
vn 0.952720 0.263185 0.151852
vn 0.957615 0.269806 0.100885
vn 0.954507 0.298077 0.008101
vn 0.951447 0.307720 -0.007607
vn 0.937074 0.332176 0.107478
vn 0.886321 0.057404 -0.459500
vn 0.984351 0.086360 -0.153605
vn 0.987023 0.085922 0.135657
vn 0.972962 0.071224 0.219710
vn 0.980964 0.085707 0.174253
vn 0.982433 0.148148 0.113480
vn 0.983072 0.182507 -0.016131
vn 0.973950 0.221987 -0.046283
vn 0.964480 0.260337 -0.044756
vn 0.963430 0.267419 0.017007
vn 0.962392 0.247294 0.112457
vn 0.961345 0.221426 0.163668
vn 0.903688 0.116179 -0.412128
vn 0.982889 0.130762 -0.129734
vn 0.980290 0.146914 0.132091
vn 0.965570 0.145025 0.215968
vn 0.957642 0.183059 0.222285
vn 0.908714 0.225802 -0.351073
vn 0.970406 0.214143 -0.111606
vn 0.968302 0.215466 0.126352
vn 0.929374 0.257777 0.264224
vn 0.931354 0.343817 -0.119878
vn 0.925387 0.337731 0.172036
vn 0.999024 -0.003656 -0.044030
vn 0.991030 -0.004342 0.133567
vn 0.969509 0.210311 0.125784
vn 0.966884 -0.161449 -0.197663
vn 0.963915 -0.216131 -0.155417
vn 0.954744 -0.291799 -0.057599
vn 0.928438 -0.358896 0.095900
vn 0.894400 -0.381538 0.233402
vn 0.978395 -0.102906 -0.179317
vn 0.974694 -0.094693 -0.202497
vn 0.976210 -0.109610 -0.187080
vn 0.982801 -0.139953 -0.120480
vn 0.982372 -0.181576 0.044454
vn 0.955160 -0.214086 0.204540
vn 0.924065 -0.247794 0.291035
vn 0.989707 -0.037449 -0.138120
vn 0.981977 -0.019878 -0.187953
vn 0.981535 -0.001875 -0.191275
vn 0.989149 -0.000013 -0.146915
vn 0.999772 -0.018760 0.010186
vn 0.982594 -0.053279 0.177959
vn 0.959811 -0.086155 0.267096
vn 0.939411 -0.121932 0.320373
vn 0.996249 -0.072690 -0.046942
vn 0.999907 0.002418 -0.013391
vn 0.987383 0.112280 -0.111661
vn 0.978393 0.110266 -0.174897
vn 0.978580 0.104545 -0.177347
vn 0.983800 0.116378 -0.136359
vn 0.992566 0.120795 -0.014857
vn 0.986794 0.084177 0.138389
vn 0.971770 0.042939 0.231990
vn 0.959420 -0.007707 0.281874
vn 0.996835 0.013097 -0.078416
vn 0.998642 0.041439 0.031580
vn 0.951004 0.252197 -0.178854
vn 0.944444 0.270086 -0.187292
vn 0.958002 0.250964 -0.138741
vn 0.971927 0.233958 -0.024922
vn 0.972193 0.214351 0.094315
vn 0.967753 0.164982 0.190354
vn 0.957069 0.134437 0.256798
vn 0.998639 0.048702 -0.018683
vn 0.996919 0.075016 0.022922
vn 0.917372 0.360815 -0.168052
vn 0.943757 0.326272 -0.053564
vn 0.951553 0.300050 0.067203
vn 0.946876 0.269861 0.174932
f 1//1 2//2 3//3
f 3//3 4//4 1//1
f 1//1 5//5 2//2
f 4//4 5//5 1//1
f 6//6 7//7 8//8
f 6//6 9//9 10//10
f 8//8 9//9 6//6
f 9//9 11//11 10//10
f 12//12 13//13 14//14
f 7//7 12//12 14//14
f 7//7 6//6 12//12
f 6//6 15//15 12//12
f 10//10 16//16 6//6
f 16//16 15//15 6//6
f 17//17 10//10 11//11
f 16//16 10//10 17//17
f 18//18 13//13 12//12
f 19//19 13//13 18//18
f 15//15 20//20 12//12
f 20//20 18//18 12//12
f 16//16 21//21 15//15
f 21//21 20//20 15//15
f 22//22 16//16 17//17
f 22//22 23//23 16//16
f 23//23 21//21 16//16
f 22//22 24//24 23//23
f 25//25 26//26 27//27
f 25//25 28//28 29//29
f 27//27 28//28 25//25
f 29//29 30//30 31//31
f 28//28 30//30 29//29
f 30//30 32//32 31//31
f 33//33 19//19 18//18
f 34//34 19//19 33//33
f 20//20 35//35 18//18
f 35//35 33//33 18//18
f 21//21 36//36 20//20
f 36//36 35//35 20//20
f 37//37 23//23 38//38
f 37//37 36//36 23//23
f 36//36 21//21 23//23
f 24//24 38//38 23//23
f 39//39 40//40 41//41
f 26//26 39//39 41//41
f 26//26 25//25 39//39
f 25//25 42//42 39//39
f 29//29 43//43 25//25
f 43//43 42//42 25//25
f 31//31 44//44 29//29
f 44//44 43//43 29//29
f 45//45 31//31 32//32
f 45//45 46//46 31//31
f 46//46 44//44 31//31
f 45//45 47//47 46//46
f 48//48 34//34 33//33
f 49//49 34//34 48//48
f 35//35 50//50 33//33
f 50//50 48//48 33//33
f 36//36 51//51 35//35
f 51//51 50//50 35//35
f 52//52 36//36 37//37
f 51//51 36//36 52//52
f 53//53 40//40 39//39
f 54//54 40//40 53//53
f 42//42 55//55 39//39
f 55//55 53//53 39//39
f 43//43 56//56 42//42
f 56//56 55//55 42//42
f 44//44 57//57 43//43
f 57//57 56//56 43//43
f 46//46 58//58 44//44
f 58//58 57//57 44//44
f 59//59 46//46 47//47
f 59//59 60//60 46//46
f 60//60 58//58 46//46
f 59//59 61//61 60//60
f 62//62 49//49 48//48
f 63//63 49//49 62//62
f 50//50 64//64 48//48
f 64//64 62//62 48//48
f 65//65 51//51 66//66
f 65//65 64//64 51//51
f 64//64 50//50 51//51
f 52//52 66//66 51//51
f 67//67 54//54 53//53
f 68//68 54//54 67//67
f 55//55 69//69 53//53
f 69//69 67//67 53//53
f 56//56 70//70 55//55
f 70//70 69//69 55//55
f 57//57 71//71 56//56
f 71//71 70//70 56//56
f 58//58 72//72 57//57
f 72//72 71//71 57//57
f 60//60 73//73 58//58
f 73//73 72//72 58//58
f 74//74 60//60 61//61
f 74//74 75//75 60//60
f 75//75 73//73 60//60
f 74//74 76//76 75//75
f 62//62 77//77 63//63
f 64//64 77//77 62//62
f 78//78 77//77 64//64
f 65//65 78//78 64//64
f 79//79 68//68 67//67
f 80//80 68//68 79//79
f 69//69 81//81 67//67
f 81//81 79//79 67//67
f 3//3 2//2 81//81
f 3//3 81//81 70//70
f 70//70 81//81 69//69
f 4//4 3//3 70//70
f 4//4 70//70 82//82
f 82//82 70//70 71//71
f 72//72 83//83 71//71
f 83//83 82//82 71//71
f 73//73 84//84 72//72
f 84//84 83//83 72//72
f 75//75 85//85 73//73
f 85//85 84//84 73//73
f 86//86 75//75 76//76
f 85//85 75//75 86//86
f 87//87 80//80 79//79
f 88//88 80//80 87//87
f 81//81 89//89 79//79
f 89//89 87//87 79//79
f 2//2 5//5 90//90
f 2//2 90//90 81//81
f 81//81 90//90 89//89
f 5//5 4//4 82//82
f 5//5 82//82 90//90
f 90//90 82//82 91//91
f 83//83 92//92 82//82
f 92//92 91//91 82//82
f 84//84 93//93 83//83
f 93//93 92//92 83//83
f 85//85 94//94 84//84
f 94//94 93//93 84//84
f 95//95 85//85 86//86
f 94//94 85//85 95//95
f 96//96 88//88 87//87
f 97//97 88//88 96//96
f 89//89 98//98 87//87
f 98//98 96//96 87//87
f 90//90 99//99 89//89
f 99//99 98//98 89//89
f 91//91 100//100 90//90
f 100//100 99//99 90//90
f 92//92 101//101 91//91
f 101//101 100//100 91//91
f 93//93 102//102 92//92
f 102//102 101//101 92//92
f 103//103 94//94 104//104
f 103//103 102//102 94//94
f 102//102 93//93 94//94
f 95//95 104//104 94//94
f 105//105 97//97 96//96
f 106//106 97//97 105//105
f 98//98 107//107 96//96
f 107//107 105//105 96//96
f 99//99 108//108 98//98
f 108//108 107//107 98//98
f 100//100 109//109 99//99
f 109//109 108//108 99//99
f 101//101 110//110 100//100
f 110//110 109//109 100//100
f 111//111 102//102 112//112
f 111//111 110//110 102//102
f 110//110 101//101 102//102
f 103//103 112//112 102//102
f 113//113 106//106 105//105
f 114//114 106//106 113//113
f 107//107 115//115 105//105
f 115//115 113//113 105//105
f 108//108 116//116 107//107
f 116//116 115//115 107//107
f 109//109 117//117 108//108
f 117//117 116//116 108//108
f 118//118 110//110 119//119
f 118//118 117//117 110//110
f 117//117 109//109 110//110
f 111//111 119//119 110//110
f 120//120 114//114 113//113
f 121//121 114//114 120//120
f 115//115 122//122 113//113
f 122//122 120//120 113//113
f 116//116 123//123 115//115
f 123//123 122//122 115//115
f 124//124 117//117 125//125
f 124//124 123//123 117//117
f 123//123 116//116 117//117
f 118//118 125//125 117//117
f 126//126 121//121 120//120
f 127//127 121//121 126//126
f 122//122 128//128 120//120
f 128//128 126//126 120//120
f 123//123 129//129 122//122
f 129//129 128//128 122//122
f 130//130 123//123 124//124
f 129//129 123//123 130//130
f 131//131 127//127 126//126
f 132//132 127//127 131//131
f 133//133 128//128 134//134
f 133//133 131//131 128//128
f 131//131 126//126 128//128
f 129//129 134//134 128//128
f 135//135 134//134 129//129
f 130//130 135//135 129//129
f 131//131 136//136 132//132
f 133//133 136//136 131//131
f 137//137 138//138 139//139
f 137//137 8//8 7//7
f 137//137 139//139 8//8
f 139//139 140//140 8//8
f 9//9 8//8 141//141
f 8//8 140//140 141//141
f 11//11 142//142 143//143
f 11//11 9//9 142//142
f 9//9 141//141 142//142
f 142//142 144//144 143//143
f 145//145 146//146 147//147
f 145//145 148//148 149//149
f 147//147 148//148 145//145
f 149//149 150//150 151//151
f 148//148 150//150 149//149
f 150//150 152//152 151//151
f 153//153 154//154 155//155
f 153//153 156//156 157//157
f 155//155 156//156 153//153
f 138//138 157//157 156//156
f 137//137 157//157 138//138
f 137//137 13//13 157//157
f 137//137 14//14 13//13
f 7//7 14//14 137//137
f 143//143 158//158 17//17
f 11//11 143//143 17//17
f 159//159 143//143 144//144
f 158//158 143//143 159//159
f 160//160 161//161 162//162
f 146//146 160//160 162//162
f 146//146 145//145 160//160
f 145//145 163//163 160//160
f 149//149 164//164 145//145
f 164//164 163//163 145//145
f 151//151 165//165 149//149
f 165//165 164//164 149//149
f 166//166 151//151 152//152
f 166//166 167//167 151//151
f 167//167 165//165 151//151
f 167//167 168//168 169//169
f 166//166 168//168 167//167
f 168//168 170//170 169//169
f 171//171 172//172 173//173
f 154//154 171//171 173//173
f 154//154 153//153 171//171
f 153//153 174//174 171//171
f 157//157 175//175 153//153
f 175//175 174//174 153//153
f 13//13 19//19 175//175
f 157//157 13//13 175//175
f 17//17 158//158 22//22
f 158//158 24//24 22//22
f 158//158 159//159 24//24
f 159//159 176//176 24//24
f 177//177 161//161 160//160
f 178//178 161//161 177//177
f 163//163 179//179 160//160
f 179//179 177//177 160//160
f 27//27 26//26 179//179
f 27//27 179//179 164//164
f 164//164 179//179 163//163
f 28//28 27//27 164//164
f 165//165 28//28 164//164
f 30//30 28//28 165//165
f 167//167 30//30 165//165
f 32//32 30//30 167//167
f 32//32 167//167 180//180
f 180//180 167//167 169//169
f 181//181 169//169 170//170
f 181//181 182//182 169//169
f 182//182 180//180 169//169
f 182//182 183//183 184//184
f 181//181 183//183 182//182
f 184//184 185//185 186//186
f 183//183 185//185 184//184
f 186//186 187//187 188//188
f 185//185 187//187 186//186
f 188//188 189//189 190//190
f 187//187 189//189 188//188
f 172//172 190//190 189//189
f 172//172 171//171 190//190
f 171//171 191//191 190//190
f 174//174 192//192 171//171
f 192//192 191//191 171//171
f 175//175 193//193 174//174
f 193//193 192//192 174//174
f 19//19 34//34 193//193
f 175//175 19//19 193//193
f 38//38 194//194 37//37
f 38//38 195//195 194//194
f 38//38 24//24 195//195
f 24//24 176//176 195//195
f 196//196 178//178 177//177
f 197//197 178//178 196//196
f 41//41 40//40 196//196
f 41//41 196//196 179//179
f 179//179 196//196 177//177
f 26//26 41//41 179//179
f 32//32 180//180 45//45
f 47//47 45//45 180//180
f 47//47 180//180 198//198
f 198//198 180//180 182//182
f 184//184 199//199 182//182
f 199//199 198//198 182//182
f 186//186 200//200 184//184
f 200//200 199//199 184//184
f 188//188 201//201 186//186
f 201//201 200//200 186//186
f 190//190 202//202 188//188
f 202//202 201//201 188//188
f 191//191 203//203 190//190
f 203//203 202//202 190//190
f 192//192 204//204 191//191
f 204//204 203//203 191//191
f 193//193 205//205 192//192
f 205//205 204//204 192//192
f 34//34 49//49 205//205
f 193//193 34//34 205//205
f 194//194 206//206 52//52
f 37//37 194//194 52//52
f 207//207 194//194 195//195
f 206//206 194//194 207//207
f 208//208 197//197 196//196
f 209//209 197//197 208//208
f 40//40 54//54 208//208
f 196//196 40//40 208//208
f 47//47 198//198 59//59
f 61//61 59//59 198//198
f 61//61 198//198 210//210
f 210//210 198//198 199//199
f 200//200 211//211 199//199
f 211//211 210//210 199//199
f 201//201 212//212 200//200
f 212//212 211//211 200//200
f 202//202 213//213 201//201
f 213//213 212//212 201//201
f 203//203 214//214 202//202
f 214//214 213//213 202//202
f 204//204 215//215 203//203
f 215//215 214//214 203//203
f 205//205 216//216 204//204
f 216//216 215//215 204//204
f 49//49 63//63 216//216
f 205//205 49//49 216//216
f 66//66 217//217 65//65
f 66//66 218//218 217//217
f 52//52 218//218 66//66
f 52//52 219//219 218//218
f 52//52 206//206 219//219
f 207//207 219//219 206//206
f 220//220 209//209 208//208
f 221//221 209//209 220//220
f 54//54 68//68 220//220
f 208//208 54//54 220//220
f 61//61 210//210 74//74
f 76//76 74//74 210//210
f 76//76 210//210 222//222
f 222//222 210//210 211//211
f 212//212 223//223 211//211
f 223//223 222//222 211//211
f 213//213 224//224 212//212
f 224//224 223//223 212//212
f 214//214 225//225 213//213
f 225//225 224//224 213//213
f 215//215 226//226 214//214
f 226//226 225//225 214//214
f 216//216 227//227 215//215
f 227//227 226//226 215//215
f 63//63 77//77 228//228
f 63//63 228//228 216//216
f 216//216 228//228 227//227
f 77//77 78//78 229//229
f 228//228 77//77 229//229
f 78//78 65//65 217//217
f 78//78 217//217 229//229
f 229//229 217//217 230//230
f 231//231 217//217 218//218
f 230//230 217//217 231//231
f 232//232 221//221 220//220
f 233//233 221//221 232//232
f 68//68 80//80 232//232
f 220//220 68//68 232//232
f 222//222 234//234 86//86
f 76//76 222//222 86//86
f 223//223 235//235 222//222
f 235//235 234//234 222//222
f 224//224 236//236 223//223
f 236//236 235//235 223//223
f 225//225 237//237 224//224
f 237//237 236//236 224//224
f 226//226 238//238 225//225
f 238//238 237//237 225//225
f 227//227 239//239 226//226
f 239//239 238//238 226//226
f 228//228 240//240 227//227
f 240//240 239//239 227//227
f 229//229 241//241 228//228
f 241//241 240//240 228//228
f 230//230 242//242 229//229
f 242//242 241//241 229//229
f 243//243 230//230 231//231
f 242//242 230//230 243//243
f 244//244 233//233 232//232
f 245//245 233//233 244//244
f 80//80 88//88 244//244
f 232//232 80//80 244//244
f 234//234 246//246 95//95
f 86//86 234//234 95//95
f 235//235 247//247 234//234
f 247//247 246//246 234//234
f 236//236 248//248 235//235
f 248//248 247//247 235//235
f 237//237 249//249 236//236
f 249//249 248//248 236//236
f 238//238 250//250 237//237
f 250//250 249//249 237//237
f 239//239 251//251 238//238
f 251//251 250//250 238//238
f 240//240 252//252 239//239
f 252//252 251//251 239//239
f 241//241 253//253 240//240
f 253//253 252//252 240//240
f 242//242 254//254 241//241
f 254//254 253//253 241//241
f 255//255 242//242 243//243
f 254//254 242//242 255//255
f 256//256 245//245 244//244
f 257//257 245//245 256//256
f 88//88 97//97 256//256
f 244//244 88//88 256//256
f 104//104 258//258 103//103
f 104//104 95//95 246//246
f 104//104 246//246 258//258
f 258//258 246//246 259//259
f 247//247 260//260 246//246
f 260//260 259//259 246//246
f 248//248 261//261 247//247
f 261//261 260//260 247//247
f 249//249 262//262 248//248
f 262//262 261//261 248//248
f 250//250 263//263 249//249
f 263//263 262//262 249//249
f 251//251 264//264 250//250
f 264//264 263//263 250//250
f 252//252 265//265 251//251
f 265//265 264//264 251//251
f 253//253 266//266 252//252
f 266//266 265//265 252//252
f 267//267 254//254 268//268
f 267//267 266//266 254//254
f 266//266 253//253 254//254
f 255//255 268//268 254//254
f 269//269 257//257 256//256
f 270//270 257//257 269//269
f 97//97 106//106 269//269
f 256//256 97//97 269//269
f 112//112 271//271 111//111
f 112//112 103//103 258//258
f 112//112 258//258 271//271
f 271//271 258//258 272//272
f 259//259 273//273 258//258
f 273//273 272//272 258//258
f 260//260 274//274 259//259
f 274//274 273//273 259//259
f 261//261 275//275 260//260
f 275//275 274//274 260//260
f 262//262 276//276 261//261
f 276//276 275//275 261//261
f 263//263 277//277 262//262
f 277//277 276//276 262//262
f 264//264 278//278 263//263
f 278//278 277//277 263//263
f 265//265 279//279 264//264
f 279//279 278//278 264//264
f 266//266 280//280 265//265
f 280//280 279//279 265//265
f 281//281 266//266 267//267
f 280//280 266//266 281//281
f 282//282 270//270 269//269
f 283//283 270//270 282//282
f 106//106 114//114 282//282
f 269//269 106//106 282//282
f 119//119 284//284 118//118
f 119//119 111//111 271//271
f 119//119 271//271 284//284
f 284//284 271//271 285//285
f 272//272 286//286 271//271
f 286//286 285//285 271//271
f 273//273 287//287 272//272
f 287//287 286//286 272//272
f 274//274 288//288 273//273
f 288//288 287//287 273//273
f 275//275 289//289 274//274
f 289//289 288//288 274//274
f 276//276 290//290 275//275
f 290//290 289//289 275//275
f 277//277 291//291 276//276
f 291//291 290//290 276//276
f 278//278 292//292 277//277
f 292//292 291//291 277//277
f 279//279 293//293 278//278
f 293//293 292//292 278//278
f 294//294 280//280 295//295
f 294//294 293//293 280//280
f 293//293 279//279 280//280
f 281//281 295//295 280//280
f 296//296 283//283 282//282
f 297//297 283//283 296//296
f 114//114 121//121 296//296
f 282//282 114//114 296//296
f 125//125 298//298 124//124
f 125//125 118//118 284//284
f 125//125 284//284 298//298
f 298//298 284//284 299//299
f 285//285 300//300 284//284
f 300//300 299//299 284//284
f 286//286 301//301 285//285
f 301//301 300//300 285//285
f 287//287 302//302 286//286
f 302//302 301//301 286//286
f 288//288 303//303 287//287
f 303//303 302//302 287//287
f 289//289 304//304 288//288
f 304//304 303//303 288//288
f 290//290 305//305 289//289
f 305//305 304//304 289//289
f 291//291 306//306 290//290
f 306//306 305//305 290//290
f 292//292 307//307 291//291
f 307//307 306//306 291//291
f 308//308 293//293 309//309
f 308//308 307//307 293//293
f 307//307 292//292 293//293
f 294//294 309//309 293//293
f 310//310 297//297 296//296
f 311//311 297//297 310//310
f 121//121 127//127 310//310
f 296//296 121//121 310//310
f 298//298 312//312 130//130
f 124//124 298//298 130//130
f 299//299 313//313 298//298
f 313//313 312//312 298//298
f 300//300 314//314 299//299
f 314//314 313//313 299//299
f 301//301 315//315 300//300
f 315//315 314//314 300//300
f 302//302 316//316 301//301
f 316//316 315//315 301//301
f 303//303 317//317 302//302
f 317//317 316//316 302//302
f 304//304 318//318 303//303
f 318//318 317//317 303//303
f 305//305 319//319 304//304
f 319//319 318//318 304//304
f 320//320 306//306 321//321
f 320//320 319//319 306//306
f 319//319 305//305 306//306
f 307//307 321//321 306//306
f 322//322 321//321 307//307
f 308//308 322//322 307//307
f 323//323 324//324 325//325
f 311//311 323//323 325//325
f 311//311 310//310 323//323
f 310//310 326//326 323//323
f 127//127 132//132 326//326
f 310//310 127//127 326//326
f 134//134 327//327 133//133
f 134//134 135//135 328//328
f 327//327 134//134 328//328
f 135//135 130//130 312//312
f 135//135 312//312 328//328
f 328//328 312//312 329//329
f 313//313 330//330 312//312
f 330//330 329//329 312//312
f 331//331 314//314 332//332
f 331//331 330//330 314//314
f 330//330 313//313 314//314
f 315//315 332//332 314//314
f 333//333 332//332 315//315
f 316//316 333//333 315//315
f 334//334 333//333 316//316
f 317//317 334//334 316//316
f 335//335 334//334 317//317
f 318//318 335//335 317//317
f 336//336 335//335 318//318
f 319//319 336//336 318//318
f 337//337 336//336 319//319
f 320//320 337//337 319//319
f 338//338 324//324 323//323
f 339//339 324//324 338//338
f 326//326 340//340 323//323
f 340//340 338//338 323//323
f 132//132 136//136 341//341
f 132//132 341//341 326//326
f 326//326 341//341 340//340
f 136//136 133//133 327//327
f 136//136 327//327 341//341
f 341//341 327//327 342//342
f 328//328 343//343 327//327
f 343//343 342//342 327//327
f 344//344 329//329 345//345
f 344//344 343//343 329//329
f 343//343 328//328 329//329
f 330//330 345//345 329//329
f 346//346 345//345 330//330
f 331//331 346//346 330//330
f 338//338 347//347 339//339
f 347//347 348//348 349//349
f 347//347 338//338 348//348
f 338//338 340//340 348//348
f 341//341 350//350 340//340
f 350//350 348//348 340//340
f 351//351 342//342 352//352
f 351//351 350//350 342//342
f 350//350 341//341 342//342
f 343//343 352//352 342//342
f 353//353 352//352 343//343
f 344//344 353//353 343//343
f 348//348 354//354 349//349
f 350//350 354//354 348//348
f 355//355 354//354 350//350
f 351//351 355//355 350//350
f 356//356 357//357 358//358
f 356//356 359//359 360//360
f 358//358 359//359 356//356
f 359//359 361//361 360//360
f 362//362 363//363 364//364
f 362//362 365//365 366//366
f 364//364 365//365 362//362
f 365//365 367//367 366//366
f 368//368 357//357 356//356
f 369//369 357//357 368//368
f 360//360 370//370 356//356
f 370//370 368//368 356//356
f 371//371 360//360 361//361
f 371//371 372//372 360//360
f 372//372 370//370 360//360
f 371//371 373//373 372//372
f 374//374 375//375 376//376
f 374//374 139//139 138//138
f 374//374 376//376 139//139
f 376//376 377//377 139//139
f 363//363 362//362 140//140
f 363//363 140//140 377//377
f 377//377 140//140 139//139
f 141//141 140//140 362//362
f 366//366 141//141 362//362
f 366//366 367//367 378//378
f 366//366 378//378 141//141
f 141//141 378//378 142//142
f 378//378 144//144 142//142
f 379//379 144//144 378//378
f 380//380 381//381 382//382
f 369//369 380//380 382//382
f 368//368 380//380 369//369
f 368//368 146//146 380//380
f 368//368 147//147 146//146
f 148//148 147//147 368//368
f 370//370 148//148 368//368
f 150//150 148//148 370//370
f 372//372 150//150 370//370
f 152//152 383//383 384//384
f 150//150 383//383 152//152
f 150//150 373//373 383//383
f 150//150 372//372 373//373
f 384//384 385//385 386//386
f 383//383 385//385 384//384
f 385//385 387//387 386//386
f 388//388 389//389 390//390
f 388//388 155//155 154//154
f 388//388 390//390 155//155
f 390//390 391//391 155//155
f 375//375 374//374 156//156
f 375//375 156//156 391//391
f 391//391 156//156 155//155
f 138//138 156//156 374//374
f 144//144 379//379 159//159
f 379//379 392//392 159//159
f 162//162 381//381 380//380
f 162//162 161//161 381//381
f 161//161 393//393 381//381
f 146//146 162//162 380//380
f 152//152 384//384 166//166
f 168//168 166//166 384//384
f 386//386 168//168 384//384
f 170//170 394//394 395//395
f 168//168 394//394 170//170
f 168//168 387//387 394//394
f 168//168 386//386 387//387
f 395//395 396//396 397//397
f 394//394 396//396 395//395
f 397//397 398//398 399//399
f 396//396 398//398 397//397
f 399//399 400//400 401//401
f 398//398 400//400 399//399
f 401//401 402//402 403//403
f 400//400 402//402 401//401
f 389//389 403//403 402//402
f 388//388 403//403 389//389
f 388//388 172//172 403//403
f 388//388 173//173 172//172
f 154//154 173//173 388//388
f 159//159 392//392 176//176
f 392//392 404//404 176//176
f 161//161 178//178 393//393
f 393//393 178//178 405//405
f 170//170 395//395 181//181
f 183//183 181//181 395//395
f 397//397 183//183 395//395
f 185//185 183//183 397//397
f 399//399 185//185 397//397
f 187//187 185//185 399//399
f 401//401 187//187 399//399
f 189//189 187//187 401//401
f 403//403 189//189 401//401
f 172//172 189//189 403//403
f 176//176 404//404 195//195
f 404//404 406//406 195//195
f 178//178 197//197 405//405
f 405//405 197//197 407//407
f 195//195 406//406 207//207
f 406//406 408//408 207//207
f 197//197 209//209 407//407
f 407//407 209//209 409//409
f 219//219 410//410 218//218
f 219//219 411//411 410//410
f 219//219 207//207 411//411
f 207//207 408//408 411//411
f 209//209 221//221 409//409
f 409//409 221//221 412//412
f 410//410 413//413 231//231
f 218//218 410//410 231//231
f 414//414 410//410 411//411
f 413//413 410//410 414//414
f 221//221 233//233 412//412
f 412//412 233//233 415//415
f 413//413 416//416 243//243
f 231//231 413//413 243//243
f 417//417 413//413 414//414
f 416//416 413//413 417//417
f 233//233 245//245 415//415
f 415//415 245//245 418//418
f 416//416 419//419 420//420
f 416//416 420//420 243//243
f 243//243 420//420 255//255
f 417//417 419//419 416//416
f 245//245 257//257 418//418
f 418//418 257//257 421//421
f 268//268 422//422 267//267
f 268//268 423//423 422//422
f 268//268 255//255 423//423
f 255//255 420//420 423//423
f 257//257 270//270 421//421
f 421//421 270//270 424//424
f 422//422 425//425 281//281
f 267//267 422//422 281//281
f 426//426 422//422 423//423
f 425//425 422//422 426//426
f 270//270 283//283 424//424
f 424//424 283//283 427//427
f 295//295 428//428 294//294
f 295//295 281//281 425//425
f 295//295 425//425 428//428
f 428//428 425//425 429//429
f 430//430 425//425 426//426
f 429//429 425//425 430//430
f 283//283 297//297 427//427
f 427//427 297//297 431//431
f 309//309 432//432 308//308
f 309//309 294//294 428//428
f 309//309 428//428 432//432
f 432//432 428//428 433//433
f 429//429 434//434 428//428
f 434//434 433//433 428//428
f 435//435 429//429 430//430
f 434//434 429//429 435//435
f 436//436 437//437 438//438
f 436//436 438//438 431//431
f 436//436 431//431 311//311
f 311//311 431//431 297//297
f 321//321 439//439 320//320
f 321//321 322//322 440//440
f 439//439 321//321 440//440
f 322//322 308//308 432//432
f 322//322 432//432 440//440
f 440//440 432//432 441//441
f 433//433 442//442 432//432
f 442//442 441//441 432//432
f 434//434 443//443 433//433
f 443//443 442//442 433//433
f 444//444 434//434 435//435
f 443//443 434//434 444//444
f 325//325 437//437 436//436
f 325//325 324//324 437//437
f 324//324 445//445 437//437
f 311//311 325//325 436//436
f 332//332 446//446 331//331
f 332//332 333//333 447//447
f 446//446 332//332 447//447
f 333//333 334//334 448//448
f 447//447 333//333 448//448
f 334//334 335//335 449//449
f 448//448 334//334 449//449
f 335//335 336//336 450//450
f 449//449 335//335 450//450
f 451//451 450//450 336//336
f 451//451 336//336 452//452
f 452//452 336//336 337//337
f 439//439 337//337 320//320
f 439//439 453//453 337//337
f 453//453 452//452 337//337
f 440//440 453//453 439//439
f 454//454 453//453 440//440
f 441//441 454//454 440//440
f 455//455 454//454 441//441
f 442//442 455//455 441//441
f 456//456 455//455 442//442
f 443//443 456//456 442//442
f 457//457 456//456 443//443
f 444//444 457//457 443//443
f 324//324 339//339 445//445
f 445//445 339//339 458//458
f 345//345 459//459 460//460
f 344//344 345//345 460//460
f 346//346 461//461 345//345
f 345//345 461//461 459//459
f 446//446 346//346 331//331
f 446//446 462//462 346//346
f 462//462 461//461 346//346
f 447//447 462//462 446//446
f 463//463 462//462 447//447
f 448//448 463//463 447//447
f 464//464 463//463 448//448
f 449//449 464//464 448//448
f 465//465 464//464 449//449
f 450//450 465//465 449//449
f 466//466 465//465 450//450
f 451//451 466//466 450//450
f 467//467 339//339 347//347
f 467//467 468//468 339//339
f 468//468 458//458 339//339
f 347//347 349//349 467//467
f 352//352 469//469 470//470
f 351//351 352//352 470//470
f 353//353 471//471 352//352
f 352//352 471//471 469//469
f 460//460 353//353 344//344
f 471//471 353//353 460//460
f 467//467 472//472 468//468
f 349//349 472//472 467//467
f 349//349 354//354 472//472
f 354//354 473//473 472//472
f 355//355 474//474 354//354
f 354//354 474//474 473//473
f 470//470 355//355 351//351
f 474//474 355//355 470//470
f 358//358 475//475 476//476
f 357//357 475//475 358//358
f 359//359 358//358 477//477
f 358//358 476//476 477//477
f 477//477 361//361 359//359
f 478//478 361//361 477//477
f 364//364 479//479 480//480
f 363//363 479//479 364//364
f 365//365 364//364 481//481
f 364//364 480//480 481//481
f 481//481 367//367 365//365
f 482//482 367//367 481//481
f 483//483 484//484 485//485
f 483//483 485//485 475//475
f 483//483 475//475 369//369
f 369//369 475//475 357//357
f 361//361 478//478 486//486
f 371//371 361//361 486//486
f 486//486 373//373 371//371
f 487//487 373//373 486//486
f 376//376 375//375 488//488
f 489//489 376//376 488//488
f 489//489 490//490 376//376
f 490//490 377//377 376//376
f 479//479 363//363 377//377
f 490//490 479//479 377//377
f 367//367 482//482 491//491
f 378//378 367//367 491//491
f 491//491 379//379 378//378
f 492//492 379//379 491//491
f 382//382 484//484 483//483
f 382//382 381//381 484//484
f 381//381 493//493 484//484
f 369//369 382//382 483//483
f 373//373 487//487 494//494
f 383//383 373//373 494//494
f 385//385 383//383 495//495
f 383//383 494//494 495//495
f 495//495 387//387 385//385
f 496//496 387//387 495//495
f 390//390 389//389 497//497
f 498//498 390//390 497//497
f 498//498 499//499 390//390
f 499//499 391//391 390//390
f 488//488 375//375 391//391
f 488//488 391//391 500//500
f 500//500 391//391 499//499
f 489//489 488//488 500//500
f 379//379 492//492 392//392
f 492//492 501//501 392//392
f 381//381 393//393 493//493
f 493//493 393//393 502//502
f 387//387 496//496 503//503
f 394//394 387//387 503//503
f 396//396 394//394 504//504
f 394//394 503//503 504//504
f 398//398 396//396 505//505
f 396//396 504//504 505//505
f 400//400 398//398 506//506
f 398//398 505//505 506//506
f 402//402 400//400 507//507
f 400//400 506//506 507//507
f 497//497 389//389 402//402
f 497//497 402//402 508//508
f 508//508 402//402 507//507
f 498//498 497//497 508//508
f 392//392 501//501 404//404
f 501//501 509//509 404//404
f 393//393 405//405 502//502
f 502//502 405//405 510//510
f 404//404 509//509 406//406
f 509//509 511//511 406//406
f 405//405 407//407 510//510
f 510//510 407//407 512//512
f 406//406 511//511 408//408
f 511//511 513//513 408//408
f 407//407 409//409 512//512
f 512//512 409//409 514//514
f 408//408 513//513 411//411
f 513//513 515//515 411//411
f 409//409 412//412 514//514
f 514//514 412//412 516//516
f 411//411 515//515 414//414
f 515//515 517//517 414//414
f 412//412 415//415 516//516
f 516//516 415//415 518//518
f 414//414 517//517 417//417
f 517//517 519//519 417//417
f 415//415 418//418 518//518
f 518//518 418//418 520//520
f 419//419 521//521 420//420
f 419//419 522//522 521//521
f 419//419 417//417 522//522
f 417//417 519//519 522//522
f 418//418 421//421 520//520
f 520//520 421//421 523//523
f 521//521 524//524 525//525
f 521//521 525//525 420//420
f 420//420 525//525 423//423
f 522//522 524//524 521//521
f 421//421 424//424 523//523
f 523//523 424//424 526//526
f 423//423 525//525 426//426
f 525//525 527//527 426//426
f 424//424 427//427 526//526
f 526//526 427//427 528//528
f 426//426 527//527 430//430
f 527//527 529//529 430//430
f 530//530 531//531 532//532
f 530//530 532//532 528//528
f 530//530 528//528 431//431
f 431//431 528//528 427//427
f 430//430 529//529 435//435
f 529//529 533//533 435//435
f 438//438 531//531 530//530
f 438//438 437//437 531//531
f 437//437 534//534 531//531
f 431//431 438//438 530//530
f 435//435 533//533 444//444
f 533//533 535//535 444//444
f 437//437 445//445 534//534
f 534//534 445//445 536//536
f 537//537 538//538 539//539
f 537//537 540//540 541//541
f 538//538 537//537 541//541
f 540//540 542//542 543//543
f 541//541 540//540 543//543
f 542//542 544//544 545//545
f 543//543 542//542 545//545
f 544//544 546//546 547//547
f 545//545 544//544 547//547
f 546//546 451//451 452//452
f 546//546 452//452 547//547
f 547//547 452//452 548//548
f 453//453 549//549 452//452
f 452//452 549//549 548//548
f 454//454 550//550 453//453
f 453//453 550//550 549//549
f 455//455 551//551 454//454
f 454//454 551//551 550//550
f 456//456 552//552 455//455
f 455//455 552//552 551//551
f 457//457 553//553 456//456
f 456//456 553//553 552//552
f 535//535 457//457 444//444
f 553//553 457//457 535//535
f 445//445 458//458 536//536
f 536//536 458//458 554//554
f 459//459 555//555 556//556
f 460//460 459//459 556//556
f 461//461 557//557 459//459
f 459//459 557//557 555//555
f 539//539 462//462 537//537
f 539//539 557//557 462//462
f 557//557 461//461 462//462
f 463//463 537//537 462//462
f 540//540 537//537 463//463
f 464//464 540//540 463//463
f 542//542 540//540 464//464
f 465//465 542//542 464//464
f 544//544 542//542 465//465
f 466//466 544//544 465//465
f 546//546 544//544 466//466
f 451//451 546//546 466//466
f 458//458 468//468 554//554
f 554//554 468//468 558//558
f 469//469 559//559 560//560
f 470//470 469//469 560//560
f 471//471 561//561 469//469
f 469//469 561//561 559//559
f 556//556 471//471 460//460
f 561//561 471//471 556//556
f 468//468 562//562 558//558
f 472//472 562//562 468//468
f 473//473 563//563 472//472
f 472//472 563//563 562//562
f 474//474 564//564 473//473
f 473//473 564//564 563//563
f 560//560 474//474 470//470
f 564//564 474//474 560//560
f 476//476 475//475 565//565
f 476//476 566//566 477//477
f 565//565 566//566 476//476
f 477//477 566//566 478//478
f 480//480 479//479 567//567
f 480//480 568//568 481//481
f 567//567 568//568 480//480
f 481//481 568//568 482//482
f 485//485 484//484 569//569
f 485//485 569//569 570//570
f 475//475 485//485 570//570
f 475//475 570//570 571//571
f 475//475 571//571 565//565
f 566//566 565//565 571//571
f 572//572 566//566 571//571
f 573//573 572//572 574//574
f 486//486 572//572 573//573
f 486//486 566//566 572//572
f 486//486 478//478 566//566
f 486//486 573//573 487//487
f 490//490 489//489 575//575
f 490//490 575//575 576//576
f 479//479 490//490 576//576
f 479//479 576//576 577//577
f 479//479 577//577 567//567
f 568//568 567//567 577//577
f 578//578 568//568 577//577
f 579//579 578//578 580//580
f 491//491 578//578 579//579
f 491//491 568//568 578//578
f 491//491 482//482 568//568
f 491//491 579//579 492//492
f 569//569 581//581 582//582
f 569//569 484//484 581//581
f 484//484 493//493 581//581
f 570//570 569//569 582//582
f 573//573 574//574 583//583
f 584//584 583//583 585//585
f 494//494 583//583 584//584
f 494//494 573//573 583//583
f 494//494 487//487 573//573
f 494//494 586//586 495//495
f 584//584 586//586 494//494
f 495//495 586//586 496//496
f 499//499 498//498 587//587
f 588//588 499//499 587//587
f 588//588 589//589 499//499
f 589//589 500//500 499//499
f 575//575 489//489 500//500
f 575//575 500//500 590//590
f 590//590 500//500 589//589
f 576//576 575//575 590//590
f 579//579 580//580 591//591
f 591//591 492//492 579//579
f 591//591 592//592 492//492
f 592//592 501//501 492//492
f 493//493 502//502 581//581
f 581//581 502//502 593//593
f 584//584 585//585 594//594
f 586//586 584//584 594//594
f 595//595 586//586 594//594
f 596//596 595//595 597//597
f 503//503 595//595 596//596
f 503//503 586//586 595//595
f 503//503 496//496 586//586
f 503//503 598//598 504//504
f 596//596 598//598 503//503
f 504//504 599//599 505//505
f 598//598 599//599 504//504
f 505//505 600//600 506//506
f 599//599 600//600 505//505
f 506//506 601//601 507//507
f 600//600 601//601 506//506
f 602//602 507//507 601//601
f 602//602 603//603 507//507
f 603//603 508//508 507//507
f 587//587 498//498 508//508
f 587//587 508//508 604//604
f 604//604 508//508 603//603
f 588//588 587//587 604//604
f 501//501 592//592 509//509
f 592//592 605//605 509//509
f 502//502 510//510 593//593
f 593//593 510//510 606//606
f 596//596 597//597 607//607
f 598//598 596//596 607//607
f 608//608 598//598 607//607
f 599//599 598//598 608//608
f 609//609 599//599 608//608
f 600//600 599//599 609//609
f 610//610 600//600 609//609
f 601//601 600//600 610//610
f 611//611 601//601 610//610
f 602//602 601//601 611//611
f 509//509 605//605 511//511
f 605//605 612//612 511//511
f 510//510 512//512 606//606
f 606//606 512//512 613//613
f 614//614 615//615 616//616
f 614//614 612//612 615//615
f 614//614 513//513 612//612
f 513//513 511//511 612//612
f 512//512 514//514 613//613
f 613//613 514//514 617//617
f 618//618 614//614 616//616
f 619//619 618//618 616//616
f 513//513 618//618 515//515
f 614//614 618//618 513//513
f 514//514 516//516 617//617
f 617//617 516//516 620//620
f 618//618 619//619 621//621
f 621//621 515//515 618//618
f 621//621 622//622 515//515
f 622//622 517//517 515//515
f 516//516 518//518 620//620
f 620//620 518//518 623//623
f 517//517 622//622 519//519
f 622//622 624//624 519//519
f 518//518 520//520 623//623
f 623//623 520//520 625//625
f 519//519 624//624 522//522
f 624//624 626//626 522//522
f 520//520 523//523 625//625
f 625//625 523//523 627//627
f 524//524 628//628 525//525
f 524//524 629//629 628//628
f 524//524 522//522 629//629
f 522//522 626//626 629//629
f 523//523 526//526 627//627
f 627//627 526//526 630//630
f 628//628 631//631 632//632
f 628//628 632//632 525//525
f 525//525 632//632 527//527
f 629//629 631//631 628//628
f 526//526 528//528 630//630
f 630//630 528//528 633//633
f 527//527 632//632 529//529
f 632//632 634//634 529//529
f 532//532 635//635 636//636
f 531//531 635//635 532//532
f 633//633 528//528 532//532
f 636//636 633//633 532//532
f 529//529 634//634 533//533
f 634//634 637//637 533//533
f 531//531 534//534 635//635
f 635//635 534//534 638//638
f 533//533 637//637 535//535
f 637//637 639//639 535//535
f 534//534 536//536 638//638
f 638//638 536//536 640//640
f 641//641 642//642 643//643
f 641//641 539//539 538//538
f 641//641 538//538 642//642
f 642//642 538//538 644//644
f 541//541 645//645 538//538
f 538//538 645//645 644//644
f 543//543 646//646 541//541
f 541//541 646//646 645//645
f 545//545 647//647 543//543
f 543//543 647//647 646//646
f 547//547 648//648 545//545
f 545//545 648//648 647//647
f 548//548 649//649 547//547
f 547//547 649//649 648//648
f 549//549 650//650 548//548
f 548//548 650//650 649//649
f 550//550 651//651 549//549
f 549//549 651//651 650//650
f 551//551 652//652 550//550
f 550//550 652//652 651//651
f 552//552 653//653 551//551
f 551//551 653//653 652//652
f 553//553 654//654 552//552
f 552//552 654//654 653//653
f 639//639 553//553 535//535
f 654//654 553//553 639//639
f 536//536 554//554 640//640
f 640//640 554//554 655//655
f 555//555 656//656 657//657
f 556//556 555//555 657//657
f 643//643 557//557 641//641
f 643//643 656//656 557//557
f 656//656 555//555 557//557
f 539//539 641//641 557//557
f 554//554 558//558 655//655
f 655//655 558//558 658//658
f 559//559 659//659 660//660
f 560//560 559//559 660//660
f 561//561 661//661 559//559
f 559//559 661//661 659//659
f 657//657 561//561 556//556
f 661//661 561//561 657//657
f 558//558 662//662 658//658
f 562//562 662//662 558//558
f 563//563 663//663 562//562
f 562//562 663//663 662//662
f 564//564 664//664 563//563
f 563//563 664//664 663//663
f 660//660 564//564 560//560
f 664//664 564//564 660//660
f 571//571 570//570 665//665
f 571//571 666//666 572//572
f 665//665 666//666 571//571
f 572//572 666//666 574//574
f 577//577 576//576 667//667
f 577//577 668//668 578//578
f 667//667 668//668 577//577
f 578//578 668//668 580//580
f 582//582 581//581 669//669
f 582//582 665//665 570//570
f 582//582 669//669 665//665
f 669//669 670//670 665//665
f 666//666 665//665 671//671
f 671//671 665//665 670//670
f 574//574 672//672 583//583
f 574//574 666//666 672//672
f 666//666 671//671 672//672
f 583//583 672//672 585//585
f 589//589 588//588 673//673
f 674//674 589//589 673//673
f 674//674 675//675 589//589
f 675//675 590//590 589//589
f 667//667 576//576 590//590
f 667//667 590//590 676//676
f 676//676 590//590 675//675
f 668//668 667//667 676//676
f 677//677 668//668 676//676
f 678//678 677//677 679//679
f 591//591 677//677 678//678
f 591//591 668//668 677//677
f 591//591 580//580 668//668
f 591//591 678//678 592//592
f 669//669 593//593 680//680
f 581//581 593//593 669//669
f 681//681 682//682 670//670
f 681//681 670//670 680//680
f 680//680 670//670 669//669
f 671//671 670//670 682//682
f 683//683 671//671 682//682
f 672//672 671//671 683//683
f 684//684 672//672 683//683
f 585//585 672//672 684//684
f 585//585 684//684 594//594
f 594//594 684//684 685//685
f 686//686 685//685 687//687
f 686//686 595//595 685//685
f 595//595 594//594 685//685
f 595//595 686//686 597//597
f 603//603 602//602 688//688
f 603//603 689//689 604//604
f 688//688 689//689 603//603
f 604//604 689//689 690//690
f 588//588 604//604 690//690
f 588//588 690//690 691//691
f 588//588 691//691 673//673
f 674//674 673//673 691//691
f 692//692 678//678 679//679
f 693//693 692//692 679//679
f 592//592 692//692 605//605
f 678//678 692//692 592//592
f 680//680 694//694 695//695
f 680//680 593//593 694//694
f 593//593 606//606 694//694
f 681//681 680//680 695//695
f 686//686 687//687 696//696
f 597//597 686//686 696//696
f 597//597 696//696 607//607
f 607//607 696//696 697//697
f 608//608 607//607 698//698
f 607//607 697//697 698//698
f 609//609 608//608 699//699
f 608//608 698//698 699//699
f 610//610 609//609 700//700
f 609//609 699//699 700//700
f 611//611 610//610 701//701
f 610//610 700//700 701//701
f 688//688 602//602 611//611
f 688//688 611//611 702//702
f 702//702 611//611 701//701
f 689//689 688//688 702//702
f 703//703 689//689 702//702
f 690//690 689//689 703//703
f 704//704 692//692 693//693
f 705//705 704//704 693//693
f 605//605 704//704 612//612
f 692//692 704//704 605//605
f 606//606 613//613 694//694
f 694//694 613//613 706//706
f 615//615 704//704 705//705
f 615//615 705//705 616//616
f 616//616 705//705 707//707
f 612//612 704//704 615//615
f 708//708 709//709 710//710
f 708//708 710//710 706//706
f 708//708 706//706 617//617
f 617//617 706//706 613//613
f 616//616 707//707 619//619
f 707//707 711//711 619//619
f 712//712 709//709 708//708
f 713//713 709//709 712//712
f 617//617 620//620 712//712
f 708//708 617//617 712//712
f 619//619 711//711 714//714
f 621//621 619//619 714//714
f 714//714 622//622 621//621
f 715//715 622//622 714//714
f 716//716 713//713 712//712
f 717//717 713//713 716//716
f 620//620 623//623 716//716
f 712//712 620//620 716//716
f 622//622 715//715 624//624
f 715//715 718//718 624//624
f 716//716 719//719 717//717
f 719//719 716//716 623//623
f 719//719 623//623 720//720
f 720//720 623//623 625//625
f 624//624 718//718 626//626
f 718//718 721//721 626//626
f 625//625 627//627 720//720
f 720//720 627//627 722//722
f 626//626 721//721 629//629
f 721//721 723//723 629//629
f 627//627 630//630 722//722
f 722//722 630//630 724//724
f 631//631 725//725 726//726
f 632//632 631//631 726//726
f 723//723 631//631 629//629
f 725//725 631//631 723//723
f 727//727 728//728 729//729
f 727//727 729//729 724//724
f 727//727 724//724 633//633
f 633//633 724//724 630//630
f 632//632 726//726 634//634
f 726//726 730//730 634//634
f 636//636 728//728 727//727
f 636//636 635//635 728//728
f 635//635 731//731 728//728
f 633//633 636//636 727//727
f 634//634 730//730 637//637
f 730//730 732//732 637//637
f 635//635 638//638 731//731
f 731//731 638//638 733//733
f 734//734 735//735 736//736
f 734//734 737//737 738//738
f 735//735 734//734 738//738
f 737//737 739//739 740//740
f 738//738 737//737 740//740
f 739//739 741//741 742//742
f 740//740 739//739 742//742
f 741//741 743//743 744//744
f 742//742 741//741 744//744
f 743//743 745//745 746//746
f 744//744 743//743 746//746
f 745//745 747//747 748//748
f 746//746 745//745 748//748
f 747//747 749//749 750//750
f 748//748 747//747 750//750
f 749//749 751//751 752//752
f 750//750 749//749 752//752
f 751//751 753//753 754//754
f 752//752 751//751 754//754
f 753//753 755//755 756//756
f 754//754 753//753 756//756
f 755//755 732//732 756//756
f 755//755 639//639 732//732
f 639//639 637//637 732//732
f 638//638 640//640 733//733
f 733//733 640//640 757//757
f 758//758 759//759 760//760
f 758//758 643//643 642//642
f 758//758 642//642 759//759
f 759//759 642//642 761//761
f 736//736 644//644 734//734
f 736//736 761//761 644//644
f 761//761 642//642 644//644
f 645//645 734//734 644//644
f 737//737 734//734 645//645
f 646//646 737//737 645//645
f 739//739 737//737 646//646
f 647//647 739//739 646//646
f 741//741 739//739 647//647
f 648//648 741//741 647//647
f 743//743 741//741 648//648
f 649//649 743//743 648//648
f 745//745 743//743 649//649
f 650//650 745//745 649//649
f 747//747 745//745 650//650
f 651//651 747//747 650//650
f 749//749 747//747 651//651
f 652//652 749//749 651//651
f 751//751 749//749 652//652
f 653//653 751//751 652//652
f 753//753 751//751 653//653
f 654//654 753//753 653//653
f 755//755 753//753 654//654
f 639//639 755//755 654//654
f 640//640 655//655 757//757
f 757//757 655//655 762//762
f 763//763 764//764 765//765
f 760//760 764//764 763//763
f 758//758 760//760 763//763
f 758//758 763//763 657//657
f 758//758 657//657 656//656
f 643//643 758//758 656//656
f 655//655 658//658 762//762
f 762//762 658//658 766//766
f 659//659 767//767 768//768
f 660//660 659//659 768//768
f 765//765 661//661 763//763
f 765//765 767//767 661//661
f 767//767 659//659 661//661
f 657//657 763//763 661//661
f 658//658 769//769 766//766
f 662//662 769//769 658//658
f 663//663 770//770 662//662
f 662//662 770//770 769//769
f 664//664 771//771 663//663
f 663//663 771//771 770//770
f 768//768 664//664 660//660
f 771//771 664//664 768//768
f 675//675 674//674 772//772
f 675//675 773//773 676//676
f 772//772 773//773 675//675
f 676//676 774//774 677//677
f 773//773 774//774 676//676
f 677//677 774//774 679//679
f 682//682 681//681 775//775
f 682//682 776//776 683//683
f 775//775 776//776 682//682
f 683//683 777//777 684//684
f 776//776 777//777 683//683
f 684//684 778//778 685//685
f 777//777 778//778 684//684
f 685//685 778//778 687//687
f 691//691 690//690 779//779
f 691//691 779//779 780//780
f 674//674 691//691 780//780
f 674//674 780//780 781//781
f 674//674 781//781 772//772
f 773//773 772//772 781//781
f 782//782 773//773 781//781
f 782//782 783//783 784//784
f 782//782 784//784 773//773
f 773//773 784//784 774//774
f 679//679 784//784 693//693
f 774//774 784//784 679//679
f 695//695 694//694 785//785
f 695//695 785//785 786//786
f 681//681 695//695 786//786
f 681//681 786//786 787//787
f 681//681 787//787 775//775
f 776//776 775//775 787//787
f 788//788 776//776 787//787
f 777//777 776//776 788//788
f 789//789 777//777 788//788
f 778//778 777//777 789//789
f 790//790 778//778 789//789
f 687//687 778//778 790//790
f 687//687 790//790 696//696
f 696//696 790//790 791//791
f 697//697 696//696 792//792
f 696//696 791//791 792//792
f 793//793 792//792 794//794
f 793//793 698//698 792//792
f 698//698 697//697 792//792
f 698//698 795//795 699//699
f 793//793 795//795 698//698
f 699//699 796//796 700//700
f 795//795 796//796 699//699
f 700//700 797//797 701//701
f 796//796 797//797 700//700
f 798//798 701//701 797//797
f 798//798 799//799 701//701
f 799//799 702//702 701//701
f 703//703 702//702 800//800
f 702//702 799//799 800//800
f 779//779 690//690 703//703
f 779//779 703//703 801//801
f 801//801 703//703 800//800
f 780//780 779//779 801//801
f 784//784 783//783 802//802
f 802//802 693//693 784//784
f 802//802 803//803 693//693
f 803//803 705//705 693//693
f 785//785 804//804 805//805
f 785//785 694//694 804//804
f 694//694 706//706 804//804
f 786//786 785//785 805//805
f 793//793 794//794 806//806
f 795//795 793//793 806//806
f 807//807 795//795 806//806
f 796//796 795//795 807//807
f 808//808 796//796 807//807
f 797//797 796//796 808//808
f 809//809 797//797 808//808
f 798//798 797//797 809//809
f 705//705 803//803 707//707
f 803//803 810//810 707//707
f 710//710 709//709 811//811
f 710//710 811//811 812//812
f 710//710 812//812 706//706
f 706//706 812//812 804//804
f 707//707 810//810 711//711
f 810//810 813//813 711//711
f 811//811 814//814 815//815
f 811//811 709//709 814//814
f 709//709 713//713 814//814
f 812//812 811//811 815//815
f 711//711 813//813 816//816
f 714//714 711//711 816//816
f 816//816 715//715 714//714
f 817//817 715//715 816//816
f 713//713 717//717 814//814
f 814//814 717//717 818//818
f 715//715 817//817 718//718
f 817//817 819//819 718//718
f 820//820 717//717 719//719
f 820//820 821//821 717//717
f 821//821 818//818 717//717
f 719//719 720//720 820//820
f 718//718 819//819 721//721
f 819//819 822//822 721//721
f 823//823 821//821 820//820
f 824//824 821//821 823//823
f 720//720 722//722 823//823
f 820//820 720//720 823//823
f 721//721 822//822 723//723
f 822//822 825//825 723//723
f 826//826 824//824 823//823
f 827//827 824//824 826//826
f 722//722 724//724 826//826
f 823//823 722//722 826//826
f 725//725 828//828 829//829
f 726//726 725//725 829//829
f 825//825 725//725 723//723
f 828//828 725//725 825//825
f 729//729 827//827 826//826
f 729//729 728//728 827//827
f 728//728 830//830 827//827
f 724//724 729//729 826//826
f 726//726 829//829 730//730
f 829//829 831//831 730//730
f 728//728 731//731 830//830
f 830//830 731//731 832//832
f 833//833 834//834 835//835
f 833//833 831//831 834//834
f 833//833 732//732 831//831
f 732//732 730//730 831//831
f 731//731 733//733 832//832
f 832//832 733//733 836//836
f 735//735 837//837 838//838
f 736//736 735//735 838//838
f 738//738 839//839 735//735
f 735//735 839//839 837//837
f 740//740 840//840 738//738
f 738//738 840//840 839//839
f 742//742 841//841 740//740
f 740//740 841//841 840//840
f 744//744 842//842 742//742
f 742//742 842//842 841//841
f 746//746 843//843 744//744
f 744//744 843//843 842//842
f 748//748 844//844 746//746
f 746//746 844//844 843//843
f 750//750 845//845 748//748
f 748//748 845//845 844//844
f 752//752 846//846 750//750
f 750//750 846//846 845//845
f 754//754 847//847 752//752
f 752//752 847//847 846//846
f 835//835 756//756 833//833
f 835//835 847//847 756//756
f 847//847 754//754 756//756
f 732//732 833//833 756//756
f 848//848 849//849 850//850
f 848//848 850//850 836//836
f 848//848 836//836 757//757
f 757//757 836//836 733//733
f 759//759 851//851 760//760
f 852//852 851//851 759//759
f 852//852 759//759 853//853
f 853//853 759//759 761//761
f 838//838 761//761 736//736
f 853//853 761//761 838//838
f 854//854 849//849 848//848
f 855//855 849//849 854//854
f 757//757 762//762 854//854
f 848//848 757//757 854//854
f 764//764 856//856 857//857
f 765//765 764//764 857//857
f 851//851 764//764 760//760
f 851//851 858//858 764//764
f 858//858 856//856 764//764
f 852//852 858//858 851//851
f 854//854 859//859 855//855
f 859//859 854//854 762//762
f 859//859 762//762 860//860
f 860//860 762//762 766//766
f 767//767 861//861 862//862
f 768//768 767//767 862//862
f 857//857 767//767 765//765
f 861//861 767//767 857//857
f 766//766 863//863 860//860
f 769//769 863//863 766//766
f 770//770 864//864 769//769
f 769//769 864//864 863//863
f 771//771 865//865 770//770
f 770//770 865//865 864//864
f 862//862 771//771 768//768
f 865//865 771//771 862//862
f 781//781 780//780 866//866
f 781//781 867//867 782//782
f 866//866 867//867 781//781
f 782//782 867//867 783//783
f 787//787 786//786 868//868
f 787//787 869//869 788//788
f 868//868 869//869 787//787
f 788//788 870//870 789//789
f 869//869 870//870 788//788
f 789//789 871//871 790//790
f 870//870 871//871 789//789
f 790//790 872//872 791//791
f 871//871 872//872 790//790
f 791//791 873//873 792//792
f 872//872 873//873 791//791
f 792//792 873//873 794//794
f 799//799 798//798 874//874
f 875//875 799//799 874//874
f 875//875 876//876 799//799
f 876//876 800//800 799//799
f 801//801 800//800 877//877
f 800//800 876//876 877//877
f 866//866 780//780 801//801
f 866//866 801//801 878//878
f 878//878 801//801 877//877
f 867//867 866//866 878//878
f 879//879 867//867 878//878
f 880//880 879//879 881//881
f 802//802 879//879 880//880
f 802//802 867//867 879//879
f 802//802 783//783 867//867
f 802//802 880//880 803//803
f 805//805 882//882 883//883
f 804//804 882//882 805//805
f 868//868 786//786 805//805
f 868//868 805//805 884//884
f 884//884 805//805 883//883
f 869//869 868//868 884//884
f 885//885 869//869 884//884
f 870//870 869//869 885//885
f 886//886 870//870 885//885
f 871//871 870//870 886//886
f 887//887 871//871 886//886
f 872//872 871//871 887//887
f 888//888 872//872 887//887
f 873//873 872//872 888//888
f 889//889 873//873 888//888
f 794//794 873//873 889//889
f 794//794 889//889 806//806
f 806//806 889//889 890//890
f 807//807 806//806 891//891
f 806//806 890//890 891//891
f 808//808 807//807 892//892
f 807//807 891//891 892//892
f 809//809 808//808 893//893
f 808//808 892//892 893//893
f 874//874 798//798 809//809
f 874//874 809//809 894//894
f 894//894 809//809 893//893
f 875//875 874//874 894//894
f 880//880 881//881 895//895
f 895//895 803//803 880//880
f 895//895 896//896 803//803
f 896//896 810//810 803//803
f 804//804 812//812 882//882
f 882//882 812//812 897//897
f 810//810 896//896 813//813
f 896//896 898//898 813//813
f 815//815 899//899 900//900
f 814//814 899//899 815//815
f 897//897 812//812 815//815
f 900//900 897//897 815//815
f 813//813 898//898 901//901
f 816//816 813//813 901//901
f 901//901 817//817 816//816
f 902//902 817//817 901//901
f 814//814 818//818 899//899
f 899//899 818//818 903//903
f 817//817 902//902 819//819
f 902//902 904//904 819//819
f 818//818 821//821 903//903
f 903//903 821//821 905//905
f 819//819 904//904 822//822
f 904//904 906//906 822//822
f 821//821 824//824 905//905
f 905//905 824//824 907//907
f 822//822 906//906 825//825
f 906//906 908//908 825//825
f 824//824 827//827 907//907
f 907//907 827//827 909//909
f 828//828 910//910 911//911
f 829//829 828//828 911//911
f 908//908 828//828 825//825
f 910//910 828//828 908//908
f 827//827 830//830 909//909
f 909//909 830//830 912//912
f 829//829 911//911 831//831
f 911//911 913//913 831//831
f 830//830 832//832 912//912
f 912//912 832//832 914//914
f 915//915 916//916 917//917
f 915//915 918//918 919//919
f 916//916 915//915 919//919
f 919//919 918//918 920//920
f 834//834 921//921 922//922
f 835//835 834//834 922//922
f 913//913 834//834 831//831
f 921//921 834//834 913//913
f 923//923 924//924 925//925
f 923//923 925//925 914//914
f 923//923 914//914 836//836
f 836//836 914//914 832//832
f 837//837 926//926 927//927
f 838//838 837//837 927//927
f 839//839 928//928 837//837
f 837//837 928//928 926//926
f 840//840 929//929 839//839
f 839//839 929//929 928//928
f 841//841 930//930 840//840
f 840//840 930//930 929//929
f 917//917 842//842 915//915
f 917//917 930//930 842//842
f 930//930 841//841 842//842
f 843//843 915//915 842//842
f 918//918 915//915 843//843
f 918//918 931//931 920//920
f 918//918 843//843 931//931
f 843//843 844//844 931//931
f 845//845 932//932 844//844
f 844//844 932//932 931//931
f 846//846 933//933 845//845
f 845//845 933//933 932//932
f 847//847 934//934 846//846
f 846//846 934//934 933//933
f 922//922 847//847 835//835
f 934//934 847//847 922//922
f 850//850 924//924 923//923
f 850//850 849//849 924//924
f 849//849 935//935 924//924
f 836//836 850//850 923//923
f 853//853 936//936 937//937
f 852//852 853//853 937//937
f 927//927 853//853 838//838
f 936//936 853//853 927//927
f 849//849 855//855 935//935
f 935//935 855//855 938//938
f 856//856 939//939 940//940
f 857//857 856//856 940//940
f 858//858 941//941 856//856
f 856//856 941//941 939//939
f 937//937 858//858 852//852
f 941//941 858//858 937//937
f 942//942 855//855 859//859
f 942//942 943//943 855//855
f 943//943 938//938 855//855
f 859//859 860//860 942//942
f 861//861 944//944 945//945
f 862//862 861//861 945//945
f 940//940 861//861 857//857
f 944//944 861//861 940//940
f 942//942 946//946 943//943
f 860//860 946//946 942//942
f 860//860 863//863 946//946
f 863//863 947//947 946//946
f 864//864 948//948 863//863
f 863//863 948//948 947//947
f 865//865 949//949 864//864
f 864//864 949//949 948//948
f 945//945 865//865 862//862
f 949//949 865//865 945//945
f 876//876 950//950 951//951
f 875//875 950//950 876//876
f 877//877 876//876 952//952
f 876//876 951//951 952//952
f 878//878 877//877 953//953
f 877//877 952//952 953//953
f 879//879 878//878 954//954
f 878//878 953//953 954//954
f 954//954 881//881 879//879
f 955//955 881//881 954//954
f 883//883 882//882 956//956
f 883//883 957//957 884//884
f 956//956 957//957 883//883
f 958//958 884//884 957//957
f 958//958 959//959 884//884
f 959//959 885//885 884//884
f 886//886 885//885 960//960
f 885//885 959//959 960//960
f 887//887 886//886 961//961
f 886//886 960//960 961//961
f 888//888 887//887 962//962
f 887//887 961//961 962//962
f 889//889 888//888 963//963
f 888//888 962//962 963//963
f 890//890 889//889 964//964
f 889//889 963//963 964//964
f 891//891 890//890 965//965
f 890//890 964//964 965//965
f 892//892 891//891 966//966
f 891//891 965//965 966//966
f 893//893 892//892 967//967
f 892//892 966//966 967//967
f 894//894 893//893 968//968
f 893//893 967//967 968//968
f 950//950 875//875 894//894
f 968//968 950//950 894//894
f 881//881 955//955 969//969
f 895//895 881//881 969//969
f 969//969 896//896 895//895
f 970//970 896//896 969//969
f 956//956 971//971 972//972
f 956//956 882//882 971//971
f 882//882 897//897 971//971
f 957//957 956//956 972//972
f 973//973 957//957 972//972
f 958//958 957//957 973//973
f 896//896 970//970 898//898
f 970//970 974//974 898//898
f 900//900 975//975 976//976
f 899//899 975//975 900//900
f 971//971 897//897 900//900
f 976//976 971//971 900//900
f 898//898 974//974 977//977
f 901//901 898//898 977//977
f 977//977 902//902 901//901
f 978//978 902//902 977//977
f 899//899 903//903 975//975
f 975//975 903//903 979//979
f 902//902 978//978 904//904
f 978//978 980//980 904//904
f 903//903 905//905 979//979
f 979//979 905//905 981//981
f 904//904 980//980 906//906
f 980//980 982//982 906//906
f 905//905 907//907 981//981
f 981//981 907//907 983//983
f 906//906 982//982 908//908
f 982//982 984//984 908//908
f 907//907 909//909 983//983
f 983//983 909//909 985//985
f 910//910 986//986 911//911
f 910//910 987//987 986//986
f 910//910 908//908 987//987
f 908//908 984//984 987//987
f 909//909 912//912 985//985
f 985//985 912//912 988//988
f 986//986 989//989 990//990
f 986//986 990//990 911//911
f 911//911 990//990 913//913
f 987//987 989//989 986//986
f 991//991 992//992 993//993
f 991//991 993//993 988//988
f 991//991 988//988 914//914
f 914//914 988//988 912//912
f 916//916 994//994 995//995
f 917//917 916//916 995//995
f 996//996 997//997 994//994
f 996//996 994//994 919//919
f 919//919 994//994 916//916
f 919//919 920//920 996//996
f 921//921 998//998 922//922
f 921//921 999//999 998//998
f 921//921 913//913 999//999
f 913//913 990//990 999//999
f 925//925 992//992 991//991
f 925//925 924//924 992//992
f 924//924 1000//1000 992//992
f 914//914 925//925 991//991
f 926//926 1001//1001 927//927
f 1002//1002 1001//1001 926//926
f 1002//1002 926//926 1003//1003
f 1003//1003 926//926 928//928
f 929//929 1004//1004 928//928
f 928//928 1004//1004 1003//1003
f 930//930 1005//1005 929//929
f 929//929 1005//1005 1004//1004
f 995//995 930//930 917//917
f 1005//1005 930//930 995//995
f 996//996 1006//1006 997//997
f 920//920 1006//1006 996//996
f 920//920 931//931 1006//1006
f 931//931 1007//1007 1006//1006
f 932//932 1008//1008 931//931
f 931//931 1008//1008 1007//1007
f 933//933 1009//1009 932//932
f 932//932 1009//1009 1008//1008
f 934//934 1010//1010 933//933
f 933//933 1010//1010 1009//1009
f 998//998 934//934 922//922
f 998//998 1011//1011 934//934
f 1011//1011 1010//1010 934//934
f 999//999 1011//1011 998//998
f 924//924 935//935 1000//1000
f 1000//1000 935//935 1012//1012
f 936//936 1013//1013 1014//1014
f 937//937 936//936 1014//1014
f 1001//1001 936//936 927//927
f 1001//1001 1015//1015 936//936
f 1015//1015 1013//1013 936//936
f 1002//1002 1015//1015 1001//1001
f 935//935 938//938 1012//1012
f 1012//1012 938//938 1016//1016
f 939//939 1017//1017 940//940
f 1018//1018 1017//1017 939//939
f 1018//1018 939//939 1019//1019
f 1019//1019 939//939 941//941
f 1014//1014 941//941 937//937
f 1019//1019 941//941 1014//1014
f 938//938 943//943 1016//1016
f 1016//1016 943//943 1020//1020
f 944//944 1021//1021 1022//1022
f 945//945 944//944 1022//1022
f 1017//1017 944//944 940//940
f 1017//1017 1023//1023 944//944
f 1023//1023 1021//1021 944//944
f 1018//1018 1023//1023 1017//1017
f 943//943 1024//1024 1020//1020
f 946//946 1024//1024 943//943
f 947//947 1025//1025 946//946
f 946//946 1025//1025 1024//1024
f 948//948 1026//1026 947//947
f 947//947 1026//1026 1025//1025
f 949//949 1027//1027 948//948
f 948//948 1027//1027 1026//1026
f 1022//1022 949//949 945//945
f 1027//1027 949//949 1022//1022
f 951//951 950//950 1028//1028
f 1029//1029 951//951 1028//1028
f 1029//1029 1030//1030 951//951
f 1030//1030 952//952 951//951
f 953//953 952//952 1031//1031
f 952//952 1030//1030 1031//1031
f 954//954 953//953 1032//1032
f 953//953 1031//1031 1032//1032
f 1032//1032 955//955 954//954
f 1033//1033 955//955 1032//1032
f 959//959 1034//1034 1035//1035
f 958//958 1034//1034 959//959
f 960//960 959//959 1036//1036
f 959//959 1035//1035 1036//1036
f 961//961 960//960 1037//1037
f 960//960 1036//1036 1037//1037
f 962//962 961//961 1038//1038
f 961//961 1037//1037 1038//1038
f 963//963 962//962 1039//1039
f 962//962 1038//1038 1039//1039
f 964//964 963//963 1040//1040
f 963//963 1039//1039 1040//1040
f 965//965 964//964 1041//1041
f 964//964 1040//1040 1041//1041
f 966//966 965//965 1042//1042
f 965//965 1041//1041 1042//1042
f 967//967 966//966 1043//1043
f 966//966 1042//1042 1043//1043
f 968//968 967//967 1044//1044
f 967//967 1043//1043 1044//1044
f 1028//1028 950//950 968//968
f 1028//1028 968//968 1045//1045
f 1045//1045 968//968 1044//1044
f 1029//1029 1028//1028 1045//1045
f 955//955 1033//1033 1046//1046
f 969//969 955//955 1046//1046
f 1046//1046 970//970 969//969
f 1047//1047 970//970 1046//1046
f 972//972 1048//1048 1049//1049
f 971//971 1048//1048 972//972
f 973//973 972//972 1050//1050
f 972//972 1049//1049 1050//1050
f 1034//1034 958//958 973//973
f 1050//1050 1034//1034 973//973
f 970//970 1047//1047 974//974
f 1047//1047 1051//1051 974//974
f 976//976 1052//1052 1053//1053
f 975//975 1052//1052 976//976
f 1048//1048 971//971 976//976
f 1053//1053 1048//1048 976//976
f 974//974 1051//1051 1054//1054
f 977//977 974//974 1054//1054
f 1054//1054 978//978 977//977
f 1055//1055 978//978 1054//1054
f 975//975 979//979 1052//1052
f 1052//1052 979//979 1056//1056
f 978//978 1055//1055 980//980
f 1055//1055 1057//1057 980//980
f 979//979 981//981 1056//1056
f 1056//1056 981//981 1058//1058
f 980//980 1057//1057 982//982
f 1057//1057 1059//1059 982//982
f 981//981 983//983 1058//1058
f 1058//1058 983//983 1060//1060
f 982//982 1059//1059 984//984
f 1059//1059 1061//1061 984//984
f 1062//1062 1063//1063 1064//1064
f 1062//1062 1064//1064 1060//1060
f 1062//1062 1060//1060 985//985
f 985//985 1060//1060 983//983
f 984//984 1061//1061 987//987
f 1061//1061 1065//1065 987//987
f 1066//1066 1063//1063 1062//1062
f 1067//1067 1063//1063 1066//1066
f 985//985 988//988 1066//1066
f 1062//1062 985//985 1066//1066
f 989//989 1068//1068 1069//1069
f 990//990 989//989 1069//1069
f 1065//1065 989//989 987//987
f 1068//1068 989//989 1065//1065
f 993//993 1067//1067 1066//1066
f 993//993 992//992 1067//1067
f 992//992 1070//1070 1067//1067
f 988//988 993//993 1066//1066
f 994//994 1071//1071 995//995
f 994//994 997//997 1071//1071
f 990//990 1069//1069 999//999
f 1069//1069 1072//1072 999//999
f 992//992 1000//1000 1070//1070
f 1070//1070 1000//1000 1073//1073
f 1003//1003 1074//1074 1002//1002
f 1075//1075 1074//1074 1003//1003
f 1075//1075 1003//1003 1076//1076
f 1076//1076 1003//1003 1004//1004
f 1005//1005 1077//1077 1004//1004
f 1004//1004 1077//1077 1076//1076
f 1071//1071 1005//1005 995//995
f 1071//1071 1078//1078 1005//1005
f 1078//1078 1077//1077 1005//1005
f 997//997 1078//1078 1071//1071
f 997//997 1006//1006 1078//1078
f 1006//1006 1079//1079 1078//1078
f 1007//1007 1080//1080 1006//1006
f 1006//1006 1080//1080 1079//1079
f 1008//1008 1081//1081 1007//1007
f 1007//1007 1081//1081 1080//1080
f 1082//1082 1083//1083 1081//1081
f 1082//1082 1081//1081 1009//1009
f 1009//1009 1081//1081 1008//1008
f 1009//1009 1010//1010 1084//1084
f 1082//1082 1009//1009 1084//1084
f 1085//1085 1084//1084 1010//1010
f 1085//1085 1010//1010 1086//1086
f 1086//1086 1010//1010 1011//1011
f 1072//1072 1011//1011 999//999
f 1086//1086 1011//1011 1072//1072
f 1000//1000 1012//1012 1073//1073
f 1073//1073 1012//1012 1087//1087
f 1013//1013 1088//1088 1014//1014
f 1089//1089 1088//1088 1013//1013
f 1089//1089 1013//1013 1090//1090
f 1090//1090 1013//1013 1015//1015
f 1074//1074 1015//1015 1002//1002
f 1074//1074 1091//1091 1015//1015
f 1091//1091 1090//1090 1015//1015
f 1075//1075 1091//1091 1074//1074
f 1082//1082 1092//1092 1083//1083
f 1084//1084 1092//1092 1082//1082
f 1093//1093 1092//1092 1084//1084
f 1085//1085 1093//1093 1084//1084
f 1012//1012 1016//1016 1087//1087
f 1087//1087 1016//1016 1094//1094
f 1019//1019 1095//1095 1096//1096
f 1018//1018 1019//1019 1096//1096
f 1088//1088 1019//1019 1014//1014
f 1088//1088 1097//1097 1019//1019
f 1097//1097 1095//1095 1019//1019
f 1089//1089 1097//1097 1088//1088
f 1016//1016 1020//1020 1094//1094
f 1094//1094 1020//1020 1098//1098
f 1021//1021 1099//1099 1100//1100
f 1022//1022 1021//1021 1100//1100
f 1023//1023 1101//1101 1021//1021
f 1021//1021 1101//1101 1099//1099
f 1096//1096 1023//1023 1018//1018
f 1101//1101 1023//1023 1096//1096
f 1020//1020 1102//1102 1098//1098
f 1024//1024 1102//1102 1020//1020
f 1025//1025 1103//1103 1024//1024
f 1024//1024 1103//1103 1102//1102
f 1026//1026 1104//1104 1025//1025
f 1025//1025 1104//1104 1103//1103
f 1027//1027 1105//1105 1026//1026
f 1026//1026 1105//1105 1104//1104
f 1100//1100 1027//1027 1022//1022
f 1105//1105 1027//1027 1100//1100
f 1030//1030 1106//1106 1107//1107
f 1029//1029 1106//1106 1030//1030
f 1031//1031 1030//1030 1108//1108
f 1030//1030 1107//1107 1108//1108
f 1032//1032 1031//1031 1109//1109
f 1031//1031 1108//1108 1109//1109
f 1109//1109 1033//1033 1032//1032
f 1110//1110 1033//1033 1109//1109
f 1035//1035 1111//1111 1112//1112
f 1034//1034 1111//1111 1035//1035
f 1036//1036 1035//1035 1113//1113
f 1035//1035 1112//1112 1113//1113
f 1037//1037 1036//1036 1114//1114
f 1036//1036 1113//1113 1114//1114
f 1038//1038 1037//1037 1115//1115
f 1037//1037 1114//1114 1115//1115
f 1039//1039 1038//1038 1116//1116
f 1038//1038 1115//1115 1116//1116
f 1040//1040 1039//1039 1117//1117
f 1039//1039 1116//1116 1117//1117
f 1041//1041 1040//1040 1118//1118
f 1040//1040 1117//1117 1118//1118
f 1042//1042 1041//1041 1119//1119
f 1041//1041 1118//1118 1119//1119
f 1043//1043 1042//1042 1120//1120
f 1042//1042 1119//1119 1120//1120
f 1044//1044 1043//1043 1121//1121
f 1043//1043 1120//1120 1121//1121
f 1045//1045 1044//1044 1122//1122
f 1044//1044 1121//1121 1122//1122
f 1106//1106 1029//1029 1045//1045
f 1122//1122 1106//1106 1045//1045
f 1033//1033 1110//1110 1123//1123
f 1046//1046 1033//1033 1123//1123
f 1123//1123 1047//1047 1046//1046
f 1124//1124 1047//1047 1123//1123
f 1049//1049 1125//1125 1126//1126
f 1048//1048 1125//1125 1049//1049
f 1050//1050 1049//1049 1127//1127
f 1049//1049 1126//1126 1127//1127
f 1111//1111 1034//1034 1050//1050
f 1127//1127 1111//1111 1050//1050
f 1047//1047 1124//1124 1051//1051
f 1124//1124 1128//1128 1051//1051
f 1053//1053 1129//1129 1130//1130
f 1052//1052 1129//1129 1053//1053
f 1125//1125 1048//1048 1053//1053
f 1130//1130 1125//1125 1053//1053
f 1051//1051 1128//1128 1131//1131
f 1054//1054 1051//1051 1131//1131
f 1131//1131 1055//1055 1054//1054
f 1132//1132 1055//1055 1131//1131
f 1052//1052 1056//1056 1129//1129
f 1129//1129 1056//1056 1133//1133
f 1055//1055 1132//1132 1057//1057
f 1132//1132 1134//1134 1057//1057
f 1135//1135 1136//1136 1137//1137
f 1135//1135 1137//1137 1133//1133
f 1135//1135 1133//1133 1058//1058
f 1058//1058 1133//1133 1056//1056
f 1057//1057 1134//1134 1059//1059
f 1134//1134 1138//1138 1059//1059
f 1139//1139 1136//1136 1135//1135
f 1140//1140 1136//1136 1139//1139
f 1058//1058 1060//1060 1139//1139
f 1135//1135 1058//1058 1139//1139
f 1059//1059 1138//1138 1061//1061
f 1138//1138 1141//1141 1061//1061
f 1064//1064 1140//1140 1139//1139
f 1064//1064 1063//1063 1140//1140
f 1063//1063 1142//1142 1140//1140
f 1060//1060 1064//1064 1139//1139
f 1143//1143 1144//1144 1145//1145
f 1143//1143 1141//1141 1144//1144
f 1143//1143 1065//1065 1141//1141
f 1065//1065 1061//1061 1141//1141
f 1063//1063 1067//1067 1142//1142
f 1142//1142 1067//1067 1146//1146
f 1068//1068 1143//1143 1145//1145
f 1068//1068 1145//1145 1069//1069
f 1069//1069 1145//1145 1147//1147
f 1065//1065 1143//1143 1068//1068
f 1067//1067 1070//1070 1146//1146
f 1146//1146 1070//1070 1148//1148
f 1069//1069 1147//1147 1072//1072
f 1147//1147 1149//1149 1072//1072
f 1070//1070 1073//1073 1148//1148
f 1148//1148 1073//1073 1150//1150
f 1076//1076 1151//1151 1075//1075
f 1152//1152 1151//1151 1076//1076
f 1152//1152 1076//1076 1153//1153
f 1153//1153 1076//1076 1077//1077
f 1078//1078 1154//1154 1077//1077
f 1077//1077 1154//1154 1153//1153
f 1079//1079 1155//1155 1078//1078
f 1078//1078 1155//1155 1154//1154
f 1156//1156 1157//1157 1155//1155
f 1156//1156 1155//1155 1080//1080
f 1080//1080 1155//1155 1079//1079
f 1080//1080 1081//1081 1158//1158
f 1156//1156 1080//1080 1158//1158
f 1081//1081 1083//1083 1158//1158
f 1086//1086 1159//1159 1160//1160
f 1085//1085 1086//1086 1160//1160
f 1149//1149 1086//1086 1072//1072
f 1159//1159 1086//1086 1149//1149
f 1073//1073 1087//1087 1150//1150
f 1150//1150 1087//1087 1161//1161
f 1090//1090 1162//1162 1163//1163
f 1089//1089 1090//1090 1163//1163
f 1091//1091 1164//1164 1090//1090
f 1090//1090 1164//1164 1162//1162
f 1151//1151 1091//1091 1075//1075
f 1151//1151 1165//1165 1091//1091
f 1165//1165 1164//1164 1091//1091
f 1152//1152 1165//1165 1151//1151
f 1156//1156 1166//1166 1157//1157
f 1158//1158 1166//1166 1156//1156
f 1167//1167 1166//1166 1158//1158
f 1083//1083 1167//1167 1158//1158
f 1083//1083 1092//1092 1167//1167
f 1092//1092 1168//1168 1167//1167
f 1093//1093 1169//1169 1092//1092
f 1092//1092 1169//1169 1168//1168
f 1160//1160 1093//1093 1085//1085
f 1169//1169 1093//1093 1160//1160
f 1087//1087 1094//1094 1161//1161
f 1161//1161 1094//1094 1170//1170
f 1095//1095 1171//1171 1172//1172
f 1096//1096 1095//1095 1172//1172
f 1097//1097 1173//1173 1095//1095
f 1095//1095 1173//1173 1171//1171
f 1163//1163 1097//1097 1089//1089
f 1173//1173 1097//1097 1163//1163
f 1094//1094 1098//1098 1170//1170
f 1170//1170 1098//1098 1174//1174
f 1099//1099 1175//1175 1176//1176
f 1100//1100 1099//1099 1176//1176
f 1101//1101 1177//1177 1099//1099
f 1099//1099 1177//1177 1175//1175
f 1172//1172 1101//1101 1096//1096
f 1177//1177 1101//1101 1172//1172
f 1098//1098 1178//1178 1174//1174
f 1102//1102 1178//1178 1098//1098
f 1103//1103 1179//1179 1102//1102
f 1102//1102 1179//1179 1178//1178
f 1104//1104 1180//1180 1103//1103
f 1103//1103 1180//1180 1179//1179
f 1105//1105 1181//1181 1104//1104
f 1104//1104 1181//1181 1180//1180
f 1176//1176 1105//1105 1100//1100
f 1181//1181 1105//1105 1176//1176
f 1107//1107 1182//1182 1183//1183
f 1106//1106 1182//1182 1107//1107
f 1108//1108 1107//1107 1184//1184
f 1107//1107 1183//1183 1184//1184
f 1109//1109 1108//1108 1185//1185
f 1108//1108 1184//1184 1185//1185
f 1185//1185 1110//1110 1109//1109
f 1186//1186 1110//1110 1185//1185
f 1112//1112 1187//1187 1188//1188
f 1111//1111 1187//1187 1112//1112
f 1113//1113 1112//1112 1189//1189
f 1112//1112 1188//1188 1189//1189
f 1114//1114 1113//1113 1190//1190
f 1113//1113 1189//1189 1190//1190
f 1115//1115 1114//1114 1191//1191
f 1114//1114 1190//1190 1191//1191
f 1116//1116 1115//1115 1192//1192
f 1115//1115 1191//1191 1192//1192
f 1117//1117 1116//1116 1193//1193
f 1116//1116 1192//1192 1193//1193
f 1118//1118 1117//1117 1194//1194
f 1117//1117 1193//1193 1194//1194
f 1119//1119 1118//1118 1195//1195
f 1118//1118 1194//1194 1195//1195
f 1120//1120 1119//1119 1196//1196
f 1119//1119 1195//1195 1196//1196
f 1121//1121 1120//1120 1197//1197
f 1120//1120 1196//1196 1197//1197
f 1122//1122 1121//1121 1198//1198
f 1121//1121 1197//1197 1198//1198
f 1182//1182 1106//1106 1122//1122
f 1198//1198 1182//1182 1122//1122
f 1199//1199 1123//1123 1110//1110
f 1199//1199 1110//1110 1200//1200
f 1200//1200 1110//1110 1186//1186
f 1123//1123 1199//1199 1124//1124
f 1126//1126 1201//1201 1202//1202
f 1125//1125 1201//1201 1126//1126
f 1127//1127 1126//1126 1203//1203
f 1126//1126 1202//1202 1203//1203
f 1187//1187 1111//1111 1127//1127
f 1203//1203 1187//1187 1127//1127
f 1199//1199 1200//1200 1204//1204
f 1204//1204 1124//1124 1199//1199
f 1204//1204 1205//1205 1124//1124
f 1205//1205 1128//1128 1124//1124
f 1130//1130 1206//1206 1207//1207
f 1129//1129 1206//1206 1130//1130
f 1201//1201 1125//1125 1130//1130
f 1207//1207 1201//1201 1130//1130
f 1208//1208 1131//1131 1128//1128
f 1208//1208 1128//1128 1209//1209
f 1209//1209 1128//1128 1205//1205
f 1131//1131 1208//1208 1132//1132
f 1129//1129 1133//1133 1206//1206
f 1206//1206 1133//1133 1210//1210
f 1208//1208 1209//1209 1211//1211
f 1211//1211 1132//1132 1208//1208
f 1211//1211 1212//1212 1132//1132
f 1212//1212 1134//1134 1132//1132
f 1137//1137 1213//1213 1214//1214
f 1136//1136 1213//1213 1137//1137
f 1210//1210 1133//1133 1137//1137
f 1214//1214 1210//1210 1137//1137
f 1134//1134 1212//1212 1138//1138
f 1212//1212 1215//1215 1138//1138
f 1136//1136 1140//1140 1213//1213
f 1213//1213 1140//1140 1216//1216
f 1138//1138 1215//1215 1141//1141
f 1215//1215 1217//1217 1141//1141
f 1140//1140 1142//1142 1216//1216
f 1216//1216 1142//1142 1218//1218
f 1144//1144 1219//1219 1220//1220
f 1145//1145 1144//1144 1220//1220
f 1217//1217 1144//1144 1141//1141
f 1219//1219 1144//1144 1217//1217
f 1142//1142 1146//1146 1218//1218
f 1218//1218 1146//1146 1221//1221
f 1145//1145 1220//1220 1147//1147
f 1220//1220 1222//1222 1147//1147
f 1146//1146 1148//1148 1221//1221
f 1221//1221 1148//1148 1223//1223
f 1224//1224 1225//1225 1226//1226
f 1224//1224 1222//1222 1225//1225
f 1224//1224 1149//1149 1222//1222
f 1149//1149 1147//1147 1222//1222
f 1148//1148 1150//1150 1223//1223
f 1223//1223 1150//1150 1227//1227
f 1153//1153 1228//1228 1152//1152
f 1153//1153 1154//1154 1229//1229
f 1228//1228 1153//1153 1229//1229
f 1154//1154 1155//1155 1230//1230
f 1229//1229 1154//1154 1230//1230
f 1155//1155 1157//1157 1230//1230
f 1159//1159 1224//1224 1226//1226
f 1159//1159 1226//1226 1160//1160
f 1160//1160 1226//1226 1231//1231
f 1149//1149 1224//1224 1159//1159
f 1150//1150 1161//1161 1227//1227
f 1227//1227 1161//1161 1232//1232
f 1162//1162 1233//1233 1234//1234
f 1163//1163 1162//1162 1234//1234
f 1164//1164 1235//1235 1162//1162
f 1162//1162 1235//1235 1233//1233
f 1165//1165 1236//1236 1164//1164
f 1164//1164 1236//1236 1235//1235
f 1228//1228 1165//1165 1152//1152
f 1228//1228 1237//1237 1165//1165
f 1237//1237 1236//1236 1165//1165
f 1229//1229 1237//1237 1228//1228
f 1238//1238 1237//1237 1229//1229
f 1230//1230 1238//1238 1229//1229
f 1239//1239 1238//1238 1230//1230
f 1157//1157 1239//1239 1230//1230
f 1157//1157 1166//1166 1239//1239
f 1166//1166 1240//1240 1239//1239
f 1167//1167 1241//1241 1166//1166
f 1166//1166 1241//1241 1240//1240
f 1168//1168 1242//1242 1167//1167
f 1167//1167 1242//1242 1241//1241
f 1169//1169 1243//1243 1168//1168
f 1168//1168 1243//1243 1242//1242
f 1231//1231 1169//1169 1160//1160
f 1243//1243 1169//1169 1231//1231
f 1161//1161 1170//1170 1232//1232
f 1232//1232 1170//1170 1244//1244
f 1171//1171 1245//1245 1246//1246
f 1172//1172 1171//1171 1246//1246
f 1173//1173 1247//1247 1171//1171
f 1171//1171 1247//1247 1245//1245
f 1234//1234 1173//1173 1163//1163
f 1247//1247 1173//1173 1234//1234
f 1170//1170 1174//1174 1244//1244
f 1244//1244 1174//1174 1248//1248
f 1175//1175 1249//1249 1250//1250
f 1176//1176 1175//1175 1250//1250
f 1177//1177 1251//1251 1175//1175
f 1175//1175 1251//1251 1249//1249
f 1246//1246 1177//1177 1172//1172
f 1251//1251 1177//1177 1246//1246
f 1174//1174 1252//1252 1248//1248
f 1178//1178 1252//1252 1174//1174
f 1179//1179 1253//1253 1178//1178
f 1178//1178 1253//1253 1252//1252
f 1180//1180 1254//1254 1179//1179
f 1179//1179 1254//1254 1253//1253
f 1181//1181 1255//1255 1180//1180
f 1180//1180 1255//1255 1254//1254
f 1250//1250 1181//1181 1176//1176
f 1255//1255 1181//1181 1250//1250
f 1256//1256 1257//1257 1258//1258
f 1258//1258 1259//1259 1256//1256
f 1260//1260 1261//1261 1262//1262
f 1260//1260 1263//1263 1264//1264
f 1262//1262 1263//1263 1260//1260
f 1263//1263 1265//1265 1264//1264
f 1183//1183 1266//1266 1267//1267
f 1182//1182 1266//1266 1183//1183
f 1184//1184 1183//1183 1268//1268
f 1183//1183 1267//1267 1268//1268
f 1257//1257 1256//1256 1185//1185
f 1257//1257 1185//1185 1268//1268
f 1268//1268 1185//1185 1184//1184
f 1256//1256 1186//1186 1185//1185
f 1256//1256 1259//1259 1186//1186
f 1259//1259 1269//1269 1186//1186
f 1270//1270 1271//1271 1272//1272
f 1270//1270 1273//1273 1274//1274
f 1272//1272 1273//1273 1270//1270
f 1261//1261 1274//1274 1273//1273
f 1260//1260 1274//1274 1261//1261
f 1260//1260 1187//1187 1274//1274
f 1260//1260 1188//1188 1187//1187
f 1189//1189 1188//1188 1260//1260
f 1264//1264 1189//1189 1260//1260
f 1264//1264 1265//1265 1275//1275
f 1264//1264 1275//1275 1189//1189
f 1189//1189 1275//1275 1190//1190
f 1191//1191 1190//1190 1276//1276
f 1190//1190 1275//1275 1276//1276
f 1192//1192 1191//1191 1277//1277
f 1191//1191 1276//1276 1277//1277
f 1193//1193 1192//1192 1278//1278
f 1192//1192 1277//1277 1278//1278
f 1194//1194 1193//1193 1279//1279
f 1193//1193 1278//1278 1279//1279
f 1195//1195 1194//1194 1280//1280
f 1194//1194 1279//1279 1280//1280
f 1196//1196 1195//1195 1281//1281
f 1195//1195 1280//1280 1281//1281
f 1197//1197 1196//1196 1282//1282
f 1196//1196 1281//1281 1282//1282
f 1198//1198 1197//1197 1283//1283
f 1197//1197 1282//1282 1283//1283
f 1266//1266 1182//1182 1198//1198
f 1283//1283 1266//1266 1198//1198
f 1284//1284 1285//1285 1200//1200
f 1284//1284 1200//1200 1269//1269
f 1269//1269 1200//1200 1186//1186
f 1284//1284 1286//1286 1285//1285
f 1287//1287 1288//1288 1289//1289
f 1271//1271 1287//1287 1289//1289
f 1270//1270 1287//1287 1271//1271
f 1270//1270 1201//1201 1287//1287
f 1270//1270 1202//1202 1201//1201
f 1203//1203 1202//1202 1270//1270
f 1274//1274 1203//1203 1270//1270
f 1187//1187 1203//1203 1274//1274
f 1200//1200 1285//1285 1204//1204
f 1285//1285 1205//1205 1204//1204
f 1285//1285 1286//1286 1205//1205
f 1286//1286 1290//1290 1205//1205
f 1207//1207 1288//1288 1287//1287
f 1207//1207 1206//1206 1288//1288
f 1206//1206 1291//1291 1288//1288
f 1201//1201 1207//1207 1287//1287
f 1205//1205 1290//1290 1209//1209
f 1290//1290 1292//1292 1209//1209
f 1293//1293 1294//1294 1295//1295
f 1293//1293 1295//1295 1291//1291
f 1293//1293 1291//1291 1210//1210
f 1210//1210 1291//1291 1206//1206
f 1296//1296 1211//1211 1209//1209
f 1296//1296 1209//1209 1297//1297
f 1297//1297 1209//1209 1292//1292
f 1211//1211 1296//1296 1212//1212
f 1214//1214 1294//1294 1293//1293
f 1214//1214 1213//1213 1294//1294
f 1213//1213 1298//1298 1294//1294
f 1210//1210 1214//1214 1293//1293
f 1296//1296 1297//1297 1299//1299
f 1299//1299 1212//1212 1296//1296
f 1299//1299 1300//1300 1212//1212
f 1300//1300 1215//1215 1212//1212
f 1213//1213 1216//1216 1298//1298
f 1298//1298 1216//1216 1301//1301
f 1302//1302 1303//1303 1304//1304
f 1302//1302 1300//1300 1303//1303
f 1302//1302 1217//1217 1300//1300
f 1217//1217 1215//1215 1300//1300
f 1216//1216 1218//1218 1301//1301
f 1301//1301 1218//1218 1305//1305
f 1219//1219 1302//1302 1304//1304
f 1219//1219 1304//1304 1220//1220
f 1220//1220 1304//1304 1306//1306
f 1217//1217 1302//1302 1219//1219
f 1218//1218 1221//1221 1305//1305
f 1305//1305 1221//1221 1307//1307
f 1308//1308 1309//1309 1310//1310
f 1308//1308 1306//1306 1309//1309
f 1308//1308 1222//1222 1306//1306
f 1222//1222 1220//1220 1306//1306
f 1221//1221 1223//1223 1307//1307
f 1307//1307 1223//1223 1311//1311
f 1225//1225 1308//1308 1310//1310
f 1225//1225 1310//1310 1226//1226
f 1226//1226 1310//1310 1312//1312
f 1222//1222 1308//1308 1225//1225
f 1223//1223 1227//1227 1311//1311
f 1311//1311 1227//1227 1313//1313
f 1226//1226 1312//1312 1231//1231
f 1312//1312 1314//1314 1231//1231
f 1227//1227 1232//1232 1313//1313
f 1313//1313 1232//1232 1315//1315
f 1233//1233 1316//1316 1234//1234
f 1317//1317 1316//1316 1233//1233
f 1317//1317 1233//1233 1318//1318
f 1318//1318 1233//1233 1235//1235
f 1236//1236 1319//1319 1235//1235
f 1235//1235 1319//1319 1318//1318
f 1237//1237 1320//1320 1236//1236
f 1236//1236 1320//1320 1319//1319
f 1238//1238 1321//1321 1237//1237
f 1237//1237 1321//1321 1320//1320
f 1239//1239 1322//1322 1238//1238
f 1238//1238 1322//1322 1321//1321
f 1240//1240 1323//1323 1239//1239
f 1239//1239 1323//1323 1322//1322
f 1241//1241 1324//1324 1240//1240
f 1240//1240 1324//1324 1323//1323
f 1242//1242 1325//1325 1241//1241
f 1241//1241 1325//1325 1324//1324
f 1243//1243 1326//1326 1242//1242
f 1242//1242 1326//1326 1325//1325
f 1314//1314 1243//1243 1231//1231
f 1326//1326 1243//1243 1314//1314
f 1232//1232 1244//1244 1315//1315
f 1315//1315 1244//1244 1327//1327
f 1245//1245 1328//1328 1329//1329
f 1246//1246 1245//1245 1329//1329
f 1247//1247 1330//1330 1245//1245
f 1245//1245 1330//1330 1328//1328
f 1316//1316 1247//1247 1234//1234
f 1316//1316 1331//1331 1247//1247
f 1331//1331 1330//1330 1247//1247
f 1317//1317 1331//1331 1316//1316
f 1244//1244 1248//1248 1327//1327
f 1327//1327 1248//1248 1332//1332
f 1249//1249 1333//1333 1334//1334
f 1250//1250 1249//1249 1334//1334
f 1251//1251 1335//1335 1249//1249
f 1249//1249 1335//1335 1333//1333
f 1329//1329 1251//1251 1246//1246
f 1335//1335 1251//1251 1329//1329
f 1248//1248 1336//1336 1332//1332
f 1252//1252 1336//1336 1248//1248
f 1253//1253 1337//1337 1252//1252
f 1252//1252 1337//1337 1336//1336
f 1254//1254 1338//1338 1253//1253
f 1253//1253 1338//1338 1337//1337
f 1255//1255 1339//1339 1254//1254
f 1254//1254 1339//1339 1338//1338
f 1334//1334 1255//1255 1250//1250
f 1339//1339 1255//1255 1334//1334
f 1340//1340 1341//1341 1342//1342
f 1342//1342 1343//1343 1340//1340
f 1344//1344 1345//1345 1346//1346
f 1344//1344 1347//1347 1348//1348
f 1346//1346 1347//1347 1344//1344
f 1348//1348 1349//1349 1350//1350
f 1347//1347 1349//1349 1348//1348
f 1349//1349 1351//1351 1350//1350
f 1352//1352 1353//1353 1354//1354
f 1341//1341 1352//1352 1354//1354
f 1340//1340 1352//1352 1341//1341
f 1340//1340 1257//1257 1352//1352
f 1340//1340 1258//1258 1257//1257
f 1259//1259 1355//1355 1356//1356
f 1258//1258 1355//1355 1259//1259
f 1258//1258 1343//1343 1355//1355
f 1258//1258 1340//1340 1343//1343
f 1355//1355 1357//1357 1356//1356
f 1358//1358 1359//1359 1360//1360
f 1345//1345 1358//1358 1360//1360
f 1345//1345 1344//1344 1358//1358
f 1344//1344 1361//1361 1358//1358
f 1262//1262 1261//1261 1361//1361
f 1262//1262 1361//1361 1348//1348
f 1348//1348 1361//1361 1344//1344
f 1263//1263 1262//1262 1348//1348
f 1350//1350 1263//1263 1348//1348
f 1265//1265 1362//1362 1363//1363
f 1263//1263 1362//1362 1265//1265
f 1263//1263 1351//1351 1362//1362
f 1263//1263 1350//1350 1351//1351
f 1363//1363 1364//1364 1365//1365
f 1362//1362 1364//1364 1363//1363
f 1365//1365 1366//1366 1367//1367
f 1364//1364 1366//1366 1365//1365
f 1366//1366 1368//1368 1367//1367
f 1369//1369 1370//1370 1371//1371
f 1369//1369 1267//1267 1266//1266
f 1369//1369 1371//1371 1267//1267
f 1371//1371 1372//1372 1267//1267
f 1353//1353 1352//1352 1268//1268
f 1353//1353 1268//1268 1372//1372
f 1372//1372 1268//1268 1267//1267
f 1257//1257 1268//1268 1352//1352
f 1356//1356 1373//1373 1269//1269
f 1259//1259 1356//1356 1269//1269
f 1374//1374 1356//1356 1357//1357
f 1373//1373 1356//1356 1374//1374
f 1272//1272 1359//1359 1358//1358
f 1272//1272 1271//1271 1359//1359
f 1271//1271 1375//1375 1359//1359
f 1273//1273 1272//1272 1358//1358
f 1361//1361 1273//1273 1358//1358
f 1261//1261 1273//1273 1361//1361
f 1265//1265 1363//1363 1275//1275
f 1276//1276 1275//1275 1363//1363
f 1365//1365 1276//1276 1363//1363
f 1277//1277 1276//1276 1365//1365
f 1367//1367 1277//1277 1365//1365
f 1367//1367 1368//1368 1376//1376
f 1367//1367 1376//1376 1277//1277
f 1277//1277 1376//1376 1278//1278
f 1279//1279 1278//1278 1377//1377
f 1278//1278 1376//1376 1377//1377
f 1280//1280 1279//1279 1378//1378
f 1279//1279 1377//1377 1378//1378
f 1281//1281 1280//1280 1379//1379
f 1280//1280 1378//1378 1379//1379
f 1282//1282 1281//1281 1380//1380
f 1281//1281 1379//1379 1380//1380
f 1370//1370 1369//1369 1283//1283
f 1370//1370 1283//1283 1380//1380
f 1380//1380 1283//1283 1282//1282
f 1266//1266 1283//1283 1369//1369
f 1269//1269 1373//1373 1284//1284
f 1373//1373 1286//1286 1284//1284
f 1373//1373 1374//1374 1286//1286
f 1374//1374 1381//1381 1286//1286
f 1289//1289 1382//1382 1383//1383
f 1288//1288 1382//1382 1289//1289
f 1375//1375 1271//1271 1289//1289
f 1383//1383 1375//1375 1289//1289
f 1286//1286 1381//1381 1290//1290
f 1381//1381 1384//1384 1290//1290
f 1288//1288 1291//1291 1382//1382
f 1382//1382 1291//1291 1385//1385
f 1290//1290 1384//1384 1292//1292
f 1384//1384 1386//1386 1292//1292
f 1295//1295 1387//1387 1388//1388
f 1294//1294 1387//1387 1295//1295
f 1385//1385 1291//1291 1295//1295
f 1388//1388 1385//1385 1295//1295
f 1292//1292 1386//1386 1297//1297
f 1386//1386 1389//1389 1297//1297
f 1294//1294 1298//1298 1387//1387
f 1387//1387 1298//1298 1390//1390
f 1391//1391 1299//1299 1297//1297
f 1391//1391 1297//1297 1392//1392
f 1392//1392 1297//1297 1389//1389
f 1299//1299 1391//1391 1300//1300
f 1298//1298 1301//1301 1390//1390
f 1390//1390 1301//1301 1393//1393
f 1303//1303 1391//1391 1392//1392
f 1303//1303 1392//1392 1304//1304
f 1304//1304 1392//1392 1394//1394
f 1300//1300 1391//1391 1303//1303
f 1301//1301 1305//1305 1393//1393
f 1393//1393 1305//1305 1395//1395
f 1304//1304 1394//1394 1306//1306
f 1394//1394 1396//1396 1306//1306
f 1305//1305 1307//1307 1395//1395
f 1395//1395 1307//1307 1397//1397
f 1309//1309 1398//1398 1399//1399
f 1310//1310 1309//1309 1399//1399
f 1396//1396 1309//1309 1306//1306
f 1398//1398 1309//1309 1396//1396
f 1307//1307 1311//1311 1397//1397
f 1397//1397 1311//1311 1400//1400
f 1310//1310 1399//1399 1312//1312
f 1399//1399 1401//1401 1312//1312
f 1311//1311 1313//1313 1400//1400
f 1400//1400 1313//1313 1402//1402
f 1403//1403 1404//1404 1405//1405
f 1403//1403 1401//1401 1404//1404
f 1403//1403 1314//1314 1401//1401
f 1314//1314 1312//1312 1401//1401
f 1313//1313 1315//1315 1402//1402
f 1402//1402 1315//1315 1406//1406
f 1318//1318 1407//1407 1408//1408
f 1317//1317 1318//1318 1408//1408
f 1319//1319 1409//1409 1318//1318
f 1318//1318 1409//1409 1407//1407
f 1320//1320 1410//1410 1319//1319
f 1319//1319 1410//1410 1409//1409
f 1321//1321 1411//1411 1320//1320
f 1320//1320 1411//1411 1410//1410
f 1322//1322 1412//1412 1321//1321
f 1321//1321 1412//1412 1411//1411
f 1323//1323 1413//1413 1322//1322
f 1322//1322 1413//1413 1412//1412
f 1324//1324 1414//1414 1323//1323
f 1323//1323 1414//1414 1413//1413
f 1325//1325 1415//1415 1324//1324
f 1324//1324 1415//1415 1414//1414
f 1405//1405 1326//1326 1403//1403
f 1405//1405 1415//1415 1326//1326
f 1415//1415 1325//1325 1326//1326
f 1314//1314 1403//1403 1326//1326
f 1315//1315 1327//1327 1406//1406
f 1406//1406 1327//1327 1416//1416
f 1328//1328 1417//1417 1418//1418
f 1329//1329 1328//1328 1418//1418
f 1330//1330 1419//1419 1328//1328
f 1328//1328 1419//1419 1417//1417
f 1331//1331 1420//1420 1330//1330
f 1330//1330 1420//1420 1419//1419
f 1408//1408 1331//1331 1317//1317
f 1420//1420 1331//1331 1408//1408
f 1421//1421 1332//1332 1422//1422
f 1421//1421 1416//1416 1332//1332
f 1416//1416 1327//1327 1332//1332
f 1421//1421 1422//1422 1423//1423
f 1333//1333 1424//1424 1425//1425
f 1334//1334 1333//1333 1425//1425
f 1335//1335 1426//1426 1333//1333
f 1333//1333 1426//1426 1424//1424
f 1418//1418 1335//1335 1329//1329
f 1426//1426 1335//1335 1418//1418
f 1332//1332 1336//1336 1422//1422
f 1422//1422 1427//1427 1423//1423
f 1422//1422 1336//1336 1427//1427
f 1336//1336 1337//1337 1427//1427
f 1338//1338 1428//1428 1337//1337
f 1337//1337 1428//1428 1427//1427
f 1339//1339 1429//1429 1338//1338
f 1338//1338 1429//1429 1428//1428
f 1425//1425 1339//1339 1334//1334
f 1429//1429 1339//1339 1425//1425
f 1430//1430 1431//1431 1432//1432
f 1432//1432 1433//1433 1430//1430
f 1434//1434 1435//1435 1436//1436
f 1431//1431 1434//1434 1436//1436
f 1431//1431 1430//1430 1434//1434
f 1430//1430 1437//1437 1434//1434
f 1438//1438 1430//1430 1433//1433
f 1438//1438 1439//1439 1430//1430
f 1439//1439 1437//1437 1430//1430
f 1438//1438 1440//1440 1439//1439
f 1441//1441 1435//1435 1434//1434
f 1442//1442 1435//1435 1441//1441
f 1437//1437 1443//1443 1434//1434
f 1443//1443 1441//1441 1434//1434
f 1439//1439 1444//1444 1437//1437
f 1444//1444 1443//1443 1437//1437
f 1445//1445 1439//1439 1440//1440
f 1445//1445 1446//1446 1439//1439
f 1446//1446 1444//1444 1439//1439
f 1445//1445 1447//1447 1446//1446
f 1448//1448 1449//1449 1450//1450
f 1448//1448 1342//1342 1341//1341
f 1448//1448 1450//1450 1342//1342
f 1450//1450 1451//1451 1342//1342
f 1343//1343 1452//1452 1453//1453
f 1343//1343 1342//1342 1452//1452
f 1342//1342 1451//1451 1452//1452
f 1452//1452 1454//1454 1453//1453
f 1455//1455 1456//1456 1457//1457
f 1442//1442 1455//1455 1457//1457
f 1441//1441 1455//1455 1442//1442
f 1441//1441 1345//1345 1455//1455
f 1441//1441 1346//1346 1345//1345
f 1347//1347 1346//1346 1441//1441
f 1443//1443 1347//1347 1441//1441
f 1349//1349 1347//1347 1443//1443
f 1444//1444 1349//1349 1443//1443
f 1351//1351 1349//1349 1444//1444
f 1351//1351 1444//1444 1458//1458
f 1458//1458 1444//1444 1446//1446
f 1459//1459 1446//1446 1447//1447
f 1459//1459 1460//1460 1446//1446
f 1460//1460 1458//1458 1446//1446
f 1459//1459 1461//1461 1460//1460
f 1462//1462 1463//1463 1464//1464
f 1449//1449 1462//1462 1464//1464
f 1448//1448 1462//1462 1449//1449
f 1448//1448 1353//1353 1462//1462
f 1448//1448 1354//1354 1353//1353
f 1341//1341 1354//1354 1448//1448
f 1343//1343 1453//1453 1355//1355
f 1453//1453 1357//1357 1355//1355
f 1453//1453 1454//1454 1357//1357
f 1454//1454 1465//1465 1357//1357
f 1360//1360 1456//1456 1455//1455
f 1360//1360 1359//1359 1456//1456
f 1359//1359 1466//1466 1456//1456
f 1345//1345 1360//1360 1455//1455
f 1351//1351 1458//1458 1362//1362
f 1364//1364 1362//1362 1458//1458
f 1460//1460 1364//1364 1458//1458
f 1460//1460 1461//1461 1467//1467
f 1460//1460 1467//1467 1364//1364
f 1364//1364 1467//1467 1366//1366
f 1368//1368 1468//1468 1469//1469
f 1368//1368 1366//1366 1468//1468
f 1366//1366 1467//1467 1468//1468
f 1468//1468 1470//1470 1469//1469
f 1471//1471 1472//1472 1473//1473
f 1471//1471 1371//1371 1370//1370
f 1471//1471 1473//1473 1371//1371
f 1473//1473 1474//1474 1371//1371
f 1463//1463 1462//1462 1372//1372
f 1463//1463 1372//1372 1474//1474
f 1474//1474 1372//1372 1371//1371
f 1353//1353 1372//1372 1462//1462
f 1357//1357 1465//1465 1374//1374
f 1465//1465 1475//1475 1374//1374
f 1359//1359 1375//1375 1466//1466
f 1466//1466 1375//1375 1476//1476
f 1368//1368 1469//1469 1376//1376
f 1469//1469 1470//1470 1477//1477
f 1469//1469 1477//1477 1376//1376
f 1376//1376 1477//1477 1377//1377
f 1378//1378 1377//1377 1478//1478
f 1377//1377 1477//1477 1478//1478
f 1379//1379 1378//1378 1479//1479
f 1378//1378 1478//1478 1479//1479
f 1472//1472 1471//1471 1380//1380
f 1472//1472 1380//1380 1479//1479
f 1479//1479 1380//1380 1379//1379
f 1370//1370 1380//1380 1471//1471
f 1374//1374 1475//1475 1381//1381
f 1475//1475 1480//1480 1381//1381
f 1383//1383 1481//1481 1482//1482
f 1382//1382 1481//1481 1383//1383
f 1476//1476 1375//1375 1383//1383
f 1482//1482 1476//1476 1383//1383
f 1381//1381 1480//1480 1384//1384
f 1480//1480 1483//1483 1384//1384
f 1382//1382 1385//1385 1481//1481
f 1481//1481 1385//1385 1484//1484
f 1384//1384 1483//1483 1386//1386
f 1483//1483 1485//1485 1386//1386
f 1388//1388 1387//1387 1486//1486
f 1388//1388 1486//1486 1487//1487
f 1388//1388 1487//1487 1385//1385
f 1385//1385 1487//1487 1484//1484
f 1386//1386 1485//1485 1389//1389
f 1485//1485 1488//1488 1389//1389
f 1486//1486 1489//1489 1490//1490
f 1486//1486 1387//1387 1489//1489
f 1387//1387 1390//1390 1489//1489
f 1487//1487 1486//1486 1490//1490
f 1389//1389 1488//1488 1392//1392
f 1488//1488 1491//1491 1392//1392
f 1390//1390 1393//1393 1489//1489
f 1489//1489 1393//1393 1492//1492
f 1392//1392 1491//1491 1394//1394
f 1491//1491 1493//1493 1394//1394
f 1393//1393 1395//1395 1492//1492
f 1492//1492 1395//1395 1494//1494
f 1394//1394 1493//1493 1396//1396
f 1493//1493 1495//1495 1396//1396
f 1395//1395 1397//1397 1494//1494
f 1494//1494 1397//1397 1496//1496
f 1398//1398 1497//1497 1498//1498
f 1399//1399 1398//1398 1498//1498
f 1495//1495 1398//1398 1396//1396
f 1497//1497 1398//1398 1495//1495
f 1397//1397 1400//1400 1496//1496
f 1496//1496 1400//1400 1499//1499
f 1399//1399 1498//1498 1401//1401
f 1498//1498 1500//1500 1401//1401
f 1400//1400 1402//1402 1499//1499
f 1499//1499 1402//1402 1501//1501
f 1404//1404 1502//1502 1503//1503
f 1405//1405 1404//1404 1503//1503
f 1500//1500 1404//1404 1401//1401
f 1502//1502 1404//1404 1500//1500
f 1402//1402 1406//1406 1501//1501
f 1501//1501 1406//1406 1504//1504
f 1407//1407 1505//1505 1506//1506
f 1408//1408 1407//1407 1506//1506
f 1409//1409 1507//1507 1407//1407
f 1407//1407 1507//1507 1505//1505
f 1410//1410 1508//1508 1409//1409
f 1409//1409 1508//1508 1507//1507
f 1411//1411 1509//1509 1410//1410
f 1410//1410 1509//1509 1508//1508
f 1412//1412 1510//1510 1411//1411
f 1411//1411 1510//1510 1509//1509
f 1413//1413 1511//1511 1412//1412
f 1412//1412 1511//1511 1510//1510
f 1414//1414 1512//1512 1413//1413
f 1413//1413 1512//1512 1511//1511
f 1415//1415 1513//1513 1414//1414
f 1414//1414 1513//1513 1512//1512
f 1503//1503 1415//1415 1405//1405
f 1513//1513 1415//1415 1503//1503
f 1406//1406 1416//1416 1504//1504
f 1504//1504 1416//1416 1514//1514
f 1417//1417 1515//1515 1516//1516
f 1418//1418 1417//1417 1516//1516
f 1419//1419 1517//1517 1417//1417
f 1417//1417 1517//1517 1515//1515
f 1420//1420 1518//1518 1419//1419
f 1419//1419 1518//1518 1517//1517
f 1506//1506 1420//1420 1408//1408
f 1518//1518 1420//1420 1506//1506
f 1416//1416 1519//1519 1514//1514
f 1421//1421 1519//1519 1416//1416
f 1519//1519 1421//1421 1423//1423
f 1520//1520 1519//1519 1423//1423
f 1424//1424 1521//1521 1522//1522
f 1425//1425 1424//1424 1522//1522
f 1426//1426 1523//1523 1424//1424
f 1424//1424 1523//1523 1521//1521
f 1516//1516 1426//1426 1418//1418
f 1523//1523 1426//1426 1516//1516
f 1423//1423 1524//1524 1520//1520
f 1427//1427 1524//1524 1423//1423
f 1428//1428 1525//1525 1427//1427
f 1427//1427 1525//1525 1524//1524
f 1429//1429 1526//1526 1428//1428
f 1428//1428 1526//1526 1525//1525
f 1522//1522 1429//1429 1425//1425
f 1526//1526 1429//1429 1522//1522
f 1527//1527 1528//1528 1529//1529
f 1527//1527 1432//1432 1431//1431
f 1527//1527 1529//1529 1432//1432
f 1529//1529 1530//1530 1432//1432
f 1433//1433 1531//1531 1532//1532
f 1433//1433 1432//1432 1531//1531
f 1432//1432 1530//1530 1531//1531
f 1531//1531 1533//1533 1532//1532
f 1436//1436 1528//1528 1527//1527
f 1436//1436 1435//1435 1528//1528
f 1435//1435 1534//1534 1528//1528
f 1431//1431 1436//1436 1527//1527
f 1433//1433 1532//1532 1438//1438
f 1440//1440 1535//1535 1536//1536
f 1438//1438 1535//1535 1440//1440
f 1438//1438 1533//1533 1535//1535
f 1438//1438 1532//1532 1533//1533
f 1535//1535 1537//1537 1536//1536
f 1538//1538 1539//1539 1540//1540
f 1538//1538 1541//1541 1542//1542
f 1540//1540 1541//1541 1538//1538
f 1541//1541 1543//1543 1542//1542
f 1544//1544 1545//1545 1546//1546
f 1544//1544 1546//1546 1534//1534
f 1544//1544 1534//1534 1442//1442
f 1442//1442 1534//1534 1435//1435
f 1440//1440 1536//1536 1445//1445
f 1447//1447 1547//1547 1548//1548
f 1445//1445 1547//1547 1447//1447
f 1445//1445 1537//1537 1547//1547
f 1445//1445 1536//1536 1537//1537
f 1547//1547 1549//1549 1548//1548
f 1550//1550 1551//1551 1552//1552
f 1550//1550 1450//1450 1449//1449
f 1550//1550 1552//1552 1450//1450
f 1552//1552 1553//1553 1450//1450
f 1539//1539 1538//1538 1451//1451
f 1539//1539 1451//1451 1553//1553
f 1553//1553 1451//1451 1450//1450
f 1452//1452 1451//1451 1538//1538
f 1542//1542 1452//1452 1538//1538
f 1454//1454 1554//1554 1555//1555
f 1452//1452 1554//1554 1454//1454
f 1452//1452 1543//1543 1554//1554
f 1452//1452 1542//1542 1543//1543
f 1554//1554 1556//1556 1555//1555
f 1457//1457 1545//1545 1544//1544
f 1457//1457 1456//1456 1545//1545
f 1456//1456 1557//1557 1545//1545
f 1442//1442 1457//1457 1544//1544
f 1447//1447 1548//1548 1459//1459
f 1461//1461 1558//1558 1559//1559
f 1459//1459 1558//1558 1461//1461
f 1459//1459 1549//1549 1558//1558
f 1459//1459 1548//1548 1549//1549
f 1558//1558 1560//1560 1559//1559
f 1561//1561 1562//1562 1563//1563
f 1551//1551 1561//1561 1563//1563
f 1550//1550 1561//1561 1551//1551
f 1550//1550 1463//1463 1561//1561
f 1550//1550 1464//1464 1463//1463
f 1449//1449 1464//1464 1550//1550
f 1555//1555 1564//1564 1465//1465
f 1454//1454 1555//1555 1465//1465
f 1565//1565 1555//1555 1556//1556
f 1564//1564 1555//1555 1565//1565
f 1456//1456 1466//1466 1557//1557
f 1557//1557 1466//1466 1566//1566
f 1461//1461 1559//1559 1467//1467
f 1559//1559 1560//1560 1567//1567
f 1559//1559 1567//1567 1467//1467
f 1467//1467 1567//1567 1468//1468
f 1470//1470 1568//1568 1569//1569
f 1470//1470 1468//1468 1568//1568
f 1468//1468 1567//1567 1568//1568
f 1569//1569 1570//1570 1571//1571
f 1568//1568 1570//1570 1569//1569
f 1571//1571 1572//1572 1573//1573
f 1570//1570 1572//1572 1571//1571
f 1573//1573 1473//1473 1472//1472
f 1573//1573 1572//1572 1473//1473
f 1572//1572 1574//1574 1473//1473
f 1562//1562 1561//1561 1474//1474
f 1562//1562 1474//1474 1574//1574
f 1574//1574 1474//1474 1473//1473
f 1463//1463 1474//1474 1561//1561
f 1564//1564 1575//1575 1475//1475
f 1465//1465 1564//1564 1475//1475
f 1576//1576 1564//1564 1565//1565
f 1575//1575 1564//1564 1576//1576
f 1466//1466 1476//1476 1566//1566
f 1566//1566 1476//1476 1577//1577
f 1470//1470 1569//1569 1477//1477
f 1478//1478 1477//1477 1569//1569
f 1571//1571 1478//1478 1569//1569
f 1479//1479 1478//1478 1571//1571
f 1573//1573 1479//1479 1571//1571
f 1472//1472 1479//1479 1573//1573
f 1575//1575 1578//1578 1579//1579
f 1575//1575 1579//1579 1475//1475
f 1475//1475 1579//1579 1480//1480
f 1576//1576 1578//1578 1575//1575
f 1482//1482 1580//1580 1581//1581
f 1481//1481 1580//1580 1482//1482
f 1577//1577 1476//1476 1482//1482
f 1581//1581 1577//1577 1482//1482
f 1480//1480 1579//1579 1483//1483
f 1579//1579 1582//1582 1483//1483
f 1481//1481 1484//1484 1580//1580
f 1580//1580 1484//1484 1583//1583
f 1483//1483 1582//1582 1485//1485
f 1582//1582 1584//1584 1485//1485
f 1484//1484 1487//1487 1583//1583
f 1583//1583 1487//1487 1585//1585
f 1485//1485 1584//1584 1488//1488
f 1584//1584 1586//1586 1488//1488
f 1490//1490 1489//1489 1587//1587
f 1490//1490 1587//1587 1588//1588
f 1490//1490 1588//1588 1487//1487
f 1487//1487 1588//1588 1585//1585
f 1488//1488 1586//1586 1491//1491
f 1586//1586 1589//1589 1491//1491
f 1587//1587 1492//1492 1590//1590
f 1489//1489 1492//1492 1587//1587
f 1591//1591 1588//1588 1587//1587
f 1590//1590 1591//1591 1587//1587
f 1491//1491 1589//1589 1493//1493
f 1589//1589 1592//1592 1493//1493
f 1590//1590 1494//1494 1593//1593
f 1492//1492 1494//1494 1590//1590
f 1594//1594 1591//1591 1590//1590
f 1593//1593 1594//1594 1590//1590
f 1493//1493 1592//1592 1495//1495
f 1592//1592 1595//1595 1495//1495
f 1593//1593 1596//1596 1597//1597
f 1593//1593 1494//1494 1596//1596
f 1494//1494 1496//1496 1596//1596
f 1594//1594 1593//1593 1597//1597
f 1497//1497 1598//1598 1599//1599
f 1498//1498 1497//1497 1599//1599
f 1595//1595 1497//1497 1495//1495
f 1598//1598 1497//1497 1595//1595
f 1496//1496 1499//1499 1596//1596
f 1596//1596 1499//1499 1600//1600
f 1601//1601 1602//1602 1603//1603
f 1601//1601 1599//1599 1602//1602
f 1601//1601 1500//1500 1599//1599
f 1500//1500 1498//1498 1599//1599
f 1499//1499 1501//1501 1600//1600
f 1600//1600 1501//1501 1604//1604
f 1605//1605 1606//1606 1607//1607
f 1603//1603 1606//1606 1605//1605
f 1601//1601 1603//1603 1605//1605
f 1601//1601 1605//1605 1503//1503
f 1601//1601 1503//1503 1502//1502
f 1500//1500 1601//1601 1502//1502
f 1608//1608 1504//1504 1609//1609
f 1608//1608 1604//1604 1504//1504
f 1604//1604 1501//1501 1504//1504
f 1608//1608 1609//1609 1610//1610
f 1611//1611 1612//1612 1613//1613
f 1611//1611 1506//1506 1505//1505
f 1611//1611 1505//1505 1612//1612
f 1612//1612 1505//1505 1614//1614
f 1507//1507 1615//1615 1505//1505
f 1505//1505 1615//1615 1614//1614
f 1508//1508 1616//1616 1507//1507
f 1507//1507 1616//1616 1615//1615
f 1509//1509 1617//1617 1508//1508
f 1508//1508 1617//1617 1616//1616
f 1510//1510 1618//1618 1509//1509
f 1509//1509 1618//1618 1617//1617
f 1511//1511 1619//1619 1510//1510
f 1510//1510 1619//1619 1618//1618
f 1512//1512 1620//1620 1511//1511
f 1511//1511 1620//1620 1619//1619
f 1607//1607 1513//1513 1605//1605
f 1607//1607 1620//1620 1513//1513
f 1620//1620 1512//1512 1513//1513
f 1503//1503 1605//1605 1513//1513
f 1609//1609 1514//1514 1621//1621
f 1504//1504 1514//1514 1609//1609
f 1622//1622 1610//1610 1609//1609
f 1621//1621 1622//1622 1609//1609
f 1515//1515 1623//1623 1624//1624
f 1516//1516 1515//1515 1624//1624
f 1517//1517 1625//1625 1515//1515
f 1515//1515 1625//1625 1623//1623
f 1613//1613 1518//1518 1611//1611
f 1613//1613 1625//1625 1518//1518
f 1625//1625 1517//1517 1518//1518
f 1506//1506 1611//1611 1518//1518
f 1514//1514 1519//1519 1621//1621
f 1621//1621 1519//1519 1520//1520
f 1621//1621 1520//1520 1622//1622
f 1622//1622 1520//1520 1626//1626
f 1521//1521 1627//1627 1628//1628
f 1522//1522 1521//1521 1628//1628
f 1523//1523 1629//1629 1521//1521
f 1521//1521 1629//1629 1627//1627
f 1624//1624 1523//1523 1516//1516
f 1629//1629 1523//1523 1624//1624
f 1520//1520 1630//1630 1626//1626
f 1524//1524 1630//1630 1520//1520
f 1525//1525 1631//1631 1524//1524
f 1524//1524 1631//1631 1630//1630
f 1526//1526 1632//1632 1525//1525
f 1525//1525 1632//1632 1631//1631
f 1628//1628 1526//1526 1522//1522
f 1632//1632 1526//1526 1628//1628
f 1529//1529 1528//1528 1633//1633
f 1529//1529 1634//1634 1530//1530
f 1633//1633 1634//1634 1529//1529
f 1530//1530 1635//1635 1531//1531
f 1634//1634 1635//1635 1530//1530
f 1531//1531 1635//1635 1533//1533
f 1633//1633 1534//1534 1636//1636
f 1528//1528 1534//1534 1633//1633
f 1637//1637 1638//1638 1634//1634
f 1637//1637 1634//1634 1636//1636
f 1636//1636 1634//1634 1633//1633
f 1638//1638 1639//1639 1640//1640
f 1638//1638 1640//1640 1634//1634
f 1634//1634 1640//1640 1635//1635
f 1533//1533 1641//1641 1535//1535
f 1533//1533 1635//1635 1641//1641
f 1635//1635 1640//1640 1641//1641
f 1535//1535 1641//1641 1537//1537
f 1540//1540 1642//1642 1643//1643
f 1539//1539 1642//1642 1540//1540
f 1541//1541 1540//1540 1644//1644
f 1540//1540 1643//1643 1644//1644
f 1644//1644 1543//1543 1541//1541
f 1645//1645 1543//1543 1644//1644
f 1546//1546 1545//1545 1646//1646
f 1546//1546 1646//1646 1647//1647
f 1534//1534 1546//1546 1647//1647
f 1534//1534 1647//1647 1648//1648
f 1534//1534 1648//1648 1636//1636
f 1637//1637 1636//1636 1648//1648
f 1640//1640 1639//1639 1649//1649
f 1641//1641 1640//1640 1649//1649
f 1650//1650 1641//1641 1649//1649
f 1651//1651 1650//1650 1652//1652
f 1547//1547 1650//1650 1651//1651
f 1547//1547 1641//1641 1650//1650
f 1547//1547 1537//1537 1641//1641
f 1547//1547 1651//1651 1549//1549
f 1552//1552 1551//1551 1653//1653
f 1654//1654 1552//1552 1653//1653
f 1654//1654 1655//1655 1552//1552
f 1655//1655 1553//1553 1552//1552
f 1642//1642 1539//1539 1553//1553
f 1655//1655 1642//1642 1553//1553
f 1543//1543 1645//1645 1656//1656
f 1554//1554 1543//1543 1656//1656
f 1656//1656 1556//1556 1554//1554
f 1657//1657 1556//1556 1656//1656
f 1646//1646 1557//1557 1658//1658
f 1545//1545 1557//1557 1646//1646
f 1659//1659 1647//1647 1646//1646
f 1658//1658 1659//1659 1646//1646
f 1651//1651 1652//1652 1660//1660
f 1661//1661 1660//1660 1662//1662
f 1558//1558 1660//1660 1661//1661
f 1558//1558 1651//1651 1660//1660
f 1558//1558 1549//1549 1651//1651
f 1558//1558 1661//1661 1560//1560
f 1563//1563 1562//1562 1663//1663
f 1563//1563 1663//1663 1664//1664
f 1551//1551 1563//1563 1664//1664
f 1551//1551 1664//1664 1665//1665
f 1551//1551 1665//1665 1653//1653
f 1654//1654 1653//1653 1665//1665
f 1556//1556 1657//1657 1565//1565
f 1657//1657 1666//1666 1565//1565
f 1658//1658 1566//1566 1667//1667
f 1557//1557 1566//1566 1658//1658
f 1668//1668 1659//1659 1658//1658
f 1667//1667 1668//1668 1658//1658
f 1661//1661 1662//1662 1669//1669
f 1560//1560 1661//1661 1669//1669
f 1560//1560 1669//1669 1567//1567
f 1567//1567 1669//1669 1670//1670
f 1568//1568 1567//1567 1671//1671
f 1567//1567 1670//1670 1671//1671
f 1672//1672 1671//1671 1673//1673
f 1672//1672 1570//1570 1671//1671
f 1570//1570 1568//1568 1671//1671
f 1570//1570 1674//1674 1572//1572
f 1672//1672 1674//1674 1570//1570
f 1572//1572 1675//1675 1574//1574
f 1674//1674 1675//1675 1572//1572
f 1574//1574 1675//1675 1676//1676
f 1562//1562 1574//1574 1676//1676
f 1562//1562 1676//1676 1677//1677
f 1562//1562 1677//1677 1663//1663
f 1664//1664 1663//1663 1677//1677
f 1678//1678 1679//1679 1680//1680
f 1678//1678 1666//1666 1679//1679
f 1678//1678 1576//1576 1666//1666
f 1576//1576 1565//1565 1666//1666
f 1667//1667 1681//1681 1682//1682
f 1667//1667 1566//1566 1681//1681
f 1566//1566 1577//1577 1681//1681
f 1668//1668 1667//1667 1682//1682
f 1672//1672 1673//1673 1683//1683
f 1674//1674 1672//1672 1683//1683
f 1684//1684 1674//1674 1683//1683
f 1675//1675 1674//1674 1684//1684
f 1685//1685 1675//1675 1684//1684
f 1676//1676 1675//1675 1685//1685
f 1578//1578 1678//1678 1680//1680
f 1578//1578 1680//1680 1579//1579
f 1579//1579 1680//1680 1686//1686
f 1576//1576 1678//1678 1578//1578
f 1581//1581 1580//1580 1687//1687
f 1581//1581 1687//1687 1688//1688
f 1581//1581 1688//1688 1577//1577
f 1577//1577 1688//1688 1681//1681
f 1689//1689 1690//1690 1691//1691
f 1689//1689 1686//1686 1690//1690
f 1689//1689 1582//1582 1686//1686
f 1582//1582 1579//1579 1686//1686
f 1687//1687 1692//1692 1693//1693
f 1687//1687 1580//1580 1692//1692
f 1580//1580 1583//1583 1692//1692
f 1688//1688 1687//1687 1693//1693
f 1694//1694 1689//1689 1691//1691
f 1695//1695 1694//1694 1691//1691
f 1582//1582 1694//1694 1584//1584
f 1689//1689 1694//1694 1582//1582
f 1583//1583 1585//1585 1692//1692
f 1692//1692 1585//1585 1696//1696
f 1697//1697 1694//1694 1695//1695
f 1698//1698 1697//1697 1695//1695
f 1584//1584 1697//1697 1586//1586
f 1694//1694 1697//1697 1584//1584
f 1585//1585 1588//1588 1696//1696
f 1696//1696 1588//1588 1699//1699
f 1700//1700 1697//1697 1698//1698
f 1701//1701 1700//1700 1698//1698
f 1586//1586 1700//1700 1589//1589
f 1697//1697 1700//1700 1586//1586
f 1588//1588 1591//1591 1699//1699
f 1699//1699 1591//1591 1702//1702
f 1703//1703 1700//1700 1701//1701
f 1704//1704 1703//1703 1701//1701
f 1589//1589 1703//1703 1592//1592
f 1700//1700 1703//1703 1589//1589
f 1591//1591 1594//1594 1702//1702
f 1702//1702 1594//1594 1705//1705
f 1706//1706 1703//1703 1704//1704
f 1707//1707 1706//1706 1704//1704
f 1592//1592 1706//1706 1595//1595
f 1703//1703 1706//1706 1592//1592
f 1597//1597 1596//1596 1708//1708
f 1597//1597 1708//1708 1709//1709
f 1597//1597 1709//1709 1594//1594
f 1594//1594 1709//1709 1705//1705
f 1710//1710 1711//1711 1712//1712
f 1707//1707 1711//1711 1710//1710
f 1706//1706 1707//1707 1710//1710
f 1706//1706 1710//1710 1599//1599
f 1706//1706 1599//1599 1598//1598
f 1595//1595 1706//1706 1598//1598
f 1708//1708 1600//1600 1713//1713
f 1596//1596 1600//1600 1708//1708
f 1714//1714 1709//1709 1708//1708
f 1713//1713 1714//1714 1708//1708
f 1715//1715 1716//1716 1717//1717
f 1715//1715 1718//1718 1719//1719
f 1716//1716 1715//1715 1719//1719
f 1718//1718 1720//1720 1721//1721
f 1719//1719 1718//1718 1721//1721
f 1720//1720 1722//1722 1723//1723
f 1721//1721 1720//1720 1723//1723
f 1712//1712 1723//1723 1722//1722
f 1710//1710 1712//1712 1722//1722
f 1710//1710 1722//1722 1603//1603
f 1710//1710 1603//1603 1602//1602
f 1599//1599 1710//1710 1602//1602
f 1713//1713 1604//1604 1724//1724
f 1600//1600 1604//1604 1713//1713
f 1725//1725 1714//1714 1713//1713
f 1724//1724 1725//1725 1713//1713
f 1726//1726 1727//1727 1728//1728
f 1726//1726 1729//1729 1730//1730
f 1727//1727 1726//1726 1730//1730
f 1729//1729 1731//1731 1732//1732
f 1730//1730 1729//1729 1732//1732
f 1731//1731 1733//1733 1734//1734
f 1732//1732 1731//1731 1734//1734
f 1733//1733 1735//1735 1736//1736
f 1734//1734 1733//1733 1736//1736
f 1735//1735 1737//1737 1738//1738
f 1736//1736 1735//1735 1738//1738
f 1737//1737 1739//1739 1740//1740
f 1738//1738 1737//1737 1740//1740
f 1717//1717 1740//1740 1739//1739
f 1717//1717 1739//1739 1715//1715
f 1715//1715 1739//1739 1741//1741
f 1718//1718 1715//1715 1742//1742
f 1742//1742 1715//1715 1741//1741
f 1720//1720 1718//1718 1743//1743
f 1743//1743 1718//1718 1742//1742
f 1606//1606 1743//1743 1607//1607
f 1606//1606 1722//1722 1743//1743
f 1722//1722 1720//1720 1743//1743
f 1603//1603 1722//1722 1606//1606
f 1604//1604 1608//1608 1724//1724
f 1724//1724 1608//1608 1610//1610
f 1724//1724 1610//1610 1725//1725
f 1725//1725 1610//1610 1744//1744
f 1745//1745 1746//1746 1747//1747
f 1728//1728 1746//1746 1745//1745
f 1728//1728 1745//1745 1726//1726
f 1726//1726 1745//1745 1748//1748
f 1729//1729 1726//1726 1749//1749
f 1749//1749 1726//1726 1748//1748
f 1612//1612 1749//1749 1613//1613
f 1612//1612 1731//1731 1749//1749
f 1731//1731 1729//1729 1749//1749
f 1614//1614 1731//1731 1612//1612
f 1733//1733 1731//1731 1614//1614
f 1615//1615 1733//1733 1614//1614
f 1735//1735 1733//1733 1615//1615
f 1616//1616 1735//1735 1615//1615
f 1737//1737 1735//1735 1616//1616
f 1617//1617 1737//1737 1616//1616
f 1739//1739 1737//1737 1617//1617
f 1618//1618 1739//1739 1617//1617
f 1741//1741 1739//1739 1618//1618
f 1619//1619 1741//1741 1618//1618
f 1742//1742 1741//1741 1619//1619
f 1620//1620 1742//1742 1619//1619
f 1743//1743 1742//1742 1620//1620
f 1607//1607 1743//1743 1620//1620
f 1750//1750 1622//1622 1751//1751
f 1750//1750 1744//1744 1622//1622
f 1744//1744 1610//1610 1622//1622
f 1750//1750 1751//1751 1752//1752
f 1753//1753 1754//1754 1755//1755
f 1747//1747 1754//1754 1753//1753
f 1747//1747 1753//1753 1745//1745
f 1745//1745 1753//1753 1756//1756
f 1623//1623 1756//1756 1624//1624
f 1623//1623 1748//1748 1756//1756
f 1748//1748 1745//1745 1756//1756
f 1625//1625 1748//1748 1623//1623
f 1749//1749 1748//1748 1625//1625
f 1613//1613 1749//1749 1625//1625
f 1751//1751 1626//1626 1757//1757
f 1622//1622 1626//1626 1751//1751
f 1758//1758 1752//1752 1751//1751
f 1758//1758 1751//1751 1759//1759
f 1759//1759 1751//1751 1757//1757
f 1759//1759 1760//1760 1761//1761
f 1758//1758 1759//1759 1761//1761
f 1755//1755 1761//1761 1760//1760
f 1753//1753 1755//1755 1760//1760
f 1753//1753 1760//1760 1628//1628
f 1753//1753 1628//1628 1627//1627
f 1629//1629 1753//1753 1627//1627
f 1756//1756 1753//1753 1629//1629
f 1624//1624 1756//1756 1629//1629
f 1626//1626 1630//1630 1757//1757
f 1631//1631 1757//1757 1630//1630
f 1759//1759 1757//1757 1631//1631
f 1632//1632 1759//1759 1631//1631
f 1760//1760 1759//1759 1632//1632
f 1628//1628 1760//1760 1632//1632
f 1638//1638 1637//1637 1762//1762
f 1638//1638 1762//1762 1639//1639
f 1643//1643 1642//1642 1763//1763
f 1643//1643 1764//1764 1644//1644
f 1763//1763 1764//1764 1643//1643
f 1644//1644 1764//1764 1645//1645
f 1648//1648 1647//1647 1765//1765
f 1648//1648 1762//1762 1637//1637
f 1648//1648 1765//1765 1762//1762
f 1765//1765 1766//1766 1762//1762
f 1639//1639 1767//1767 1649//1649
f 1639//1639 1762//1762 1767//1767
f 1762//1762 1766//1766 1767//1767
f 1649//1649 1768//1768 1650//1650
f 1767//1767 1768//1768 1649//1649
f 1650//1650 1768//1768 1652//1652
f 1655//1655 1654//1654 1769//1769
f 1655//1655 1763//1763 1642//1642
f 1655//1655 1769//1769 1763//1763
f 1769//1769 1770//1770 1763//1763
f 1764//1764 1763//1763 1771//1771
f 1771//1771 1763//1763 1770//1770
f 1645//1645 1772//1772 1656//1656
f 1645//1645 1764//1764 1772//1772
f 1764//1764 1771//1771 1772//1772
f 1656//1656 1772//1772 1657//1657
f 1765//1765 1659//1659 1773//1773
f 1647//1647 1659//1659 1765//1765
f 1766//1766 1765//1765 1774//1774
f 1774//1774 1765//1765 1773//1773
f 1767//1767 1766//1766 1775//1775
f 1775//1775 1766//1766 1774//1774
f 1768//1768 1767//1767 1776//1776
f 1776//1776 1767//1767 1775//1775
f 1652//1652 1777//1777 1660//1660
f 1652//1652 1768//1768 1777//1777
f 1768//1768 1776//1776 1777//1777
f 1660//1660 1777//1777 1662//1662
f 1665//1665 1664//1664 1778//1778
f 1665//1665 1769//1769 1654//1654
f 1665//1665 1778//1778 1769//1769
f 1778//1778 1779//1779 1769//1769
f 1780//1780 1781//1781 1770//1770
f 1780//1780 1770//1770 1779//1779
f 1779//1779 1770//1770 1769//1769
f 1771//1771 1770//1770 1781//1781
f 1782//1782 1771//1771 1781//1781
f 1782//1782 1783//1783 1784//1784
f 1782//1782 1784//1784 1771//1771
f 1771//1771 1784//1784 1772//1772
f 1657//1657 1784//1784 1666//1666
f 1772//1772 1784//1784 1657//1657
f 1773//1773 1668//1668 1785//1785
f 1659//1659 1668//1668 1773//1773
f 1774//1774 1773//1773 1786//1786
f 1786//1786 1773//1773 1785//1785
f 1775//1775 1774//1774 1787//1787
f 1787//1787 1774//1774 1786//1786
f 1776//1776 1775//1775 1788//1788
f 1788//1788 1775//1775 1787//1787
f 1777//1777 1776//1776 1789//1789
f 1789//1789 1776//1776 1788//1788
f 1662//1662 1790//1790 1669//1669
f 1662//1662 1777//1777 1790//1790
f 1777//1777 1789//1789 1790//1790
f 1669//1669 1791//1791 1670//1670
f 1790//1790 1791//1791 1669//1669
f 1670//1670 1792//1792 1671//1671
f 1791//1791 1792//1792 1670//1670
f 1671//1671 1792//1792 1673//1673
f 1677//1677 1676//1676 1793//1793
f 1677//1677 1778//1778 1664//1664
f 1677//1677 1793//1793 1778//1778
f 1793//1793 1794//1794 1778//1778
f 1779//1779 1778//1778 1795//1795
f 1795//1795 1778//1778 1794//1794
f 1796//1796 1780//1780 1779//1779
f 1795//1795 1796//1796 1779//1779
f 1797//1797 1798//1798 1799//1799
f 1783//1783 1798//1798 1797//1797
f 1784//1784 1783//1783 1797//1797
f 1784//1784 1797//1797 1680//1680
f 1784//1784 1680//1680 1679//1679
f 1666//1666 1784//1784 1679//1679
f 1682//1682 1681//1681 1800//1800
f 1682//1682 1785//1785 1668//1668
f 1682//1682 1800//1800 1785//1785
f 1800//1800 1801//1801 1785//1785
f 1786//1786 1785//1785 1802//1802
f 1802//1802 1785//1785 1801//1801
f 1787//1787 1786//1786 1803//1803
f 1803//1803 1786//1786 1802//1802
f 1804//1804 1805//1805 1788//1788
f 1804//1804 1788//1788 1803//1803
f 1803//1803 1788//1788 1787//1787
f 1789//1789 1788//1788 1805//1805
f 1806//1806 1789//1789 1805//1805
f 1790//1790 1789//1789 1806//1806
f 1807//1807 1790//1790 1806//1806
f 1791//1791 1790//1790 1807//1807
f 1808//1808 1791//1791 1807//1807
f 1792//1792 1791//1791 1808//1808
f 1809//1809 1792//1792 1808//1808
f 1810//1810 1809//1809 1811//1811
f 1683//1683 1809//1809 1810//1810
f 1683//1683 1792//1792 1809//1809
f 1683//1683 1673//1673 1792//1792
f 1683//1683 1812//1812 1684//1684
f 1810//1810 1812//1812 1683//1683
f 1684//1684 1813//1813 1685//1685
f 1812//1812 1813//1813 1684//1684
f 1685//1685 1793//1793 1676//1676
f 1685//1685 1813//1813 1793//1793
f 1813//1813 1814//1814 1793//1793
f 1794//1794 1793//1793 1815//1815
f 1815//1815 1793//1793 1814//1814
f 1795//1795 1794//1794 1816//1816
f 1816//1816 1794//1794 1815//1815
f 1817//1817 1796//1796 1795//1795
f 1817//1817 1795//1795 1818//1818
f 1818//1818 1795//1795 1816//1816
f 1799//1799 1817//1817 1818//1818
f 1799//1799 1818//1818 1797//1797
f 1797//1797 1818//1818 1819//1819
f 1680//1680 1819//1819 1686//1686
f 1797//1797 1819//1819 1680//1680
f 1800//1800 1688//1688 1820//1820
f 1681//1681 1688//1688 1800//1800
f 1801//1801 1800//1800 1821//1821
f 1821//1821 1800//1800 1820//1820
f 1802//1802 1801//1801 1822//1822
f 1822//1822 1801//1801 1821//1821
f 1823//1823 1824//1824 1803//1803
f 1823//1823 1803//1803 1822//1822
f 1822//1822 1803//1803 1802//1802
f 1804//1804 1803//1803 1824//1824
f 1810//1810 1811//1811 1825//1825
f 1825//1825 1826//1826 1827//1827
f 1825//1825 1827//1827 1810//1810
f 1810//1810 1827//1827 1812//1812
f 1813//1813 1812//1812 1828//1828
f 1828//1828 1812//1812 1827//1827
f 1814//1814 1813//1813 1829//1829
f 1829//1829 1813//1813 1828//1828
f 1815//1815 1814//1814 1830//1830
f 1830//1830 1814//1814 1829//1829
f 1816//1816 1815//1815 1831//1831
f 1831//1831 1815//1815 1830//1830
f 1818//1818 1816//1816 1832//1832
f 1832//1832 1816//1816 1831//1831
f 1690//1690 1832//1832 1691//1691
f 1690//1690 1819//1819 1832//1832
f 1819//1819 1818//1818 1832//1832
f 1686//1686 1819//1819 1690//1690
f 1693//1693 1692//1692 1833//1833
f 1693//1693 1820//1820 1688//1688
f 1693//1693 1833//1833 1820//1820
f 1833//1833 1834//1834 1820//1820
f 1821//1821 1820//1820 1835//1835
f 1835//1835 1820//1820 1834//1834
f 1822//1822 1821//1821 1836//1836
f 1836//1836 1821//1821 1835//1835
f 1837//1837 1823//1823 1822//1822
f 1836//1836 1837//1837 1822//1822
f 1827//1827 1826//1826 1838//1838
f 1838//1838 1839//1839 1840//1840
f 1838//1838 1840//1840 1827//1827
f 1827//1827 1840//1840 1828//1828
f 1829//1829 1828//1828 1841//1841
f 1841//1841 1828//1828 1840//1840
f 1830//1830 1829//1829 1842//1842
f 1842//1842 1829//1829 1841//1841
f 1831//1831 1830//1830 1843//1843
f 1843//1843 1830//1830 1842//1842
f 1832//1832 1831//1831 1844//1844
f 1844//1844 1831//1831 1843//1843
f 1691//1691 1844//1844 1695//1695
f 1832//1832 1844//1844 1691//1691
f 1833//1833 1696//1696 1845//1845
f 1692//1692 1696//1696 1833//1833
f 1834//1834 1833//1833 1846//1846
f 1846//1846 1833//1833 1845//1845
f 1847//1847 1848//1848 1835//1835
f 1847//1847 1835//1835 1846//1846
f 1846//1846 1835//1835 1834//1834
f 1836//1836 1835//1835 1848//1848
f 1849//1849 1836//1836 1848//1848
f 1837//1837 1836//1836 1849//1849
f 1850//1850 1840//1840 1839//1839
f 1851//1851 1850//1850 1839//1839
f 1841//1841 1840//1840 1852//1852
f 1852//1852 1840//1840 1850//1850
f 1842//1842 1841//1841 1853//1853
f 1853//1853 1841//1841 1852//1852
f 1843//1843 1842//1842 1854//1854
f 1854//1854 1842//1842 1853//1853
f 1844//1844 1843//1843 1855//1855
f 1855//1855 1843//1843 1854//1854
f 1695//1695 1855//1855 1698//1698
f 1844//1844 1855//1855 1695//1695
f 1845//1845 1699//1699 1856//1856
f 1696//1696 1699//1699 1845//1845
f 1857//1857 1858//1858 1846//1846
f 1857//1857 1846//1846 1856//1856
f 1856//1856 1846//1846 1845//1845
f 1847//1847 1846//1846 1858//1858
f 1859//1859 1860//1860 1861//1861
f 1859//1859 1862//1862 1863//1863
f 1860//1860 1859//1859 1863//1863
f 1863//1863 1862//1862 1864//1864
f 1865//1865 1850//1850 1851//1851
f 1866//1866 1865//1865 1851//1851
f 1852//1852 1850//1850 1867//1867
f 1867//1867 1850//1850 1865//1865
f 1853//1853 1852//1852 1868//1868
f 1868//1868 1852//1852 1867//1867
f 1854//1854 1853//1853 1869//1869
f 1869//1869 1853//1853 1868//1868
f 1855//1855 1854//1854 1870//1870
f 1870//1870 1854//1854 1869//1869
f 1698//1698 1870//1870 1701//1701
f 1855//1855 1870//1870 1698//1698
f 1856//1856 1702//1702 1871//1871
f 1699//1699 1702//1702 1856//1856
f 1872//1872 1857//1857 1856//1856
f 1871//1871 1872//1872 1856//1856
f 1873//1873 1859//1859 1861//1861
f 1874//1874 1873//1873 1861//1861
f 1862//1862 1859//1859 1875//1875
f 1875//1875 1859//1859 1873//1873
f 1876//1876 1864//1864 1862//1862
f 1876//1876 1862//1862 1877//1877
f 1877//1877 1862//1862 1875//1875
f 1877//1877 1878//1878 1879//1879
f 1876//1876 1877//1877 1879//1879
f 1879//1879 1878//1878 1880//1880
f 1881//1881 1882//1882 1883//1883
f 1866//1866 1882//1882 1881//1881
f 1866//1866 1881//1881 1865//1865
f 1865//1865 1881//1881 1884//1884
f 1867//1867 1865//1865 1885//1885
f 1885//1885 1865//1865 1884//1884
f 1868//1868 1867//1867 1886//1886
f 1886//1886 1867//1867 1885//1885
f 1869//1869 1868//1868 1887//1887
f 1887//1887 1868//1868 1886//1886
f 1870//1870 1869//1869 1888//1888
f 1888//1888 1869//1869 1887//1887
f 1701//1701 1888//1888 1704//1704
f 1870//1870 1888//1888 1701//1701
f 1871//1871 1705//1705 1889//1889
f 1702//1702 1705//1705 1871//1871
f 1890//1890 1872//1872 1871//1871
f 1890//1890 1871//1871 1891//1891
f 1891//1891 1871//1871 1889//1889
f 1891//1891 1892//1892 1893//1893
f 1890//1890 1891//1891 1893//1893
f 1874//1874 1893//1893 1892//1892
f 1874//1874 1892//1892 1873//1873
f 1873//1873 1892//1892 1894//1894
f 1875//1875 1873//1873 1895//1895
f 1895//1895 1873//1873 1894//1894
f 1877//1877 1875//1875 1896//1896
f 1896//1896 1875//1875 1895//1895
f 1878//1878 1877//1877 1897//1897
f 1897//1897 1877//1877 1896//1896
f 1898//1898 1880//1880 1878//1878
f 1898//1898 1878//1878 1899//1899
f 1899//1899 1878//1878 1897//1897
f 1899//1899 1900//1900 1901//1901
f 1898//1898 1899//1899 1901//1901
f 1900//1900 1902//1902 1903//1903
f 1901//1901 1900//1900 1903//1903
f 1902//1902 1904//1904 1905//1905
f 1903//1903 1902//1902 1905//1905
f 1883//1883 1905//1905 1904//1904
f 1883//1883 1904//1904 1881//1881
f 1881//1881 1904//1904 1906//1906
f 1884//1884 1881//1881 1907//1907
f 1907//1907 1881//1881 1906//1906
f 1885//1885 1884//1884 1908//1908
f 1908//1908 1884//1884 1907//1907
f 1886//1886 1885//1885 1909//1909
f 1909//1909 1885//1885 1908//1908
f 1887//1887 1886//1886 1910//1910
f 1910//1910 1886//1886 1909//1909
f 1888//1888 1887//1887 1911//1911
f 1911//1911 1887//1887 1910//1910
f 1704//1704 1911//1911 1707//1707
f 1888//1888 1911//1911 1704//1704
f 1889//1889 1709//1709 1912//1912
f 1705//1705 1709//1709 1889//1889
f 1891//1891 1889//1889 1913//1913
f 1913//1913 1889//1889 1912//1912
f 1892//1892 1891//1891 1914//1914
f 1914//1914 1891//1891 1913//1913
f 1894//1894 1892//1892 1915//1915
f 1915//1915 1892//1892 1914//1914
f 1895//1895 1894//1894 1916//1916
f 1916//1916 1894//1894 1915//1915
f 1896//1896 1895//1895 1917//1917
f 1917//1917 1895//1895 1916//1916
f 1897//1897 1896//1896 1918//1918
f 1918//1918 1896//1896 1917//1917
f 1899//1899 1897//1897 1919//1919
f 1919//1919 1897//1897 1918//1918
f 1900//1900 1899//1899 1920//1920
f 1920//1920 1899//1899 1919//1919
f 1902//1902 1900//1900 1921//1921
f 1921//1921 1900//1900 1920//1920
f 1904//1904 1902//1902 1922//1922
f 1922//1922 1902//1902 1921//1921
f 1906//1906 1904//1904 1923//1923
f 1923//1923 1904//1904 1922//1922
f 1907//1907 1906//1906 1924//1924
f 1924//1924 1906//1906 1923//1923
f 1908//1908 1907//1907 1925//1925
f 1925//1925 1907//1907 1924//1924
f 1909//1909 1908//1908 1926//1926
f 1926//1926 1908//1908 1925//1925
f 1910//1910 1909//1909 1927//1927
f 1927//1927 1909//1909 1926//1926
f 1711//1711 1927//1927 1712//1712
f 1711//1711 1911//1911 1927//1927
f 1911//1911 1910//1910 1927//1927
f 1707//1707 1911//1911 1711//1711
f 1912//1912 1714//1714 1928//1928
f 1709//1709 1714//1714 1912//1912
f 1913//1913 1912//1912 1929//1929
f 1929//1929 1912//1912 1928//1928
f 1914//1914 1913//1913 1930//1930
f 1930//1930 1913//1913 1929//1929
f 1915//1915 1914//1914 1931//1931
f 1931//1931 1914//1914 1930//1930
f 1916//1916 1915//1915 1932//1932
f 1932//1932 1915//1915 1931//1931
f 1917//1917 1916//1916 1933//1933
f 1933//1933 1916//1916 1932//1932
f 1918//1918 1917//1917 1934//1934
f 1934//1934 1917//1917 1933//1933
f 1919//1919 1918//1918 1935//1935
f 1935//1935 1918//1918 1934//1934
f 1920//1920 1919//1919 1936//1936
f 1936//1936 1919//1919 1935//1935
f 1921//1921 1920//1920 1937//1937
f 1937//1937 1920//1920 1936//1936
f 1922//1922 1921//1921 1938//1938
f 1938//1938 1921//1921 1937//1937
f 1923//1923 1922//1922 1939//1939
f 1939//1939 1922//1922 1938//1938
f 1716//1716 1939//1939 1717//1717
f 1716//1716 1924//1924 1939//1939
f 1924//1924 1923//1923 1939//1939
f 1719//1719 1924//1924 1716//1716
f 1925//1925 1924//1924 1719//1719
f 1721//1721 1925//1925 1719//1719
f 1926//1926 1925//1925 1721//1721
f 1723//1723 1926//1926 1721//1721
f 1927//1927 1926//1926 1723//1723
f 1712//1712 1927//1927 1723//1723
f 1928//1928 1725//1725 1940//1940
f 1714//1714 1725//1725 1928//1928
f 1929//1929 1928//1928 1941//1941
f 1941//1941 1928//1928 1940//1940
f 1930//1930 1929//1929 1942//1942
f 1942//1942 1929//1929 1941//1941
f 1931//1931 1930//1930 1943//1943
f 1943//1943 1930//1930 1942//1942
f 1932//1932 1931//1931 1944//1944
f 1944//1944 1931//1931 1943//1943
f 1727//1727 1944//1944 1728//1728
f 1727//1727 1933//1933 1944//1944
f 1933//1933 1932//1932 1944//1944
f 1730//1730 1933//1933 1727//1727
f 1934//1934 1933//1933 1730//1730
f 1732//1732 1934//1934 1730//1730
f 1935//1935 1934//1934 1732//1732
f 1734//1734 1935//1935 1732//1732
f 1936//1936 1935//1935 1734//1734
f 1736//1736 1936//1936 1734//1734
f 1937//1937 1936//1936 1736//1736
f 1738//1738 1937//1937 1736//1736
f 1938//1938 1937//1937 1738//1738
f 1740//1740 1938//1938 1738//1738
f 1939//1939 1938//1938 1740//1740
f 1717//1717 1939//1939 1740//1740
f 1940//1940 1744//1744 1945//1945
f 1725//1725 1744//1744 1940//1940
f 1941//1941 1940//1940 1946//1946
f 1946//1946 1940//1940 1945//1945
f 1942//1942 1941//1941 1947//1947
f 1947//1947 1941//1941 1946//1946
f 1943//1943 1942//1942 1948//1948
f 1948//1948 1942//1942 1947//1947
f 1746//1746 1948//1948 1747//1747
f 1746//1746 1944//1944 1948//1948
f 1944//1944 1943//1943 1948//1948
f 1728//1728 1944//1944 1746//1746
f 1744//1744 1750//1750 1945//1945
f 1752//1752 1945//1945 1750//1750
f 1752//1752 1949//1949 1945//1945
f 1949//1949 1946//1946 1945//1945
f 1947//1947 1946//1946 1950//1950
f 1950//1950 1946//1946 1949//1949
f 1754//1754 1950//1950 1755//1755
f 1754//1754 1948//1948 1950//1950
f 1948//1948 1947//1947 1950//1950
f 1747//1747 1948//1948 1754//1754
f 1752//1752 1758//1758 1949//1949
f 1761//1761 1949//1949 1758//1758
f 1950//1950 1949//1949 1761//1761
f 1755//1755 1950//1950 1761//1761
f 1781//1781 1780//1780 1951//1951
f 1781//1781 1952//1952 1782//1782
f 1951//1951 1952//1952 1781//1781
f 1782//1782 1952//1952 1783//1783
f 1951//1951 1796//1796 1953//1953
f 1780//1780 1796//1796 1951//1951
f 1798//1798 1953//1953 1799//1799
f 1798//1798 1952//1952 1953//1953
f 1952//1952 1951//1951 1953//1953
f 1783//1783 1952//1952 1798//1798
f 1805//1805 1804//1804 1954//1954
f 1805//1805 1955//1955 1806//1806
f 1954//1954 1955//1955 1805//1805
f 1806//1806 1956//1956 1807//1807
f 1955//1955 1956//1956 1806//1806
f 1807//1807 1957//1957 1808//1808
f 1956//1956 1957//1957 1807//1807
f 1808//1808 1958//1958 1809//1809
f 1957//1957 1958//1958 1808//1808
f 1809//1809 1958//1958 1811//1811
f 1796//1796 1817//1817 1953//1953
f 1799//1799 1953//1953 1817//1817
f 1824//1824 1823//1823 1959//1959
f 1824//1824 1954//1954 1804//1804
f 1824//1824 1959//1959 1954//1954
f 1959//1959 1960//1960 1954//1954
f 1955//1955 1954//1954 1961//1961
f 1961//1961 1954//1954 1960//1960
f 1956//1956 1955//1955 1962//1962
f 1962//1962 1955//1955 1961//1961
f 1957//1957 1956//1956 1963//1963
f 1963//1963 1956//1956 1962//1962
f 1958//1958 1957//1957 1964//1964
f 1964//1964 1957//1957 1963//1963
f 1811//1811 1965//1965 1825//1825
f 1811//1811 1958//1958 1965//1965
f 1958//1958 1964//1964 1965//1965
f 1825//1825 1965//1965 1826//1826
f 1959//1959 1837//1837 1966//1966
f 1823//1823 1837//1837 1959//1959
f 1960//1960 1959//1959 1967//1967
f 1967//1967 1959//1959 1966//1966
f 1961//1961 1960//1960 1968//1968
f 1968//1968 1960//1960 1967//1967
f 1962//1962 1961//1961 1969//1969
f 1969//1969 1961//1961 1968//1968
f 1963//1963 1962//1962 1970//1970
f 1970//1970 1962//1962 1969//1969
f 1964//1964 1963//1963 1971//1971
f 1971//1971 1963//1963 1970//1970
f 1965//1965 1964//1964 1972//1972
f 1972//1972 1964//1964 1971//1971
f 1826//1826 1973//1973 1838//1838
f 1826//1826 1965//1965 1973//1973
f 1965//1965 1972//1972 1973//1973
f 1838//1838 1973//1973 1839//1839
f 1848//1848 1847//1847 1974//1974
f 1848//1848 1975//1975 1849//1849
f 1974//1974 1975//1975 1848//1848
f 1849//1849 1966//1966 1837//1837
f 1849//1849 1975//1975 1966//1966
f 1975//1975 1976//1976 1966//1966
f 1967//1967 1966//1966 1977//1977
f 1977//1977 1966//1966 1976//1976
f 1968//1968 1967//1967 1978//1978
f 1978//1978 1967//1967 1977//1977
f 1969//1969 1968//1968 1979//1979
f 1979//1979 1968//1968 1978//1978
f 1970//1970 1969//1969 1980//1980
f 1980//1980 1969//1969 1979//1979
f 1971//1971 1970//1970 1981//1981
f 1981//1981 1970//1970 1980//1980
f 1972//1972 1971//1971 1982//1982
f 1982//1982 1971//1971 1981//1981
f 1973//1973 1972//1972 1983//1983
f 1983//1983 1972//1972 1982//1982
f 1839//1839 1983//1983 1851//1851
f 1973//1973 1983//1983 1839//1839
f 1858//1858 1857//1857 1984//1984
f 1858//1858 1974//1974 1847//1847
f 1858//1858 1984//1984 1974//1974
f 1984//1984 1985//1985 1974//1974
f 1860//1860 1985//1985 1861//1861
f 1860//1860 1975//1975 1985//1985
f 1975//1975 1974//1974 1985//1985
f 1863//1863 1975//1975 1860//1860
f 1976//1976 1975//1975 1863//1863
f 1864//1864 1976//1976 1863//1863
f 1864//1864 1986//1986 1976//1976
f 1986//1986 1977//1977 1976//1976
f 1978//1978 1977//1977 1987//1987
f 1987//1987 1977//1977 1986//1986
f 1979//1979 1978//1978 1988//1988
f 1988//1988 1978//1978 1987//1987
f 1980//1980 1979//1979 1989//1989
f 1989//1989 1979//1979 1988//1988
f 1981//1981 1980//1980 1990//1990
f 1990//1990 1980//1980 1989//1989
f 1982//1982 1981//1981 1991//1991
f 1991//1991 1981//1981 1990//1990
f 1983//1983 1982//1982 1992//1992
f 1992//1992 1982//1982 1991//1991
f 1851//1851 1992//1992 1866//1866
f 1983//1983 1992//1992 1851//1851
f 1984//1984 1872//1872 1993//1993
f 1857//1857 1872//1872 1984//1984
f 1985//1985 1984//1984 1994//1994
f 1994//1994 1984//1984 1993//1993
f 1861//1861 1994//1994 1874//1874
f 1985//1985 1994//1994 1861//1861
f 1864//1864 1876//1876 1986//1986
f 1879//1879 1986//1986 1876//1876
f 1987//1987 1986//1986 1879//1879
f 1880//1880 1987//1987 1879//1879
f 1880//1880 1995//1995 1987//1987
f 1995//1995 1988//1988 1987//1987
f 1989//1989 1988//1988 1996//1996
f 1996//1996 1988//1988 1995//1995
f 1990//1990 1989//1989 1997//1997
f 1997//1997 1989//1989 1996//1996
f 1991//1991 1990//1990 1998//1998
f 1998//1998 1990//1990 1997//1997
f 1882//1882 1998//1998 1883//1883
f 1882//1882 1992//1992 1998//1998
f 1992//1992 1991//1991 1998//1998
f 1866//1866 1992//1992 1882//1882
f 1872//1872 1890//1890 1993//1993
f 1893//1893 1993//1993 1890//1890
f 1994//1994 1993//1993 1893//1893
f 1874//1874 1994//1994 1893//1893
f 1880//1880 1898//1898 1995//1995
f 1901//1901 1995//1995 1898//1898
f 1996//1996 1995//1995 1901//1901
f 1903//1903 1996//1996 1901//1901
f 1997//1997 1996//1996 1903//1903
f 1905//1905 1997//1997 1903//1903
f 1998//1998 1997//1997 1905//1905
f 1883//1883 1998//1998 1905//1905
