# Murti generated mesh: 1080 verts, 2156 faces
o a_star
v -0.246820 -0.112903 -0.209677
v -0.241935 -0.112903 -0.218086
v -0.241935 -0.118773 -0.209677
v -0.241935 -0.128594 -0.177419
v -0.252647 -0.112903 -0.177419
v -0.241935 -0.125914 -0.145161
v -0.249975 -0.112903 -0.145161
v -0.241935 -0.114798 -0.112903
v -0.243073 -0.112903 -0.112903
v -0.241935 -0.112903 -0.109782
v -0.256740 -0.080645 -0.209677
v -0.241935 -0.080645 -0.241289
v -0.258541 -0.080645 -0.177419
v -0.254501 -0.080645 -0.145161
v -0.246267 -0.080645 -0.112903
v -0.241935 -0.080645 -0.102808
v -0.245006 -0.048387 -0.241935
v -0.241935 -0.048387 -0.245077
v -0.241935 -0.077148 -0.241935
v -0.257592 -0.048387 -0.209677
v -0.258271 -0.048387 -0.177419
v -0.252972 -0.048387 -0.145161
v -0.241935 -0.048387 -0.114765
v -0.241935 -0.053382 -0.112903
v -0.241935 -0.030207 -0.241935
v -0.254799 -0.016129 -0.209677
v -0.241935 -0.016129 -0.238089
v -0.255372 -0.016129 -0.177419
v -0.249021 -0.016129 -0.145161
v -0.241935 -0.016129 -0.129189
v -0.251035 0.016129 -0.209677
v -0.241935 0.016129 -0.227736
v -0.252679 0.016129 -0.177419
v -0.246813 0.016129 -0.145161
v -0.241935 0.016129 -0.135017
v -0.246903 0.048387 -0.209677
v -0.241935 0.048387 -0.218375
v -0.250609 0.048387 -0.177419
v -0.244254 0.048387 -0.145161
v -0.241935 0.048387 -0.139978
v -0.241935 0.067263 -0.209677
v -0.244802 0.080645 -0.177419
v -0.241935 0.080645 -0.191943
v -0.241935 0.080645 -0.162752
v -0.241935 0.061386 -0.145161
v -0.241935 0.086673 -0.177419
v -0.217879 -0.145161 -0.177419
v -0.209677 -0.145161 -0.187102
v -0.209677 -0.149462 -0.177419
v -0.209677 -0.151623 -0.145161
v -0.220310 -0.145161 -0.145161
v -0.209677 -0.149708 -0.112903
v -0.216360 -0.145161 -0.112903
v -0.209677 -0.145161 -0.097261
v -0.209677 -0.112903 -0.235790
v -0.209677 -0.133699 -0.209677
v -0.209677 -0.138390 -0.080645
v -0.230388 -0.112903 -0.080645
v -0.209677 -0.127286 -0.048387
v -0.221047 -0.112903 -0.048387
v -0.209677 -0.113965 -0.016129
v -0.210583 -0.112903 -0.016129
v -0.209677 -0.112903 -0.005044
v -0.211168 -0.112903 0.080645
v -0.209677 -0.112903 0.060125
v -0.209677 -0.114581 0.080645
v -0.209677 -0.115038 0.112903
v -0.211720 -0.112903 0.112903
v -0.209677 -0.112903 0.124967
v -0.240999 -0.080645 -0.241935
v -0.209677 -0.080645 -0.252121
v -0.209677 -0.103850 -0.241935
v -0.232412 -0.080645 -0.080645
v -0.223979 -0.080645 -0.048387
v -0.216669 -0.080645 -0.016129
v -0.209677 -0.105546 0.016129
v -0.214184 -0.080645 0.016129
v -0.209677 -0.109815 0.048387
v -0.216199 -0.080645 0.048387
v -0.219580 -0.080645 0.080645
v -0.221179 -0.080645 0.112903
v -0.209677 -0.105569 0.145161
v -0.219006 -0.080645 0.145161
v -0.209677 -0.080645 0.176714
v -0.209677 -0.048387 -0.256249
v -0.241047 -0.048387 -0.112903
v -0.228270 -0.048387 -0.080645
v -0.220089 -0.048387 -0.048387
v -0.211780 -0.048387 -0.016129
v -0.209763 -0.048387 0.016129
v -0.213027 -0.048387 0.048387
v -0.218265 -0.048387 0.080645
v -0.221357 -0.048387 0.112903
v -0.221338 -0.048387 0.145161
v -0.209677 -0.079596 0.177419
v -0.216460 -0.048387 0.177419
v -0.209677 -0.048387 0.190442
v -0.237951 -0.016129 -0.241935
v -0.209677 -0.016129 -0.254847
v -0.234702 -0.016129 -0.112903
v -0.225127 -0.016129 -0.080645
v -0.217435 -0.016129 -0.048387
v -0.209677 -0.016129 -0.024279
v -0.209677 -0.035648 -0.016129
v -0.209677 -0.047617 0.016129
v -0.210443 -0.016129 0.048387
v -0.209677 -0.016129 0.042316
v -0.216752 -0.016129 0.080645
v -0.219673 -0.016129 0.112903
v -0.220906 -0.016129 0.145161
v -0.217155 -0.016129 0.177419
v -0.209677 -0.016129 0.195040
v -0.228605 0.016129 -0.241935
v -0.209677 0.016129 -0.252396
v -0.232410 0.016129 -0.112903
v -0.223787 0.016129 -0.080645
v -0.214920 0.016129 -0.048387
v -0.209677 0.016129 -0.030549
v -0.209677 -0.009212 0.048387
v -0.212865 0.016129 0.080645
v -0.209677 0.016129 0.062898
v -0.217049 0.016129 0.112903
v -0.218649 0.016129 0.145161
v -0.215161 0.016129 0.177419
v -0.209677 0.016129 0.191892
v -0.220187 0.048387 -0.241935
v -0.209677 0.048387 -0.248530
v -0.231930 0.048387 -0.112903
v -0.223623 0.048387 -0.080645
v -0.216086 0.048387 -0.048387
v -0.209677 0.048387 -0.024478
v -0.210650 0.048387 0.080645
v -0.209677 0.048387 0.073805
v -0.214061 0.048387 0.112903
v -0.213443 0.048387 0.145161
v -0.209677 0.048387 0.169992
v -0.209677 0.042661 0.177419
v -0.209677 0.075267 -0.241935
v -0.237552 0.080645 -0.209677
v -0.209677 0.080645 -0.240164
v -0.238415 0.080645 -0.145161
v -0.228944 0.080645 -0.112903
v -0.221037 0.080645 -0.080645
v -0.213411 0.080645 -0.048387
v -0.209677 0.080645 -0.033255
v -0.209677 0.053656 0.080645
v -0.209677 0.063641 0.112903
v -0.209677 0.060221 0.145161
v -0.221730 0.112903 -0.209677
v -0.209677 0.112903 -0.222942
v -0.229245 0.112903 -0.177419
v -0.225324 0.112903 -0.145161
v -0.218008 0.112903 -0.112903
v -0.209677 0.112903 -0.090354
v -0.209677 0.105810 -0.080645
v -0.209677 0.090263 -0.048387
v -0.209677 0.124820 -0.209677
v -0.209677 0.133188 -0.177419
v -0.209677 0.130024 -0.145161
v -0.209677 0.122195 -0.112903
v -0.177419 -0.145161 -0.197393
v -0.177419 -0.154616 -0.177419
v -0.177419 -0.158591 -0.145161
v -0.177419 -0.157052 -0.112903
v -0.177419 -0.152663 -0.080645
v -0.197951 -0.145161 -0.080645
v -0.177419 -0.146471 -0.048387
v -0.180455 -0.145161 -0.048387
v -0.177419 -0.145161 -0.043406
v -0.177419 -0.112903 -0.234617
v -0.177419 -0.137529 -0.209677
v -0.177419 -0.136953 -0.016129
v -0.177419 -0.133858 0.016129
v -0.207625 -0.112903 0.016129
v -0.177419 -0.135477 0.048387
v -0.208604 -0.112903 0.048387
v -0.177419 -0.137353 0.080645
v -0.177419 -0.135723 0.112903
v -0.177419 -0.128510 0.145161
v -0.205041 -0.112903 0.145161
v -0.177419 -0.115152 0.177419
v -0.181698 -0.112903 0.177419
v -0.177419 -0.112903 0.180248
v -0.177419 -0.080645 -0.251845
v -0.177419 -0.101615 -0.241935
v -0.209314 -0.080645 0.177419
v -0.177419 -0.080645 0.202855
v -0.177419 -0.048387 -0.256177
v -0.177419 -0.066217 0.209677
v -0.190264 -0.048387 0.209677
v -0.177419 -0.048387 0.216726
v -0.177419 -0.016129 -0.256399
v -0.206586 -0.016129 -0.016129
v -0.206377 -0.016129 0.016129
v -0.197784 -0.016129 0.209677
v -0.177419 -0.016129 0.221141
v -0.177419 0.016129 -0.255613
v -0.205221 0.016129 -0.016129
v -0.204796 0.016129 0.016129
v -0.206918 0.016129 0.048387
v -0.197716 0.016129 0.209677
v -0.177419 0.016129 0.223100
v -0.177419 0.048387 -0.254544
v -0.207038 0.048387 -0.016129
v -0.205011 0.048387 0.016129
v -0.206028 0.048387 0.048387
v -0.208055 0.048387 0.177419
v -0.188529 0.048387 0.209677
v -0.177419 0.048387 0.218100
v -0.206071 0.080645 -0.241935
v -0.177419 0.080645 -0.251073
v -0.205163 0.080645 -0.016129
v -0.203306 0.080645 0.016129
v -0.202127 0.080645 0.048387
v -0.204537 0.080645 0.080645
v -0.204204 0.080645 0.112903
v -0.202553 0.080645 0.145161
v -0.194705 0.080645 0.177419
v -0.177419 0.080645 0.205617
v -0.177419 0.072510 0.209677
v -0.177419 0.106482 -0.241935
v -0.177419 0.112903 -0.238705
v -0.205190 0.112903 -0.080645
v -0.199333 0.112903 -0.048387
v -0.194331 0.112903 -0.016129
v -0.194462 0.112903 0.016129
v -0.194285 0.112903 0.048387
v -0.194381 0.112903 0.080645
v -0.192880 0.112903 0.112903
v -0.187916 0.112903 0.145161
v -0.177419 0.112903 0.173459
v -0.177419 0.110218 0.177419
v -0.177419 0.142960 -0.209677
v -0.192969 0.145161 -0.177419
v -0.177419 0.145161 -0.205252
v -0.189264 0.145161 -0.145161
v -0.180261 0.145161 -0.112903
v -0.177419 0.145161 -0.105579
v -0.177419 0.137621 -0.080645
v -0.177419 0.134254 -0.048387
v -0.177419 0.132736 -0.016129
v -0.177419 0.134783 0.016129
v -0.177419 0.135372 0.048387
v -0.177419 0.135068 0.080645
v -0.177419 0.132001 0.112903
v -0.177419 0.124783 0.145161
v -0.177419 0.154449 -0.177419
v -0.177419 0.152797 -0.145161
v -0.177419 0.147237 -0.112903
v -0.145161 -0.145161 -0.191944
v -0.145161 -0.152887 -0.177419
v -0.145161 -0.158640 -0.145161
v -0.145161 -0.158666 -0.112903
v -0.145161 -0.156088 -0.080645
v -0.145161 -0.152539 -0.048387
v -0.145161 -0.145197 -0.016129
v -0.145320 -0.145161 -0.016129
v -0.145161 -0.145161 -0.015569
v -0.152712 -0.145161 0.080645
v -0.145161 -0.145161 0.051399
v -0.145161 -0.147241 0.080645
v -0.145161 -0.145161 0.104631
v -0.145161 -0.112903 -0.228631
v -0.145161 -0.133244 -0.209677
v -0.145161 -0.143031 0.016129
v -0.145161 -0.144909 0.048387
v -0.145161 -0.144343 0.112903
v -0.145161 -0.134486 0.145161
v -0.145161 -0.120836 0.177419
v -0.145161 -0.112903 0.187357
v -0.145161 -0.080645 -0.245677
v -0.145161 -0.088262 -0.241935
v -0.145161 -0.081258 0.209677
v -0.147367 -0.080645 0.209677
v -0.145161 -0.080645 0.210100
v -0.145161 -0.048387 -0.252317
v -0.145161 -0.048387 0.220782
v -0.145161 -0.016129 -0.253483
v -0.145161 -0.016129 0.224620
v -0.145161 0.016129 -0.254656
v -0.145161 0.016129 0.225984
v -0.145161 0.048387 -0.254139
v -0.145161 0.048387 0.223385
v -0.145161 0.080645 -0.252930
v -0.168935 0.080645 0.209677
v -0.145161 0.080645 0.216601
v -0.155163 0.112903 -0.241935
v -0.145161 0.112903 -0.243158
v -0.173831 0.112903 0.177419
v -0.145161 0.112903 0.193612
v -0.145161 0.092233 0.209677
v -0.145161 0.114744 -0.241935
v -0.170897 0.145161 -0.209677
v -0.145161 0.145161 -0.218034
v -0.165441 0.145161 -0.080645
v -0.159221 0.145161 -0.048387
v -0.159456 0.145161 -0.016129
v -0.162349 0.145161 0.016129
v -0.164829 0.145161 0.048387
v -0.163965 0.145161 0.080645
v -0.159184 0.145161 0.112903
v -0.145161 0.145161 0.137298
v -0.145161 0.141933 0.145161
v -0.145161 0.125462 0.177419
v -0.145161 0.151888 -0.209677
v -0.145161 0.160401 -0.177419
v -0.145161 0.161252 -0.145161
v -0.145161 0.158032 -0.112903
v -0.145161 0.154749 -0.080645
v -0.145161 0.151840 -0.048387
v -0.145161 0.152373 -0.016129
v -0.145161 0.153282 0.016129
v -0.145161 0.155354 0.048387
v -0.145161 0.154692 0.080645
v -0.145161 0.152837 0.112903
v -0.112903 -0.145161 -0.187201
v -0.112903 -0.150820 -0.177419
v -0.112903 -0.158223 -0.145161
v -0.112903 -0.158652 -0.112903
v -0.112903 -0.157340 -0.080645
v -0.112903 -0.154643 -0.048387
v -0.112903 -0.150301 -0.016129
v -0.112903 -0.147665 0.016129
v -0.131469 -0.145161 0.016129
v -0.112903 -0.150770 0.048387
v -0.144078 -0.145161 0.048387
v -0.112903 -0.151615 0.080645
v -0.112903 -0.149176 0.112903
v -0.140505 -0.145161 0.112903
v -0.112903 -0.145161 0.123704
v -0.112903 -0.112903 -0.224554
v -0.112903 -0.129805 -0.209677
v -0.112903 -0.137150 0.145161
v -0.112903 -0.123005 0.177419
v -0.112903 -0.112903 0.189597
v -0.124586 -0.080645 -0.241935
v -0.112903 -0.080645 -0.239623
v -0.112903 -0.083668 0.209677
v -0.112903 -0.080645 0.211758
v -0.112903 -0.048387 -0.246530
v -0.112903 -0.070646 -0.241935
v -0.112903 -0.048387 0.221218
v -0.112903 -0.016129 -0.249669
v -0.112903 -0.016129 0.223737
v -0.112903 0.016129 -0.251033
v -0.112903 0.016129 0.224016
v -0.112903 0.048387 -0.251869
v -0.112903 0.048387 0.220957
v -0.112903 0.080645 -0.250621
v -0.112903 0.080645 0.215641
v -0.112903 0.112903 -0.242057
v -0.112903 0.091980 0.209677
v -0.112903 0.112903 0.196458
v -0.112903 0.113094 -0.241935
v -0.112903 0.145161 -0.218912
v -0.135057 0.145161 0.145161
v -0.112903 0.145161 0.155514
v -0.112903 0.130788 0.177419
v -0.112903 0.152715 -0.209677
v -0.112903 0.162258 -0.177419
v -0.112903 0.163480 -0.145161
v -0.112903 0.161269 -0.112903
v -0.112903 0.158352 -0.080645
v -0.112903 0.157131 -0.048387
v -0.112903 0.157113 -0.016129
v -0.112903 0.158340 0.016129
v -0.112903 0.159766 0.048387
v -0.112903 0.160150 0.080645
v -0.112903 0.158284 0.112903
v -0.112903 0.150706 0.145161
v -0.080645 -0.145161 -0.184381
v -0.080645 -0.149092 -0.177419
v -0.080645 -0.157987 -0.145161
v -0.080645 -0.159282 -0.112903
v -0.080645 -0.158634 -0.080645
v -0.080645 -0.156630 -0.048387
v -0.080645 -0.153131 -0.016129
v -0.080645 -0.152176 0.016129
v -0.080645 -0.153516 0.048387
v -0.080645 -0.153847 0.080645
v -0.080645 -0.150880 0.112903
v -0.080645 -0.145161 0.129353
v -0.080645 -0.112903 -0.222620
v -0.080645 -0.127830 -0.209677
v -0.080645 -0.139183 0.145161
v -0.080645 -0.124292 0.177419
v -0.080645 -0.112903 0.191388
v -0.080645 -0.080645 -0.236351
v -0.080645 -0.085888 0.209677
v -0.080645 -0.080645 0.213070
v -0.080645 -0.048387 -0.242403
v -0.080645 -0.050734 -0.241935
v -0.080645 -0.048387 0.220847
v -0.080645 -0.016129 -0.246173
v -0.080645 -0.016129 0.221938
v -0.080645 0.016129 -0.248074
v -0.080645 0.016129 0.221061
v -0.080645 0.048387 -0.248167
v -0.080645 0.048387 0.217185
v -0.080645 0.080645 -0.246790
v -0.080645 0.080645 0.210966
v -0.080645 0.097838 -0.241935
v -0.112104 0.112903 -0.241935
v -0.080645 0.112903 -0.236980
v -0.080645 0.083156 0.209677
v -0.080645 0.112903 0.193363
v -0.080645 0.145161 -0.214784
v -0.080645 0.129422 0.177419
v -0.080645 0.145161 0.155277
v -0.080645 0.149571 -0.209677
v -0.080645 0.160737 -0.177419
v -0.080645 0.163378 -0.145161
v -0.080645 0.160814 -0.112903
v -0.080645 0.158530 -0.080645
v -0.080645 0.156943 -0.048387
v -0.080645 0.157373 -0.016129
v -0.080645 0.158401 0.016129
v -0.080645 0.160480 0.048387
v -0.080645 0.160612 0.080645
v -0.080645 0.159274 0.112903
v -0.080645 0.150895 0.145161
v -0.048387 -0.145161 -0.189363
v -0.048387 -0.151199 -0.177419
v -0.048387 -0.159391 -0.145161
v -0.048387 -0.160379 -0.112903
v -0.048387 -0.159968 -0.080645
v -0.048387 -0.158543 -0.048387
v -0.048387 -0.156326 -0.016129
v -0.048387 -0.155361 0.016129
v -0.048387 -0.156291 0.048387
v -0.048387 -0.156430 0.080645
v -0.048387 -0.153088 0.112903
v -0.048387 -0.145161 0.137115
v -0.048387 -0.112903 -0.225341
v -0.048387 -0.131567 -0.209677
v -0.048387 -0.141959 0.145161
v -0.048387 -0.126343 0.177419
v -0.048387 -0.112903 0.194145
v -0.048387 -0.080645 -0.238858
v -0.048387 -0.092674 0.209677
v -0.048387 -0.080645 0.217566
v -0.057429 -0.048387 -0.241935
v -0.048387 -0.048387 -0.241757
v -0.048387 -0.048387 0.222132
v -0.048387 -0.016129 -0.244740
v -0.048387 -0.046512 -0.241935
v -0.048387 -0.016129 0.221929
v -0.048387 0.016129 -0.244274
v -0.048387 0.016129 0.218575
v -0.048387 0.048387 -0.244751
v -0.048387 0.048387 0.212919
v -0.048387 0.073596 -0.241935
v -0.052584 0.080645 -0.241935
v -0.048387 0.080645 -0.241102
v -0.074159 0.080645 0.209677
v -0.048387 0.061600 0.209677
v -0.048387 0.080645 0.204503
v -0.048387 0.112903 -0.231690
v -0.048387 0.112903 0.189505
v -0.048387 0.143481 -0.209677
v -0.055445 0.145161 -0.209677
v -0.048387 0.145161 -0.207474
v -0.048387 0.125649 0.177419
v -0.048387 0.145161 0.151242
v -0.048387 0.158574 -0.177419
v -0.048387 0.161506 -0.145161
v -0.048387 0.159837 -0.112903
v -0.048387 0.156692 -0.080645
v -0.048387 0.155493 -0.048387
v -0.048387 0.155343 -0.016129
v -0.048387 0.157099 0.016129
v -0.048387 0.158723 0.048387
v -0.048387 0.159642 0.080645
v -0.048387 0.157124 0.112903
v -0.048387 0.148974 0.145161
v -0.016129 -0.145161 -0.198577
v -0.016129 -0.154600 -0.177419
v -0.016129 -0.161588 -0.145161
v -0.016129 -0.162807 -0.112903
v -0.016129 -0.162871 -0.080645
v -0.016129 -0.161525 -0.048387
v -0.016129 -0.160013 -0.016129
v -0.016129 -0.159329 0.016129
v -0.016129 -0.159926 0.048387
v -0.016129 -0.159295 0.080645
v -0.016129 -0.156250 0.112903
v -0.016129 -0.147202 0.145161
v -0.028913 -0.145161 0.145161
v -0.016129 -0.145161 0.148698
v -0.016129 -0.112903 -0.230899
v -0.016129 -0.137579 -0.209677
v -0.016129 -0.129987 0.177419
v -0.016129 -0.112903 0.200783
v -0.025472 -0.080645 -0.241935
v -0.016129 -0.080645 -0.243259
v -0.016129 -0.084220 -0.241935
v -0.016129 -0.102511 0.209677
v -0.016129 -0.080645 0.223417
v -0.046637 -0.048387 -0.241935
v -0.016129 -0.048387 -0.245103
v -0.016129 -0.048387 0.226504
v -0.016129 -0.016129 -0.245090
v -0.016129 -0.016129 0.224410
v -0.016129 0.016129 -0.243372
v -0.016129 0.016129 0.219767
v -0.016129 0.027464 -0.241935
v -0.031424 0.048387 -0.241935
v -0.016129 0.048387 -0.239384
v -0.016129 0.048387 0.211797
v -0.016129 0.080645 -0.234980
v -0.016129 0.055577 0.209677
v -0.016129 0.080645 0.202321
v -0.016129 0.112903 -0.225567
v -0.016129 0.112903 0.186803
v -0.016129 0.134227 -0.209677
v -0.016129 0.145161 -0.194449
v -0.016337 0.145161 0.145161
v -0.016129 0.145130 0.145161
v -0.016129 0.145161 0.145095
v -0.016129 0.123245 0.177419
v -0.016129 0.153605 -0.177419
v -0.016129 0.159104 -0.145161
v -0.016129 0.156991 -0.112903
v -0.016129 0.154568 -0.080645
v -0.016129 0.152051 -0.048387
v -0.016129 0.153305 -0.016129
v -0.016129 0.154654 0.016129
v -0.016129 0.157471 0.048387
v -0.016129 0.157363 0.080645
v -0.016129 0.155527 0.112903
v 0.005931 -0.145161 -0.209677
v 0.016129 -0.145161 -0.213808
v 0.016129 -0.148087 -0.209677
v 0.016129 -0.159593 -0.177419
v 0.016129 -0.165662 -0.145161
v 0.016129 -0.167254 -0.112903
v 0.016129 -0.167596 -0.080645
v 0.016129 -0.167538 -0.048387
v 0.016129 -0.166207 -0.016129
v 0.016129 -0.165775 0.016129
v 0.016129 -0.165775 0.048387
v 0.016129 -0.164130 0.080645
v 0.016129 -0.160446 0.112903
v 0.016129 -0.153380 0.145161
v 0.016129 -0.145161 0.162287
v 0.016129 -0.112903 -0.238692
v 0.016129 -0.136713 0.177419
v 0.016129 -0.116262 0.209677
v 0.006713 -0.112903 0.209677
v 0.016129 -0.112903 0.213192
v 0.016129 -0.080645 -0.249999
v 0.016129 -0.104980 -0.241935
v 0.016129 -0.080645 0.231632
v 0.016129 -0.048387 -0.249822
v 0.016129 -0.048387 0.234593
v 0.016129 -0.016129 -0.248663
v 0.016129 -0.016129 0.231038
v 0.016129 0.016129 -0.243902
v 0.016129 0.016129 0.224388
v 0.016129 0.026504 -0.241935
v 0.016129 0.048387 -0.237958
v 0.016129 0.048387 0.216263
v 0.016129 0.080645 -0.231446
v 0.016129 0.068248 0.209677
v 0.016129 0.080645 0.204728
v 0.016129 0.112903 -0.220279
v 0.016129 0.112903 0.187759
v 0.016129 0.126406 -0.209677
v 0.016129 0.145161 -0.185880
v 0.016129 0.144849 0.145161
v 0.016129 0.145161 0.144385
v 0.016129 0.123817 0.177419
v 0.016129 0.150199 -0.177419
v 0.016129 0.155956 -0.145161
v 0.016129 0.155377 -0.112903
v 0.016129 0.152770 -0.080645
v 0.016129 0.152059 -0.048387
v 0.016129 0.152919 -0.016129
v 0.016129 0.154702 0.016129
v 0.016129 0.156620 0.048387
v 0.016129 0.157054 0.080645
v 0.016129 0.154164 0.112903
v 0.048387 -0.145161 -0.224338
v 0.048387 -0.154759 -0.209677
v 0.048387 -0.164058 -0.177419
v 0.048387 -0.170637 -0.145161
v 0.048387 -0.173025 -0.112903
v 0.048387 -0.175654 -0.080645
v 0.048387 -0.176366 -0.048387
v 0.048387 -0.176378 -0.016129
v 0.048387 -0.174775 0.016129
v 0.048387 -0.173928 0.048387
v 0.048387 -0.169998 0.080645
v 0.048387 -0.165175 0.112903
v 0.048387 -0.158634 0.145161
v 0.048387 -0.146925 0.177419
v 0.042882 -0.145161 0.177419
v 0.048387 -0.145161 0.180154
v 0.026019 -0.112903 -0.241935
v 0.048387 -0.112903 -0.248744
v 0.048387 -0.123889 -0.241935
v 0.048387 -0.127072 0.209677
v 0.048387 -0.112903 0.225707
v 0.048387 -0.080645 -0.255772
v 0.048387 -0.087585 0.241935
v 0.039518 -0.080645 0.241935
v 0.048387 -0.080645 0.246000
v 0.048387 -0.048387 -0.255321
v 0.031374 -0.048387 0.241935
v 0.048387 -0.048387 0.249669
v 0.048387 -0.016129 -0.253586
v 0.047134 -0.016129 0.241935
v 0.048387 -0.016129 0.242491
v 0.048387 0.016129 -0.249401
v 0.048387 -0.014765 0.241935
v 0.048387 0.016129 0.231810
v 0.048387 0.043066 -0.241935
v 0.048387 0.048387 -0.240218
v 0.048387 0.048387 0.222476
v 0.048387 0.080645 -0.230534
v 0.036770 0.080645 0.209677
v 0.048387 0.080645 0.212311
v 0.048387 0.112903 -0.217778
v 0.048387 0.085336 0.209677
v 0.048387 0.112903 0.191795
v 0.048387 0.122591 -0.209677
v 0.048196 0.145161 -0.177419
v 0.048387 0.145123 -0.177419
v 0.048387 0.145161 -0.177325
v 0.033701 0.145161 0.145161
v 0.048387 0.145161 0.145595
v 0.048387 0.127162 0.177419
v 0.048387 0.154218 -0.145161
v 0.048387 0.154168 -0.112903
v 0.048387 0.153399 -0.080645
v 0.048387 0.153017 -0.048387
v 0.048387 0.155489 -0.016129
v 0.048387 0.156301 0.016129
v 0.048387 0.158163 0.048387
v 0.048387 0.157356 0.080645
v 0.048387 0.155225 0.112903
v 0.048387 0.145389 0.145161
v 0.060429 -0.177419 -0.080645
v 0.080645 -0.177419 -0.104488
v 0.080645 -0.180183 -0.080645
v 0.080645 -0.182162 -0.048387
v 0.053712 -0.177419 -0.048387
v 0.080645 -0.182947 -0.016129
v 0.052934 -0.177419 -0.016129
v 0.080645 -0.182011 0.016129
v 0.059670 -0.177419 0.016129
v 0.080645 -0.179441 0.048387
v 0.068924 -0.177419 0.048387
v 0.080645 -0.177419 0.057893
v 0.080645 -0.145161 -0.229386
v 0.080645 -0.157792 -0.209677
v 0.080645 -0.165611 -0.177419
v 0.080645 -0.172741 -0.145161
v 0.080645 -0.176352 -0.112903
v 0.080645 -0.172814 0.080645
v 0.080645 -0.166518 0.112903
v 0.080645 -0.159877 0.145161
v 0.080645 -0.151491 0.177419
v 0.080645 -0.145161 0.190097
v 0.080645 -0.112903 -0.251473
v 0.080645 -0.128774 -0.241935
v 0.080645 -0.133756 0.209677
v 0.080645 -0.112903 0.233988
v 0.080645 -0.080645 -0.258846
v 0.080645 -0.102773 0.241935
v 0.080645 -0.080645 0.254392
v 0.080645 -0.048387 -0.258489
v 0.080645 -0.048387 0.256373
v 0.080645 -0.016129 -0.256961
v 0.080645 -0.016129 0.252303
v 0.080645 0.016129 -0.252518
v 0.080645 0.012336 0.241935
v 0.080645 0.016129 0.240236
v 0.062983 0.048387 -0.241935
v 0.080645 0.048387 -0.243950
v 0.080645 0.048387 0.227232
v 0.080645 0.053061 -0.241935
v 0.080645 0.080645 -0.230979
v 0.080645 0.080645 0.217019
v 0.080645 0.112903 -0.214666
v 0.080645 0.093413 0.209677
v 0.080645 0.112903 0.194120
v 0.080645 0.118266 -0.209677
v 0.080645 0.139981 -0.177419
v 0.080645 0.145161 -0.161457
v 0.066817 0.145161 0.145161
v 0.080645 0.144960 0.145161
v 0.080645 0.145161 0.144602
v 0.080645 0.127149 0.177419
v 0.080645 0.149595 -0.145161
v 0.080645 0.152670 -0.112903
v 0.080645 0.152460 -0.080645
v 0.080645 0.154236 -0.048387
v 0.080645 0.156370 -0.016129
v 0.080645 0.158292 0.016129
v 0.080645 0.158374 0.048387
v 0.080645 0.157512 0.080645
v 0.080645 0.153443 0.112903
v 0.112903 -0.177419 -0.095264
v 0.112903 -0.179800 -0.080645
v 0.112903 -0.181327 -0.048387
v 0.112903 -0.183169 -0.016129
v 0.112903 -0.181228 0.016129
v 0.110509 -0.177419 0.048387
v 0.112903 -0.177419 0.047157
v 0.112903 -0.145161 -0.223956
v 0.112903 -0.154457 -0.209677
v 0.112903 -0.163517 -0.177419
v 0.112903 -0.170446 -0.145161
v 0.112903 -0.174429 -0.112903
v 0.112903 -0.177247 0.048387
v 0.112903 -0.169325 0.080645
v 0.112903 -0.163288 0.112903
v 0.112903 -0.157168 0.145161
v 0.112903 -0.147043 0.177419
v 0.112903 -0.145161 0.181596
v 0.112903 -0.112903 -0.250002
v 0.112903 -0.125165 -0.241935
v 0.112903 -0.131911 0.209677
v 0.112903 -0.112903 0.235966
v 0.112903 -0.080645 -0.258121
v 0.112903 -0.105612 0.241935
v 0.112903 -0.080645 0.254781
v 0.112903 -0.048387 -0.259389
v 0.112903 -0.048387 0.257627
v 0.112903 -0.016129 -0.258367
v 0.112903 -0.016129 0.253697
v 0.112903 0.016129 -0.254722
v 0.100650 0.016129 0.241935
v 0.112903 0.016129 0.242992
v 0.112903 0.048387 -0.245409
v 0.112903 0.018161 0.241935
v 0.112903 0.048387 0.227839
v 0.112903 0.055626 -0.241935
v 0.112903 0.080645 -0.230340
v 0.112903 0.080645 0.214991
v 0.112903 0.112903 -0.211101
v 0.112903 0.089066 0.209677
v 0.112903 0.112903 0.189086
v 0.112903 0.114330 -0.209677
v 0.112903 0.133009 -0.177419
v 0.103873 0.145161 -0.145161
v 0.112903 0.143198 -0.145161
v 0.112903 0.145161 -0.131014
v 0.112903 0.137319 0.145161
v 0.112903 0.145161 0.124036
v 0.112903 0.122357 0.177419
v 0.112903 0.147415 -0.112903
v 0.112903 0.150358 -0.080645
v 0.112903 0.152639 -0.048387
v 0.112903 0.156977 -0.016129
v 0.112903 0.158061 0.016129
v 0.112903 0.157975 0.048387
v 0.112903 0.154299 0.080645
v 0.112903 0.148919 0.112903
v 0.124910 -0.177419 -0.080645
v 0.141063 -0.177419 -0.048387
v 0.145161 -0.177419 -0.035031
v 0.145161 -0.178279 -0.016129
v 0.134722 -0.177419 0.016129
v 0.145161 -0.177419 -0.006115
v 0.144757 -0.145161 -0.209677
v 0.145161 -0.145161 -0.209421
v 0.145161 -0.157842 -0.177419
v 0.145161 -0.165406 -0.145161
v 0.145161 -0.168701 -0.112903
v 0.145161 -0.173360 -0.080645
v 0.145161 -0.176773 -0.048387
v 0.145161 -0.175450 0.016129
v 0.145161 -0.170094 0.048387
v 0.145161 -0.163469 0.080645
v 0.145161 -0.156592 0.112903
v 0.145161 -0.147299 0.145161
v 0.118214 -0.145161 0.177419
v 0.145161 -0.145161 0.151159
v 0.138150 -0.112903 -0.241935
v 0.145161 -0.112903 -0.239352
v 0.145161 -0.144996 -0.209677
v 0.145161 -0.135170 0.177419
v 0.145161 -0.121197 0.209677
v 0.145161 -0.112903 0.220871
v 0.145161 -0.080645 -0.253465
v 0.145161 -0.108382 -0.241935
v 0.145161 -0.086099 0.241935
v 0.145161 -0.080645 0.245066
v 0.145161 -0.048387 -0.256659
v 0.145161 -0.048387 0.250835
v 0.145161 -0.016129 -0.257500
v 0.145161 -0.016129 0.248503
v 0.145161 0.016129 -0.253421
v 0.118339 0.016129 0.241935
v 0.145161 0.002106 0.241935
v 0.145161 0.016129 0.236156
v 0.145161 0.048387 -0.244068
v 0.145161 0.048387 0.221116
v 0.145161 0.052297 -0.241935
v 0.145161 0.080645 -0.226398
v 0.126327 0.080645 0.209677
v 0.145161 0.067922 0.209677
v 0.145161 0.080645 0.199147
v 0.145161 0.102562 -0.209677
v 0.117135 0.112903 -0.209677
v 0.145161 0.112903 -0.196951
v 0.130310 0.112903 0.177419
v 0.145161 0.102549 0.177419
v 0.145161 0.112903 0.163352
v 0.145161 0.124774 -0.177419
v 0.145161 0.131748 -0.145161
v 0.119565 0.145161 -0.112903
v 0.145161 0.136842 -0.112903
v 0.131180 0.145161 -0.080645
v 0.145161 0.140925 -0.080645
v 0.145161 0.145161 -0.062799
v 0.121530 0.145161 0.112903
v 0.145161 0.134262 0.112903
v 0.145161 0.145161 0.082848
v 0.145161 0.123121 0.145161
v 0.145161 0.148509 -0.048387
v 0.145161 0.153513 -0.016129
v 0.145161 0.155729 0.016129
v 0.145161 0.152874 0.048387
v 0.145161 0.145971 0.080645
v 0.147499 -0.177419 -0.016129
v 0.171934 -0.145161 -0.177419
v 0.177419 -0.145161 -0.170109
v 0.177419 -0.154424 -0.145161
v 0.177419 -0.159571 -0.112903
v 0.177419 -0.163789 -0.080645
v 0.177419 -0.166123 -0.048387
v 0.177419 -0.167675 -0.016129
v 0.177419 -0.165049 0.016129
v 0.177419 -0.159978 0.048387
v 0.177419 -0.151507 0.080645
v 0.164659 -0.145161 0.112903
v 0.177419 -0.145161 0.094382
v 0.148351 -0.145161 0.145161
v 0.177419 -0.112903 -0.219429
v 0.177419 -0.121894 -0.209677
v 0.177419 -0.141287 -0.177419
v 0.177419 -0.134505 0.112903
v 0.177419 -0.122896 0.145161
v 0.173423 -0.112903 0.177419
v 0.177419 -0.112903 0.169282
v 0.155755 -0.112903 0.209677
v 0.172666 -0.080645 -0.241935
v 0.177419 -0.080645 -0.239239
v 0.177419 -0.107745 0.177419
v 0.177419 -0.082404 0.209677
v 0.149416 -0.080645 0.241935
v 0.177419 -0.080645 0.211119
v 0.177419 -0.048387 -0.248411
v 0.177419 -0.072811 -0.241935
v 0.158520 -0.048387 0.241935
v 0.177419 -0.048387 0.223825
v 0.177419 -0.016129 -0.251209
v 0.155405 -0.016129 0.241935
v 0.177419 -0.016129 0.222770
v 0.177419 0.016129 -0.247816
v 0.177419 0.016129 0.212807
v 0.177419 0.030981 -0.241935
v 0.152589 0.048387 -0.241935
v 0.177419 0.048387 -0.233646
v 0.160025 0.048387 0.209677
v 0.177419 0.021087 0.209677
v 0.177419 0.048387 0.187849
v 0.177419 0.080645 -0.212476
v 0.163135 0.080645 0.177419
v 0.177419 0.059473 0.177419
v 0.177419 0.080645 0.155521
v 0.177419 0.083842 -0.209677
v 0.166918 0.112903 -0.177419
v 0.177419 0.105332 -0.177419
v 0.177419 0.112903 -0.156010
v 0.173579 0.112903 0.112903
v 0.177419 0.108853 0.112903
v 0.177419 0.112903 0.107159
v 0.157233 0.112903 0.145161
v 0.177419 0.089319 0.145161
v 0.177419 0.116037 -0.145161
v 0.177419 0.122352 -0.112903
v 0.177419 0.128520 -0.080645
v 0.152998 0.145161 -0.048387
v 0.177419 0.134924 -0.048387
v 0.173622 0.145161 -0.016129
v 0.177419 0.143708 -0.016129
v 0.177247 0.145161 0.016129
v 0.177419 0.145082 0.016129
v 0.163653 0.145161 0.048387
v 0.177419 0.137966 0.048387
v 0.146540 0.145161 0.080645
v 0.177419 0.126672 0.080645
v 0.190512 -0.145161 -0.145161
v 0.203030 -0.145161 -0.112903
v 0.209677 -0.145161 -0.100262
v 0.209677 -0.151903 -0.080645
v 0.209677 -0.156557 -0.048387
v 0.209677 -0.158393 -0.016129
v 0.209677 -0.154377 0.016129
v 0.207529 -0.145161 0.048387
v 0.209677 -0.145161 0.044777
v 0.186891 -0.145161 0.080645
v 0.185663 -0.112903 -0.209677
v 0.204477 -0.112903 -0.177419
v 0.209677 -0.112903 -0.169107
v 0.209677 -0.127360 -0.145161
v 0.209677 -0.139300 -0.112903
v 0.209677 -0.143420 0.048387
v 0.209677 -0.123759 0.080645
v 0.197819 -0.112903 0.112903
v 0.209677 -0.112903 0.094660
v 0.186183 -0.112903 0.145161
v 0.204518 -0.080645 -0.209677
v 0.209677 -0.080645 -0.201912
v 0.209677 -0.105350 -0.177419
v 0.209677 -0.091327 0.112903
v 0.209677 -0.080645 0.122938
v 0.198906 -0.080645 0.145161
v 0.190600 -0.080645 0.177419
v 0.178329 -0.080645 0.209677
v 0.186300 -0.048387 -0.241935
v 0.209677 -0.048387 -0.220932
v 0.209677 -0.070262 -0.209677
v 0.204008 -0.048387 0.145161
v 0.209677 -0.048387 0.133647
v 0.194796 -0.048387 0.177419
v 0.186236 -0.048387 0.209677
v 0.191987 -0.016129 -0.241935
v 0.209677 -0.016129 -0.226490
v 0.205280 -0.016129 0.145161
v 0.209677 -0.016129 0.136203
v 0.195394 -0.016129 0.177419
v 0.186050 -0.016129 0.209677
v 0.186696 0.016129 -0.241935
v 0.209677 0.016129 -0.222725
v 0.201560 0.016129 0.145161
v 0.209677 0.016129 0.128118
v 0.191980 0.016129 0.177419
v 0.179780 0.016129 0.209677
v 0.203561 0.048387 -0.209677
v 0.209677 0.038055 -0.209677
v 0.209677 0.048387 -0.199461
v 0.206599 0.048387 0.112903
v 0.209677 0.039990 0.112903
v 0.209677 0.048387 0.108579
v 0.193721 0.048387 0.145161
v 0.183092 0.048387 0.177419
v 0.180202 0.080645 -0.209677
v 0.209677 0.063201 -0.177419
v 0.197016 0.080645 -0.177419
v 0.206521 0.080645 -0.145161
v 0.209677 0.076685 -0.145161
v 0.209677 0.080645 -0.136727
v 0.194092 0.080645 0.112903
v 0.209677 0.080645 0.085025
v 0.182530 0.080645 0.145161
v 0.180830 0.112903 -0.145161
v 0.209677 0.090328 -0.112903
v 0.188759 0.112903 -0.112903
v 0.199369 0.112903 -0.080645
v 0.209677 0.103321 -0.080645
v 0.209677 0.112903 -0.060813
v 0.208170 0.112903 0.048387
v 0.209677 0.111390 0.048387
v 0.209677 0.112903 0.045727
v 0.190786 0.112903 0.080645
v 0.209677 0.085017 0.080645
v 0.209677 0.118206 -0.048387
v 0.209677 0.125951 -0.016129
v 0.209677 0.125519 0.016129
v 0.219288 -0.145161 -0.080645
v 0.228903 -0.145161 -0.048387
v 0.233716 -0.145161 -0.016129
v 0.224594 -0.145161 0.016129
v 0.221102 -0.112903 -0.145161
v 0.231780 -0.112903 -0.112903
v 0.241935 -0.112903 -0.091536
v 0.241935 -0.120124 -0.080645
v 0.241935 -0.132531 -0.048387
v 0.241935 -0.137396 -0.016129
v 0.241935 -0.128902 0.016129
v 0.236857 -0.112903 0.048387
v 0.241935 -0.112903 0.039836
v 0.218689 -0.112903 0.080645
v 0.221626 -0.080645 -0.177419
v 0.232684 -0.080645 -0.145161
v 0.241935 -0.080645 -0.120632
v 0.241935 -0.088796 -0.112903
v 0.241935 -0.102295 0.048387
v 0.241935 -0.080645 0.061118
v 0.230085 -0.080645 0.080645
v 0.214840 -0.080645 0.112903
v 0.217872 -0.048387 -0.209677
v 0.227954 -0.048387 -0.177419
v 0.237708 -0.048387 -0.145161
v 0.241935 -0.048387 -0.134700
v 0.232808 -0.048387 0.080645
v 0.241935 -0.048387 0.066506
v 0.218883 -0.048387 0.112903
v 0.221235 -0.016129 -0.209677
v 0.231054 -0.016129 -0.177419
v 0.241551 -0.016129 -0.145161
v 0.241935 -0.016129 -0.144126
v 0.233423 -0.016129 0.080645
v 0.241935 -0.016129 0.066920
v 0.219496 -0.016129 0.112903
v 0.218921 0.016129 -0.209677
v 0.227840 0.016129 -0.177419
v 0.235186 0.016129 -0.145161
v 0.241935 0.016129 -0.125172
v 0.230533 0.016129 0.080645
v 0.241935 0.016129 0.062164
v 0.216781 0.016129 0.112903
v 0.218776 0.048387 -0.177419
v 0.225464 0.048387 -0.145161
v 0.241935 0.025586 -0.112903
v 0.232038 0.048387 -0.112903
v 0.241935 0.048387 -0.089014
v 0.224965 0.048387 0.080645
v 0.241935 0.048387 0.048607
v 0.216923 0.080645 -0.112903
v 0.241935 0.054592 -0.080645
v 0.226824 0.080645 -0.080645
v 0.238779 0.080645 -0.048387
v 0.241935 0.075579 -0.048387
v 0.241935 0.080645 -0.038679
v 0.228996 0.080645 0.048387
v 0.241935 0.048717 0.048387
v 0.241935 0.080645 0.022325
v 0.212411 0.080645 0.080645
v 0.215595 0.112903 -0.048387
v 0.241935 0.090641 -0.016129
v 0.224859 0.112903 -0.016129
v 0.222839 0.112903 0.016129
v 0.241935 0.086031 0.016129
v 0.247946 -0.112903 -0.080645
v 0.259239 -0.112903 -0.048387
v 0.262972 -0.112903 -0.016129
v 0.255100 -0.112903 0.016129
v 0.245354 -0.080645 -0.112903
v 0.259460 -0.080645 -0.080645
v 0.269663 -0.080645 -0.048387
v 0.273375 -0.080645 -0.016129
v 0.264448 -0.080645 0.016129
v 0.250542 -0.080645 0.048387
v 0.250354 -0.048387 -0.112903
v 0.261948 -0.048387 -0.080645
v 0.273575 -0.048387 -0.048387
v 0.274194 -0.048387 -0.044168
v 0.274194 -0.075358 -0.016129
v 0.274194 -0.048387 -0.004492
v 0.267919 -0.048387 0.016129
v 0.253554 -0.048387 0.048387
v 0.251612 -0.016129 -0.112903
v 0.261703 -0.016129 -0.080645
v 0.272000 -0.016129 -0.048387
v 0.274194 -0.016129 -0.034805
v 0.267471 -0.016129 0.016129
v 0.274194 -0.016129 -0.006981
v 0.253443 -0.016129 0.048387
v 0.246346 0.016129 -0.112903
v 0.257045 0.016129 -0.080645
v 0.265680 0.016129 -0.048387
v 0.274194 0.000070 -0.016129
v 0.271307 0.016129 -0.016129
v 0.264683 0.016129 0.016129
v 0.250937 0.016129 0.048387
v 0.245833 0.048387 -0.080645
v 0.255515 0.048387 -0.048387
v 0.260782 0.048387 -0.016129
v 0.256514 0.048387 0.016129
v 0.242088 0.048387 0.048387
v 0.248326 0.080645 -0.016129
v 0.245266 0.080645 0.016129
v 0.277835 -0.048387 -0.016129
v 0.277013 -0.016129 -0.016129
vn -0.924893 -0.339745 -0.170721
vn -0.641779 -0.473764 -0.603049
vn -0.414385 -0.803205 -0.427956
vn -0.608977 -0.771365 -0.184776
vn -0.951236 -0.308463 0.000122
vn -0.713782 -0.694038 0.093950
vn -0.959088 -0.226621 0.169688
vn -0.739356 -0.639136 0.211799
vn -0.959033 -0.114707 0.259032
vn -0.867071 -0.358814 0.345602
vn -0.960102 -0.133467 -0.245744
vn -0.744184 -0.344341 -0.572381
vn -0.994686 -0.100929 0.020305
vn -0.983463 -0.072480 0.165971
vn -0.959835 -0.005637 0.280509
vn -0.923011 -0.008015 0.384690
vn -0.912952 0.012572 -0.407872
vn -0.367086 -0.008200 -0.930151
vn -0.365960 -0.099956 -0.925247
vn -0.985326 0.041434 -0.165579
vn -0.996293 0.048577 0.070990
vn -0.965679 0.088632 0.244150
vn -0.927881 0.148891 0.341859
vn -0.907976 0.147061 0.392368
vn -0.862864 0.140554 -0.485501
vn -0.970266 0.103015 -0.219024
vn -0.850606 0.147591 -0.504664
vn -0.992839 0.083028 0.085885
vn -0.962279 0.090009 0.256743
vn -0.915181 0.123678 0.383598
vn -0.967261 0.111023 -0.228209
vn -0.792060 0.171631 -0.585819
vn -0.994000 0.081395 0.073061
vn -0.968248 0.073786 0.238854
vn -0.911385 0.066566 0.406135
vn -0.957967 0.166259 -0.233789
vn -0.751328 0.219761 -0.622263
vn -0.992234 0.122335 0.022482
vn -0.972485 0.116740 0.201607
vn -0.923971 0.059710 0.377774
vn -0.808088 0.274530 -0.521179
vn -0.977979 0.208639 0.005255
vn -0.897380 0.392063 -0.202475
vn -0.957582 0.217742 0.188744
vn -0.940147 0.163796 0.298822
vn -0.898384 0.433975 0.067610
vn -0.578925 -0.812905 -0.063489
vn -0.342361 -0.838944 -0.423040
vn -0.203771 -0.958995 -0.196993
vn -0.291728 -0.956478 0.006732
vn -0.663546 -0.743835 0.080098
vn -0.316491 -0.940813 0.121261
vn -0.724881 -0.669817 0.160911
vn -0.581860 -0.763261 0.280842
vn -0.258772 -0.676896 -0.689093
vn -0.241902 -0.817691 -0.522365
vn -0.701853 -0.659439 0.269338
vn -0.904872 -0.301935 0.300071
vn -0.611602 -0.744977 0.266370
vn -0.927938 -0.260899 0.266200
vn -0.607866 -0.769295 0.196684
vn -0.968588 -0.191807 0.158262
vn -0.661418 -0.746764 0.069788
vn -0.958862 -0.278259 -0.056176
vn -0.963822 -0.258046 -0.066783
vn -0.575032 -0.817883 -0.020158
vn -0.546882 -0.832109 0.092276
vn -0.945177 -0.321282 0.058465
vn -0.584304 -0.799271 0.140551
vn -0.324270 -0.405737 -0.854533
vn -0.192029 -0.213677 -0.957845
vn -0.092580 -0.456317 -0.884988
vn -0.947570 0.068410 0.312141
vn -0.968976 0.023933 0.245994
vn -0.986539 -0.004605 0.163463
vn -0.980007 -0.197593 0.023300
vn -0.998924 -0.046136 -0.004800
vn -0.975278 -0.216373 -0.044898
vn -0.992718 -0.075179 -0.094123
vn -0.992833 -0.088470 -0.080343
vn -0.988181 -0.153263 0.003139
vn -0.896500 -0.381717 0.224898
vn -0.963618 -0.213808 0.160394
vn -0.875830 -0.376786 0.301587
vn -0.134444 -0.059993 -0.989103
vn -0.925748 0.139930 0.351297
vn -0.950875 0.101538 0.292451
vn -0.963439 0.102919 0.247372
vn -0.970171 0.129015 0.205238
vn -0.991652 0.128630 -0.008998
vn -0.987610 0.089020 -0.129239
vn -0.991595 0.053854 -0.117639
vn -0.998625 0.024555 -0.046328
vn -0.996430 -0.024065 0.080921
vn -0.766881 -0.275640 0.579582
vn -0.956895 -0.095679 0.274223
vn -0.715052 -0.238838 0.657006
vn -0.447981 0.137828 -0.883355
vn -0.239107 0.068955 -0.968542
vn -0.941533 0.099825 0.321792
vn -0.956629 0.088103 0.277665
vn -0.961922 0.085776 0.259515
vn -0.942696 0.101586 0.317813
vn -0.988261 0.134540 0.072381
vn -0.993599 0.104317 -0.043350
vn -0.982650 0.093890 -0.159952
vn -0.986614 0.105649 -0.124222
vn -0.986483 0.081590 -0.142104
vn -0.995724 0.063728 -0.066883
vn -0.997938 0.046702 0.044039
vn -0.975618 0.019821 0.218580
vn -0.829407 -0.048298 0.556554
vn -0.558044 0.143627 -0.817287
vn -0.236769 0.083568 -0.967965
vn -0.950440 0.036055 0.308809
vn -0.965432 0.020629 0.259837
vn -0.965178 0.013763 0.261233
vn -0.954223 0.022529 0.298246
vn -0.979573 0.104896 -0.171564
vn -0.984412 0.096275 -0.147185
vn -0.983888 0.064133 -0.166887
vn -0.992020 0.104125 -0.071089
vn -0.994010 0.108161 0.015665
vn -0.979279 0.121787 0.161805
vn -0.867284 0.101445 0.487368
vn -0.659897 0.212582 -0.720655
vn -0.244543 0.126471 -0.961355
vn -0.955794 0.074757 0.284375
vn -0.969759 0.043365 0.240183
vn -0.969079 0.023099 0.245668
vn -0.961121 -0.006937 0.276041
vn -0.988556 0.077258 -0.129569
vn -0.983028 0.117076 -0.141245
vn -0.988933 0.133777 -0.064152
vn -0.981606 0.183725 0.051908
vn -0.959576 0.236601 0.152425
vn -0.874078 0.244159 0.419968
vn -0.675499 0.252257 -0.692869
vn -0.814457 0.368144 -0.448474
vn -0.577940 0.376734 -0.723918
vn -0.928674 0.295077 0.224711
vn -0.945284 0.203979 0.254620
vn -0.941921 0.226483 0.247972
vn -0.956496 0.187854 0.223216
vn -0.960293 0.111155 0.255893
vn -0.970264 0.234783 -0.058859
vn -0.953435 0.301513 -0.007234
vn -0.941133 0.323279 0.098786
vn -0.769676 0.449563 -0.453311
vn -0.437805 0.553595 -0.708421
vn -0.848038 0.527422 -0.051545
vn -0.831992 0.538454 0.133630
vn -0.871115 0.430378 0.236501
vn -0.713190 0.639577 0.286882
vn -0.885919 0.414109 0.208952
vn -0.894425 0.392232 0.214843
vn -0.578838 0.757915 -0.300853
vn -0.630501 0.772915 -0.071211
vn -0.654401 0.742943 0.140696
vn -0.631388 0.739802 0.232468
vn -0.062248 -0.886935 -0.457681
vn -0.027391 -0.965862 -0.257603
vn -0.106786 -0.993621 -0.036238
vn -0.144217 -0.986034 0.083294
vn -0.206403 -0.964763 0.163190
vn -0.434945 -0.864701 0.251225
vn -0.226874 -0.953183 0.199927
vn -0.494791 -0.828506 0.262220
vn -0.251305 -0.928375 0.273800
vn 0.037700 -0.688941 -0.723836
vn 0.042791 -0.753463 -0.656096
vn -0.422335 -0.886813 0.187603
vn -0.440708 -0.897492 0.016852
vn -0.646194 -0.763143 -0.006815
vn -0.494030 -0.868248 -0.045603
vn -0.611842 -0.789941 -0.040529
vn -0.405363 -0.914156 -0.000601
vn -0.408083 -0.904134 0.126532
vn -0.342173 -0.898062 0.276411
vn -0.604735 -0.707945 0.364841
vn -0.313811 -0.872245 0.375116
vn -0.600547 -0.544033 0.585979
vn -0.199160 -0.623237 0.756248
vn 0.067976 -0.254942 -0.964564
vn 0.129826 -0.465825 -0.875302
vn -0.616577 -0.521813 0.589529
vn -0.352567 -0.507525 0.786203
vn 0.064163 -0.073767 -0.995209
vn -0.491442 -0.365457 0.790522
vn -0.618543 -0.194827 0.761214
vn -0.207340 -0.248326 0.946226
vn 0.017408 0.012463 -0.999771
vn -0.993311 0.071508 0.090660
vn -0.995068 0.089801 -0.042145
vn -0.652125 -0.047648 0.756612
vn -0.261674 -0.101374 0.959818
vn -0.039304 0.033046 -0.998681
vn -0.994197 -0.010144 0.107092
vn -0.999433 0.025747 -0.021695
vn -0.992390 0.061264 -0.106812
vn -0.730042 0.150520 0.666620
vn -0.288593 0.021937 0.957200
vn -0.063382 0.059279 -0.996227
vn -0.992588 0.022846 0.119361
vn -0.999483 0.026147 0.018722
vn -0.993455 0.076337 -0.084969
vn -0.870535 0.317140 0.376285
vn -0.779864 0.290294 0.554564
vn -0.286336 0.182991 0.940492
vn -0.302686 0.274934 -0.912575
vn -0.134187 0.199737 -0.970618
vn -0.960630 0.253216 0.114331
vn -0.986683 0.157085 0.042201
vn -0.983567 0.179627 -0.018164
vn -0.969708 0.241404 -0.037293
vn -0.946565 0.320218 0.038407
vn -0.919032 0.370561 0.134405
vn -0.839424 0.399197 0.368793
vn -0.580852 0.523452 0.623385
vn -0.388055 0.312157 0.867163
vn -0.234606 0.355960 -0.904573
vn -0.299122 0.579270 -0.758269
vn -0.691870 0.701592 0.170544
vn -0.807446 0.571427 0.146635
vn -0.849660 0.523883 0.060209
vn -0.895902 0.444226 0.004818
vn -0.908373 0.418124 0.005592
vn -0.900604 0.434641 0.000655
vn -0.887447 0.455698 0.069114
vn -0.861029 0.476968 0.176439
vn -0.775936 0.551481 0.306253
vn -0.575240 0.567158 0.589433
vn -0.352196 0.749118 -0.561053
vn -0.551349 0.824415 -0.127886
vn -0.338607 0.888694 -0.309143
vn -0.565456 0.819109 0.096544
vn -0.587763 0.789236 0.177880
vn -0.598374 0.758913 0.256904
vn -0.622322 0.768246 0.150044
vn -0.642387 0.764018 0.060129
vn -0.688720 0.724939 -0.011329
vn -0.718280 0.695335 -0.024142
vn -0.734812 0.678270 -0.000420
vn -0.714654 0.698065 0.044437
vn -0.636832 0.753447 0.163593
vn -0.495447 0.814099 0.302943
vn -0.299906 0.947205 -0.113395
vn -0.341339 0.934226 0.103490
vn -0.357625 0.921186 0.153364
vn 0.079289 -0.861366 -0.501758
vn 0.047719 -0.958012 -0.282729
vn 0.012760 -0.996535 -0.082187
vn -0.023236 -0.998886 0.041064
vn -0.067052 -0.992806 0.099200
vn -0.125753 -0.978516 0.163380
vn -0.165695 -0.970147 0.177086
vn -0.244187 -0.955331 0.166481
vn -0.142311 -0.987919 0.061356
vn -0.294110 -0.955687 0.012721
vn -0.290136 -0.953988 -0.075680
vn -0.159441 -0.987152 0.010427
vn -0.170472 -0.981670 0.085222
vn 0.134268 -0.572203 -0.809047
vn 0.089256 -0.749954 -0.655441
vn -0.241232 -0.970082 0.027354
vn -0.263729 -0.963036 -0.054847
vn -0.217270 -0.956998 0.192219
vn -0.135486 -0.934203 0.330013
vn -0.124774 -0.890302 0.437942
vn -0.108772 -0.617134 0.779304
vn 0.164911 -0.240630 -0.956505
vn 0.180398 -0.460800 -0.868976
vn -0.112644 -0.573156 0.811667
vn -0.185429 -0.391845 0.901151
vn -0.084533 -0.330727 0.939933
vn 0.135780 -0.096793 -0.985999
vn -0.071049 -0.215928 0.973821
vn 0.103759 -0.036105 -0.993947
vn -0.043805 -0.076594 0.996100
vn 0.068949 -0.008284 -0.997586
vn -0.032171 0.037109 0.998793
vn 0.036714 0.031416 -0.998832
vn -0.023014 0.134052 0.990707
vn 0.019474 0.142417 -0.989615
vn -0.285139 0.466374 0.837371
vn -0.085409 0.268573 0.959465
vn -0.111019 0.549903 -0.827817
vn 0.002886 0.292901 -0.956138
vn -0.368327 0.811229 0.454139
vn -0.260099 0.667101 0.698087
vn -0.115540 0.561585 0.819312
vn -0.109485 0.624814 -0.773059
vn -0.235723 0.662717 -0.710802
vn -0.069305 0.645310 -0.760770
vn -0.461885 0.872613 0.158771
vn -0.474659 0.878285 0.057560
vn -0.506553 0.862133 -0.011407
vn -0.504658 0.862336 -0.041197
vn -0.516971 0.855744 -0.021045
vn -0.521716 0.852407 0.034847
vn -0.529419 0.837289 0.136610
vn -0.470127 0.827581 0.306741
vn -0.347113 0.851622 0.392750
vn -0.263407 0.825119 0.499795
vn -0.121888 0.938436 -0.323234
vn -0.109159 0.986507 -0.122020
vn -0.155797 0.986815 0.043857
vn -0.201794 0.973450 0.108045
vn -0.257265 0.961382 0.097773
vn -0.249621 0.968059 0.023481
vn -0.251666 0.967426 -0.027390
vn -0.261864 0.964131 -0.043331
vn -0.274335 0.961519 -0.014891
vn -0.278620 0.959338 0.045175
vn -0.253825 0.949674 0.183554
vn 0.067366 -0.841396 -0.536204
vn 0.042684 -0.952685 -0.300949
vn 0.014075 -0.993086 -0.116543
vn -0.010898 -0.999864 0.012343
vn -0.036406 -0.997226 0.064919
vn -0.062869 -0.992129 0.108290
vn -0.114644 -0.986904 0.113475
vn -0.130564 -0.991440 0.000822
vn -0.154459 -0.987548 -0.029856
vn -0.121883 -0.991109 -0.053367
vn -0.177827 -0.981605 -0.069496
vn -0.092026 -0.995032 0.037978
vn -0.106945 -0.986017 0.127805
vn -0.141666 -0.943663 0.299049
vn -0.081177 -0.935004 0.345221
vn 0.078249 -0.551730 -0.830344
vn 0.058259 -0.758087 -0.649546
vn -0.072013 -0.925406 0.372073
vn -0.053588 -0.880598 0.470824
vn -0.044272 -0.636481 0.770021
vn 0.174453 -0.254046 -0.951329
vn 0.108409 -0.406794 -0.907065
vn -0.045899 -0.568993 0.821061
vn -0.034271 -0.324955 0.945108
vn 0.149880 -0.134083 -0.979570
vn 0.124281 -0.197295 -0.972434
vn -0.002849 -0.180768 0.983522
vn 0.114512 -0.071425 -0.990851
vn 0.039728 -0.041531 0.998347
vn 0.097294 -0.029729 -0.994812
vn 0.072437 0.046509 0.996288
vn 0.088573 0.009992 -0.996020
vn 0.083172 0.139731 0.986690
vn 0.086834 0.156436 -0.983864
vn 0.083954 0.261963 0.961419
vn 0.085660 0.259819 -0.961851
vn 0.076839 0.499162 0.863095
vn -0.015280 0.657603 0.753210
vn 0.006805 0.598848 -0.800834
vn 0.064727 0.619534 -0.782297
vn -0.234502 0.906893 0.350077
vn -0.123581 0.841532 0.525882
vn -0.062290 0.800784 0.595706
vn 0.032186 0.921040 -0.388137
vn -0.007113 0.986014 -0.166511
vn -0.029197 0.999392 0.019059
vn -0.041010 0.995862 0.081098
vn -0.054613 0.996212 0.067663
vn -0.072472 0.997044 0.025534
vn -0.079044 0.996660 -0.020500
vn -0.080737 0.995822 -0.042665
vn -0.081178 0.996249 -0.029979
vn -0.088696 0.995731 0.025542
vn -0.094201 0.984471 0.148130
vn -0.107376 0.945246 0.308190
vn 0.004103 -0.835914 -0.548845
vn -0.021691 -0.950756 -0.309179
vn -0.008717 -0.989094 -0.147027
vn -0.023508 -0.999701 -0.006775
vn -0.040228 -0.998329 0.041478
vn -0.063149 -0.994645 0.081810
vn -0.088394 -0.993410 0.072965
vn -0.107856 -0.994155 0.004815
vn -0.093232 -0.995068 -0.033870
vn -0.075073 -0.996376 0.039991
vn -0.061944 -0.984026 0.166900
vn -0.070022 -0.939553 0.335168
vn 0.018268 -0.501840 -0.864767
vn -0.038812 -0.757406 -0.651790
vn -0.064818 -0.914664 0.398985
vn -0.046948 -0.871138 0.488788
vn -0.066205 -0.657471 0.750565
vn 0.002753 -0.277148 -0.960823
vn -0.066587 -0.559418 0.826206
vn -0.063836 -0.315051 0.946926
vn 0.085790 -0.123193 -0.988668
vn 0.066195 -0.183952 -0.980704
vn -0.023186 -0.127164 0.991611
vn 0.078982 -0.078296 -0.993797
vn 0.027300 -0.002602 0.999624
vn 0.095919 -0.022404 -0.995137
vn 0.075291 0.081741 0.993806
vn 0.112259 0.017145 -0.993531
vn 0.117710 0.157851 0.980422
vn 0.131344 0.145878 -0.980545
vn 0.138626 0.243289 0.959997
vn 0.155605 0.287343 -0.945104
vn 0.134373 0.505928 -0.852045
vn 0.138306 0.472141 -0.870606
vn 0.152733 0.473498 0.867452
vn 0.104090 0.561057 0.821206
vn 0.129776 0.587157 -0.799002
vn 0.066791 0.761865 0.644283
vn 0.032137 0.838168 0.544464
vn 0.099567 0.905619 -0.412238
vn 0.062535 0.977297 -0.202434
vn 0.033288 0.999445 0.001512
vn 0.024741 0.996684 0.077519
vn 0.026936 0.997766 0.061127
vn 0.026473 0.999468 0.019028
vn 0.025973 0.999374 -0.024029
vn 0.020541 0.998694 -0.046777
vn 0.015462 0.999270 -0.034932
vn 0.012667 0.999644 0.023482
vn 0.019304 0.988437 0.150399
vn 0.013630 0.951825 0.306339
vn -0.104769 -0.843160 -0.527357
vn -0.083339 -0.950069 -0.300705
vn -0.059889 -0.987576 -0.145283
vn -0.058573 -0.998199 -0.012955
vn -0.064694 -0.997478 0.029200
vn -0.076182 -0.995545 0.055556
vn -0.100828 -0.993430 0.054131
vn -0.108560 -0.994087 0.002204
vn -0.097024 -0.995174 -0.014635
vn -0.086539 -0.995145 0.046883
vn -0.088801 -0.975240 0.202538
vn -0.109180 -0.939838 0.323705
vn -0.099030 -0.493158 -0.864285
vn -0.120652 -0.727636 -0.675270
vn -0.100345 -0.901055 0.421936
vn -0.073992 -0.860686 0.503731
vn -0.111183 -0.709875 0.695497
vn -0.111981 -0.270518 -0.956180
vn -0.126392 -0.573256 0.809570
vn -0.130026 -0.306752 0.942866
vn 0.019765 -0.099189 -0.994872
vn -0.031915 -0.134112 -0.990452
vn -0.088089 -0.066262 0.993906
vn 0.015427 -0.046786 -0.998786
vn -0.076158 -0.091878 -0.992854
vn -0.035214 0.052000 0.998026
vn 0.064293 0.008263 -0.997897
vn 0.022379 0.135813 0.990482
vn 0.113928 0.047172 -0.992368
vn 0.074325 0.202388 0.976481
vn 0.169216 0.108931 -0.979541
vn 0.176561 0.257257 -0.950076
vn 0.173008 0.213797 -0.961436
vn 0.184081 0.264247 0.946725
vn 0.090305 0.261952 0.960847
vn 0.117438 0.395421 0.910961
vn 0.162038 0.456432 -0.874879
vn 0.080673 0.523378 0.848273
vn 0.163553 0.587509 -0.792517
vn 0.150225 0.876447 -0.457464
vn 0.171844 0.871241 -0.459791
vn 0.080618 0.771251 0.631405
vn 0.088623 0.814522 0.573323
vn 0.109045 0.961192 -0.253413
vn 0.069871 0.997432 -0.015741
vn 0.059872 0.995372 0.075165
vn 0.063482 0.995568 0.069383
vn 0.070396 0.997397 0.015615
vn 0.062021 0.997743 -0.025722
vn 0.055507 0.996963 -0.054622
vn 0.049508 0.998110 -0.036398
vn 0.050818 0.998388 0.025290
vn 0.051892 0.988928 0.139029
vn 0.071582 0.954766 0.288615
vn -0.157047 -0.862481 -0.481106
vn -0.140283 -0.948396 -0.284370
vn -0.103828 -0.985607 -0.133411
vn -0.106187 -0.994145 -0.020007
vn -0.121518 -0.992467 0.015556
vn -0.138472 -0.989419 0.043309
vn -0.149042 -0.988177 0.035948
vn -0.154989 -0.987899 0.005815
vn -0.142034 -0.989854 0.004016
vn -0.118988 -0.991326 0.055805
vn -0.119969 -0.977291 0.174672
vn -0.139213 -0.945638 0.293919
vn -0.140197 -0.883252 0.447449
vn -0.175506 -0.871086 0.458702
vn -0.173476 -0.519455 -0.836703
vn -0.191778 -0.690966 -0.696984
vn -0.151629 -0.842055 0.517641
vn -0.193029 -0.750712 0.631801
vn -0.132310 -0.227283 -0.964799
vn -0.155613 -0.079112 -0.984645
vn -0.203022 -0.338892 -0.918659
vn -0.188212 -0.568931 0.800558
vn -0.203538 -0.312210 0.927953
vn -0.118448 -0.074137 -0.990189
vn -0.119200 -0.032935 -0.992324
vn -0.180936 -0.024099 0.983199
vn -0.060134 0.026230 -0.997846
vn -0.139908 0.103697 0.984720
vn -0.003118 0.077258 -0.997006
vn -0.086568 0.189655 0.978027
vn 0.084622 0.122161 -0.988896
vn 0.163687 0.114240 -0.979875
vn 0.095224 0.136043 -0.986116
vn -0.063038 0.245377 0.967376
vn 0.134168 0.217572 -0.966779
vn -0.055374 0.300007 0.952329
vn 0.018303 0.369100 0.929209
vn 0.146507 0.423155 -0.894134
vn 0.005261 0.518042 0.855339
vn 0.174181 0.656033 -0.734358
vn 0.167979 0.827918 -0.535102
vn 0.110537 0.805590 0.582070
vn 0.018302 0.831568 0.555121
vn 0.059828 0.950112 0.306116
vn 0.016994 0.778851 0.626979
vn 0.126404 0.952093 -0.278461
vn 0.090887 0.994756 -0.046900
vn 0.067480 0.995357 0.068640
vn 0.054970 0.995984 0.070676
vn 0.048382 0.998719 0.014792
vn 0.042519 0.998473 -0.035277
vn 0.039584 0.997299 -0.061862
vn 0.035901 0.998611 -0.038573
vn 0.040199 0.998734 0.030234
vn 0.053247 0.979941 0.192043
vn -0.237124 -0.851883 -0.466977
vn -0.225930 -0.622316 -0.749452
vn -0.168700 -0.915378 -0.365546
vn -0.141955 -0.958321 -0.247931
vn -0.146323 -0.981279 -0.125222
vn -0.165799 -0.985377 -0.039291
vn -0.196755 -0.980429 -0.006803
vn -0.224398 -0.974278 0.020697
vn -0.239365 -0.970359 0.033293
vn -0.227584 -0.973684 0.012049
vn -0.203826 -0.978434 0.033490
vn -0.162502 -0.983307 0.081853
vn -0.141103 -0.977468 0.156990
vn -0.167805 -0.938942 0.300383
vn -0.222856 -0.865966 0.447703
vn -0.226842 -0.525436 -0.820036
vn -0.223932 -0.837285 0.498807
vn -0.229845 -0.804426 0.547787
vn -0.264086 -0.570782 0.777475
vn -0.268146 -0.548096 0.792268
vn -0.193194 -0.139137 -0.971245
vn -0.239659 -0.319093 -0.916920
vn -0.300982 -0.315763 0.899835
vn -0.152060 0.016012 -0.988242
vn -0.302402 0.002326 0.953178
vn -0.117742 0.078221 -0.989959
vn -0.251067 0.178293 0.951408
vn -0.113325 0.170115 -0.978886
vn -0.169908 0.223286 0.959830
vn -0.021779 0.161861 -0.986573
vn 0.008438 0.182665 -0.983139
vn -0.172327 0.274431 0.946040
vn 0.059175 0.270355 -0.960940
vn -0.166978 0.330747 0.928830
vn -0.099528 0.430598 0.897039
vn 0.086851 0.432893 -0.897252
vn -0.058952 0.551016 0.832410
vn 0.137710 0.735250 -0.663659
vn 0.155241 0.794972 -0.586447
vn -0.031434 0.849219 0.527104
vn 0.015641 0.957195 0.289022
vn -0.040306 0.795965 0.603999
vn 0.106866 0.952558 -0.284978
vn 0.073876 0.993959 -0.081167
vn 0.042091 0.997974 0.047721
vn 0.015456 0.998693 0.048707
vn -0.013956 0.999902 -0.001313
vn -0.030836 0.998804 -0.037932
vn -0.022955 0.998237 -0.054742
vn -0.008954 0.999359 -0.034667
vn -0.001015 0.999318 0.036922
vn 0.002219 0.983314 0.181904
vn -0.201876 -0.676431 -0.708299
vn -0.111670 -0.922839 -0.368642
vn -0.103498 -0.962542 -0.250603
vn -0.111575 -0.983794 -0.140360
vn -0.141844 -0.987327 -0.071170
vn -0.183026 -0.981611 -0.054240
vn -0.240376 -0.970635 -0.009365
vn -0.278894 -0.959944 0.026938
vn -0.268144 -0.962888 0.030754
vn -0.203146 -0.976160 0.076444
vn -0.136334 -0.982210 0.129136
vn -0.097598 -0.981023 0.167537
vn -0.110540 -0.959892 0.257661
vn -0.167152 -0.914713 0.367914
vn -0.260969 -0.828803 0.494955
vn -0.165966 -0.851109 0.498065
vn -0.276343 -0.544814 -0.791715
vn -0.170825 -0.297218 -0.939404
vn -0.146357 -0.583213 -0.799026
vn -0.228443 -0.799413 0.555655
vn -0.256177 -0.608488 0.751076
vn -0.132028 -0.103648 -0.985812
vn -0.303096 -0.506398 0.807275
vn -0.410426 -0.137654 0.901444
vn -0.268062 -0.284839 0.920331
vn -0.129710 0.030153 -0.991093
vn -0.394016 0.068708 0.916532
vn -0.283717 0.016155 0.958772
vn -0.128874 0.092478 -0.987340
vn -0.324295 0.229917 0.917590
vn -0.282595 0.177789 0.942619
vn -0.120207 0.194988 -0.973411
vn -0.263853 0.320403 0.909793
vn -0.237852 0.263341 0.934921
vn -0.116263 0.235206 -0.964967
vn -0.041036 0.287171 -0.957000
vn -0.176365 0.302047 0.936837
vn 0.020110 0.328169 -0.944405
vn -0.206479 0.484706 0.849957
vn -0.160954 0.311454 0.936531
vn 0.054877 0.459670 -0.886392
vn -0.123472 0.550816 0.825443
vn -0.108433 0.581406 0.806356
vn 0.102585 0.774311 -0.624434
vn 0.146773 0.934481 -0.324350
vn 0.126616 0.804123 -0.580823
vn 0.137903 0.951262 -0.275833
vn -0.013484 0.959849 0.280192
vn -0.005370 0.870480 0.492174
vn -0.028340 0.827625 0.560566
vn 0.098192 0.985700 -0.136942
vn 0.041763 0.999049 0.012531
vn 0.003142 0.999864 0.016191
vn -0.030274 0.999123 -0.028923
vn -0.050770 0.997547 -0.048191
vn -0.051365 0.997987 -0.037194
vn -0.027178 0.999497 -0.016348
vn -0.003483 0.998789 0.049080
vn 0.006981 0.986428 0.164049
vn 0.007437 0.960115 0.279505
vn -0.152624 -0.986340 -0.061968
vn -0.053803 -0.991450 -0.118880
vn -0.018926 -0.996300 -0.083829
vn -0.063029 -0.997054 -0.043707
vn -0.184406 -0.982635 -0.020536
vn -0.085980 -0.996228 0.011727
vn -0.205947 -0.978267 0.024085
vn -0.097370 -0.993919 0.051413
vn -0.201971 -0.978056 0.051138
vn -0.035357 -0.994045 0.103077
vn -0.166136 -0.978253 0.124180
vn 0.003848 -0.979495 0.201430
vn -0.028142 -0.736123 -0.676262
vn 0.025622 -0.930149 -0.366288
vn 0.001734 -0.972755 -0.231829
vn 0.003837 -0.986562 -0.163342
vn -0.040883 -0.993576 -0.105521
vn 0.005572 -0.981968 0.188965
vn 0.018615 -0.982214 0.186842
vn 0.030303 -0.971633 0.234544
vn -0.014778 -0.945627 0.324917
vn 0.012719 -0.886093 0.463333
vn -0.040536 -0.323013 -0.945526
vn 0.025513 -0.587096 -0.809115
vn -0.095447 -0.805609 0.584708
vn -0.067607 -0.737156 0.672331
vn -0.032817 -0.111364 -0.993238
vn -0.169695 -0.526123 0.833306
vn -0.130429 -0.261492 0.956353
vn -0.055634 0.021852 -0.998212
vn -0.133599 0.043534 0.990079
vn -0.069720 0.088040 -0.993674
vn -0.129490 0.227049 0.965236
vn -0.073268 0.180405 -0.980860
vn -0.180096 0.344742 0.921259
vn -0.151563 0.346686 0.925655
vn -0.104897 0.288572 -0.951695
vn -0.071047 0.282315 -0.956687
vn -0.089922 0.329778 0.939766
vn -0.066405 0.372607 -0.925610
vn -0.002506 0.389861 -0.920870
vn -0.036604 0.369811 0.928386
vn 0.068121 0.501075 -0.862718
vn 0.013297 0.595276 0.803411
vn -0.011222 0.662872 0.748648
vn 0.122435 0.805990 -0.579128
vn 0.159616 0.869569 -0.467303
vn 0.168952 0.943877 -0.283814
vn 0.012049 0.871874 0.489582
vn 0.119061 0.887310 0.445539
vn 0.086367 0.963573 0.253117
vn 0.066282 0.828430 0.556156
vn 0.153616 0.973553 -0.169108
vn 0.103867 0.993605 -0.044269
vn 0.047356 0.998591 -0.023962
vn 0.005615 0.998138 -0.060729
vn -0.020439 0.997979 -0.060167
vn -0.020671 0.999487 -0.024451
vn 0.008245 0.999814 0.017434
vn 0.053600 0.995146 0.082527
vn 0.072759 0.978246 0.194272
vn 0.061363 -0.987592 -0.144557
vn 0.085098 -0.993268 -0.078598
vn 0.080136 -0.995407 -0.052378
vn 0.062940 -0.998011 -0.003632
vn 0.077342 -0.994051 0.076685
vn 0.066677 -0.987626 0.141946
vn 0.167965 -0.978023 0.123524
vn 0.198947 -0.711587 -0.673843
vn 0.175584 -0.915728 -0.361404
vn 0.119150 -0.964423 -0.235991
vn 0.113883 -0.979983 -0.163290
vn 0.125438 -0.982951 -0.134436
vn 0.159612 -0.965505 0.205728
vn 0.152063 -0.966145 0.208426
vn 0.165732 -0.965858 0.199129
vn 0.168589 -0.957899 0.232395
vn 0.167602 -0.937115 0.306145
vn 0.218180 -0.883143 0.415278
vn 0.114557 -0.340597 -0.933204
vn 0.182212 -0.619606 -0.763470
vn 0.158934 -0.846973 0.507324
vn 0.203564 -0.725494 0.657435
vn 0.060631 -0.113254 -0.991714
vn 0.078078 -0.512717 0.855000
vn 0.109161 -0.231824 0.966614
vn 0.035680 -0.011137 -0.999301
vn 0.099708 0.002405 0.995014
vn -0.002840 0.066685 -0.997770
vn 0.087225 0.191543 0.977601
vn -0.012139 0.195391 -0.980650
vn -0.074617 0.422286 0.903386
vn 0.024142 0.327393 0.944580
vn 0.011384 0.306307 -0.951865
vn 0.116622 0.423852 0.898192
vn 0.074212 0.383108 0.920717
vn 0.006539 0.406905 -0.913447
vn 0.066842 0.469931 -0.880168
vn 0.147894 0.422018 0.894443
vn 0.134881 0.539571 -0.831066
vn 0.172388 0.616774 0.768031
vn 0.214340 0.675957 0.705082
vn 0.160237 0.836838 -0.523475
vn 0.211203 0.892504 -0.398536
vn 0.189422 0.966675 -0.172216
vn 0.275578 0.931389 -0.237846
vn 0.288326 0.949662 -0.122514
vn 0.325369 0.876319 0.355246
vn 0.203845 0.933242 0.295816
vn 0.274341 0.843669 0.461475
vn 0.184259 0.977749 -0.100279
vn 0.150100 0.985457 -0.079653
vn 0.087144 0.990910 -0.102485
vn 0.049616 0.995704 -0.078172
vn 0.049646 0.998752 -0.005494
vn 0.100273 0.992239 0.073537
vn 0.143091 0.982931 0.115636
vn 0.186694 0.964944 0.184466
vn 0.194889 -0.972202 -0.129776
vn 0.162770 -0.984150 -0.070386
vn 0.154448 -0.987014 -0.044143
vn 0.157163 -0.987501 0.011890
vn 0.175109 -0.979178 0.102704
vn 0.281548 -0.956053 0.081819
vn 0.238708 -0.813859 -0.529767
vn 0.329154 -0.877510 -0.348760
vn 0.289105 -0.912914 -0.288108
vn 0.231946 -0.958231 -0.167313
vn 0.221618 -0.967655 -0.120540
vn 0.245470 -0.962445 -0.115950
vn 0.303759 -0.950584 -0.064185
vn 0.274566 -0.953217 0.126457
vn 0.271983 -0.943418 0.189703
vn 0.250985 -0.946065 0.204862
vn 0.302954 -0.922832 0.237907
vn 0.272741 -0.927894 0.254216
vn 0.322356 -0.883542 0.339766
vn 0.352529 -0.875931 0.329346
vn 0.272597 -0.429028 -0.861177
vn 0.381211 -0.586629 -0.714524
vn 0.428921 -0.672695 -0.602916
vn 0.473021 -0.812007 0.341898
vn 0.334940 -0.815654 0.471725
vn 0.411645 -0.616693 0.670998
vn 0.231128 -0.207273 -0.950588
vn 0.363308 -0.384298 -0.848718
vn 0.477155 -0.509978 0.715713
vn 0.324076 -0.162855 0.931908
vn 0.139982 -0.043217 -0.989210
vn 0.307022 -0.002109 0.951700
vn 0.122285 0.037519 -0.991786
vn 0.230425 0.218520 0.948237
vn 0.107916 0.199137 -0.974012
vn 0.183032 0.357900 0.915646
vn 0.442566 0.340110 0.829735
vn 0.404472 0.358132 0.841513
vn 0.135318 0.308081 -0.941687
vn 0.373130 0.403926 0.835235
vn 0.090243 0.453604 -0.886622
vn 0.233869 0.524205 -0.818849
vn 0.379883 0.574794 0.724776
vn 0.474368 0.495539 0.727610
vn 0.548647 0.565712 0.615594
vn 0.361932 0.676514 -0.641353
vn 0.251860 0.792145 -0.555943
vn 0.373784 0.756575 -0.536545
vn 0.424241 0.657177 0.623007
vn 0.589624 0.599989 0.540700
vn 0.571398 0.685540 0.451154
vn 0.329812 0.879352 -0.343460
vn 0.363006 0.911901 -0.191478
vn 0.297779 0.948481 -0.108219
vn 0.356130 0.924182 -0.138057
vn 0.276535 0.947738 -0.159126
vn 0.338437 0.928518 -0.152693
vn 0.351335 0.911610 -0.213380
vn 0.395854 0.863736 0.311866
vn 0.477097 0.828100 0.294328
vn 0.487095 0.820781 0.298424
vn 0.471604 0.811812 0.344311
vn 0.194771 0.970199 -0.144144
vn 0.187715 0.974729 -0.121104
vn 0.194788 0.980838 -0.003882
vn 0.224759 0.967481 0.116035
vn 0.251143 0.952944 0.169777
vn 0.312722 -0.949733 -0.014528
vn 0.428472 -0.832297 -0.351700
vn 0.573725 -0.741851 -0.347126
vn 0.413998 -0.884817 -0.213787
vn 0.362157 -0.919467 -0.153047
vn 0.301496 -0.947136 -0.109696
vn 0.292270 -0.954180 -0.064183
vn 0.301163 -0.953028 0.032229
vn 0.308509 -0.944524 0.112679
vn 0.354470 -0.911457 0.208800
vn 0.383114 -0.890623 0.244977
vn 0.527782 -0.786756 0.320094
vn 0.560349 -0.732716 0.386182
vn 0.568009 -0.774085 0.279568
vn 0.483319 -0.545314 -0.684862
vn 0.592744 -0.674037 -0.440828
vn 0.604330 -0.683882 -0.408767
vn 0.640724 -0.688260 0.340250
vn 0.611857 -0.738210 0.284037
vn 0.604635 -0.728953 0.321004
vn 0.813537 -0.499500 0.297753
vn 0.662408 -0.588663 0.463348
vn 0.378965 -0.301865 -0.874793
vn 0.619168 -0.389341 -0.681942
vn 0.795000 -0.482376 0.367816
vn 0.695919 -0.495159 0.520110
vn 0.700381 -0.260909 0.664374
vn 0.730456 -0.234315 0.641506
vn 0.310790 -0.115465 -0.943439
vn 0.614008 -0.236310 -0.753095
vn 0.667149 -0.127448 0.733941
vn 0.745749 -0.062289 0.663309
vn 0.305156 0.026849 -0.951924
vn 0.626787 0.114020 0.770803
vn 0.672626 0.186273 0.716154
vn 0.289447 0.198748 -0.936333
vn 0.574208 0.314395 0.755937
vn 0.502568 0.381124 -0.775996
vn 0.275419 0.445322 -0.851958
vn 0.462476 0.446778 -0.765837
vn 0.654090 0.456149 0.603402
vn 0.738798 0.415164 0.530863
vn 0.719162 0.451015 0.528575
vn 0.477756 0.489548 -0.729447
vn 0.687088 0.527249 0.499919
vn 0.767912 0.454954 0.450919
vn 0.716239 0.530587 0.453298
vn 0.413221 0.680484 -0.605136
vn 0.478032 0.805165 -0.350991
vn 0.594925 0.681076 -0.426848
vn 0.705694 0.668126 -0.235805
vn 0.614341 0.724760 0.311943
vn 0.800598 0.509124 0.315966
vn 0.650005 0.652466 0.389591
vn 0.675624 0.613749 0.408466
vn 0.760610 0.547887 0.348271
vn 0.455983 0.868173 -0.195846
vn 0.471044 0.867384 -0.160504
vn 0.456742 0.870356 -0.184029
vn 0.342412 0.917435 -0.202649
vn 0.417414 0.884736 -0.207383
vn 0.297076 0.950207 -0.094087
vn 0.464768 0.877400 -0.118998
vn 0.349339 0.933840 0.076846
vn 0.509020 0.857896 0.070092
vn 0.440766 0.868439 0.227021
vn 0.550931 0.794378 0.255811
vn 0.491580 0.805205 0.331653
vn 0.557963 0.766979 0.316893
vn 0.617668 -0.736220 -0.276526
vn 0.568357 -0.793309 -0.218247
vn 0.623214 -0.714806 -0.317265
vn 0.428954 -0.887681 -0.167395
vn 0.386579 -0.918371 -0.084567
vn 0.370743 -0.928306 0.028231
vn 0.371888 -0.913817 0.163211
vn 0.433248 -0.857360 0.277904
vn 0.519489 -0.809078 0.274817
vn 0.563113 -0.747032 0.353335
vn 0.718384 -0.447969 -0.532210
vn 0.714642 -0.553706 -0.427430
vn 0.690471 -0.613143 -0.383804
vn 0.694869 -0.653081 -0.301068
vn 0.718480 -0.635763 -0.282120
vn 0.668211 -0.635832 0.386281
vn 0.650837 -0.635220 0.415821
vn 0.768174 -0.514236 0.381405
vn 0.751851 -0.453967 0.478156
vn 0.833654 -0.478046 0.276574
vn 0.724938 -0.419977 -0.545971
vn 0.794238 -0.415527 -0.443310
vn 0.811317 -0.418209 -0.408492
vn 0.796319 -0.416925 0.438234
vn 0.887938 -0.173196 0.426108
vn 0.909089 -0.269740 0.317486
vn 0.915564 -0.281846 0.286890
vn 0.884671 -0.316252 0.342553
vn 0.627866 -0.143809 -0.764920
vn 0.697137 -0.225651 -0.680501
vn 0.767869 -0.327381 -0.550635
vn 0.938983 -0.084781 0.333350
vn 0.908522 -0.064899 0.412766
vn 0.961739 -0.072066 0.264318
vn 0.928926 -0.114992 0.351955
vn 0.609936 0.027455 -0.791975
vn 0.731139 -0.049118 -0.680458
vn 0.943705 0.045556 0.327635
vn 0.910251 0.053453 0.410592
vn 0.954023 0.052385 0.295120
vn 0.930340 0.059482 0.361842
vn 0.603186 0.186524 -0.775484
vn 0.695666 0.204736 -0.688572
vn 0.920156 0.196835 0.338481
vn 0.885085 0.193057 0.423502
vn 0.936323 0.164434 0.310258
vn 0.910368 0.187826 0.368717
vn 0.697354 0.498646 -0.514829
vn 0.668854 0.375571 -0.641545
vn 0.825029 0.428692 -0.368170
vn 0.882680 0.290337 0.369568
vn 0.851430 0.257686 0.456798
vn 0.823397 0.320551 0.468257
vn 0.905444 0.267076 0.329913
vn 0.898336 0.288134 0.331618
vn 0.730085 0.554406 -0.399512
vn 0.782008 0.543249 -0.305523
vn 0.755807 0.579131 -0.305553
vn 0.749410 0.622655 -0.225134
vn 0.828827 0.518727 -0.209683
vn 0.821585 0.513004 -0.248645
vn 0.818362 0.431900 0.379138
vn 0.786612 0.423733 0.449101
vn 0.873930 0.351887 0.335292
vn 0.744230 0.636621 -0.202077
vn 0.725337 0.638189 -0.258072
vn 0.688143 0.693584 -0.213072
vn 0.591849 0.764193 -0.256366
vn 0.732837 0.629889 -0.257271
vn 0.709222 0.630152 -0.316091
vn 0.679349 0.648042 0.344278
vn 0.770911 0.497706 0.397473
vn 0.693296 0.641758 0.327853
vn 0.743180 0.537153 0.398936
vn 0.761161 0.501427 0.411345
vn 0.504065 0.833371 -0.226740
vn 0.527439 0.839145 -0.132830
vn 0.573816 0.809986 0.121068
vn 0.679193 -0.689446 -0.251716
vn 0.627738 -0.760975 -0.163897
vn 0.563554 -0.826077 -0.002178
vn 0.586087 -0.782737 0.209343
vn 0.851479 -0.411220 -0.325395
vn 0.824032 -0.474711 -0.309226
vn 0.755388 -0.540877 -0.369919
vn 0.712401 -0.642393 -0.282517
vn 0.724101 -0.672869 -0.151409
vn 0.733051 -0.674283 0.089330
vn 0.693619 -0.645449 0.319826
vn 0.742733 -0.508166 0.436022
vn 0.786652 -0.437678 0.435450
vn 0.786501 -0.443281 0.430021
vn 0.898803 -0.272655 -0.343237
vn 0.911083 -0.255274 -0.323671
vn 0.898547 -0.260671 -0.353077
vn 0.836606 -0.363597 -0.409742
vn 0.800484 -0.329139 0.500891
vn 0.834992 -0.139312 0.532336
vn 0.867895 -0.206362 0.451856
vn 0.862602 -0.251586 0.438887
vn 0.907724 -0.158840 -0.388340
vn 0.946366 -0.133186 -0.294369
vn 0.939224 -0.143835 -0.311720
vn 0.922340 -0.135610 -0.361800
vn 0.894496 -0.045746 0.444730
vn 0.843447 -0.034247 0.536120
vn 0.909563 -0.074130 0.408900
vn 0.920304 0.017305 -0.390820
vn 0.957710 0.015985 -0.287291
vn 0.951497 0.027784 -0.306402
vn 0.947140 0.008570 -0.320707
vn 0.897447 0.037885 0.439493
vn 0.847201 0.047457 0.529149
vn 0.918489 0.012738 0.395240
vn 0.907407 0.221530 -0.357124
vn 0.953492 0.180263 -0.241574
vn 0.937059 0.239595 -0.254000
vn 0.929667 0.202388 -0.307829
vn 0.885037 0.111850 0.451884
vn 0.848232 0.150525 0.507784
vn 0.903470 0.134501 0.407002
vn 0.894154 0.373727 -0.246610
vn 0.906352 0.370561 -0.203001
vn 0.865554 0.381360 -0.324625
vn 0.879745 0.394089 -0.265975
vn 0.841624 0.398369 -0.364652
vn 0.856284 0.255195 0.449059
vn 0.851256 0.267222 0.451614
vn 0.842439 0.484488 -0.235727
vn 0.815718 0.476650 -0.327733
vn 0.804283 0.516350 -0.294129
vn 0.782207 0.566156 -0.260039
vn 0.840479 0.461779 -0.283469
vn 0.851298 0.465906 -0.241296
vn 0.809947 0.425364 0.403796
vn 0.837534 0.345222 0.423508
vn 0.799474 0.440518 0.408394
vn 0.829071 0.340104 0.443814
vn 0.746965 0.613863 -0.255373
vn 0.803833 0.588289 -0.088138
vn 0.762128 0.642181 -0.082248
vn 0.770994 0.583848 0.254342
vn 0.810762 0.575598 0.106540
vn 0.873053 -0.347820 -0.341760
vn 0.878370 -0.440676 -0.185125
vn 0.877123 -0.474820 0.072119
vn 0.846086 -0.435997 0.306668
vn 0.907396 -0.186987 -0.376389
vn 0.921094 -0.182262 -0.344044
vn 0.944528 -0.235332 -0.229099
vn 0.973251 -0.226335 0.039430
vn 0.926961 -0.187043 0.325205
vn 0.870883 -0.219483 0.439761
vn 0.941879 -0.071740 -0.328204
vn 0.938379 -0.038352 -0.343473
vn 0.964290 -0.054506 -0.259180
vn 0.989955 -0.050413 -0.132092
vn 0.985496 -0.135215 0.102545
vn 0.956685 -0.023609 0.290165
vn 0.934541 -0.049815 0.352350
vn 0.888982 -0.057575 0.454308
vn 0.949446 0.083806 -0.302536
vn 0.951199 0.073070 -0.299803
vn 0.960806 0.111933 -0.253621
vn 0.987432 0.064572 -0.144253
vn 0.942534 0.064048 0.327913
vn 0.954529 0.093635 0.283033
vn 0.891587 0.025932 0.452106
vn 0.909408 0.260751 -0.324016
vn 0.932278 0.227208 -0.281487
vn 0.947543 0.235739 -0.215845
vn 0.983037 0.175855 -0.052088
vn 0.974175 0.218608 0.056511
vn 0.931146 0.177601 0.318474
vn 0.887993 0.128599 0.441509
vn 0.882798 0.367728 -0.292306
vn 0.908297 0.355043 -0.221225
vn 0.944180 0.328677 -0.022277
vn 0.925247 0.283142 0.252482
vn 0.876096 0.254407 0.409552
vn 0.905326 0.417910 -0.075732
vn 0.911883 0.347318 0.218724
vn 0.999108 -0.028924 -0.030779
vn 0.995656 0.063763 0.067854
f 1//1 2//2 3//3
f 1//1 4//4 5//5
f 3//3 4//4 1//1
f 5//5 6//6 7//7
f 4//4 6//6 5//5
f 7//7 8//8 9//9
f 6//6 8//8 7//7
f 8//8 10//10 9//9
f 11//11 2//2 1//1
f 12//12 2//2 11//11
f 5//5 13//13 1//1
f 13//13 11//11 1//1
f 7//7 14//14 5//5
f 14//14 13//13 5//5
f 9//9 15//15 7//7
f 15//15 14//14 7//7
f 16//16 9//9 10//10
f 15//15 9//9 16//16
f 17//17 18//18 19//19
f 12//12 17//17 19//19
f 12//12 11//11 17//17
f 11//11 20//20 17//17
f 13//13 21//21 11//11
f 21//21 20//20 11//11
f 14//14 22//22 13//13
f 22//22 21//21 13//13
f 23//23 15//15 24//24
f 23//23 22//22 15//15
f 22//22 14//14 15//15
f 16//16 24//24 15//15
f 17//17 25//25 18//18
f 25//25 26//26 27//27
f 25//25 17//17 26//26
f 17//17 20//20 26//26
f 21//21 28//28 20//20
f 28//28 26//26 20//20
f 22//22 29//29 21//21
f 29//29 28//28 21//21
f 30//30 22//22 23//23
f 29//29 22//22 30//30
f 31//31 27//27 26//26
f 32//32 27//27 31//31
f 28//28 33//33 26//26
f 33//33 31//31 26//26
f 29//29 34//34 28//28
f 34//34 33//33 28//28
f 35//35 29//29 30//30
f 34//34 29//29 35//35
f 36//36 32//32 31//31
f 37//37 32//32 36//36
f 33//33 38//38 31//31
f 38//38 36//36 31//31
f 34//34 39//39 33//33
f 39//39 38//38 33//33
f 40//40 34//34 35//35
f 39//39 34//34 40//40
f 36//36 41//41 37//37
f 41//41 42//42 43//43
f 41//41 36//36 42//42
f 36//36 38//38 42//42
f 44//44 39//39 45//45
f 44//44 42//42 39//39
f 42//42 38//38 39//39
f 40//40 45//45 39//39
f 42//42 46//46 43//43
f 44//44 46//46 42//42
f 47//47 48//48 49//49
f 47//47 50//50 51//51
f 49//49 50//50 47//47
f 51//51 52//52 53//53
f 50//50 52//52 51//51
f 52//52 54//54 53//53
f 3//3 55//55 56//56
f 2//2 55//55 3//3
f 48//48 47//47 4//4
f 48//48 4//4 56//56
f 56//56 4//4 3//3
f 6//6 4//4 47//47
f 51//51 6//6 47//47
f 8//8 6//6 51//51
f 53//53 8//8 51//51
f 10//10 57//57 58//58
f 8//8 57//57 10//10
f 8//8 54//54 57//57
f 8//8 53//53 54//54
f 58//58 59//59 60//60
f 57//57 59//59 58//58
f 60//60 61//61 62//62
f 59//59 61//61 60//60
f 61//61 63//63 62//62
f 64//64 65//65 66//66
f 64//64 67//67 68//68
f 66//66 67//67 64//64
f 67//67 69//69 68//68
f 70//70 71//71 72//72
f 70//70 72//72 55//55
f 70//70 55//55 12//12
f 12//12 55//55 2//2
f 58//58 73//73 16//16
f 10//10 58//58 16//16
f 60//60 74//74 58//58
f 74//74 73//73 58//58
f 62//62 75//75 60//60
f 75//75 74//74 60//60
f 76//76 62//62 63//63
f 76//76 77//77 62//62
f 77//77 75//75 62//62
f 77//77 78//78 79//79
f 76//76 78//78 77//77
f 65//65 79//79 78//78
f 65//65 64//64 79//79
f 64//64 80//80 79//79
f 68//68 81//81 64//64
f 81//81 80//80 64//64
f 82//82 68//68 69//69
f 82//82 83//83 68//68
f 83//83 81//81 68//68
f 82//82 84//84 83//83
f 19//19 71//71 70//70
f 19//19 18//18 71//71
f 18//18 85//85 71//71
f 12//12 19//19 70//70
f 24//24 86//86 23//23
f 24//24 16//16 73//73
f 24//24 73//73 86//86
f 86//86 73//73 87//87
f 74//74 88//88 73//73
f 88//88 87//87 73//73
f 75//75 89//89 74//74
f 89//89 88//88 74//74
f 77//77 90//90 75//75
f 90//90 89//89 75//75
f 79//79 91//91 77//77
f 91//91 90//90 77//77
f 80//80 92//92 79//79
f 92//92 91//91 79//79
f 81//81 93//93 80//80
f 93//93 92//92 80//80
f 83//83 94//94 81//81
f 94//94 93//93 81//81
f 95//95 83//83 84//84
f 95//95 96//96 83//83
f 96//96 94//94 83//83
f 95//95 97//97 96//96
f 98//98 18//18 25//25
f 98//98 99//99 18//18
f 99//99 85//85 18//18
f 25//25 27//27 98//98
f 86//86 100//100 30//30
f 23//23 86//86 30//30
f 87//87 101//101 86//86
f 101//101 100//100 86//86
f 88//88 102//102 87//87
f 102//102 101//101 87//87
f 103//103 89//89 104//104
f 103//103 102//102 89//89
f 102//102 88//88 89//89
f 90//90 104//104 89//89
f 105//105 104//104 90//90
f 105//105 106//106 107//107
f 105//105 90//90 106//106
f 90//90 91//91 106//106
f 92//92 108//108 91//91
f 108//108 106//106 91//91
f 93//93 109//109 92//92
f 109//109 108//108 92//92
f 94//94 110//110 93//93
f 110//110 109//109 93//93
f 96//96 111//111 94//94
f 111//111 110//110 94//94
f 112//112 96//96 97//97
f 111//111 96//96 112//112
f 113//113 99//99 98//98
f 114//114 99//99 113//113
f 27//27 32//32 113//113
f 98//98 27//27 113//113
f 100//100 115//115 35//35
f 30//30 100//100 35//35
f 101//101 116//116 100//100
f 116//116 115//115 100//100
f 102//102 117//117 101//101
f 117//117 116//116 101//101
f 118//118 102//102 103//103
f 117//117 102//102 118//118
f 106//106 119//119 107//107
f 119//119 120//120 121//121
f 119//119 106//106 120//120
f 106//106 108//108 120//120
f 109//109 122//122 108//108
f 122//122 120//120 108//108
f 110//110 123//123 109//109
f 123//123 122//122 109//109
f 111//111 124//124 110//110
f 124//124 123//123 110//110
f 125//125 111//111 112//112
f 124//124 111//111 125//125
f 126//126 114//114 113//113
f 127//127 114//114 126//126
f 32//32 37//37 126//126
f 113//113 32//32 126//126
f 115//115 128//128 40//40
f 35//35 115//115 40//40
f 116//116 129//129 115//115
f 129//129 128//128 115//115
f 117//117 130//130 116//116
f 130//130 129//129 116//116
f 131//131 117//117 118//118
f 130//130 117//117 131//131
f 132//132 121//121 120//120
f 133//133 121//121 132//132
f 122//122 134//134 120//120
f 134//134 132//132 120//120
f 123//123 135//135 122//122
f 135//135 134//134 122//122
f 136//136 124//124 137//137
f 136//136 135//135 124//124
f 135//135 123//123 124//124
f 125//125 137//137 124//124
f 126//126 138//138 127//127
f 139//139 140//140 138//138
f 41//41 139//139 138//138
f 41//41 138//138 126//126
f 41//41 126//126 37//37
f 41//41 43//43 139//139
f 45//45 141//141 44//44
f 45//45 40//40 128//128
f 45//45 128//128 141//141
f 141//141 128//128 142//142
f 129//129 143//143 128//128
f 143//143 142//142 128//128
f 130//130 144//144 129//129
f 144//144 143//143 129//129
f 145//145 130//130 131//131
f 144//144 130//130 145//145
f 132//132 146//146 133//133
f 134//134 146//146 132//132
f 147//147 146//146 134//134
f 135//135 147//147 134//134
f 148//148 147//147 135//135
f 136//136 148//148 135//135
f 149//149 140//140 139//139
f 150//150 140//140 149//149
f 43//43 46//46 151//151
f 43//43 151//151 139//139
f 139//139 151//151 149//149
f 46//46 44//44 141//141
f 46//46 141//141 151//151
f 151//151 141//141 152//152
f 142//142 153//153 141//141
f 153//153 152//152 141//141
f 154//154 143//143 155//155
f 154//154 153//153 143//143
f 153//153 142//142 143//143
f 144//144 155//155 143//143
f 156//156 155//155 144//144
f 145//145 156//156 144//144
f 149//149 157//157 150//150
f 151//151 157//157 149//149
f 158//158 157//157 151//151
f 152//152 158//158 151//151
f 159//159 158//158 152//152
f 153//153 159//159 152//152
f 160//160 159//159 153//153
f 154//154 160//160 153//153
f 49//49 161//161 162//162
f 48//48 161//161 49//49
f 50//50 49//49 163//163
f 49//49 162//162 163//163
f 52//52 50//50 164//164
f 50//50 163//163 164//164
f 54//54 165//165 166//166
f 54//54 52//52 165//165
f 52//52 164//164 165//165
f 166//166 167//167 168//168
f 165//165 167//167 166//166
f 167//167 169//169 168//168
f 56//56 170//170 171//171
f 55//55 170//170 56//56
f 161//161 48//48 56//56
f 171//171 161//161 56//56
f 54//54 166//166 57//57
f 59//59 57//57 166//166
f 168//168 59//59 166//166
f 168//168 169//169 172//172
f 168//168 172//172 59//59
f 59//59 172//172 61//61
f 63//63 173//173 174//174
f 63//63 61//61 173//173
f 61//61 172//172 173//173
f 174//174 175//175 176//176
f 173//173 175//175 174//174
f 176//176 66//66 65//65
f 176//176 175//175 66//66
f 175//175 177//177 66//66
f 67//67 66//66 178//178
f 66//66 177//177 178//178
f 69//69 179//179 180//180
f 69//69 67//67 179//179
f 67//67 178//178 179//179
f 180//180 181//181 182//182
f 179//179 181//181 180//180
f 181//181 183//183 182//182
f 72//72 184//184 185//185
f 71//71 184//184 72//72
f 170//170 55//55 72//72
f 185//185 170//170 72//72
f 63//63 174//174 76//76
f 78//78 76//76 174//174
f 176//176 78//78 174//174
f 65//65 78//78 176//176
f 69//69 180//180 82//82
f 84//84 82//82 180//180
f 84//84 180//180 186//186
f 186//186 180//180 182//182
f 187//187 182//182 183//183
f 186//186 182//182 187//187
f 71//71 85//85 184//184
f 184//184 85//85 188//188
f 84//84 186//186 95//95
f 97//97 189//189 190//190
f 95//95 189//189 97//97
f 95//95 187//187 189//189
f 95//95 186//186 187//187
f 189//189 191//191 190//190
f 85//85 99//99 188//188
f 188//188 99//99 192//192
f 104//104 193//193 103//103
f 104//104 105//105 194//194
f 193//193 104//104 194//194
f 105//105 107//107 194//194
f 190//190 195//195 112//112
f 97//97 190//190 112//112
f 196//196 190//190 191//191
f 195//195 190//190 196//196
f 99//99 114//114 192//192
f 192//192 114//114 197//197
f 193//193 198//198 118//118
f 103//103 193//193 118//118
f 194//194 199//199 193//193
f 199//199 198//198 193//193
f 107//107 119//119 200//200
f 107//107 200//200 194//194
f 194//194 200//200 199//199
f 119//119 121//121 200//200
f 195//195 201//201 125//125
f 112//112 195//195 125//125
f 202//202 195//195 196//196
f 201//201 195//195 202//202
f 114//114 127//127 197//197
f 197//197 127//127 203//203
f 198//198 204//204 131//131
f 118//118 198//198 131//131
f 199//199 205//205 198//198
f 205//205 204//204 198//198
f 200//200 206//206 199//199
f 206//206 205//205 199//199
f 121//121 133//133 206//206
f 200//200 121//121 206//206
f 137//137 207//207 136//136
f 137//137 125//125 201//201
f 137//137 201//201 207//207
f 207//207 201//201 208//208
f 209//209 201//201 202//202
f 208//208 201//201 209//209
f 210//210 127//127 138//138
f 210//210 211//211 127//127
f 211//211 203//203 127//127
f 138//138 140//140 210//210
f 204//204 212//212 145//145
f 131//131 204//204 145//145
f 205//205 213//213 204//204
f 213//213 212//212 204//204
f 206//206 214//214 205//205
f 214//214 213//213 205//205
f 133//133 146//146 215//215
f 133//133 215//215 206//206
f 206//206 215//215 214//214
f 146//146 147//147 216//216
f 215//215 146//146 216//216
f 147//147 148//148 217//217
f 216//216 147//147 217//217
f 148//148 136//136 207//207
f 148//148 207//207 217//217
f 217//217 207//207 218//218
f 219//219 208//208 220//220
f 219//219 218//218 208//208
f 218//218 207//207 208//208
f 209//209 220//220 208//208
f 210//210 221//221 211//211
f 221//221 210//210 140//140
f 221//221 140//140 222//222
f 222//222 140//140 150//150
f 155//155 223//223 154//154
f 155//155 156//156 224//224
f 223//223 155//155 224//224
f 156//156 145//145 212//212
f 156//156 212//212 224//224
f 224//224 212//212 225//225
f 213//213 226//226 212//212
f 226//226 225//225 212//212
f 214//214 227//227 213//213
f 227//227 226//226 213//213
f 215//215 228//228 214//214
f 228//228 227//227 214//214
f 216//216 229//229 215//215
f 229//229 228//228 215//215
f 217//217 230//230 216//216
f 230//230 229//229 216//216
f 231//231 218//218 232//232
f 231//231 230//230 218//218
f 230//230 217//217 218//218
f 219//219 232//232 218//218
f 150//150 233//233 222//222
f 157//157 233//233 150//150
f 234//234 235//235 233//233
f 234//234 233//233 158//158
f 158//158 233//233 157//157
f 158//158 159//159 236//236
f 234//234 158//158 236//236
f 159//159 160//160 237//237
f 236//236 159//159 237//237
f 160//160 238//238 237//237
f 154//154 238//238 160//160
f 154//154 239//239 238//238
f 154//154 223//223 239//239
f 224//224 239//239 223//223
f 240//240 239//239 224//224
f 225//225 240//240 224//224
f 241//241 240//240 225//225
f 226//226 241//241 225//225
f 242//242 241//241 226//226
f 227//227 242//242 226//226
f 243//243 242//242 227//227
f 228//228 243//243 227//227
f 244//244 243//243 228//228
f 229//229 244//244 228//228
f 245//245 244//244 229//229
f 230//230 245//245 229//229
f 246//246 245//245 230//230
f 231//231 246//246 230//230
f 234//234 247//247 235//235
f 236//236 247//247 234//234
f 248//248 247//247 236//236
f 237//237 248//248 236//236
f 249//249 248//248 237//237
f 238//238 249//249 237//237
f 162//162 250//250 251//251
f 161//161 250//250 162//162
f 163//163 162//162 252//252
f 162//162 251//251 252//252
f 164//164 163//163 253//253
f 163//163 252//252 253//253
f 165//165 164//164 254//254
f 164//164 253//253 254//254
f 167//167 165//165 255//255
f 165//165 254//254 255//255
f 169//169 256//256 257//257
f 169//169 167//167 256//256
f 167//167 255//255 256//256
f 256//256 258//258 257//257
f 259//259 260//260 261//261
f 261//261 262//262 259//259
f 171//171 263//263 264//264
f 170//170 263//263 171//171
f 250//250 161//161 171//171
f 264//264 250//250 171//171
f 169//169 257//257 172//172
f 257//257 258//258 265//265
f 257//257 265//265 172//172
f 172//172 265//265 173//173
f 175//175 173//173 266//266
f 173//173 265//265 266//266
f 260//260 259//259 177//177
f 260//260 177//177 266//266
f 266//266 177//177 175//175
f 259//259 262//262 267//267
f 259//259 267//267 177//177
f 177//177 267//267 178//178
f 179//179 178//178 268//268
f 178//178 267//267 268//268
f 181//181 179//179 269//269
f 179//179 268//268 269//269
f 269//269 183//183 181//181
f 270//270 183//183 269//269
f 185//185 271//271 272//272
f 184//184 271//271 185//185
f 263//263 170//170 185//185
f 272//272 263//263 185//185
f 273//273 274//274 187//187
f 273//273 187//187 270//270
f 270//270 187//187 183//183
f 273//273 275//275 274//274
f 184//184 188//188 271//271
f 271//271 188//188 276//276
f 187//187 274//274 189//189
f 274//274 191//191 189//189
f 274//274 275//275 191//191
f 275//275 277//277 191//191
f 188//188 192//192 276//276
f 276//276 192//192 278//278
f 191//191 277//277 196//196
f 277//277 279//279 196//196
f 192//192 197//197 278//278
f 278//278 197//197 280//280
f 196//196 279//279 202//202
f 279//279 281//281 202//202
f 197//197 203//203 280//280
f 280//280 203//203 282//282
f 202//202 281//281 209//209
f 281//281 283//283 209//209
f 203//203 211//211 282//282
f 282//282 211//211 284//284
f 220//220 285//285 219//219
f 220//220 286//286 285//285
f 220//220 209//209 286//286
f 209//209 283//283 286//286
f 287//287 211//211 221//221
f 287//287 288//288 211//211
f 288//288 284//284 211//211
f 221//221 222//222 287//287
f 232//232 289//289 231//231
f 232//232 290//290 289//289
f 219//219 290//290 232//232
f 219//219 291//291 290//290
f 219//219 285//285 291//291
f 286//286 291//291 285//285
f 287//287 292//292 288//288
f 293//293 294//294 292//292
f 233//233 293//293 292//292
f 233//233 292//292 287//287
f 233//233 287//287 222//222
f 233//233 235//235 293//293
f 239//239 295//295 238//238
f 239//239 240//240 296//296
f 295//295 239//239 296//296
f 240//240 241//241 297//297
f 296//296 240//240 297//297
f 241//241 242//242 298//298
f 297//297 241//241 298//298
f 242//242 243//243 299//299
f 298//298 242//242 299//299
f 243//243 244//244 300//300
f 299//299 243//243 300//300
f 244//244 245//245 301//301
f 300//300 244//244 301//301
f 302//302 301//301 245//245
f 302//302 245//245 303//303
f 303//303 245//245 246//246
f 289//289 246//246 231//231
f 289//289 304//304 246//246
f 304//304 303//303 246//246
f 290//290 304//304 289//289
f 293//293 305//305 294//294
f 235//235 305//305 293//293
f 235//235 247//247 305//305
f 247//247 306//306 305//305
f 248//248 307//307 247//247
f 247//247 307//307 306//306
f 249//249 308//308 248//248
f 248//248 308//308 307//307
f 295//295 249//249 238//238
f 295//295 309//309 249//249
f 309//309 308//308 249//249
f 296//296 309//309 295//295
f 310//310 309//309 296//296
f 297//297 310//310 296//296
f 311//311 310//310 297//297
f 298//298 311//311 297//297
f 312//312 311//311 298//298
f 299//299 312//312 298//298
f 313//313 312//312 299//299
f 300//300 313//313 299//299
f 314//314 313//313 300//300
f 301//301 314//314 300//300
f 315//315 314//314 301//301
f 302//302 315//315 301//301
f 251//251 316//316 317//317
f 250//250 316//316 251//251
f 252//252 251//251 318//318
f 251//251 317//317 318//318
f 253//253 252//252 319//319
f 252//252 318//318 319//319
f 254//254 253//253 320//320
f 253//253 319//319 320//320
f 255//255 254//254 321//321
f 254//254 320//320 321//321
f 256//256 255//255 322//322
f 255//255 321//321 322//322
f 258//258 323//323 324//324
f 258//258 256//256 323//323
f 256//256 322//322 323//323
f 324//324 325//325 326//326
f 323//323 325//325 324//324
f 326//326 261//261 260//260
f 326//326 325//325 261//261
f 325//325 327//327 261//261
f 262//262 328//328 329//329
f 262//262 261//261 328//328
f 261//261 327//327 328//328
f 328//328 330//330 329//329
f 264//264 331//331 332//332
f 263//263 331//331 264//264
f 316//316 250//250 264//264
f 332//332 316//316 264//264
f 258//258 324//324 265//265
f 266//266 265//265 324//324
f 326//326 266//266 324//324
f 260//260 266//266 326//326
f 262//262 329//329 267//267
f 329//329 330//330 333//333
f 329//329 333//333 267//267
f 267//267 333//333 268//268
f 269//269 268//268 334//334
f 268//268 333//333 334//334
f 334//334 270//270 269//269
f 335//335 270//270 334//334
f 272//272 271//271 336//336
f 272//272 336//336 337//337
f 272//272 337//337 263//263
f 263//263 337//337 331//331
f 270//270 335//335 338//338
f 273//273 270//270 338//338
f 338//338 275//275 273//273
f 339//339 275//275 338//338
f 336//336 340//340 341//341
f 336//336 271//271 340//340
f 271//271 276//276 340//340
f 337//337 336//336 341//341
f 275//275 339//339 277//277
f 339//339 342//342 277//277
f 276//276 278//278 340//340
f 340//340 278//278 343//343
f 277//277 342//342 279//279
f 342//342 344//344 279//279
f 278//278 280//280 343//343
f 343//343 280//280 345//345
f 279//279 344//344 281//281
f 344//344 346//346 281//281
f 280//280 282//282 345//345
f 345//345 282//282 347//347
f 281//281 346//346 283//283
f 346//346 348//348 283//283
f 282//282 284//284 347//347
f 347//347 284//284 349//349
f 283//283 348//348 286//286
f 348//348 350//350 286//286
f 284//284 288//288 349//349
f 349//349 288//288 351//351
f 291//291 352//352 353//353
f 290//290 291//291 353//353
f 350//350 291//291 286//286
f 352//352 291//291 350//350
f 288//288 354//354 351//351
f 292//292 354//354 288//288
f 354//354 292//292 294//294
f 355//355 354//354 294//294
f 303//303 356//356 302//302
f 357//357 356//356 303//303
f 357//357 303//303 358//358
f 358//358 303//303 304//304
f 353//353 304//304 290//290
f 358//358 304//304 353//353
f 294//294 359//359 355//355
f 305//305 359//359 294//294
f 306//306 360//360 305//305
f 305//305 360//360 359//359
f 307//307 361//361 306//306
f 306//306 361//361 360//360
f 308//308 362//362 307//307
f 307//307 362//362 361//361
f 309//309 363//363 308//308
f 308//308 363//363 362//362
f 310//310 364//364 309//309
f 309//309 364//364 363//363
f 311//311 365//365 310//310
f 310//310 365//365 364//364
f 312//312 366//366 311//311
f 311//311 366//366 365//365
f 313//313 367//367 312//312
f 312//312 367//367 366//366
f 314//314 368//368 313//313
f 313//313 368//368 367//367
f 315//315 369//369 314//314
f 314//314 369//369 368//368
f 356//356 315//315 302//302
f 356//356 370//370 315//315
f 370//370 369//369 315//315
f 357//357 370//370 356//356
f 317//317 371//371 372//372
f 316//316 371//371 317//317
f 318//318 317//317 373//373
f 317//317 372//372 373//373
f 319//319 318//318 374//374
f 318//318 373//373 374//374
f 320//320 319//319 375//375
f 319//319 374//374 375//375
f 321//321 320//320 376//376
f 320//320 375//375 376//376
f 322//322 321//321 377//377
f 321//321 376//376 377//377
f 323//323 322//322 378//378
f 322//322 377//377 378//378
f 325//325 323//323 379//379
f 323//323 378//378 379//379
f 327//327 325//325 380//380
f 325//325 379//379 380//380
f 328//328 327//327 381//381
f 327//327 380//380 381//381
f 381//381 330//330 328//328
f 382//382 330//330 381//381
f 332//332 383//383 384//384
f 331//331 383//383 332//332
f 371//371 316//316 332//332
f 384//384 371//371 332//332
f 330//330 382//382 385//385
f 333//333 330//330 385//385
f 334//334 333//333 386//386
f 333//333 385//385 386//386
f 386//386 335//335 334//334
f 387//387 335//335 386//386
f 331//331 337//337 383//383
f 383//383 337//337 388//388
f 335//335 387//387 389//389
f 338//338 335//335 389//389
f 389//389 339//339 338//338
f 390//390 339//339 389//389
f 341//341 391//391 392//392
f 340//340 391//391 341//341
f 388//388 337//337 341//341
f 392//392 388//388 341//341
f 339//339 390//390 342//342
f 390//390 393//393 342//342
f 340//340 343//343 391//391
f 391//391 343//343 394//394
f 342//342 393//393 344//344
f 393//393 395//395 344//344
f 343//343 345//345 394//394
f 394//394 345//345 396//396
f 344//344 395//395 346//346
f 395//395 397//397 346//346
f 345//345 347//347 396//396
f 396//396 347//347 398//398
f 346//346 397//397 348//348
f 397//397 399//399 348//348
f 347//347 349//349 398//398
f 398//398 349//349 400//400
f 348//348 399//399 350//350
f 399//399 401//401 350//350
f 402//402 351//351 403//403
f 402//402 400//400 351//351
f 400//400 349//349 351//351
f 402//402 403//403 404//404
f 352//352 405//405 406//406
f 353//353 352//352 406//406
f 401//401 352//352 350//350
f 405//405 352//352 401//401
f 351//351 354//354 403//403
f 403//403 354//354 355//355
f 403//403 355//355 404//404
f 404//404 355//355 407//407
f 358//358 408//408 409//409
f 357//357 358//358 409//409
f 406//406 358//358 353//353
f 408//408 358//358 406//406
f 355//355 410//410 407//407
f 359//359 410//410 355//355
f 360//360 411//411 359//359
f 359//359 411//411 410//410
f 361//361 412//412 360//360
f 360//360 412//412 411//411
f 362//362 413//413 361//361
f 361//361 413//413 412//412
f 363//363 414//414 362//362
f 362//362 414//414 413//413
f 364//364 415//415 363//363
f 363//363 415//415 414//414
f 365//365 416//416 364//364
f 364//364 416//416 415//415
f 366//366 417//417 365//365
f 365//365 417//417 416//416
f 367//367 418//418 366//366
f 366//366 418//418 417//417
f 368//368 419//419 367//367
f 367//367 419//419 418//418
f 369//369 420//420 368//368
f 368//368 420//420 419//419
f 370//370 421//421 369//369
f 369//369 421//421 420//420
f 409//409 370//370 357//357
f 421//421 370//370 409//409
f 372//372 422//422 423//423
f 371//371 422//422 372//372
f 373//373 372//372 424//424
f 372//372 423//423 424//424
f 374//374 373//373 425//425
f 373//373 424//424 425//425
f 375//375 374//374 426//426
f 374//374 425//425 426//426
f 376//376 375//375 427//427
f 375//375 426//426 427//427
f 377//377 376//376 428//428
f 376//376 427//427 428//428
f 378//378 377//377 429//429
f 377//377 428//428 429//429
f 379//379 378//378 430//430
f 378//378 429//429 430//430
f 380//380 379//379 431//431
f 379//379 430//430 431//431
f 381//381 380//380 432//432
f 380//380 431//431 432//432
f 432//432 382//382 381//381
f 433//433 382//382 432//432
f 384//384 434//434 435//435
f 383//383 434//434 384//384
f 422//422 371//371 384//384
f 435//435 422//422 384//384
f 382//382 433//433 436//436
f 385//385 382//382 436//436
f 386//386 385//385 437//437
f 385//385 436//436 437//437
f 437//437 387//387 386//386
f 438//438 387//387 437//437
f 383//383 388//388 434//434
f 434//434 388//388 439//439
f 387//387 438//438 440//440
f 389//389 387//387 440//440
f 440//440 390//390 389//389
f 441//441 390//390 440//440
f 392//392 391//391 442//442
f 392//392 442//442 443//443
f 392//392 443//443 388//388
f 388//388 443//443 439//439
f 390//390 441//441 393//393
f 441//441 444//444 393//393
f 442//442 445//445 446//446
f 442//442 391//391 445//445
f 391//391 394//394 445//445
f 443//443 442//442 446//446
f 393//393 444//444 395//395
f 444//444 447//447 395//395
f 394//394 396//396 445//445
f 445//445 396//396 448//448
f 395//395 447//447 397//397
f 447//447 449//449 397//397
f 396//396 398//398 448//448
f 448//448 398//398 450//450
f 397//397 449//449 399//399
f 449//449 451//451 399//399
f 452//452 400//400 453//453
f 452//452 450//450 400//400
f 450//450 398//398 400//400
f 452//452 453//453 454//454
f 455//455 456//456 457//457
f 455//455 451//451 456//456
f 455//455 401//401 451//451
f 401//401 399//399 451//451
f 400//400 402//402 453//453
f 453//453 402//402 404//404
f 453//453 404//404 454//454
f 454//454 404//404 458//458
f 405//405 455//455 457//457
f 405//405 457//457 406//406
f 406//406 457//457 459//459
f 401//401 455//455 405//405
f 460//460 407//407 461//461
f 460//460 458//458 407//407
f 458//458 404//404 407//407
f 460//460 461//461 462//462
f 408//408 463//463 464//464
f 409//409 408//408 464//464
f 459//459 408//408 406//406
f 463//463 408//408 459//459
f 407//407 410//410 461//461
f 461//461 465//465 462//462
f 461//461 410//410 465//465
f 410//410 411//411 465//465
f 412//412 466//466 411//411
f 411//411 466//466 465//465
f 413//413 467//467 412//412
f 412//412 467//467 466//466
f 414//414 468//468 413//413
f 413//413 468//468 467//467
f 415//415 469//469 414//414
f 414//414 469//469 468//468
f 416//416 470//470 415//415
f 415//415 470//470 469//469
f 417//417 471//471 416//416
f 416//416 471//471 470//470
f 418//418 472//472 417//417
f 417//417 472//472 471//471
f 419//419 473//473 418//418
f 418//418 473//473 472//472
f 420//420 474//474 419//419
f 419//419 474//474 473//473
f 421//421 475//475 420//420
f 420//420 475//475 474//474
f 464//464 421//421 409//409
f 475//475 421//421 464//464
f 423//423 476//476 477//477
f 422//422 476//476 423//423
f 424//424 423//423 478//478
f 423//423 477//477 478//478
f 425//425 424//424 479//479
f 424//424 478//478 479//479
f 426//426 425//425 480//480
f 425//425 479//479 480//480
f 427//427 426//426 481//481
f 426//426 480//480 481//481
f 428//428 427//427 482//482
f 427//427 481//481 482//482
f 429//429 428//428 483//483
f 428//428 482//482 483//483
f 430//430 429//429 484//484
f 429//429 483//483 484//484
f 431//431 430//430 485//485
f 430//430 484//484 485//485
f 432//432 431//431 486//486
f 431//431 485//485 486//486
f 433//433 487//487 488//488
f 433//433 432//432 487//487
f 432//432 486//486 487//487
f 487//487 489//489 488//488
f 435//435 490//490 491//491
f 434//434 490//490 435//435
f 476//476 422//422 435//435
f 491//491 476//476 435//435
f 433//433 488//488 436//436
f 488//488 489//489 492//492
f 488//488 492//492 436//436
f 436//436 492//492 437//437
f 492//492 438//438 437//437
f 493//493 438//438 492//492
f 494//494 495//495 496//496
f 494//494 496//496 490//490
f 494//494 490//490 439//439
f 439//439 490//490 434//434
f 438//438 493//493 497//497
f 440//440 438//438 497//497
f 497//497 441//441 440//440
f 498//498 441//441 497//497
f 499//499 495//495 494//494
f 500//500 495//495 499//499
f 439//439 443//443 499//499
f 494//494 439//439 499//499
f 441//441 498//498 444//444
f 498//498 501//501 444//444
f 446//446 500//500 499//499
f 446//446 445//445 500//500
f 445//445 502//502 500//500
f 443//443 446//446 499//499
f 444//444 501//501 447//447
f 501//501 503//503 447//447
f 445//445 448//448 502//502
f 502//502 448//448 504//504
f 447//447 503//503 449//449
f 503//503 505//505 449//449
f 506//506 450//450 507//507
f 506//506 504//504 450//450
f 504//504 448//448 450//450
f 506//506 507//507 508//508
f 449//449 505//505 451//451
f 505//505 509//509 451//451
f 450//450 452//452 507//507
f 507//507 452//452 454//454
f 507//507 454//454 508//508
f 508//508 454//454 510//510
f 456//456 511//511 512//512
f 457//457 456//456 512//512
f 509//509 456//456 451//451
f 511//511 456//456 509//509
f 454//454 458//458 510//510
f 510//510 458//458 513//513
f 457//457 512//512 459//459
f 512//512 514//514 459//459
f 458//458 515//515 513//513
f 460//460 515//515 458//458
f 515//515 460//460 462//462
f 516//516 515//515 462//462
f 517//517 518//518 519//519
f 517//517 464//464 463//463
f 517//517 463//463 518//518
f 518//518 463//463 520//520
f 514//514 463//463 459//459
f 520//520 463//463 514//514
f 462//462 521//521 516//516
f 465//465 521//521 462//462
f 466//466 522//522 465//465
f 465//465 522//522 521//521
f 467//467 523//523 466//466
f 466//466 523//523 522//522
f 468//468 524//524 467//467
f 467//467 524//524 523//523
f 469//469 525//525 468//468
f 468//468 525//525 524//524
f 470//470 526//526 469//469
f 469//469 526//526 525//525
f 471//471 527//527 470//470
f 470//470 527//527 526//526
f 472//472 528//528 471//471
f 471//471 528//528 527//527
f 473//473 529//529 472//472
f 472//472 529//529 528//528
f 474//474 530//530 473//473
f 473//473 530//530 529//529
f 519//519 475//475 517//517
f 519//519 530//530 475//475
f 530//530 474//474 475//475
f 464//464 517//517 475//475
f 531//531 532//532 533//533
f 531//531 477//477 476//476
f 531//531 533//533 477//477
f 533//533 534//534 477//477
f 478//478 477//477 535//535
f 477//477 534//534 535//535
f 479//479 478//478 536//536
f 478//478 535//535 536//536
f 480//480 479//479 537//537
f 479//479 536//536 537//537
f 481//481 480//480 538//538
f 480//480 537//537 538//538
f 482//482 481//481 539//539
f 481//481 538//538 539//539
f 483//483 482//482 540//540
f 482//482 539//539 540//540
f 484//484 483//483 541//541
f 483//483 540//540 541//541
f 485//485 484//484 542//542
f 484//484 541//541 542//542
f 486//486 485//485 543//543
f 485//485 542//542 543//543
f 487//487 486//486 544//544
f 486//486 543//543 544//544
f 544//544 489//489 487//487
f 545//545 489//489 544//544
f 491//491 532//532 531//531
f 491//491 490//490 532//532
f 490//490 546//546 532//532
f 476//476 491//491 531//531
f 489//489 545//545 547//547
f 492//492 489//489 547//547
f 493//493 548//548 549//549
f 493//493 492//492 548//548
f 492//492 547//547 548//548
f 548//548 550//550 549//549
f 496//496 551//551 552//552
f 495//495 551//551 496//496
f 546//546 490//490 496//496
f 552//552 546//546 496//496
f 493//493 549//549 497//497
f 549//549 498//498 497//497
f 549//549 550//550 498//498
f 550//550 553//553 498//498
f 495//495 500//500 551//551
f 551//551 500//500 554//554
f 498//498 553//553 501//501
f 553//553 555//555 501//501
f 500//500 502//502 554//554
f 554//554 502//502 556//556
f 501//501 555//555 503//503
f 555//555 557//557 503//503
f 502//502 504//504 556//556
f 556//556 504//504 558//558
f 503//503 557//557 505//505
f 557//557 559//559 505//505
f 504//504 560//560 558//558
f 506//506 560//560 504//504
f 560//560 506//506 508//508
f 561//561 560//560 508//508
f 505//505 559//559 509//509
f 559//559 562//562 509//509
f 508//508 510//510 561//561
f 561//561 510//510 563//563
f 511//511 564//564 565//565
f 512//512 511//511 565//565
f 562//562 511//511 509//509
f 564//564 511//511 562//562
f 510//510 513//513 563//563
f 563//563 513//513 566//566
f 512//512 565//565 514//514
f 565//565 567//567 514//514
f 513//513 568//568 566//566
f 515//515 568//568 513//513
f 568//568 515//515 516//516
f 569//569 568//568 516//516
f 518//518 570//570 571//571
f 519//519 518//518 571//571
f 520//520 572//572 518//518
f 518//518 572//572 570//570
f 567//567 520//520 514//514
f 572//572 520//520 567//567
f 516//516 573//573 569//569
f 521//521 573//573 516//516
f 522//522 574//574 521//521
f 521//521 574//574 573//573
f 523//523 575//575 522//522
f 522//522 575//575 574//574
f 524//524 576//576 523//523
f 523//523 576//576 575//575
f 525//525 577//577 524//524
f 524//524 577//577 576//576
f 526//526 578//578 525//525
f 525//525 578//578 577//577
f 527//527 579//579 526//526
f 526//526 579//579 578//578
f 528//528 580//580 527//527
f 527//527 580//580 579//579
f 529//529 581//581 528//528
f 528//528 581//581 580//580
f 530//530 582//582 529//529
f 529//529 582//582 581//581
f 571//571 530//530 519//519
f 582//582 530//530 571//571
f 533//533 583//583 584//584
f 532//532 583//583 533//533
f 534//534 533//533 585//585
f 533//533 584//584 585//585
f 535//535 534//534 586//586
f 534//534 585//585 586//586
f 536//536 535//535 587//587
f 535//535 586//586 587//587
f 537//537 536//536 588//588
f 536//536 587//587 588//588
f 538//538 537//537 589//589
f 537//537 588//588 589//589
f 539//539 538//538 590//590
f 538//538 589//589 590//590
f 540//540 539//539 591//591
f 539//539 590//590 591//591
f 541//541 540//540 592//592
f 540//540 591//591 592//592
f 542//542 541//541 593//593
f 541//541 592//592 593//593
f 543//543 542//542 594//594
f 542//542 593//593 594//594
f 544//544 543//543 595//595
f 543//543 594//594 595//595
f 545//545 596//596 597//597
f 545//545 544//544 596//596
f 544//544 595//595 596//596
f 596//596 598//598 597//597
f 599//599 600//600 601//601
f 599//599 601//601 583//583
f 599//599 583//583 546//546
f 546//546 583//583 532//532
f 545//545 597//597 547//547
f 597//597 598//598 602//602
f 597//597 602//602 547//547
f 547//547 602//602 548//548
f 602//602 550//550 548//548
f 603//603 550//550 602//602
f 552//552 600//600 599//599
f 552//552 551//551 600//600
f 551//551 604//604 600//600
f 546//546 552//552 599//599
f 605//605 606//606 553//553
f 605//605 553//553 603//603
f 603//603 553//553 550//550
f 605//605 607//607 606//606
f 551//551 554//554 604//604
f 604//604 554//554 608//608
f 606//606 609//609 555//555
f 553//553 606//606 555//555
f 610//610 606//606 607//607
f 609//609 606//606 610//610
f 554//554 556//556 608//608
f 608//608 556//556 611//611
f 609//609 612//612 557//557
f 555//555 609//609 557//557
f 613//613 609//609 610//610
f 612//612 609//609 613//613
f 556//556 558//558 611//611
f 611//611 558//558 614//614
f 612//612 615//615 616//616
f 612//612 616//616 557//557
f 557//557 616//616 559//559
f 613//613 615//615 612//612
f 558//558 617//617 614//614
f 560//560 617//617 558//558
f 617//617 560//560 561//561
f 618//618 617//617 561//561
f 559//559 616//616 562//562
f 616//616 619//619 562//562
f 561//561 563//563 618//618
f 618//618 563//563 620//620
f 564//564 621//621 565//565
f 564//564 622//622 621//621
f 564//564 562//562 622//622
f 562//562 619//619 622//622
f 563//563 566//566 620//620
f 620//620 566//566 623//623
f 621//621 624//624 625//625
f 621//621 625//625 565//565
f 565//565 625//625 567//567
f 622//622 624//624 621//621
f 566//566 626//626 623//623
f 568//568 626//626 566//566
f 569//569 627//627 628//628
f 569//569 628//628 568//568
f 568//568 628//628 626//626
f 628//628 627//627 629//629
f 570//570 630//630 571//571
f 631//631 630//630 570//570
f 631//631 570//570 632//632
f 632//632 570//570 572//572
f 625//625 572//572 567//567
f 632//632 572//572 625//625
f 569//569 573//573 627//627
f 627//627 633//633 629//629
f 627//627 573//573 633//633
f 573//573 574//574 633//633
f 575//575 634//634 574//574
f 574//574 634//634 633//633
f 576//576 635//635 575//575
f 575//575 635//635 634//634
f 577//577 636//636 576//576
f 576//576 636//636 635//635
f 578//578 637//637 577//577
f 577//577 637//637 636//636
f 579//579 638//638 578//578
f 578//578 638//638 637//637
f 580//580 639//639 579//579
f 579//579 639//639 638//638
f 581//581 640//640 580//580
f 580//580 640//640 639//639
f 582//582 641//641 581//581
f 581//581 641//641 640//640
f 630//630 582//582 571//571
f 630//630 642//642 582//582
f 642//642 641//641 582//582
f 631//631 642//642 630//630
f 643//643 644//644 645//645
f 643//643 646//646 647//647
f 645//645 646//646 643//643
f 647//647 648//648 649//649
f 646//646 648//648 647//647
f 649//649 650//650 651//651
f 648//648 650//650 649//649
f 651//651 652//652 653//653
f 650//650 652//652 651//651
f 652//652 654//654 653//653
f 584//584 655//655 656//656
f 583//583 655//655 584//584
f 585//585 584//584 657//657
f 584//584 656//656 657//657
f 586//586 585//585 658//658
f 585//585 657//657 658//658
f 587//587 586//586 659//659
f 586//586 658//658 659//659
f 644//644 643//643 588//588
f 644//644 588//588 659//659
f 659//659 588//588 587//587
f 589//589 588//588 643//643
f 647//647 589//589 643//643
f 590//590 589//589 647//647
f 649//649 590//590 647//647
f 591//591 590//590 649//649
f 651//651 591//591 649//649
f 592//592 591//591 651//651
f 653//653 592//592 651//651
f 653//653 654//654 660//660
f 653//653 660//660 592//592
f 592//592 660//660 593//593
f 594//594 593//593 661//661
f 593//593 660//660 661//661
f 595//595 594//594 662//662
f 594//594 661//661 662//662
f 596//596 595//595 663//663
f 595//595 662//662 663//663
f 663//663 598//598 596//596
f 664//664 598//598 663//663
f 601//601 665//665 666//666
f 600//600 665//665 601//601
f 655//655 583//583 601//601
f 666//666 655//655 601//601
f 598//598 664//664 667//667
f 602//602 598//598 667//667
f 667//667 603//603 602//602
f 668//668 603//603 667//667
f 600//600 604//604 665//665
f 665//665 604//604 669//669
f 603//603 668//668 670//670
f 605//605 603//603 670//670
f 670//670 607//607 605//605
f 671//671 607//607 670//670
f 604//604 608//608 669//669
f 669//669 608//608 672//672
f 607//607 671//671 610//610
f 671//671 673//673 610//610
f 608//608 611//611 672//672
f 672//672 611//611 674//674
f 610//610 673//673 613//613
f 673//673 675//675 613//613
f 611//611 614//614 674//674
f 674//674 614//614 676//676
f 615//615 677//677 678//678
f 616//616 615//615 678//678
f 675//675 615//615 613//613
f 677//677 615//615 675//675
f 679//679 614//614 617//617
f 679//679 680//680 614//614
f 680//680 676//676 614//614
f 617//617 618//618 679//679
f 616//616 678//678 619//619
f 678//678 681//681 619//619
f 679//679 682//682 680//680
f 682//682 679//679 618//618
f 682//682 618//618 683//683
f 683//683 618//618 620//620
f 619//619 681//681 622//622
f 681//681 684//684 622//622
f 620//620 623//623 683//683
f 683//683 623//623 685//685
f 624//624 686//686 687//687
f 625//625 624//624 687//687
f 684//684 624//624 622//622
f 686//686 624//624 684//684
f 623//623 688//688 685//685
f 626//626 688//688 623//623
f 628//628 689//689 626//626
f 626//626 689//689 688//688
f 689//689 628//628 629//629
f 690//690 689//689 629//629
f 691//691 692//692 693//693
f 691//691 631//631 632//632
f 691//691 632//632 692//692
f 692//692 632//632 694//694
f 687//687 632//632 625//625
f 694//694 632//632 687//687
f 629//629 695//695 690//690
f 633//633 695//695 629//629
f 634//634 696//696 633//633
f 633//633 696//696 695//695
f 635//635 697//697 634//634
f 634//634 697//697 696//696
f 636//636 698//698 635//635
f 635//635 698//698 697//697
f 637//637 699//699 636//636
f 636//636 699//699 698//698
f 638//638 700//700 637//637
f 637//637 700//700 699//699
f 639//639 701//701 638//638
f 638//638 701//701 700//700
f 640//640 702//702 639//639
f 639//639 702//702 701//701
f 641//641 703//703 640//640
f 640//640 703//703 702//702
f 693//693 642//642 691//691
f 693//693 703//703 642//642
f 703//703 641//641 642//642
f 631//631 691//691 642//642
f 645//645 704//704 705//705
f 644//644 704//704 645//645
f 646//646 645//645 706//706
f 645//645 705//705 706//706
f 648//648 646//646 707//707
f 646//646 706//706 707//707
f 650//650 648//648 708//708
f 648//648 707//707 708//708
f 709//709 708//708 710//710
f 709//709 652//652 708//708
f 652//652 650//650 708//708
f 652//652 709//709 654//654
f 656//656 711//711 712//712
f 655//655 711//711 656//656
f 657//657 656//656 713//713
f 656//656 712//712 713//713
f 658//658 657//657 714//714
f 657//657 713//713 714//714
f 659//659 658//658 715//715
f 658//658 714//714 715//715
f 704//704 644//644 659//659
f 715//715 704//704 659//659
f 709//709 710//710 716//716
f 654//654 709//709 716//716
f 654//654 716//716 660//660
f 660//660 716//716 717//717
f 661//661 660//660 718//718
f 660//660 717//717 718//718
f 662//662 661//661 719//719
f 661//661 718//718 719//719
f 663//663 662//662 720//720
f 662//662 719//719 720//720
f 720//720 664//664 663//663
f 721//721 664//664 720//720
f 666//666 722//722 723//723
f 665//665 722//722 666//666
f 711//711 655//655 666//666
f 723//723 711//711 666//666
f 664//664 721//721 724//724
f 667//667 664//664 724//724
f 724//724 668//668 667//667
f 725//725 668//668 724//724
f 665//665 669//669 722//722
f 722//722 669//669 726//726
f 668//668 725//725 727//727
f 670//670 668//668 727//727
f 727//727 671//671 670//670
f 728//728 671//671 727//727
f 669//669 672//672 726//726
f 726//726 672//672 729//729
f 671//671 728//728 673//673
f 728//728 730//730 673//673
f 672//672 674//674 729//729
f 729//729 674//674 731//731
f 673//673 730//730 675//675
f 730//730 732//732 675//675
f 674//674 676//676 731//731
f 731//731 676//676 733//733
f 677//677 734//734 678//678
f 677//677 735//735 734//734
f 677//677 675//675 735//735
f 675//675 732//732 735//735
f 676//676 680//680 733//733
f 733//733 680//680 736//736
f 734//734 737//737 738//738
f 734//734 738//738 678//678
f 678//678 738//738 681//681
f 735//735 737//737 734//734
f 680//680 739//739 736//736
f 682//682 739//739 680//680
f 739//739 682//682 683//683
f 740//740 739//739 683//683
f 681//681 738//738 684//684
f 738//738 741//741 684//684
f 683//683 685//685 740//740
f 740//740 685//685 742//742
f 686//686 743//743 744//744
f 687//687 686//686 744//744
f 741//741 686//686 684//684
f 743//743 686//686 741//741
f 685//685 745//745 742//742
f 688//688 745//745 685//685
f 689//689 746//746 688//688
f 688//688 746//746 745//745
f 690//690 747//747 748//748
f 690//690 748//748 689//689
f 689//689 748//748 746//746
f 748//748 747//747 749//749
f 692//692 750//750 751//751
f 693//693 692//692 751//751
f 694//694 752//752 692//692
f 692//692 752//752 750//750
f 744//744 694//694 687//687
f 752//752 694//694 744//744
f 690//690 695//695 747//747
f 747//747 753//753 749//749
f 747//747 695//695 753//753
f 695//695 696//696 753//753
f 697//697 754//754 696//696
f 696//696 754//754 753//753
f 698//698 755//755 697//697
f 697//697 755//755 754//754
f 699//699 756//756 698//698
f 698//698 756//756 755//755
f 700//700 757//757 699//699
f 699//699 757//757 756//756
f 701//701 758//758 700//700
f 700//700 758//758 757//757
f 702//702 759//759 701//701
f 701//701 759//759 758//758
f 703//703 760//760 702//702
f 702//702 760//760 759//759
f 751//751 703//703 693//693
f 760//760 703//703 751//751
f 705//705 704//704 761//761
f 705//705 762//762 706//706
f 761//761 762//762 705//705
f 763//763 706//706 762//762
f 763//763 764//764 706//706
f 764//764 707//707 706//706
f 765//765 764//764 766//766
f 765//765 708//708 764//764
f 708//708 707//707 764//764
f 708//708 765//765 710//710
f 712//712 711//711 767//767
f 768//768 712//712 767//767
f 768//768 769//769 712//712
f 769//769 713//713 712//712
f 714//714 713//713 770//770
f 713//713 769//769 770//770
f 715//715 714//714 771//771
f 714//714 770//770 771//771
f 761//761 704//704 715//715
f 761//761 715//715 772//772
f 772//772 715//715 771//771
f 762//762 761//761 772//772
f 773//773 762//762 772//772
f 763//763 762//762 773//773
f 765//765 766//766 774//774
f 710//710 765//765 774//774
f 710//710 774//774 716//716
f 716//716 774//774 775//775
f 717//717 716//716 776//776
f 716//716 775//775 776//776
f 718//718 717//717 777//777
f 717//717 776//776 777//777
f 719//719 718//718 778//778
f 718//718 777//777 778//778
f 779//779 778//778 780//780
f 779//779 720//720 778//778
f 720//720 719//719 778//778
f 720//720 779//779 721//721
f 723//723 722//722 781//781
f 723//723 781//781 782//782
f 711//711 723//723 782//782
f 711//711 782//782 783//783
f 711//711 783//783 767//767
f 768//768 767//767 783//783
f 779//779 780//780 784//784
f 721//721 779//779 784//784
f 721//721 784//784 724//724
f 724//724 784//784 785//785
f 785//785 725//725 724//724
f 786//786 725//725 785//785
f 781//781 787//787 788//788
f 781//781 722//722 787//787
f 722//722 726//726 787//787
f 782//782 781//781 788//788
f 725//725 786//786 789//789
f 727//727 725//725 789//789
f 789//789 728//728 727//727
f 790//790 728//728 789//789
f 726//726 729//729 787//787
f 787//787 729//729 791//791
f 728//728 790//790 730//730
f 790//790 792//792 730//730
f 729//729 731//731 791//791
f 791//791 731//731 793//793
f 730//730 792//792 732//732
f 792//792 794//794 732//732
f 731//731 733//733 793//793
f 793//793 733//733 795//795
f 796//796 797//797 798//798
f 796//796 794//794 797//797
f 796//796 735//735 794//794
f 735//735 732//732 794//794
f 733//733 736//736 795//795
f 795//795 736//736 799//799
f 737//737 796//796 798//798
f 737//737 798//798 738//738
f 738//738 798//798 800//800
f 735//735 796//796 737//737
f 736//736 801//801 799//799
f 739//739 801//801 736//736
f 801//801 739//739 740//740
f 802//802 801//801 740//740
f 803//803 804//804 805//805
f 803//803 800//800 804//804
f 803//803 741//741 800//800
f 741//741 738//738 800//800
f 806//806 742//742 807//807
f 806//806 802//802 742//742
f 802//802 740//740 742//742
f 806//806 807//807 808//808
f 809//809 810//810 811//811
f 805//805 810//810 809//809
f 803//803 805//805 809//809
f 803//803 809//809 744//744
f 803//803 744//744 743//743
f 741//741 803//803 743//743
f 742//742 745//745 807//807
f 807//807 812//812 808//808
f 807//807 745//745 812//812
f 745//745 746//746 812//812
f 748//748 813//813 746//746
f 746//746 813//813 812//812
f 749//749 814//814 815//815
f 749//749 815//815 748//748
f 748//748 815//815 813//813
f 814//814 816//816 817//817
f 815//815 814//814 817//817
f 817//817 816//816 818//818
f 819//819 820//820 821//821
f 819//819 751//751 750//750
f 819//819 750//750 820//820
f 820//820 750//750 822//822
f 811//811 752//752 809//809
f 811//811 822//822 752//752
f 822//822 750//750 752//752
f 744//744 809//809 752//752
f 749//749 753//753 814//814
f 754//754 814//814 753//753
f 816//816 814//814 754//754
f 816//816 823//823 818//818
f 816//816 754//754 823//823
f 754//754 755//755 823//823
f 756//756 824//824 755//755
f 755//755 824//824 823//823
f 757//757 825//825 756//756
f 756//756 825//825 824//824
f 758//758 826//826 757//757
f 757//757 826//826 825//825
f 759//759 827//827 758//758
f 758//758 827//827 826//826
f 821//821 760//760 819//819
f 821//821 827//827 760//760
f 827//827 759//759 760//760
f 751//751 819//819 760//760
f 764//764 763//763 828//828
f 764//764 828//828 766//766
f 769//769 768//768 829//829
f 830//830 769//769 829//829
f 830//830 831//831 769//769
f 831//831 770//770 769//769
f 771//771 770//770 832//832
f 770//770 831//831 832//832
f 772//772 771//771 833//833
f 771//771 832//832 833//833
f 773//773 772//772 834//834
f 772//772 833//833 834//834
f 828//828 763//763 773//773
f 828//828 773//773 835//835
f 835//835 773//773 834//834
f 766//766 828//828 835//835
f 766//766 835//835 774//774
f 774//774 835//835 836//836
f 775//775 774//774 837//837
f 774//774 836//836 837//837
f 776//776 775//775 838//838
f 775//775 837//837 838//838
f 839//839 838//838 840//840
f 839//839 777//777 838//838
f 777//777 776//776 838//838
f 777//777 841//841 778//778
f 839//839 841//841 777//777
f 778//778 841//841 780//780
f 783//783 842//842 843//843
f 782//782 842//842 783//783
f 829//829 768//768 783//783
f 829//829 783//783 844//844
f 844//844 783//783 843//843
f 830//830 829//829 844//844
f 839//839 840//840 845//845
f 841//841 839//839 845//845
f 846//846 841//841 845//845
f 847//847 846//846 848//848
f 784//784 846//846 847//847
f 784//784 841//841 846//846
f 784//784 780//780 841//841
f 784//784 849//849 785//785
f 847//847 849//849 784//784
f 785//785 849//849 786//786
f 788//788 787//787 850//850
f 788//788 850//850 851//851
f 788//788 851//851 782//782
f 782//782 851//851 842//842
f 847//847 848//848 852//852
f 849//849 847//847 852//852
f 853//853 849//849 852//852
f 854//854 853//853 855//855
f 789//789 853//853 854//854
f 789//789 849//849 853//853
f 789//789 786//786 849//849
f 789//789 854//854 790//790
f 850//850 856//856 857//857
f 850//850 787//787 856//856
f 787//787 791//791 856//856
f 851//851 850//850 857//857
f 858//858 854//854 855//855
f 859//859 858//858 855//855
f 790//790 858//858 792//792
f 854//854 858//858 790//790
f 791//791 793//793 856//856
f 856//856 793//793 860//860
f 861//861 858//858 859//859
f 862//862 861//861 859//859
f 792//792 861//861 794//794
f 858//858 861//861 792//792
f 793//793 795//795 860//860
f 860//860 795//795 863//863
f 797//797 861//861 862//862
f 797//797 862//862 798//798
f 798//798 862//862 864//864
f 794//794 861//861 797//797
f 865//865 799//799 866//866
f 865//865 863//863 799//799
f 863//863 795//795 799//799
f 865//865 866//866 867//867
f 868//868 869//869 870//870
f 868//868 864//864 869//869
f 868//868 800//800 864//864
f 800//800 798//798 864//864
f 799//799 801//801 866//866
f 866//866 801//801 802//802
f 866//866 802//802 867//867
f 867//867 802//802 871//871
f 872//872 873//873 874//874
f 870//870 873//873 872//872
f 868//868 870//870 872//872
f 868//868 872//872 805//805
f 868//868 805//805 804//804
f 800//800 868//868 804//804
f 802//802 875//875 871//871
f 806//806 875//875 802//802
f 808//808 876//876 877//877
f 808//808 877//877 806//806
f 806//806 877//877 875//875
f 877//877 876//876 878//878
f 879//879 880//880 881//881
f 879//879 882//882 883//883
f 880//880 879//879 883//883
f 874//874 883//883 882//882
f 872//872 874//874 882//882
f 872//872 882//882 811//811
f 872//872 811//811 810//810
f 805//805 872//872 810//810
f 808//808 812//812 876//876
f 876//876 884//884 878//878
f 876//876 812//812 884//884
f 812//812 813//813 884//884
f 815//815 885//885 813//813
f 813//813 885//885 884//884
f 817//817 886//886 815//815
f 815//815 886//886 885//885
f 818//818 887//887 888//888
f 818//818 888//888 817//817
f 817//817 888//888 886//886
f 887//887 889//889 890//890
f 888//888 887//887 890//890
f 889//889 891//891 892//892
f 890//890 889//889 892//892
f 891//891 893//893 894//894
f 892//892 891//891 894//894
f 893//893 895//895 896//896
f 894//894 893//893 896//896
f 881//881 896//896 895//895
f 879//879 881//881 895//895
f 879//879 895//895 821//821
f 879//879 821//821 820//820
f 822//822 879//879 820//820
f 882//882 879//879 822//822
f 811//811 882//882 822//822
f 818//818 823//823 887//887
f 824//824 887//887 823//823
f 889//889 887//887 824//824
f 825//825 889//889 824//824
f 891//891 889//889 825//825
f 826//826 891//891 825//825
f 893//893 891//891 826//826
f 827//827 893//893 826//826
f 895//895 893//893 827//827
f 821//821 895//895 827//827
f 831//831 830//830 897//897
f 831//831 898//898 832//832
f 897//897 898//898 831//831
f 899//899 832//832 898//898
f 899//899 900//900 832//832
f 900//900 833//833 832//832
f 834//834 833//833 901//901
f 833//833 900//900 901//901
f 835//835 834//834 902//902
f 834//834 901//901 902//902
f 836//836 835//835 903//903
f 835//835 902//902 903//903
f 904//904 903//903 905//905
f 904//904 837//837 903//903
f 837//837 836//836 903//903
f 837//837 906//906 838//838
f 904//904 906//906 837//837
f 838//838 906//906 840//840
f 843//843 842//842 907//907
f 843//843 908//908 844//844
f 907//907 908//908 843//843
f 844//844 908//908 909//909
f 830//830 844//844 909//909
f 830//830 909//909 910//910
f 830//830 910//910 897//897
f 898//898 897//897 910//910
f 911//911 898//898 910//910
f 899//899 898//898 911//911
f 904//904 905//905 912//912
f 906//906 904//904 912//912
f 913//913 906//906 912//912
f 914//914 913//913 915//915
f 845//845 913//913 914//914
f 845//845 906//906 913//913
f 845//845 840//840 906//906
f 845//845 916//916 846//846
f 914//914 916//916 845//845
f 846//846 916//916 848//848
f 907//907 851//851 917//917
f 842//842 851//851 907//907
f 918//918 919//919 908//908
f 918//918 908//908 917//917
f 917//917 908//908 907//907
f 909//909 908//908 919//919
f 914//914 915//915 920//920
f 920//920 921//921 922//922
f 920//920 922//922 914//914
f 914//914 922//922 916//916
f 848//848 923//923 852//852
f 848//848 916//916 923//923
f 916//916 922//922 923//923
f 852//852 924//924 853//853
f 923//923 924//924 852//852
f 853//853 924//924 855//855
f 857//857 856//856 925//925
f 857//857 925//925 926//926
f 851//851 857//857 926//926
f 851//851 926//926 927//927
f 851//851 927//927 917//917
f 918//918 917//917 927//927
f 928//928 922//922 921//921
f 929//929 928//928 921//921
f 923//923 922//922 930//930
f 930//930 922//922 928//928
f 924//924 923//923 931//931
f 931//931 923//923 930//930
f 855//855 931//931 859//859
f 924//924 931//931 855//855
f 925//925 860//860 932//932
f 856//856 860//860 925//925
f 933//933 926//926 925//925
f 932//932 933//933 925//925
f 934//934 928//928 929//929
f 935//935 934//934 929//929
f 930//930 928//928 936//936
f 936//936 928//928 934//934
f 931//931 930//930 937//937
f 937//937 930//930 936//936
f 859//859 937//937 862//862
f 931//931 937//937 859//859
f 932//932 863//863 938//938
f 860//860 863//863 932//932
f 939//939 933//933 932//932
f 938//938 939//939 932//932
f 940//940 934//934 935//935
f 941//941 940//940 935//935
f 936//936 934//934 942//942
f 942//942 934//934 940//940
f 937//937 936//936 943//943
f 943//943 936//936 942//942
f 862//862 943//943 864//864
f 937//937 943//943 862//862
f 863//863 865//865 938//938
f 867//867 944//944 945//945
f 865//865 867//867 945//945
f 865//865 945//945 939//939
f 865//865 939//939 938//938
f 945//945 944//944 946//946
f 947//947 948//948 949//949
f 941//941 948//948 947//947
f 941//941 947//947 940//940
f 940//940 947//947 950//950
f 942//942 940//940 951//951
f 951//951 940//940 950//950
f 869//869 951//951 870//870
f 869//869 943//943 951//951
f 943//943 942//942 951//951
f 864//864 943//943 869//869
f 944//944 871//871 952//952
f 867//867 871//871 944//944
f 953//953 946//946 944//944
f 953//953 944//944 954//954
f 954//954 944//944 952//952
f 954//954 955//955 956//956
f 953//953 954//954 956//956
f 956//956 955//955 957//957
f 958//958 947//947 949//949
f 959//959 958//958 949//949
f 950//950 947//947 960//960
f 960//960 947//947 958//958
f 873//873 960//960 874//874
f 873//873 951//951 960//960
f 951//951 950//950 960//960
f 870//870 951//951 873//873
f 871//871 875//875 952//952
f 877//877 952//952 875//875
f 954//954 952//952 877//877
f 878//878 954//954 877//877
f 878//878 961//961 954//954
f 961//961 955//955 954//954
f 962//962 957//957 955//955
f 962//962 955//955 963//963
f 963//963 955//955 961//961
f 963//963 964//964 965//965
f 962//962 963//963 965//965
f 965//965 964//964 966//966
f 967//967 968//968 969//969
f 967//967 970//970 971//971
f 968//968 967//967 971//971
f 959//959 971//971 970//970
f 958//958 959//959 970//970
f 958//958 970//970 881//881
f 958//958 881//881 880//880
f 883//883 958//958 880//880
f 960//960 958//958 883//883
f 874//874 960//960 883//883
f 878//878 884//884 961//961
f 885//885 961//961 884//884
f 963//963 961//961 885//885
f 886//886 963//963 885//885
f 964//964 963//963 886//886
f 964//964 972//972 966//966
f 964//964 886//886 972//972
f 886//886 888//888 972//972
f 890//890 973//973 888//888
f 888//888 973//973 972//972
f 892//892 974//974 890//890
f 890//890 974//974 973//973
f 969//969 894//894 967//967
f 969//969 974//974 894//894
f 974//974 892//892 894//894
f 896//896 967//967 894//894
f 970//970 967//967 896//896
f 881//881 970//970 896//896
f 900//900 899//899 975//975
f 900//900 976//976 901//901
f 975//975 976//976 900//900
f 901//901 977//977 902//902
f 976//976 977//977 901//901
f 902//902 978//978 903//903
f 977//977 978//978 902//902
f 903//903 978//978 905//905
f 910//910 909//909 979//979
f 910//910 980//980 911//911
f 979//979 980//980 910//910
f 911//911 980//980 981//981
f 899//899 911//911 981//981
f 899//899 981//981 982//982
f 899//899 982//982 975//975
f 976//976 975//975 982//982
f 983//983 976//976 982//982
f 977//977 976//976 983//983
f 984//984 977//977 983//983
f 978//978 977//977 984//984
f 985//985 978//978 984//984
f 986//986 985//985 987//987
f 912//912 985//985 986//986
f 912//912 978//978 985//985
f 912//912 905//905 978//978
f 912//912 988//988 913//913
f 986//986 988//988 912//912
f 913//913 988//988 915//915
f 919//919 918//918 989//989
f 919//919 979//979 909//909
f 919//919 989//989 979//979
f 989//989 990//990 979//979
f 991//991 992//992 980//980
f 991//991 980//980 990//990
f 990//990 980//980 979//979
f 981//981 980//980 992//992
f 986//986 987//987 993//993
f 993//993 994//994 995//995
f 993//993 995//995 986//986
f 986//986 995//995 988//988
f 915//915 996//996 920//920
f 915//915 988//988 996//996
f 988//988 995//995 996//996
f 920//920 996//996 921//921
f 927//927 926//926 997//997
f 927//927 989//989 918//918
f 927//927 997//997 989//989
f 997//997 998//998 989//989
f 990//990 989//989 999//999
f 999//999 989//989 998//998
f 1000//1000 991//991 990//990
f 999//999 1000//1000 990//990
f 1001//1001 995//995 994//994
f 1002//1002 1001//1001 994//994
f 996//996 995//995 1003//1003
f 1003//1003 995//995 1001//1001
f 921//921 1003//1003 929//929
f 996//996 1003//1003 921//921
f 997//997 933//933 1004//1004
f 926//926 933//933 997//997
f 998//998 997//997 1005//1005
f 1005//1005 997//997 1004//1004
f 999//999 998//998 1006//1006
f 1006//1006 998//998 1005//1005
f 1007//1007 1000//1000 999//999
f 1006//1006 1007//1007 999//999
f 1008//1008 1001//1001 1002//1002
f 1009//1009 1008//1008 1002//1002
f 1003//1003 1001//1001 1010//1010
f 1010//1010 1001//1001 1008//1008
f 929//929 1010//1010 935//935
f 1003//1003 1010//1010 929//929
f 1004//1004 939//939 1011//1011
f 933//933 939//939 1004//1004
f 1005//1005 1004//1004 1012//1012
f 1012//1012 1004//1004 1011//1011
f 1006//1006 1005//1005 1013//1013
f 1013//1013 1005//1005 1012//1012
f 1014//1014 1007//1007 1006//1006
f 1013//1013 1014//1014 1006//1006
f 1015//1015 1008//1008 1009//1009
f 1016//1016 1015//1015 1009//1009
f 1010//1010 1008//1008 1017//1017
f 1017//1017 1008//1008 1015//1015
f 935//935 1017//1017 941//941
f 1010//1010 1017//1017 935//935
f 939//939 945//945 1011//1011
f 946//946 1011//1011 945//945
f 946//946 1018//1018 1011//1011
f 1018//1018 1012//1012 1011//1011
f 1013//1013 1012//1012 1019//1019
f 1019//1019 1012//1012 1018//1018
f 1020//1020 1014//1014 1013//1013
f 1020//1020 1013//1013 1021//1021
f 1021//1021 1013//1013 1019//1019
f 1020//1020 1021//1021 1022//1022
f 1023//1023 1015//1015 1016//1016
f 1024//1024 1023//1023 1016//1016
f 948//948 1023//1023 949//949
f 948//948 1017//1017 1023//1023
f 1017//1017 1015//1015 1023//1023
f 941//941 1017//1017 948//948
f 946//946 953//953 1018//1018
f 956//956 1018//1018 953//953
f 1019//1019 1018//1018 956//956
f 957//957 1019//1019 956//956
f 957//957 1025//1025 1019//1019
f 1025//1025 1021//1021 1019//1019
f 1026//1026 1022//1022 1021//1021
f 1026//1026 1021//1021 1027//1027
f 1027//1027 1021//1021 1025//1025
f 1027//1027 1028//1028 1029//1029
f 1026//1026 1027//1027 1029//1029
f 1029//1029 1028//1028 1030//1030
f 1031//1031 1032//1032 1033//1033
f 1024//1024 1032//1032 1031//1031
f 1024//1024 1031//1031 1023//1023
f 1023//1023 1031//1031 1034//1034
f 949//949 1034//1034 959//959
f 1023//1023 1034//1034 949//949
f 957//957 962//962 1025//1025
f 965//965 1025//1025 962//962
f 1027//1027 1025//1025 965//965
f 966//966 1027//1027 965//965
f 966//966 1035//1035 1027//1027
f 1035//1035 1028//1028 1027//1027
f 1036//1036 1030//1030 1028//1028
f 1036//1036 1028//1028 1037//1037
f 1037//1037 1028//1028 1035//1035
f 1037//1037 1038//1038 1039//1039
f 1036//1036 1037//1037 1039//1039
f 1033//1033 1039//1039 1038//1038
f 1031//1031 1033//1033 1038//1038
f 1031//1031 1038//1038 969//969
f 1031//1031 969//969 968//968
f 971//971 1031//1031 968//968
f 1034//1034 1031//1031 971//971
f 959//959 1034//1034 971//971
f 966//966 972//972 1035//1035
f 973//973 1035//1035 972//972
f 1037//1037 1035//1035 973//973
f 974//974 1037//1037 973//973
f 1038//1038 1037//1037 974//974
f 969//969 1038//1038 974//974
f 982//982 981//981 1040//1040
f 982//982 1041//1041 983//983
f 1040//1040 1041//1041 982//982
f 983//983 1042//1042 984//984
f 1041//1041 1042//1042 983//983
f 984//984 1043//1043 985//985
f 1042//1042 1043//1043 984//984
f 985//985 1043//1043 987//987
f 992//992 991//991 1044//1044
f 992//992 1040//1040 981//981
f 992//992 1044//1044 1040//1040
f 1044//1044 1045//1045 1040//1040
f 1041//1041 1040//1040 1046//1046
f 1046//1046 1040//1040 1045//1045
f 1042//1042 1041//1041 1047//1047
f 1047//1047 1041//1041 1046//1046
f 1043//1043 1042//1042 1048//1048
f 1048//1048 1042//1042 1047//1047
f 987//987 1049//1049 993//993
f 987//987 1043//1043 1049//1049
f 1043//1043 1048//1048 1049//1049
f 993//993 1049//1049 994//994
f 1044//1044 1000//1000 1050//1050
f 991//991 1000//1000 1044//1044
f 1045//1045 1044//1044 1051//1051
f 1051//1051 1044//1044 1050//1050
f 1046//1046 1045//1045 1052//1052
f 1052//1052 1045//1045 1051//1051
f 1053//1053 1054//1054 1047//1047
f 1053//1053 1047//1047 1052//1052
f 1052//1052 1047//1047 1046//1046
f 1054//1054 1055//1055 1056//1056
f 1054//1054 1056//1056 1047//1047
f 1047//1047 1056//1056 1048//1048
f 1049//1049 1048//1048 1057//1057
f 1057//1057 1048//1048 1056//1056
f 994//994 1057//1057 1002//1002
f 1049//1049 1057//1057 994//994
f 1050//1050 1007//1007 1058//1058
f 1000//1000 1007//1007 1050//1050
f 1051//1051 1050//1050 1059//1059
f 1059//1059 1050//1050 1058//1058
f 1052//1052 1051//1051 1060//1060
f 1060//1060 1051//1051 1059//1059
f 1061//1061 1053//1053 1052//1052
f 1060//1060 1061//1061 1052//1052
f 1062//1062 1056//1056 1055//1055
f 1063//1063 1062//1062 1055//1055
f 1057//1057 1056//1056 1064//1064
f 1064//1064 1056//1056 1062//1062
f 1002//1002 1064//1064 1009//1009
f 1057//1057 1064//1064 1002//1002
f 1058//1058 1014//1014 1065//1065
f 1007//1007 1014//1014 1058//1058
f 1059//1059 1058//1058 1066//1066
f 1066//1066 1058//1058 1065//1065
f 1060//1060 1059//1059 1067//1067
f 1067//1067 1059//1059 1066//1066
f 1068//1068 1061//1061 1060//1060
f 1068//1068 1060//1060 1069//1069
f 1069//1069 1060//1060 1067//1067
f 1063//1063 1068//1068 1069//1069
f 1063//1063 1069//1069 1062//1062
f 1062//1062 1069//1069 1070//1070
f 1064//1064 1062//1062 1071//1071
f 1071//1071 1062//1062 1070//1070
f 1009//1009 1071//1071 1016//1016
f 1064//1064 1071//1071 1009//1009
f 1014//1014 1020//1020 1065//1065
f 1022//1022 1065//1065 1020//1020
f 1022//1022 1072//1072 1065//1065
f 1072//1072 1066//1066 1065//1065
f 1067//1067 1066//1066 1073//1073
f 1073//1073 1066//1066 1072//1072
f 1069//1069 1067//1067 1074//1074
f 1074//1074 1067//1067 1073//1073
f 1070//1070 1069//1069 1075//1075
f 1075//1075 1069//1069 1074//1074
f 1071//1071 1070//1070 1076//1076
f 1076//1076 1070//1070 1075//1075
f 1016//1016 1076//1076 1024//1024
f 1071//1071 1076//1076 1016//1016
f 1022//1022 1026//1026 1072//1072
f 1029//1029 1072//1072 1026//1026
f 1073//1073 1072//1072 1029//1029
f 1030//1030 1073//1073 1029//1029
f 1030//1030 1077//1077 1073//1073
f 1077//1077 1074//1074 1073//1073
f 1075//1075 1074//1074 1078//1078
f 1078//1078 1074//1074 1077//1077
f 1032//1032 1078//1078 1033//1033
f 1032//1032 1076//1076 1078//1078
f 1076//1076 1075//1075 1078//1078
f 1024//1024 1076//1076 1032//1032
f 1030//1030 1036//1036 1077//1077
f 1039//1039 1077//1077 1036//1036
f 1078//1078 1077//1077 1039//1039
f 1033//1033 1078//1078 1039//1039
f 1054//1054 1053//1053 1079//1079
f 1054//1054 1079//1079 1055//1055
f 1079//1079 1061//1061 1080//1080
f 1053//1053 1061//1061 1079//1079
f 1055//1055 1080//1080 1063//1063
f 1079//1079 1080//1080 1055//1055
f 1061//1061 1068//1068 1080//1080
f 1063//1063 1080//1080 1068//1068
