# Murti generated mesh: 1863 verts, 3688 faces
o a_snowman
v -0.246347 -0.048387 -0.048387
v -0.241935 -0.048387 -0.067031
v -0.241935 -0.068345 -0.048387
v -0.241935 -0.075451 -0.016129
v -0.249958 -0.048387 -0.016129
v -0.241935 -0.064499 0.016129
v -0.246559 -0.048387 0.016129
v -0.241935 -0.048387 0.033436
v -0.245503 -0.016129 -0.080645
v -0.241935 -0.016129 -0.088549
v -0.241935 -0.032747 -0.080645
v -0.254836 -0.016129 -0.048387
v -0.256147 -0.016129 -0.016129
v -0.254333 -0.016129 0.016129
v -0.241935 -0.034968 0.048387
v -0.247269 -0.016129 0.048387
v -0.241935 -0.016129 0.061554
v -0.253956 0.016129 -0.080645
v -0.241935 0.016129 -0.103983
v -0.261286 0.016129 -0.048387
v -0.262796 0.016129 -0.016129
v -0.260182 0.016129 0.016129
v -0.253913 0.016129 0.048387
v -0.241935 0.016129 0.079771
v -0.255583 0.048387 -0.080645
v -0.241935 0.048387 -0.106607
v -0.264081 0.048387 -0.048387
v -0.265554 0.048387 -0.016129
v -0.262572 0.048387 0.016129
v -0.255722 0.048387 0.048387
v -0.241935 0.021229 0.080645
v -0.244011 0.048387 0.080645
v -0.241935 0.048387 0.084297
v -0.247491 0.080645 -0.080645
v -0.241935 0.080645 -0.089644
v -0.257183 0.080645 -0.048387
v -0.260005 0.080645 -0.016129
v -0.257686 0.080645 0.016129
v -0.251025 0.080645 0.048387
v -0.241935 0.080645 0.069658
v -0.241935 0.057409 0.080645
v -0.241935 0.088249 -0.080645
v -0.241935 0.108307 -0.048387
v -0.244629 0.112903 -0.016129
v -0.241935 0.112903 -0.032187
v -0.243872 0.112903 0.016129
v -0.241935 0.112903 0.023234
v -0.241935 0.100104 0.048387
v -0.241935 0.117688 -0.016129
v -0.241935 0.116336 0.016129
v -0.211242 -0.241935 -0.080645
v -0.209677 -0.241935 -0.084331
v -0.209677 -0.244220 -0.080645
v -0.209677 -0.259306 -0.048387
v -0.219728 -0.241935 -0.048387
v -0.209677 -0.265816 -0.016129
v -0.222383 -0.241935 -0.016129
v -0.209677 -0.271682 0.016129
v -0.222886 -0.241935 0.016129
v -0.209677 -0.268754 0.048387
v -0.220192 -0.241935 0.048387
v -0.209677 -0.249533 0.080645
v -0.212413 -0.241935 0.080645
v -0.209677 -0.241935 0.086519
v -0.214543 -0.209677 -0.112903
v -0.209677 -0.209677 -0.124029
v -0.209677 -0.219339 -0.112903
v -0.224164 -0.209677 -0.080645
v -0.229550 -0.209677 -0.048387
v -0.229954 -0.209677 -0.016129
v -0.228818 -0.209677 0.016129
v -0.224665 -0.209677 0.048387
v -0.215942 -0.209677 0.080645
v -0.209677 -0.209677 0.092788
v -0.220663 -0.177419 -0.112903
v -0.209677 -0.177419 -0.143898
v -0.228759 -0.177419 -0.080645
v -0.232023 -0.177419 -0.048387
v -0.233087 -0.177419 -0.016129
v -0.229571 -0.177419 0.016129
v -0.224658 -0.177419 0.048387
v -0.213727 -0.177419 0.080645
v -0.209677 -0.177419 0.087443
v -0.220224 -0.145161 -0.112903
v -0.209677 -0.145161 -0.141285
v -0.228057 -0.145161 -0.080645
v -0.233095 -0.145161 -0.048387
v -0.232237 -0.145161 -0.016129
v -0.229688 -0.145161 0.016129
v -0.223676 -0.145161 0.048387
v -0.211412 -0.145161 0.080645
v -0.209677 -0.145161 0.083312
v -0.220313 -0.112903 -0.112903
v -0.209677 -0.112903 -0.138822
v -0.230069 -0.112903 -0.080645
v -0.234300 -0.112903 -0.048387
v -0.236100 -0.112903 -0.016129
v -0.231438 -0.112903 0.016129
v -0.225553 -0.112903 0.048387
v -0.212534 -0.112903 0.080645
v -0.209677 -0.112903 0.085244
v -0.221932 -0.080645 -0.112903
v -0.209677 -0.080645 -0.139461
v -0.231973 -0.080645 -0.080645
v -0.239273 -0.080645 -0.048387
v -0.240287 -0.080645 -0.016129
v -0.237494 -0.080645 0.016129
v -0.230218 -0.080645 0.048387
v -0.219772 -0.080645 0.080645
v -0.209677 -0.080645 0.098197
v -0.225458 -0.048387 -0.112903
v -0.209677 -0.048387 -0.142105
v -0.238624 -0.048387 -0.080645
v -0.237975 -0.048387 0.048387
v -0.226221 -0.048387 0.080645
v -0.209677 -0.049204 0.112903
v -0.209950 -0.048387 0.112903
v -0.209677 -0.048387 0.113288
v -0.209743 -0.016129 -0.145161
v -0.209677 -0.016129 -0.145244
v -0.209677 -0.017101 -0.145161
v -0.230845 -0.016129 -0.112903
v -0.234387 -0.016129 0.080645
v -0.219729 -0.016129 0.112903
v -0.209677 -0.016129 0.129342
v -0.212831 0.016129 -0.145161
v -0.209677 0.016129 -0.148307
v -0.236519 0.016129 -0.112903
v -0.241526 0.016129 0.080645
v -0.225932 0.016129 0.112903
v -0.209677 0.016129 0.140043
v -0.210704 0.048387 -0.145161
v -0.209677 0.048387 -0.146118
v -0.237938 0.048387 -0.112903
v -0.227086 0.048387 0.112903
v -0.209677 0.048387 0.140744
v -0.209677 0.050086 -0.145161
v -0.225456 0.080645 -0.112903
v -0.209677 0.080645 -0.129127
v -0.236642 0.080645 0.080645
v -0.220759 0.080645 0.112903
v -0.209677 0.080645 0.128331
v -0.209677 0.098532 -0.112903
v -0.223784 0.112903 -0.080645
v -0.209677 0.112903 -0.098677
v -0.239013 0.112903 -0.048387
v -0.235408 0.112903 0.048387
v -0.224032 0.112903 0.080645
v -0.209677 0.112903 0.103043
v -0.209677 0.100607 0.112903
v -0.209677 0.130585 -0.080645
v -0.218583 0.145161 -0.048387
v -0.209677 0.145161 -0.062604
v -0.227764 0.145161 -0.016129
v -0.227503 0.145161 0.016129
v -0.222504 0.145161 0.048387
v -0.209677 0.145161 0.075667
v -0.209677 0.140709 0.080645
v -0.209677 0.160166 -0.048387
v -0.212897 0.177419 -0.016129
v -0.209677 0.177419 -0.024110
v -0.214673 0.177419 0.016129
v -0.209677 0.177419 0.045304
v -0.209677 0.176199 0.048387
v -0.209677 0.185206 -0.016129
v -0.209677 0.192006 0.016129
v -0.179480 -0.306452 0.016129
v -0.177419 -0.306452 -0.004638
v -0.177419 -0.308212 0.016129
v -0.177419 -0.309695 0.048387
v -0.181116 -0.306452 0.048387
v -0.177419 -0.306676 0.080645
v -0.177657 -0.306452 0.080645
v -0.177419 -0.306452 0.081388
v -0.179880 -0.274194 -0.112903
v -0.177419 -0.274194 -0.117609
v -0.177419 -0.277193 -0.112903
v -0.177419 -0.291004 -0.080645
v -0.191491 -0.274194 -0.080645
v -0.177419 -0.300107 -0.048387
v -0.200414 -0.274194 -0.048387
v -0.177419 -0.305349 -0.016129
v -0.204571 -0.274194 -0.016129
v -0.208224 -0.274194 0.016129
v -0.207038 -0.274194 0.048387
v -0.200897 -0.274194 0.080645
v -0.177419 -0.293448 0.112903
v -0.190087 -0.274194 0.112903
v -0.177419 -0.274194 0.128297
v -0.187045 -0.241935 -0.145161
v -0.177419 -0.241935 -0.165396
v -0.177419 -0.255822 -0.145161
v -0.199139 -0.241935 -0.112903
v -0.197735 -0.241935 0.112903
v -0.177419 -0.241935 0.137438
v -0.188589 -0.209677 -0.177419
v -0.177419 -0.209677 -0.193598
v -0.177419 -0.231074 -0.177419
v -0.201248 -0.209677 -0.145161
v -0.198571 -0.209677 0.112903
v -0.177419 -0.209677 0.137318
v -0.196208 -0.177419 -0.177419
v -0.177419 -0.177419 -0.205189
v -0.209185 -0.177419 -0.145161
v -0.195152 -0.177419 0.112903
v -0.177419 -0.177419 0.133613
v -0.195108 -0.145161 -0.177419
v -0.177419 -0.145161 -0.202928
v -0.208089 -0.145161 -0.145161
v -0.190962 -0.145161 0.112903
v -0.177419 -0.145161 0.128841
v -0.192429 -0.112903 -0.177419
v -0.177419 -0.112903 -0.199282
v -0.206906 -0.112903 -0.145161
v -0.193132 -0.112903 0.112903
v -0.177419 -0.112903 0.132549
v -0.189392 -0.080645 -0.177419
v -0.177419 -0.080645 -0.192703
v -0.206726 -0.080645 -0.145161
v -0.199683 -0.080645 0.112903
v -0.177419 -0.080645 0.143555
v -0.187857 -0.048387 -0.177419
v -0.177419 -0.048387 -0.189417
v -0.207824 -0.048387 -0.145161
v -0.177419 -0.077608 0.145161
v -0.188475 -0.048387 0.145161
v -0.177419 -0.048387 0.159828
v -0.184922 -0.016129 -0.177419
v -0.177419 -0.016129 -0.184740
v -0.198710 -0.016129 0.145161
v -0.177419 -0.016129 0.173615
v -0.182068 0.016129 -0.177419
v -0.177419 0.016129 -0.181686
v -0.205787 0.016129 0.145161
v -0.177419 -0.000187 0.177419
v -0.180899 0.016129 0.177419
v -0.177419 0.016129 0.181528
v -0.177419 0.040545 -0.177419
v -0.177419 0.048387 -0.176022
v -0.205965 0.048387 0.145161
v -0.177661 0.048387 0.177419
v -0.177419 0.048387 0.177682
v -0.195060 0.080645 -0.145161
v -0.177419 0.080645 -0.162430
v -0.195437 0.080645 0.145161
v -0.177419 0.080645 0.164946
v -0.177419 0.048954 0.177419
v -0.177419 0.100982 -0.145161
v -0.197810 0.112903 -0.112903
v -0.177419 0.112903 -0.134316
v -0.201436 0.112903 0.112903
v -0.177419 0.112903 0.141214
v -0.177419 0.107952 0.145161
v -0.177419 0.139189 -0.112903
v -0.198772 0.145161 -0.080645
v -0.177419 0.145161 -0.107734
v -0.206798 0.145161 0.080645
v -0.185225 0.145161 0.112903
v -0.177419 0.145161 0.121373
v -0.180590 0.177419 -0.080645
v -0.177419 0.177419 -0.084591
v -0.199920 0.177419 -0.048387
v -0.209054 0.177419 0.048387
v -0.194461 0.177419 0.080645
v -0.177419 0.177419 0.103900
v -0.177419 0.161400 0.112903
v -0.177419 0.187951 -0.080645
v -0.190839 0.209677 -0.048387
v -0.177419 0.209677 -0.071490
v -0.200578 0.209677 -0.016129
v -0.203759 0.209677 0.016129
v -0.199096 0.209677 0.048387
v -0.188239 0.209677 0.080645
v -0.177419 0.209677 0.097203
v -0.183235 0.241935 -0.048387
v -0.177419 0.241935 -0.057498
v -0.193199 0.241935 -0.016129
v -0.196548 0.241935 0.016129
v -0.193004 0.241935 0.048387
v -0.183147 0.241935 0.080645
v -0.177419 0.241935 0.089520
v -0.177419 0.264119 -0.048387
v -0.187012 0.274194 -0.016129
v -0.177419 0.274194 -0.042023
v -0.189657 0.274194 0.016129
v -0.186747 0.274194 0.048387
v -0.177419 0.274194 0.073636
v -0.177419 0.263498 0.080645
v -0.179906 0.306452 -0.016129
v -0.177419 0.306452 -0.023809
v -0.182708 0.306452 0.016129
v -0.178831 0.306452 0.048387
v -0.177419 0.306452 0.052444
v -0.177419 0.334984 -0.016129
v -0.179298 0.338710 0.016129
v -0.177419 0.338710 -0.011673
v -0.177419 0.338710 0.032853
v -0.177419 0.320270 0.048387
v -0.179785 0.370968 0.016129
v -0.177419 0.370968 -0.000200
v -0.177419 0.370968 0.033848
v -0.177419 0.380338 0.016129
v -0.148445 -0.306452 -0.112903
v -0.145161 -0.306452 -0.119738
v -0.145161 -0.309141 -0.112903
v -0.145161 -0.317504 -0.080645
v -0.160694 -0.306452 -0.080645
v -0.145161 -0.321337 -0.048387
v -0.169775 -0.306452 -0.048387
v -0.145161 -0.323311 -0.016129
v -0.176057 -0.306452 -0.016129
v -0.145161 -0.325010 0.016129
v -0.145161 -0.326171 0.048387
v -0.145161 -0.325637 0.080645
v -0.145161 -0.321225 0.112903
v -0.165803 -0.306452 0.112903
v -0.145161 -0.306452 0.134881
v -0.150994 -0.274194 -0.177419
v -0.145161 -0.274194 -0.185471
v -0.145161 -0.280675 -0.177419
v -0.145161 -0.296351 -0.145161
v -0.164724 -0.274194 -0.145161
v -0.145161 -0.296492 0.145161
v -0.162397 -0.274194 0.145161
v -0.145161 -0.274194 0.157822
v -0.152041 -0.241935 -0.209677
v -0.145161 -0.241935 -0.217241
v -0.145161 -0.250825 -0.209677
v -0.171433 -0.241935 -0.177419
v -0.170388 -0.241935 0.145161
v -0.145161 -0.241935 0.164178
v -0.165783 -0.209677 -0.209677
v -0.145161 -0.209677 -0.230548
v -0.170631 -0.209677 0.145161
v -0.145161 -0.209677 0.166721
v -0.174074 -0.177419 -0.209677
v -0.145161 -0.177419 -0.236494
v -0.167233 -0.177419 0.145161
v -0.145161 -0.177419 0.165319
v -0.172543 -0.145161 -0.209677
v -0.145161 -0.145161 -0.234618
v -0.164379 -0.145161 0.145161
v -0.145161 -0.145161 0.164101
v -0.170051 -0.112903 -0.209677
v -0.145161 -0.112903 -0.233362
v -0.166978 -0.112903 0.145161
v -0.145161 -0.112903 0.168052
v -0.165070 -0.080645 -0.209677
v -0.145161 -0.080645 -0.229148
v -0.176189 -0.080645 0.145161
v -0.145161 -0.090819 0.177419
v -0.149790 -0.080645 0.177419
v -0.145161 -0.080645 0.182454
v -0.160759 -0.048387 -0.209677
v -0.145161 -0.048387 -0.224514
v -0.163032 -0.048387 0.177419
v -0.145161 -0.048387 0.197801
v -0.154868 -0.016129 -0.209677
v -0.145161 -0.016129 -0.218775
v -0.174147 -0.016129 0.177419
v -0.145161 -0.021103 0.209677
v -0.147455 -0.016129 0.209677
v -0.145161 -0.016129 0.212014
v -0.150000 0.016129 -0.209677
v -0.145161 0.016129 -0.214085
v -0.151043 0.016129 0.209677
v -0.145161 0.016129 0.215564
v -0.145161 0.038797 -0.209677
v -0.176103 0.048387 -0.177419
v -0.145161 0.048387 -0.207711
v -0.146304 0.048387 0.209677
v -0.145161 0.048387 0.210738
v -0.163690 0.080645 -0.177419
v -0.145161 0.080645 -0.195146
v -0.164752 0.080645 0.177419
v -0.145161 0.080645 0.194766
v -0.145161 0.050215 0.209677
v -0.145161 0.109942 -0.177419
v -0.168993 0.112903 -0.145161
v -0.145161 0.112903 -0.175269
v -0.174015 0.112903 0.145161
v -0.145161 0.112903 0.172256
v -0.145161 0.105453 0.177419
v -0.152769 0.145161 -0.145161
v -0.145161 0.145161 -0.154154
v -0.173505 0.145161 -0.112903
v -0.154980 0.145161 0.145161
v -0.145161 0.145161 0.154394
v -0.145161 0.160815 -0.145161
v -0.160225 0.177419 -0.112903
v -0.145161 0.177419 -0.134730
v -0.170538 0.177419 0.112903
v -0.145161 0.177419 0.142652
v -0.145161 0.170974 0.145161
v -0.154339 0.209677 -0.112903
v -0.145161 0.209677 -0.124972
v -0.172168 0.209677 -0.080645
v -0.166530 0.209677 0.112903
v -0.145161 0.209677 0.138265
v -0.148031 0.241935 -0.112903
v -0.145161 0.241935 -0.116547
v -0.165479 0.241935 -0.080645
v -0.163152 0.241935 0.112903
v -0.145161 0.241935 0.136756
v -0.145161 0.258748 -0.112903
v -0.162176 0.274194 -0.080645
v -0.145161 0.274194 -0.109135
v -0.174898 0.274194 -0.048387
v -0.174611 0.274194 0.080645
v -0.159524 0.274194 0.112903
v -0.145161 0.274194 0.131956
v -0.158150 0.306452 -0.080645
v -0.145161 0.306452 -0.102423
v -0.170370 0.306452 -0.048387
v -0.168971 0.306452 0.080645
v -0.155031 0.306452 0.112903
v -0.145161 0.306452 0.126499
v -0.156410 0.338710 -0.080645
v -0.145161 0.338710 -0.099230
v -0.167947 0.338710 -0.048387
v -0.177112 0.338710 -0.016129
v -0.175694 0.338710 0.048387
v -0.166108 0.338710 0.080645
v -0.153263 0.338710 0.112903
v -0.145161 0.338710 0.124272
v -0.155473 0.370968 -0.080645
v -0.145161 0.370968 -0.097938
v -0.167803 0.370968 -0.048387
v -0.175115 0.370968 -0.016129
v -0.175463 0.370968 0.048387
v -0.167492 0.370968 0.080645
v -0.155467 0.370968 0.112903
v -0.145161 0.370968 0.128353
v -0.145161 0.402349 -0.080645
v -0.160482 0.403226 -0.048387
v -0.145161 0.403226 -0.080124
v -0.167849 0.403226 -0.016129
v -0.172148 0.403226 0.016129
v -0.169979 0.403226 0.048387
v -0.163849 0.403226 0.080645
v -0.152853 0.403226 0.112903
v -0.145161 0.403226 0.124897
v -0.147789 0.435484 -0.048387
v -0.145161 0.435484 -0.052455
v -0.158365 0.435484 -0.016129
v -0.162333 0.435484 0.016129
v -0.161419 0.435484 0.048387
v -0.157487 0.435484 0.080645
v -0.145161 0.435484 0.108256
v -0.145161 0.427592 0.112903
v -0.145161 0.439768 -0.048387
v -0.145161 0.463384 -0.016129
v -0.150104 0.467742 0.016129
v -0.145161 0.467742 -0.005362
v -0.150422 0.467742 0.048387
v -0.145161 0.467742 0.068932
v -0.145161 0.462413 0.080645
v -0.145161 0.479555 0.016129
v -0.145161 0.480453 0.048387
v -0.131126 -0.306452 -0.145161
v -0.112903 -0.306452 -0.177234
v -0.112903 -0.316976 -0.145161
v -0.112903 -0.322972 -0.112903
v -0.112903 -0.326004 -0.080645
v -0.112903 -0.328229 -0.048387
v -0.112903 -0.327933 -0.016129
v -0.112903 -0.328517 0.016129
v -0.112903 -0.329515 0.048387
v -0.112903 -0.331005 0.080645
v -0.112903 -0.327652 0.112903
v -0.112903 -0.314429 0.145161
v -0.130438 -0.306452 0.145161
v -0.112903 -0.306452 0.153208
v -0.125721 -0.274194 -0.209677
v -0.112903 -0.274194 -0.222353
v -0.112903 -0.286579 -0.209677
v -0.112903 -0.306370 -0.177419
v -0.112903 -0.274194 0.173645
v -0.114010 -0.241935 -0.241935
v -0.112903 -0.241935 -0.242670
v -0.112903 -0.243276 -0.241935
v -0.112903 -0.265427 0.177419
v -0.125483 -0.241935 0.177419
v -0.112903 -0.241935 0.185137
v -0.129864 -0.209677 -0.241935
v -0.112903 -0.209677 -0.251781
v -0.130793 -0.209677 0.177419
v -0.112903 -0.209677 0.189129
v -0.137580 -0.177419 -0.241935
v -0.112903 -0.177419 -0.254563
v -0.130482 -0.177419 0.177419
v -0.112903 -0.177419 0.190607
v -0.135017 -0.145161 -0.241935
v -0.112903 -0.145161 -0.254202
v -0.129556 -0.145161 0.177419
v -0.112903 -0.145161 0.191242
v -0.133590 -0.112903 -0.241935
v -0.112903 -0.112903 -0.253685
v -0.135280 -0.112903 0.177419
v -0.112903 -0.112903 0.197408
v -0.128466 -0.080645 -0.241935
v -0.112903 -0.080645 -0.252324
v -0.112903 -0.086432 0.209677
v -0.116410 -0.080645 0.209677
v -0.112903 -0.080645 0.212867
v -0.123682 -0.048387 -0.241935
v -0.112903 -0.048387 -0.249849
v -0.132915 -0.048387 0.209677
v -0.112903 -0.048387 0.227650
v -0.116130 -0.016129 -0.241935
v -0.112903 -0.016129 -0.244478
v -0.112903 -0.016129 0.237413
v -0.112903 -0.000498 -0.241935
v -0.112903 0.016129 -0.239190
v -0.112903 0.016129 0.239620
v -0.143085 0.048387 -0.209677
v -0.112903 0.048387 -0.233819
v -0.112903 0.048387 0.232498
v -0.130023 0.080645 -0.209677
v -0.112903 0.080645 -0.225397
v -0.125317 0.080645 0.209677
v -0.112903 0.080645 0.219269
v -0.112903 0.111014 -0.209677
v -0.143146 0.112903 -0.177419
v -0.112903 0.112903 -0.208496
v -0.138289 0.112903 0.177419
v -0.112903 0.112903 0.196323
v -0.112903 0.093773 0.209677
v -0.125937 0.145161 -0.177419
v -0.112903 0.145161 -0.191620
v -0.113970 0.145161 0.177419
v -0.112903 0.145161 0.178277
v -0.113118 0.177419 -0.177419
v -0.112903 0.177419 -0.177651
v -0.137587 0.177419 -0.145161
v -0.142376 0.177419 0.145161
v -0.112903 0.177419 0.167348
v -0.112903 0.147303 0.177419
v -0.112903 0.178232 -0.177419
v -0.131081 0.209677 -0.145161
v -0.112903 0.209677 -0.169233
v -0.138184 0.209677 0.145161
v -0.112903 0.209677 0.166088
v -0.126604 0.241935 -0.145161
v -0.112903 0.241935 -0.162639
v -0.137251 0.241935 0.145161
v -0.112903 0.241935 0.166550
v -0.122253 0.274194 -0.145161
v -0.112903 0.274194 -0.156171
v -0.142526 0.274194 -0.112903
v -0.133484 0.274194 0.145161
v -0.112903 0.274194 0.165263
v -0.117079 0.306452 -0.145161
v -0.112903 0.306452 -0.149868
v -0.138231 0.306452 -0.112903
v -0.129541 0.306452 0.145161
v -0.112903 0.306452 0.161779
v -0.114523 0.338710 -0.145161
v -0.112903 0.338710 -0.146921
v -0.136712 0.338710 -0.112903
v -0.129071 0.338710 0.145161
v -0.112903 0.338710 0.162420
v -0.112903 0.361769 -0.145161
v -0.135855 0.370968 -0.112903
v -0.112903 0.370968 -0.144387
v -0.132588 0.370968 0.145161
v -0.112903 0.370968 0.167021
v -0.126636 0.403226 -0.112903
v -0.112903 0.403226 -0.130831
v -0.144837 0.403226 -0.080645
v -0.131809 0.403226 0.145161
v -0.112903 0.403226 0.168747
v -0.112903 0.427910 -0.112903
v -0.129759 0.435484 -0.080645
v -0.112903 0.435484 -0.106918
v -0.142346 0.435484 0.112903
v -0.125488 0.435484 0.145161
v -0.112903 0.435484 0.160306
v -0.112903 0.467243 -0.080645
v -0.129810 0.467742 -0.048387
v -0.112903 0.467742 -0.080120
v -0.142500 0.467742 -0.016129
v -0.141876 0.467742 0.080645
v -0.129783 0.467742 0.112903
v -0.112903 0.467742 0.141850
v -0.112903 0.463349 0.145161
v -0.112903 0.498070 -0.048387
v -0.128440 0.500000 -0.016129
v -0.112903 0.500000 -0.045252
v -0.132085 0.500000 0.016129
v -0.133348 0.500000 0.048387
v -0.124669 0.500000 0.080645
v -0.114381 0.500000 0.112903
v -0.112903 0.500000 0.115158
v -0.112713 -0.306452 -0.177419
v -0.080645 -0.306452 -0.199797
v -0.080645 -0.315986 -0.177419
v -0.080645 -0.322950 -0.145161
v -0.080645 -0.326550 -0.112903
v -0.080645 -0.328372 -0.080645
v -0.080645 -0.327640 -0.048387
v -0.080645 -0.326592 -0.016129
v -0.080645 -0.326312 0.016129
v -0.080645 -0.326975 0.048387
v -0.080645 -0.327120 0.080645
v -0.080645 -0.325952 0.112903
v -0.080645 -0.316554 0.145161
v -0.080645 -0.306452 0.158452
v -0.080645 -0.274194 -0.237952
v -0.080645 -0.300783 -0.209677
v -0.080645 -0.288247 0.177419
v -0.105516 -0.274194 0.177419
v -0.080645 -0.274194 0.186774
v -0.080645 -0.241935 -0.254643
v -0.080645 -0.268650 -0.241935
v -0.080645 -0.241935 0.196878
v -0.080645 -0.209677 -0.260145
v -0.080645 -0.209677 0.205519
v -0.080645 -0.177419 -0.263239
v -0.080645 -0.182426 0.209677
v -0.081792 -0.177419 0.209677
v -0.080645 -0.177419 0.210490
v -0.080645 -0.145161 -0.264048
v -0.087605 -0.145161 0.209677
v -0.080645 -0.145161 0.214691
v -0.080645 -0.112903 -0.265607
v -0.097828 -0.112903 0.209677
v -0.080645 -0.112903 0.222222
v -0.080645 -0.080645 -0.265841
v -0.080645 -0.080645 0.234595
v -0.080645 -0.048387 -0.265250
v -0.080645 -0.064161 0.241935
v -0.092407 -0.048387 0.241935
v -0.080645 -0.048387 0.248584
v -0.080645 -0.016129 -0.262256
v -0.106172 -0.016129 0.241935
v -0.080645 -0.016129 0.254816
v -0.109428 0.016129 -0.241935
v -0.080645 0.016129 -0.259991
v -0.109488 0.016129 0.241935
v -0.080645 0.016129 0.255944
v -0.101974 0.048387 -0.241935
v -0.080645 0.048387 -0.256118
v -0.098468 0.048387 0.241935
v -0.080645 0.048387 0.251452
v -0.090395 0.080645 -0.241935
v -0.080645 0.080645 -0.248995
v -0.080645 0.072790 0.241935
v -0.080645 0.080645 0.238373
v -0.080645 0.096156 -0.241935
v -0.111679 0.112903 -0.209677
v -0.080645 0.112903 -0.234264
v -0.095843 0.112903 0.209677
v -0.080645 0.112903 0.220601
v -0.093800 0.145161 -0.209677
v -0.080645 0.145161 -0.220657
v -0.080645 0.130761 0.209677
v -0.080645 0.145161 0.200850
v -0.080645 0.172560 -0.209677
v -0.080645 0.177419 -0.207429
v -0.100487 0.177419 0.177419
v -0.080645 0.177419 0.192898
v -0.105366 0.209677 -0.177419
v -0.080645 0.209677 -0.198670
v -0.098380 0.209677 0.177419
v -0.080645 0.209677 0.190910
v -0.099689 0.241935 -0.177419
v -0.080645 0.241935 -0.193288
v -0.100123 0.241935 0.177419
v -0.080645 0.241935 0.193049
v -0.092610 0.274194 -0.177419
v -0.080645 0.274194 -0.187199
v -0.099137 0.274194 0.177419
v -0.080645 0.274194 0.191925
v -0.085323 0.306452 -0.177419
v -0.080645 0.306452 -0.181162
v -0.095914 0.306452 0.177419
v -0.080645 0.306452 0.190281
v -0.081558 0.338710 -0.177419
v -0.080645 0.338710 -0.178154
v -0.096466 0.338710 0.177419
v -0.080645 0.338710 0.190611
v -0.080865 0.370968 -0.177419
v -0.080645 0.370968 -0.177596
v -0.112270 0.370968 -0.145161
v -0.101816 0.370968 0.177419
v -0.080645 0.370968 0.195771
v -0.080645 0.371508 -0.177419
v -0.101978 0.403226 -0.145161
v -0.080645 0.403226 -0.167555
v -0.103821 0.403226 0.177419
v -0.080645 0.403226 0.197205
v -0.086950 0.435484 -0.145161
v -0.080645 0.435484 -0.151591
v -0.108505 0.435484 -0.112903
v -0.095852 0.435484 0.177419
v -0.080645 0.435484 0.192250
v -0.080645 0.443879 -0.145161
v -0.091242 0.467742 -0.112903
v -0.080645 0.467742 -0.125429
v -0.112571 0.467742 -0.080645
v -0.110229 0.467742 0.145161
v -0.080645 0.467742 0.175754
v -0.080645 0.464965 0.177419
v -0.080645 0.488297 -0.112903
v -0.096037 0.500000 -0.080645
v -0.080645 0.500000 -0.101078
v -0.111187 0.500000 -0.048387
v -0.089421 0.500000 0.145161
v -0.080645 0.500000 0.154405
v -0.053569 -0.306452 -0.209677
v -0.048387 -0.306452 -0.211033
v -0.048387 -0.307375 -0.209677
v -0.048387 -0.318966 -0.177419
v -0.048387 -0.323671 -0.145161
v -0.048387 -0.326213 -0.112903
v -0.048387 -0.326350 -0.080645
v -0.048387 -0.325354 -0.048387
v -0.048387 -0.323142 -0.016129
v -0.048387 -0.322480 0.016129
v -0.048387 -0.322178 0.048387
v -0.048387 -0.322398 0.080645
v -0.048387 -0.320972 0.112903
v -0.048387 -0.315113 0.145161
v -0.048387 -0.306452 0.159668
v -0.066822 -0.274194 -0.241935
v -0.048387 -0.274194 -0.246200
v -0.048387 -0.279615 -0.241935
v -0.048387 -0.293852 0.177419
v -0.048387 -0.274194 0.193709
v -0.048387 -0.241935 -0.258088
v -0.048387 -0.246078 0.209677
v -0.053142 -0.241935 0.209677
v -0.048387 -0.241935 0.212211
v -0.048387 -0.209677 -0.263837
v -0.073796 -0.209677 0.209677
v -0.048387 -0.209677 0.221998
v -0.048387 -0.177419 -0.267617
v -0.048387 -0.177419 0.225825
v -0.048387 -0.145161 -0.270705
v -0.048387 -0.145161 0.228626
v -0.048387 -0.112903 -0.273340
v -0.048387 -0.112903 0.235826
v -0.054957 -0.080645 -0.274194
v -0.048387 -0.080645 -0.276388
v -0.048387 -0.104353 -0.274194
v -0.048387 -0.098463 0.241935
v -0.065416 -0.080645 0.241935
v -0.048387 -0.080645 0.249070
v -0.054819 -0.048387 -0.274194
v -0.048387 -0.048387 -0.276553
v -0.048387 -0.048387 0.257424
v -0.049667 -0.016129 -0.274194
v -0.048387 -0.016129 -0.274747
v -0.048387 -0.016129 0.262022
v -0.048387 -0.011281 -0.274194
v -0.048387 0.016129 -0.270953
v -0.048387 0.016129 0.263636
v -0.048387 0.048387 -0.267762
v -0.048387 0.048387 0.259645
v -0.048387 0.080645 -0.260750
v -0.073136 0.080645 0.241935
v -0.048387 0.080645 0.251400
v -0.065100 0.112903 -0.241935
v -0.048387 0.112903 -0.250184
v -0.048387 0.098128 0.241935
v -0.048387 0.112903 0.233320
v -0.048387 0.128424 -0.241935
v -0.048387 0.145161 -0.233742
v -0.064436 0.145161 0.209677
v -0.048387 0.145161 0.218579
v -0.077160 0.177419 -0.209677
v -0.048387 0.177419 -0.223991
v -0.048387 0.173588 0.209677
v -0.048387 0.177419 0.208426
v -0.061304 0.209677 -0.209677
v -0.048387 0.209677 -0.217064
v -0.048387 0.209677 0.207140
v -0.050407 0.241935 -0.209677
v -0.048387 0.241935 -0.210968
v -0.048387 0.232671 0.209677
v -0.050100 0.241935 0.209677
v -0.048387 0.241935 0.210743
v -0.048387 0.246051 -0.209677
v -0.048387 0.274194 -0.201750
v -0.048387 0.260486 0.209677
v -0.048387 0.274194 0.208910
v -0.048387 0.306452 -0.196305
v -0.048387 0.306452 0.207178
v -0.048387 0.338710 -0.193766
v -0.048387 0.338710 0.207493
v -0.048387 0.370968 -0.193490
v -0.048387 0.347856 0.209677
v -0.056836 0.370968 0.209677
v -0.048387 0.370968 0.215065
v -0.066698 0.403226 -0.177419
v -0.048387 0.403226 -0.188243
v -0.058782 0.403226 0.209677
v -0.048387 0.403226 0.216062
v -0.048387 0.424555 -0.177419
v -0.048387 0.435484 -0.170972
v -0.048387 0.430006 0.209677
v -0.048387 0.435484 0.208257
v -0.058612 0.467742 -0.145161
v -0.048387 0.467742 -0.153563
v -0.077913 0.467742 0.177419
v -0.048387 0.467742 0.193186
v -0.048387 0.485466 -0.145161
v -0.067351 0.500000 -0.112903
v -0.048387 0.500000 -0.131462
v -0.048387 0.496063 0.177419
v -0.048387 0.500000 0.173421
v -0.016129 -0.306452 -0.211195
v -0.016129 -0.307496 -0.209677
v -0.016129 -0.318052 -0.177419
v -0.016129 -0.323055 -0.145161
v -0.016129 -0.325032 -0.112903
v -0.016129 -0.325117 -0.080645
v -0.016129 -0.323222 -0.048387
v -0.016129 -0.321031 -0.016129
v -0.016129 -0.319519 0.016129
v -0.016129 -0.318837 0.048387
v -0.016129 -0.318230 0.080645
v -0.016129 -0.317345 0.112903
v -0.016129 -0.312390 0.145161
v -0.016129 -0.306452 0.157181
v -0.016129 -0.274194 -0.245024
v -0.016129 -0.278109 -0.241935
v -0.016129 -0.295378 0.177419
v -0.016129 -0.274194 0.198957
v -0.016129 -0.241935 -0.258149
v -0.016129 -0.259757 0.209677
v -0.016129 -0.241935 0.220629
v -0.016129 -0.209677 -0.263151
v -0.016129 -0.209677 0.229534
v -0.016129 -0.177419 -0.267962
v -0.016129 -0.177419 0.234972
v -0.016129 -0.145161 -0.270982
v -0.016129 -0.145161 0.239077
v -0.038436 -0.112903 -0.274194
v -0.016129 -0.112903 -0.275957
v -0.016129 -0.124263 -0.274194
v -0.016129 -0.134901 0.241935
v -0.032589 -0.112903 0.241935
v -0.016129 -0.112903 0.247784
v -0.016129 -0.080645 -0.278789
v -0.016129 -0.080645 0.256651
v -0.016129 -0.048387 -0.280830
v -0.016129 -0.048387 0.263102
v -0.016129 -0.016129 -0.278623
v -0.016129 -0.016129 0.268553
v -0.030645 0.016129 -0.274194
v -0.016129 0.016129 -0.276689
v -0.016129 0.016129 0.269636
v -0.016129 0.032653 -0.274194
v -0.016129 0.048387 -0.271626
v -0.016129 0.048387 0.266002
v -0.016129 0.080645 -0.264962
v -0.016129 0.080645 0.257738
v -0.016129 0.112903 -0.254161
v -0.020089 0.112903 0.241935
v -0.016129 0.112903 0.243247
v -0.016129 0.139548 -0.241935
v -0.016129 0.145161 -0.239167
v -0.016129 0.115466 0.241935
v -0.016129 0.145161 0.228348
v -0.016129 0.177419 -0.228208
v -0.045679 0.177419 0.209677
v -0.016129 0.177419 0.221399
v -0.016129 0.209677 -0.222977
v -0.042552 0.209677 0.209677
v -0.016129 0.209677 0.219870
v -0.016129 0.241935 -0.218309
v -0.016129 0.241935 0.222734
v -0.022624 0.274194 -0.209677
v -0.016129 0.274194 -0.211782
v -0.046741 0.274194 0.209677
v -0.016129 0.274194 0.222330
v -0.016129 0.283377 -0.209677
v -0.016129 0.306452 -0.204543
v -0.043071 0.306452 0.209677
v -0.016129 0.306452 0.221168
v -0.016129 0.338710 -0.201737
v -0.043481 0.338710 0.209677
v -0.016129 0.338710 0.220759
v -0.016129 0.370968 -0.201933
v -0.016129 0.370968 0.224451
v -0.016129 0.403226 -0.196702
v -0.016129 0.403226 0.223467
v -0.034047 0.435484 -0.177419
v -0.016129 0.435484 -0.184761
v -0.043064 0.435484 0.209677
v -0.016129 0.435484 0.215736
v -0.016129 0.448304 -0.177419
v -0.016129 0.467742 -0.165696
v -0.016129 0.446137 0.209677
v -0.016129 0.467742 0.196469
v -0.027796 0.500000 -0.145161
v -0.016129 0.500000 -0.150800
v -0.016129 0.495902 0.177419
v -0.016129 0.500000 0.173130
v -0.010914 -0.306452 -0.209677
v 0.016129 -0.306452 -0.198557
v 0.016129 -0.315170 -0.177419
v 0.016129 -0.320530 -0.145161
v 0.016129 -0.322894 -0.112903
v 0.016129 -0.322760 -0.080645
v 0.016129 -0.321896 -0.048387
v 0.016129 -0.319074 -0.016129
v 0.016129 -0.317167 0.016129
v 0.016129 -0.315383 0.048387
v 0.016129 -0.314607 0.080645
v 0.016129 -0.312941 0.112903
v 0.016129 -0.307707 0.145161
v 0.016129 -0.306452 0.147806
v -0.001166 -0.274194 -0.241935
v 0.016129 -0.274194 -0.237740
v 0.016129 -0.300216 -0.209677
v 0.016129 -0.293197 0.177419
v 0.016129 -0.274194 0.199709
v 0.016129 -0.241935 -0.252453
v 0.016129 -0.266859 -0.241935
v 0.016129 -0.262879 0.209677
v 0.016129 -0.241935 0.223554
v 0.016129 -0.209677 -0.258717
v 0.016129 -0.209677 0.233202
v 0.016129 -0.177419 -0.263015
v 0.016129 -0.177419 0.240709
v 0.016129 -0.145161 -0.267060
v 0.016129 -0.170674 0.241935
v -0.003642 -0.145161 0.241935
v 0.016129 -0.145161 0.246163
v -0.004704 -0.112903 -0.274194
v 0.016129 -0.112903 -0.270850
v 0.016129 -0.112903 0.251861
v 0.016129 -0.080645 -0.276588
v 0.016129 -0.094359 -0.274194
v 0.016129 -0.080645 0.258678
v 0.016129 -0.048387 -0.278716
v 0.016129 -0.048387 0.265099
v 0.016129 -0.016129 -0.277698
v 0.016129 -0.016129 0.270093
v 0.016129 0.012404 -0.274194
v 0.010916 0.016129 -0.274194
v 0.016129 0.016129 -0.273658
v 0.016129 0.016129 0.271529
v 0.016129 0.048387 -0.269667
v 0.016129 0.048387 0.267256
v 0.016129 0.080645 -0.261963
v 0.016129 0.080645 0.259703
v 0.016129 0.112903 -0.251394
v 0.016129 0.112903 0.247526
v 0.016129 0.130723 -0.241935
v 0.016129 0.145161 -0.234921
v 0.016129 0.124415 0.241935
v 0.016129 0.145161 0.231847
v 0.016129 0.177419 -0.226401
v 0.016129 0.177419 0.224350
v 0.016129 0.209677 -0.221495
v 0.016129 0.209677 0.223469
v 0.016129 0.241935 -0.218214
v 0.016129 0.241935 0.226505
v 0.016129 0.274194 -0.212543
v 0.016129 0.274194 0.226621
v 0.016129 0.289417 -0.209677
v 0.016129 0.306452 -0.206336
v 0.016129 0.306452 0.225115
v 0.016129 0.338710 -0.203252
v 0.016129 0.338710 0.224197
v 0.016129 0.370968 -0.204227
v 0.016129 0.370968 0.226791
v 0.016129 0.403226 -0.198162
v 0.016129 0.403226 0.223715
v 0.016129 0.435484 -0.187047
v 0.016129 0.435484 0.214099
v 0.016129 0.451836 -0.177419
v 0.016129 0.467742 -0.167315
v 0.016129 0.442624 0.209677
v 0.016129 0.467742 0.193107
v 0.016129 0.500000 -0.152682
v 0.016129 0.492210 0.177419
v 0.016129 0.500000 0.169031
v 0.041982 -0.306452 -0.177419
v 0.048387 -0.306452 -0.170521
v 0.048387 -0.314405 -0.145161
v 0.048387 -0.318105 -0.112903
v 0.048387 -0.319509 -0.080645
v 0.048387 -0.318442 -0.048387
v 0.048387 -0.316335 -0.016129
v 0.048387 -0.313255 0.016129
v 0.048387 -0.310890 0.048387
v 0.048387 -0.309002 0.080645
v 0.048387 -0.307517 0.112903
v 0.021875 -0.306452 0.145161
v 0.048387 -0.306452 0.117981
v 0.048387 -0.274194 -0.222172
v 0.048387 -0.286771 -0.209677
v 0.048387 -0.303496 -0.177419
v 0.048387 -0.300681 0.145161
v 0.048387 -0.288748 0.177419
v 0.048387 -0.274194 0.193869
v 0.040136 -0.241935 -0.241935
v 0.048387 -0.241935 -0.237300
v 0.048387 -0.255517 0.209677
v 0.048387 -0.241935 0.219314
v 0.048387 -0.209677 -0.247064
v 0.048387 -0.227849 -0.241935
v 0.048387 -0.209677 0.228693
v 0.048387 -0.177419 -0.253166
v 0.048387 -0.177419 0.234688
v 0.048387 -0.145161 -0.257266
v 0.036447 -0.145161 0.241935
v 0.048387 -0.145161 0.239253
v 0.048387 -0.112903 -0.261873
v 0.048387 -0.134567 0.241935
v 0.048387 -0.112903 0.247226
v 0.023390 -0.080645 -0.274194
v 0.048387 -0.080645 -0.265880
v 0.048387 -0.080645 0.255986
v 0.032122 -0.048387 -0.274194
v 0.048387 -0.048387 -0.269206
v 0.048387 -0.048387 0.261902
v 0.027712 -0.016129 -0.274194
v 0.048387 -0.016129 -0.267634
v 0.048387 -0.016129 0.266536
v 0.048387 0.016129 -0.265324
v 0.048387 0.016129 0.267361
v 0.048387 0.048387 -0.260623
v 0.048387 0.048387 0.263610
v 0.048387 0.080645 -0.254315
v 0.048387 0.080645 0.255550
v 0.048387 0.109811 -0.241935
v 0.044348 0.112903 -0.241935
v 0.048387 0.112903 -0.240462
v 0.039775 0.112903 0.241935
v 0.048387 0.109086 0.241935
v 0.048387 0.112903 0.239748
v 0.048387 0.145161 -0.226805
v 0.048387 0.145161 0.225621
v 0.048387 0.177419 -0.218326
v 0.048387 0.177419 0.218426
v 0.048387 0.209677 -0.213083
v 0.048387 0.209677 0.218146
v 0.048387 0.236309 -0.209677
v 0.046197 0.241935 -0.209677
v 0.048387 0.241935 -0.208893
v 0.048387 0.241935 0.222175
v 0.026671 0.274194 -0.209677
v 0.048387 0.274194 -0.203669
v 0.048387 0.274194 0.222375
v 0.048387 0.306452 -0.199309
v 0.048387 0.306452 0.221407
v 0.048387 0.338710 -0.197750
v 0.048387 0.338710 0.219592
v 0.048387 0.370968 -0.198902
v 0.048387 0.370968 0.221391
v 0.048387 0.403226 -0.194492
v 0.048387 0.403226 0.216291
v 0.048387 0.435484 -0.180450
v 0.027764 0.435484 0.209677
v 0.048387 0.417816 0.209677
v 0.048387 0.435484 0.201275
v 0.048387 0.440443 -0.177419
v 0.048387 0.467742 -0.161625
v 0.048387 0.467742 0.178313
v 0.048387 0.499761 -0.145161
v 0.047645 0.500000 -0.145161
v 0.048387 0.500000 -0.144905
v 0.048387 0.469262 0.177419
v 0.048387 0.500000 0.155466
v 0.068174 -0.306452 -0.145161
v 0.080645 -0.306452 -0.121656
v 0.080645 -0.308594 -0.112903
v 0.080645 -0.312515 -0.080645
v 0.080645 -0.313332 -0.048387
v 0.080645 -0.310425 -0.016129
v 0.080645 -0.307909 0.016129
v 0.070805 -0.306452 0.048387
v 0.080645 -0.306452 0.029248
v 0.061227 -0.306452 0.080645
v 0.052779 -0.306452 0.112903
v 0.065813 -0.274194 -0.209677
v 0.080645 -0.274194 -0.195182
v 0.080645 -0.286724 -0.177419
v 0.080645 -0.300165 -0.145161
v 0.080645 -0.304248 0.048387
v 0.080645 -0.302420 0.080645
v 0.080645 -0.299829 0.112903
v 0.080645 -0.293825 0.145161
v 0.080645 -0.279800 0.177419
v 0.080645 -0.274194 0.183274
v 0.080645 -0.241935 -0.216938
v 0.080645 -0.255474 -0.209677
v 0.072936 -0.241935 0.209677
v 0.080645 -0.241935 0.205623
v 0.055860 -0.209677 -0.241935
v 0.080645 -0.209677 -0.225357
v 0.080645 -0.234196 0.209677
v 0.080645 -0.209677 0.219332
v 0.066234 -0.177419 -0.241935
v 0.080645 -0.177419 -0.232212
v 0.080645 -0.177419 0.223948
v 0.077108 -0.145161 -0.241935
v 0.080645 -0.145161 -0.239621
v 0.080645 -0.145161 0.228243
v 0.080645 -0.112903 -0.248119
v 0.080645 -0.136211 -0.241935
v 0.062264 -0.112903 0.241935
v 0.080645 -0.112903 0.234885
v 0.080645 -0.080645 -0.254795
v 0.080645 -0.095110 0.241935
v 0.080645 -0.080645 0.247739
v 0.080645 -0.048387 -0.258431
v 0.080645 -0.048387 0.254919
v 0.080645 -0.016129 -0.257716
v 0.080645 -0.016129 0.259471
v 0.080645 0.016129 -0.254041
v 0.080645 0.016129 0.260317
v 0.080645 0.048387 -0.248319
v 0.080645 0.048387 0.256631
v 0.080645 0.068699 -0.241935
v 0.073936 0.080645 -0.241935
v 0.080645 0.080645 -0.238377
v 0.080645 0.080645 0.246275
v 0.080645 0.112903 -0.226965
v 0.080645 0.088411 0.241935
v 0.080645 0.112903 0.229017
v 0.080645 0.145161 -0.213480
v 0.080645 0.145161 0.212076
v 0.080645 0.154878 -0.209677
v 0.065405 0.177419 -0.209677
v 0.080645 0.177419 -0.200942
v 0.067222 0.177419 0.209677
v 0.080645 0.153306 0.209677
v 0.080645 0.177419 0.202781
v 0.054831 0.209677 -0.209677
v 0.080645 0.209677 -0.196678
v 0.065779 0.209677 0.209677
v 0.080645 0.209677 0.201744
v 0.080645 0.241935 -0.194392
v 0.078671 0.241935 0.209677
v 0.080645 0.241935 0.208669
v 0.080645 0.274194 -0.191164
v 0.079832 0.274194 0.209677
v 0.080645 0.274194 0.209292
v 0.080645 0.306452 -0.188063
v 0.080522 0.306452 0.209677
v 0.080645 0.306452 0.209626
v 0.080645 0.338710 -0.187236
v 0.070698 0.338710 0.209677
v 0.080645 0.338710 0.204926
v 0.080645 0.370968 -0.188513
v 0.075171 0.370968 0.209677
v 0.080645 0.370968 0.206906
v 0.080645 0.403226 -0.182878
v 0.059747 0.403226 0.209677
v 0.080645 0.403226 0.197963
v 0.080645 0.413640 -0.177419
v 0.055102 0.435484 -0.177419
v 0.080645 0.435484 -0.166934
v 0.080645 0.435484 0.182495
v 0.080645 0.467742 -0.147086
v 0.049604 0.467742 0.177419
v 0.080645 0.441767 0.177419
v 0.080645 0.467742 0.159586
v 0.080645 0.472322 -0.145161
v 0.080645 0.500000 -0.123641
v 0.063821 0.500000 0.145161
v 0.080645 0.489228 0.145161
v 0.080645 0.500000 0.130461
v 0.085211 -0.306452 -0.112903
v 0.097662 -0.306452 -0.080645
v 0.102920 -0.306452 -0.048387
v 0.097254 -0.306452 -0.016129
v 0.087034 -0.306452 0.016129
v 0.096586 -0.274194 -0.177419
v 0.112903 -0.274194 -0.156524
v 0.112903 -0.281494 -0.145161
v 0.112903 -0.292619 -0.112903
v 0.112903 -0.299959 -0.080645
v 0.112903 -0.302714 -0.048387
v 0.112903 -0.302288 -0.016129
v 0.112903 -0.300566 0.016129
v 0.112903 -0.298578 0.048387
v 0.112903 -0.297048 0.080645
v 0.112903 -0.294184 0.112903
v 0.112903 -0.286021 0.145161
v 0.092466 -0.274194 0.177419
v 0.112903 -0.274194 0.163058
v 0.089041 -0.241935 -0.209677
v 0.112903 -0.241935 -0.181033
v 0.112903 -0.247463 -0.177419
v 0.112903 -0.258305 0.177419
v 0.112903 -0.241935 0.187378
v 0.099486 -0.209677 -0.209677
v 0.112903 -0.209677 -0.194994
v 0.095754 -0.209677 0.209677
v 0.112903 -0.209677 0.196342
v 0.110046 -0.177419 -0.209677
v 0.112903 -0.177419 -0.206697
v 0.103709 -0.177419 0.209677
v 0.112903 -0.177419 0.201789
v 0.112903 -0.145161 -0.218495
v 0.112903 -0.170486 -0.209677
v 0.112903 -0.147254 0.209677
v 0.112903 -0.145161 0.210212
v 0.089617 -0.112903 -0.241935
v 0.112903 -0.112903 -0.227315
v 0.112903 -0.112903 0.219629
v 0.102208 -0.080645 -0.241935
v 0.112903 -0.080645 -0.235281
v 0.091821 -0.080645 0.241935
v 0.112903 -0.080645 0.230758
v 0.112229 -0.048387 -0.241935
v 0.112903 -0.048387 -0.241518
v 0.110420 -0.048387 0.241935
v 0.112903 -0.048387 0.240524
v 0.110373 -0.016129 -0.241935
v 0.112903 -0.016129 -0.240358
v 0.112903 -0.041648 0.241935
v 0.112903 -0.016129 0.247019
v 0.101889 0.016129 -0.241935
v 0.112903 0.016129 -0.235389
v 0.112903 0.016129 0.246993
v 0.090541 0.048387 -0.241935
v 0.112903 0.048387 -0.228643
v 0.109566 0.048387 0.241935
v 0.112903 0.039314 0.241935
v 0.112903 0.048387 0.239731
v 0.112903 0.080645 -0.220076
v 0.087830 0.080645 0.241935
v 0.112903 0.080645 0.225307
v 0.112903 0.101934 -0.209677
v 0.105687 0.112903 -0.209677
v 0.112903 0.112903 -0.203374
v 0.106757 0.112903 0.209677
v 0.112903 0.104739 0.209677
v 0.112903 0.112903 0.203216
v 0.085744 0.145161 -0.209677
v 0.112903 0.145161 -0.186932
v 0.083688 0.145161 0.209677
v 0.112903 0.145161 0.182721
v 0.109789 0.177419 -0.177419
v 0.112903 0.169983 -0.177419
v 0.112903 0.177419 -0.174623
v 0.108463 0.177419 0.177419
v 0.112903 0.161960 0.177419
v 0.112903 0.177419 0.173553
v 0.105512 0.209677 -0.177419
v 0.112903 0.209677 -0.170617
v 0.109050 0.209677 0.177419
v 0.112903 0.209677 0.174219
v 0.103566 0.241935 -0.177419
v 0.112903 0.241935 -0.169248
v 0.112903 0.222212 0.177419
v 0.112903 0.241935 0.183158
v 0.099032 0.274194 -0.177419
v 0.112903 0.274194 -0.165766
v 0.112903 0.274194 0.187127
v 0.095378 0.306452 -0.177419
v 0.112903 0.306452 -0.163491
v 0.112903 0.306452 0.186867
v 0.094615 0.338710 -0.177419
v 0.112903 0.338710 -0.162778
v 0.112903 0.338710 0.182908
v 0.097600 0.370968 -0.177419
v 0.112903 0.370968 -0.165793
v 0.112903 0.370968 0.182842
v 0.088548 0.403226 -0.177419
v 0.112903 0.403226 -0.160205
v 0.107050 0.403226 0.177419
v 0.112903 0.386940 0.177419
v 0.112903 0.403226 0.172548
v 0.110169 0.435484 -0.145161
v 0.112903 0.431282 -0.145161
v 0.112903 0.435484 -0.142097
v 0.086360 0.435484 0.177419
v 0.112903 0.435484 0.156818
v 0.082900 0.467742 -0.145161
v 0.112903 0.467742 -0.114378
v 0.097331 0.467742 0.145161
v 0.112903 0.450231 0.145161
v 0.112903 0.467742 0.127102
v 0.091232 0.500000 -0.112903
v 0.112903 0.470762 -0.112903
v 0.112903 0.500000 -0.085904
v 0.095775 0.500000 0.112903
v 0.112903 0.484510 0.112903
v 0.112903 0.500000 0.094202
v 0.125210 -0.274194 -0.145161
v 0.145161 -0.274194 -0.121762
v 0.145161 -0.278679 -0.112903
v 0.145161 -0.290013 -0.080645
v 0.145161 -0.295291 -0.048387
v 0.145161 -0.296183 -0.016129
v 0.145161 -0.295961 0.016129
v 0.145161 -0.294374 0.048387
v 0.145161 -0.292723 0.080645
v 0.145161 -0.287503 0.112903
v 0.142668 -0.274194 0.145161
v 0.145161 -0.274194 0.142921
v 0.117090 -0.241935 -0.177419
v 0.145161 -0.241935 -0.152808
v 0.145161 -0.252524 -0.145161
v 0.145161 -0.272144 0.145161
v 0.129783 -0.241935 0.177419
v 0.145161 -0.241935 0.165197
v 0.134762 -0.209677 -0.177419
v 0.145161 -0.209677 -0.168715
v 0.141127 -0.209677 0.177419
v 0.145161 -0.209677 0.173873
v 0.145161 -0.177419 -0.184563
v 0.145161 -0.192672 -0.177419
v 0.145161 -0.183798 0.177419
v 0.145161 -0.177419 0.178204
v 0.127471 -0.145161 -0.209677
v 0.145161 -0.145161 -0.197960
v 0.113656 -0.145161 0.209677
v 0.145161 -0.145161 0.186894
v 0.145161 -0.112903 -0.213088
v 0.145161 -0.120258 -0.209677
v 0.129246 -0.112903 0.209677
v 0.145161 -0.112903 0.198317
v 0.145161 -0.080645 -0.223321
v 0.145161 -0.093227 0.209677
v 0.145161 -0.080645 0.216565
v 0.145161 -0.048387 -0.228285
v 0.145161 -0.048387 0.226130
v 0.145161 -0.016129 -0.226916
v 0.124001 -0.016129 0.241935
v 0.145161 -0.016129 0.231798
v 0.145161 0.016129 -0.221511
v 0.122584 0.016129 0.241935
v 0.145161 0.016129 0.229349
v 0.145161 0.048387 -0.211490
v 0.145161 0.048387 0.219922
v 0.145161 0.052167 -0.209677
v 0.128248 0.080645 -0.209677
v 0.145161 0.080645 -0.197087
v 0.132037 0.080645 0.209677
v 0.145161 0.063414 0.209677
v 0.145161 0.080645 0.195860
v 0.145161 0.112903 -0.180066
v 0.136149 0.112903 0.177419
v 0.145161 0.101154 0.177419
v 0.145161 0.112903 0.169111
v 0.145161 0.117018 -0.177419
v 0.124448 0.145161 -0.177419
v 0.145161 0.145161 -0.160222
v 0.117801 0.145161 0.177419
v 0.145161 0.145161 0.151752
v 0.145161 0.177419 -0.145949
v 0.144592 0.177419 0.145161
v 0.145161 0.174901 0.145161
v 0.145161 0.177419 0.144519
v 0.145161 0.181784 -0.145161
v 0.140728 0.209677 -0.145161
v 0.145161 0.209677 -0.139753
v 0.145161 0.209497 0.145161
v 0.145161 0.209677 0.145164
v 0.138454 0.241935 -0.145161
v 0.145161 0.241935 -0.136937
v 0.118607 0.241935 0.177419
v 0.145161 0.241935 0.153484
v 0.136070 0.274194 -0.145161
v 0.145161 0.274194 -0.134205
v 0.123109 0.274194 0.177419
v 0.145161 0.274194 0.157895
v 0.133360 0.306452 -0.145161
v 0.145161 0.306452 -0.131091
v 0.122888 0.306452 0.177419
v 0.145161 0.306452 0.158138
v 0.133123 0.338710 -0.145161
v 0.145161 0.338710 -0.130841
v 0.118485 0.338710 0.177419
v 0.145161 0.338710 0.153470
v 0.136316 0.370968 -0.145161
v 0.145161 0.370968 -0.134734
v 0.118093 0.370968 0.177419
v 0.145161 0.370968 0.150909
v 0.130162 0.403226 -0.145161
v 0.145161 0.403226 -0.126828
v 0.139039 0.403226 0.145161
v 0.145161 0.385713 0.145161
v 0.145161 0.403226 0.137585
v 0.138012 0.435484 -0.112903
v 0.145161 0.423194 -0.112903
v 0.145161 0.435484 -0.103888
v 0.123992 0.435484 0.145161
v 0.145161 0.435484 0.114994
v 0.114272 0.467742 -0.112903
v 0.145161 0.455477 -0.080645
v 0.134974 0.467742 -0.080645
v 0.145161 0.467742 -0.062308
v 0.123417 0.467742 0.112903
v 0.145161 0.437553 0.112903
v 0.145161 0.467742 0.081679
v 0.116416 0.500000 -0.080645
v 0.145161 0.482237 -0.048387
v 0.131451 0.500000 -0.048387
v 0.141707 0.500000 -0.016129
v 0.145161 0.496456 -0.016129
v 0.142678 0.500000 0.016129
v 0.145161 0.497608 0.016129
v 0.135844 0.500000 0.048387
v 0.145161 0.490580 0.048387
v 0.123305 0.500000 0.080645
v 0.145161 0.469238 0.080645
v 0.152661 -0.274194 -0.112903
v 0.176524 -0.274194 -0.080645
v 0.177419 -0.274194 -0.078983
v 0.177419 -0.283299 -0.048387
v 0.177419 -0.286632 -0.016129
v 0.177419 -0.287205 0.016129
v 0.177419 -0.285091 0.048387
v 0.177419 -0.281095 0.080645
v 0.170925 -0.274194 0.112903
v 0.177419 -0.274194 0.101323
v 0.154693 -0.241935 -0.145161
v 0.177419 -0.241935 -0.120580
v 0.177419 -0.249208 -0.112903
v 0.177419 -0.273363 -0.080645
v 0.177419 -0.265914 0.112903
v 0.166748 -0.241935 0.145161
v 0.177419 -0.241935 0.131389
v 0.176900 -0.209677 -0.145161
v 0.177419 -0.209677 -0.144642
v 0.173244 -0.209677 0.145161
v 0.177419 -0.209677 0.139850
v 0.157188 -0.177419 -0.177419
v 0.177419 -0.177419 -0.164494
v 0.177419 -0.209056 -0.145161
v 0.177419 -0.188051 0.145161
v 0.146056 -0.177419 0.177419
v 0.177419 -0.177419 0.147230
v 0.177419 -0.145161 -0.183602
v 0.177419 -0.156022 -0.177419
v 0.156454 -0.145161 0.177419
v 0.177419 -0.145161 0.157847
v 0.153099 -0.112903 -0.209677
v 0.177419 -0.112903 -0.198794
v 0.170538 -0.112903 0.177419
v 0.177419 -0.112903 0.171190
v 0.177419 -0.080645 -0.212069
v 0.177419 -0.086502 -0.209677
v 0.177419 -0.102426 0.177419
v 0.155211 -0.080645 0.209677
v 0.177419 -0.080645 0.191073
v 0.177419 -0.048387 -0.217907
v 0.171197 -0.048387 0.209677
v 0.177419 -0.048387 0.203904
v 0.177419 -0.016129 -0.214695
v 0.175246 -0.016129 0.209677
v 0.177419 -0.016129 0.207291
v 0.177419 0.000932 -0.209677
v 0.169264 0.016129 -0.209677
v 0.177419 0.016129 -0.204672
v 0.169012 0.016129 0.209677
v 0.177419 0.016129 0.199451
v 0.148075 0.048387 -0.209677
v 0.177419 0.048387 -0.190005
v 0.176849 0.048387 0.177419
v 0.177419 0.047267 0.177419
v 0.177419 0.048387 0.176685
v 0.155751 0.048387 0.209677
v 0.171965 0.080645 -0.177419
v 0.177419 0.071905 -0.177419
v 0.177419 0.080645 -0.172439
v 0.158572 0.080645 0.177419
v 0.177419 0.080645 0.151619
v 0.148348 0.112903 -0.177419
v 0.177419 0.112903 -0.148866
v 0.163988 0.112903 0.145161
v 0.177419 0.088062 0.145161
v 0.177419 0.112903 0.122233
v 0.159681 0.145161 -0.145161
v 0.177419 0.117395 -0.145161
v 0.177419 0.145161 -0.116428
v 0.170256 0.145161 0.112903
v 0.177419 0.127209 0.112903
v 0.177419 0.145161 0.102619
v 0.150913 0.145161 0.145161
v 0.145894 0.177419 -0.145161
v 0.177419 0.149987 -0.112903
v 0.166680 0.177419 -0.112903
v 0.177419 0.177419 -0.095429
v 0.165639 0.177419 0.112903
v 0.177419 0.177419 0.094753
v 0.162556 0.209677 -0.112903
v 0.177419 0.209677 -0.085409
v 0.167219 0.209677 0.112903
v 0.177419 0.209677 0.097672
v 0.145164 0.209677 0.145161
v 0.161602 0.241935 -0.112903
v 0.177419 0.241935 -0.084173
v 0.172295 0.241935 0.112903
v 0.177419 0.241935 0.104968
v 0.152626 0.241935 0.145161
v 0.159634 0.274194 -0.112903
v 0.177419 0.259048 -0.080645
v 0.175564 0.274194 -0.080645
v 0.177419 0.274194 -0.076576
v 0.175208 0.274194 0.112903
v 0.177419 0.274194 0.109419
v 0.156365 0.274194 0.145161
v 0.158067 0.306452 -0.112903
v 0.173761 0.306452 -0.080645
v 0.177419 0.306452 -0.071647
v 0.174527 0.306452 0.112903
v 0.177419 0.306452 0.108199
v 0.156455 0.306452 0.145161
v 0.157471 0.338710 -0.112903
v 0.172018 0.338710 -0.080645
v 0.177419 0.338710 -0.067799
v 0.170789 0.338710 0.112903
v 0.177419 0.338710 0.101521
v 0.152530 0.338710 0.145161
v 0.160279 0.370968 -0.112903
v 0.175713 0.370968 -0.080645
v 0.177419 0.370968 -0.076291
v 0.168200 0.370968 0.112903
v 0.177419 0.370968 0.096678
v 0.150070 0.370968 0.145161
v 0.154946 0.403226 -0.112903
v 0.169361 0.403226 -0.080645
v 0.177419 0.403226 -0.059162
v 0.176658 0.403226 0.080645
v 0.177419 0.400978 0.080645
v 0.177419 0.403226 0.078782
v 0.160751 0.403226 0.112903
v 0.158660 0.435484 -0.080645
v 0.177419 0.411820 -0.048387
v 0.167264 0.435484 -0.048387
v 0.175733 0.435484 -0.016129
v 0.177419 0.432143 -0.016129
v 0.177419 0.435484 0.012719
v 0.171500 0.435484 0.048387
v 0.177419 0.424083 0.048387
v 0.177419 0.435484 0.017085
v 0.163174 0.435484 0.080645
v 0.146613 0.435484 0.112903
v 0.152264 0.467742 -0.048387
v 0.159052 0.467742 -0.016129
v 0.177419 0.435821 0.016129
v 0.161343 0.467742 0.016129
v 0.156149 0.467742 0.048387
v 0.145884 0.467742 0.080645
v 0.192583 -0.274194 -0.048387
v 0.199358 -0.274194 -0.016129
v 0.200156 -0.274194 0.016129
v 0.195140 -0.274194 0.048387
v 0.187352 -0.274194 0.080645
v 0.184575 -0.241935 -0.112903
v 0.209677 -0.241935 -0.083353
v 0.209677 -0.243947 -0.080645
v 0.209677 -0.258661 -0.048387
v 0.209677 -0.265095 -0.016129
v 0.209677 -0.264995 0.016129
v 0.209677 -0.258381 0.048387
v 0.209677 -0.241935 0.079446
v 0.209162 -0.241935 0.080645
v 0.190143 -0.241935 0.112903
v 0.209677 -0.209677 -0.116084
v 0.209677 -0.212972 -0.112903
v 0.209677 -0.240869 0.080645
v 0.209677 -0.209677 0.096796
v 0.197345 -0.209677 0.112903
v 0.209677 -0.177419 -0.147775
v 0.209677 -0.181104 -0.145161
v 0.204136 -0.177419 0.112903
v 0.209677 -0.177419 0.106431
v 0.179360 -0.177419 0.145161
v 0.193656 -0.145161 -0.177419
v 0.209677 -0.145161 -0.170786
v 0.209677 -0.166142 0.112903
v 0.209677 -0.145161 0.123794
v 0.189868 -0.145161 0.145161
v 0.209677 -0.112903 -0.189078
v 0.209677 -0.133956 -0.177419
v 0.206424 -0.112903 0.145161
v 0.209677 -0.112903 0.141782
v 0.184927 -0.080645 -0.209677
v 0.209677 -0.080645 -0.201256
v 0.209677 -0.108010 0.145161
v 0.193015 -0.080645 0.177419
v 0.209677 -0.080645 0.162622
v 0.202814 -0.048387 -0.209677
v 0.209677 -0.048387 -0.206883
v 0.204076 -0.048387 0.177419
v 0.209677 -0.048387 0.172020
v 0.190046 -0.016129 -0.209677
v 0.209677 -0.016129 -0.200998
v 0.203689 -0.016129 0.177419
v 0.209677 -0.016129 0.170899
v 0.209677 0.016129 -0.189055
v 0.193872 0.016129 0.177419
v 0.209677 0.016129 0.156812
v 0.209677 0.036323 -0.177419
v 0.198347 0.048387 -0.177419
v 0.209677 0.048387 -0.169345
v 0.199797 0.048387 0.145161
v 0.209677 0.030426 0.145161
v 0.209677 0.048387 0.128696
v 0.205522 0.080645 -0.145161
v 0.209677 0.075595 -0.145161
v 0.209677 0.080645 -0.139266
v 0.200187 0.080645 0.112903
v 0.209677 0.063496 0.112903
v 0.209677 0.080645 0.098463
v 0.182241 0.080645 0.145161
v 0.180938 0.112903 -0.145161
v 0.209677 0.102069 -0.112903
v 0.201257 0.112903 -0.112903
v 0.209677 0.112903 -0.098626
v 0.203626 0.112903 0.080645
v 0.209677 0.102191 0.080645
v 0.209677 0.112903 0.068005
v 0.183787 0.112903 0.112903
v 0.179871 0.145161 -0.112903
v 0.209677 0.126757 -0.080645
v 0.197861 0.145161 -0.080645
v 0.209306 0.145161 -0.048387
v 0.209677 0.144609 -0.048387
v 0.209677 0.145161 -0.047007
v 0.205041 0.145161 0.048387
v 0.209677 0.134579 0.048387
v 0.209677 0.145161 0.034548
v 0.192219 0.145161 0.080645
v 0.186775 0.177419 -0.080645
v 0.197032 0.177419 -0.048387
v 0.209677 0.164322 -0.016129
v 0.204697 0.177419 -0.016129
v 0.206347 0.177419 0.016129
v 0.209677 0.166244 0.016129
v 0.198853 0.177419 0.048387
v 0.187097 0.177419 0.080645
v 0.180348 0.209677 -0.080645
v 0.192686 0.209677 -0.048387
v 0.200976 0.209677 -0.016129
v 0.203373 0.209677 0.016129
v 0.197861 0.209677 0.048387
v 0.188306 0.209677 0.080645
v 0.179567 0.241935 -0.080645
v 0.191331 0.241935 -0.048387
v 0.200056 0.241935 -0.016129
v 0.203448 0.241935 0.016129
v 0.199799 0.241935 0.048387
v 0.191099 0.241935 0.080645
v 0.188921 0.274194 -0.048387
v 0.198496 0.274194 -0.016129
v 0.202343 0.274194 0.016129
v 0.199870 0.274194 0.048387
v 0.192208 0.274194 0.080645
v 0.186375 0.306452 -0.048387
v 0.195748 0.306452 -0.016129
v 0.199486 0.306452 0.016129
v 0.197843 0.306452 0.048387
v 0.190869 0.306452 0.080645
v 0.185260 0.338710 -0.048387
v 0.193801 0.338710 -0.016129
v 0.196326 0.338710 0.016129
v 0.194345 0.338710 0.048387
v 0.187764 0.338710 0.080645
v 0.186723 0.370968 -0.048387
v 0.193831 0.370968 -0.016129
v 0.195428 0.370968 0.016129
v 0.193111 0.370968 0.048387
v 0.185723 0.370968 0.080645
v 0.181621 0.403226 -0.048387
v 0.189529 0.403226 -0.016129
v 0.190636 0.403226 0.016129
v 0.187293 0.403226 0.048387
v 0.177625 0.435484 0.016129
v 0.211712 -0.241935 -0.080645
v 0.225325 -0.241935 -0.048387
v 0.230272 -0.241935 -0.016129
v 0.228712 -0.241935 0.016129
v 0.221437 -0.241935 0.048387
v 0.212544 -0.209677 -0.112903
v 0.237184 -0.209677 -0.080645
v 0.241935 -0.209677 -0.067740
v 0.241935 -0.219195 -0.048387
v 0.241935 -0.225068 -0.016129
v 0.241935 -0.219178 0.016129
v 0.241935 -0.209677 0.030160
v 0.235431 -0.209677 0.048387
v 0.221314 -0.209677 0.080645
v 0.213383 -0.177419 -0.145161
v 0.241935 -0.177419 -0.113438
v 0.241935 -0.177894 -0.112903
v 0.241935 -0.203902 -0.080645
v 0.241935 -0.195682 0.048387
v 0.241935 -0.177419 0.061650
v 0.230586 -0.177419 0.080645
v 0.241935 -0.145161 -0.152455
v 0.241935 -0.153464 -0.145161
v 0.241935 -0.156034 0.080645
v 0.219996 -0.145161 0.112903
v 0.241935 -0.145161 0.087662
v 0.236543 -0.112903 -0.177419
v 0.241935 -0.112903 -0.174321
v 0.236024 -0.112903 0.112903
v 0.241935 -0.112903 0.106488
v 0.241935 -0.080645 -0.187341
v 0.241935 -0.106197 -0.177419
v 0.241935 -0.101496 0.112903
v 0.226872 -0.080645 0.145161
v 0.241935 -0.080645 0.126356
v 0.241935 -0.048387 -0.191420
v 0.233818 -0.048387 0.145161
v 0.241935 -0.048387 0.133798
v 0.241935 -0.016129 -0.183341
v 0.229366 -0.016129 0.145161
v 0.241935 -0.016129 0.124085
v 0.241935 -0.005228 -0.177419
v 0.226751 0.016129 -0.177419
v 0.241935 0.016129 -0.163541
v 0.234098 0.016129 0.112903
v 0.241935 -0.002120 0.112903
v 0.241935 0.016129 0.099775
v 0.217899 0.016129 0.145161
v 0.231937 0.048387 -0.145161
v 0.241935 0.035303 -0.145161
v 0.241935 0.048387 -0.124123
v 0.235215 0.048387 0.080645
v 0.241935 0.035767 0.080645
v 0.241935 0.048387 0.064384
v 0.218889 0.048387 0.112903
v 0.224589 0.080645 -0.112903
v 0.241935 0.054800 -0.112903
v 0.237496 0.080645 -0.080645
v 0.241935 0.073997 -0.080645
v 0.241935 0.080645 -0.062445
v 0.232274 0.080645 0.048387
v 0.241935 0.061151 0.048387
v 0.241935 0.080645 0.019622
v 0.220955 0.080645 0.080645
v 0.218841 0.112903 -0.080645
v 0.241935 0.086140 -0.048387
v 0.227245 0.112903 -0.048387
v 0.230810 0.112903 -0.016129
v 0.241935 0.091347 -0.016129
v 0.227854 0.112903 0.016129
v 0.241935 0.083084 0.016129
v 0.218855 0.112903 0.048387
v 0.216931 0.145161 -0.016129
v 0.215813 0.145161 0.016129
v 0.249710 -0.209677 -0.048387
v 0.253746 -0.209677 -0.016129
v 0.248368 -0.209677 0.016129
v 0.242374 -0.177419 -0.112903
v 0.265482 -0.177419 -0.080645
v 0.274194 -0.177419 -0.057408
v 0.274194 -0.181367 -0.048387
v 0.274194 -0.183761 -0.016129
v 0.274194 -0.177419 0.002644
v 0.270533 -0.177419 0.016129
v 0.252435 -0.177419 0.048387
v 0.250727 -0.145161 -0.145161
v 0.274194 -0.145161 -0.115609
v 0.274194 -0.147250 -0.112903
v 0.274194 -0.168302 -0.080645
v 0.274194 -0.173074 0.016129
v 0.274194 -0.147488 0.048387
v 0.249162 -0.145161 0.080645
v 0.274194 -0.145161 0.050324
v 0.274194 -0.112903 -0.148276
v 0.274194 -0.116819 -0.145161
v 0.268460 -0.112903 0.080645
v 0.274194 -0.112903 0.073317
v 0.256976 -0.080645 -0.177419
v 0.274194 -0.080645 -0.162397
v 0.274194 -0.099921 0.080645
v 0.253387 -0.080645 0.112903
v 0.274194 -0.080645 0.089685
v 0.260398 -0.048387 -0.177419
v 0.274194 -0.048387 -0.163326
v 0.255967 -0.048387 0.112903
v 0.274194 -0.048387 0.087449
v 0.249144 -0.016129 -0.177419
v 0.274194 -0.016129 -0.147643
v 0.266771 -0.016129 0.080645
v 0.274194 -0.036072 0.080645
v 0.274194 -0.016129 0.064393
v 0.248679 -0.016129 0.112903
v 0.255681 0.016129 -0.145161
v 0.274194 -0.013660 -0.145161
v 0.267440 0.016129 -0.112903
v 0.274194 0.005776 -0.112903
v 0.274194 0.016129 -0.092088
v 0.263581 0.016129 0.048387
v 0.274194 -0.004117 0.048387
v 0.274194 0.016129 0.017753
v 0.252651 0.016129 0.080645
v 0.246664 0.048387 -0.112903
v 0.274194 0.020995 -0.080645
v 0.257243 0.048387 -0.080645
v 0.260585 0.048387 -0.048387
v 0.274194 0.026028 -0.048387
v 0.261094 0.048387 -0.016129
v 0.274194 0.025829 -0.016129
v 0.257422 0.048387 0.016129
v 0.274194 0.017108 0.016129
v 0.248639 0.048387 0.048387
v 0.245190 0.080645 -0.048387
v 0.247458 0.080645 -0.016129
v 0.243233 0.080645 0.016129
v 0.277227 -0.177419 -0.048387
v 0.279215 -0.177419 -0.016129
v 0.275830 -0.145161 -0.112903
v 0.290764 -0.145161 -0.080645
v 0.298407 -0.145161 -0.048387
v 0.300306 -0.145161 -0.016129
v 0.293827 -0.145161 0.016129
v 0.275885 -0.145161 0.048387
v 0.276590 -0.112903 -0.145161
v 0.291857 -0.112903 -0.112903
v 0.303810 -0.112903 -0.080645
v 0.306452 -0.112903 -0.069120
v 0.306452 -0.125232 -0.048387
v 0.306452 -0.129541 -0.016129
v 0.306452 -0.112903 0.015271
v 0.306271 -0.112903 0.016129
v 0.291536 -0.112903 0.048387
v 0.285879 -0.080645 -0.145161
v 0.297888 -0.080645 -0.112903
v 0.306452 -0.080645 -0.088112
v 0.306452 -0.097279 -0.080645
v 0.306452 -0.111229 0.016129
v 0.306452 -0.080645 0.023664
v 0.296912 -0.080645 0.048387
v 0.281441 -0.080645 0.080645
v 0.285481 -0.048387 -0.145161
v 0.294722 -0.048387 -0.112903
v 0.306452 -0.067936 -0.080645
v 0.302783 -0.048387 -0.080645
v 0.306452 -0.048387 -0.051778
v 0.301892 -0.048387 0.016129
v 0.306452 -0.068861 0.016129
v 0.306452 -0.048387 -0.010844
v 0.292256 -0.048387 0.048387
v 0.278812 -0.048387 0.080645
v 0.275638 -0.016129 -0.145161
v 0.286129 -0.016129 -0.112903
v 0.292292 -0.016129 -0.080645
v 0.306452 -0.047413 -0.048387
v 0.294569 -0.016129 -0.048387
v 0.294006 -0.016129 -0.016129
v 0.306452 -0.046535 -0.016129
v 0.290606 -0.016129 0.016129
v 0.280856 -0.016129 0.048387
v 0.277376 0.016129 -0.080645
v 0.280195 0.016129 -0.048387
v 0.280228 0.016129 -0.016129
v 0.274803 0.016129 0.016129
v 0.311272 -0.112903 -0.048387
v 0.312772 -0.112903 -0.016129
v 0.308998 -0.080645 -0.080645
v 0.313893 -0.080645 -0.048387
v 0.314233 -0.080645 -0.016129
v 0.309437 -0.080645 0.016129
v 0.306904 -0.048387 -0.048387
v 0.307380 -0.048387 -0.016129
vn -0.962340 -0.232737 -0.140478
vn -0.951604 -0.205772 -0.228270
vn -0.967191 -0.212898 -0.138625
vn -0.964604 -0.263296 -0.014630
vn -0.971260 -0.237385 0.017412
vn -0.953052 -0.274873 0.127035
vn -0.952414 -0.248846 0.176023
vn -0.932093 -0.265795 0.246080
vn -0.939108 -0.221956 -0.262321
vn -0.880589 -0.198505 -0.430300
vn -0.913193 -0.195214 -0.357730
vn -0.966166 -0.218807 -0.136556
vn -0.979290 -0.202461 0.000054
vn -0.969936 -0.200848 0.137421
vn -0.921701 -0.265928 0.282399
vn -0.937250 -0.217074 0.272840
vn -0.903135 -0.230892 0.361988
vn -0.939310 -0.135747 -0.315070
vn -0.874287 -0.102515 -0.474461
vn -0.978134 -0.150097 -0.143958
vn -0.989751 -0.141416 0.019847
vn -0.982831 -0.126620 0.134203
vn -0.953374 -0.123667 0.275289
vn -0.914787 -0.187491 0.357788
vn -0.929419 0.095019 -0.356583
vn -0.848241 0.167417 -0.502453
vn -0.986237 0.061803 -0.153351
vn -0.999020 0.039603 0.019762
vn -0.988386 0.035393 0.147783
vn -0.965470 0.020276 0.259723
vn -0.925357 -0.069386 0.372692
vn -0.930909 0.046380 0.362296
vn -0.885333 -0.008777 0.464875
vn -0.883621 0.282860 -0.373102
vn -0.775096 0.344836 -0.529447
vn -0.916904 0.350187 -0.191456
vn -0.951493 0.307554 -0.008459
vn -0.958809 0.255314 0.124496
vn -0.932942 0.247317 0.261638
vn -0.876942 0.279090 0.391257
vn -0.872206 0.196042 0.448134
vn -0.744410 0.532066 -0.403435
vn -0.850774 0.477881 -0.218660
vn -0.890628 0.450313 -0.063249
vn -0.871439 0.467902 -0.147181
vn -0.905253 0.413689 0.096849
vn -0.875061 0.430365 0.221485
vn -0.853191 0.418922 0.310757
vn -0.888311 0.458952 -0.016332
vn -0.885404 0.448280 0.122904
vn -0.900758 -0.369663 -0.227999
vn -0.848922 -0.417014 -0.324700
vn -0.822234 -0.501113 -0.269846
vn -0.840741 -0.507162 -0.189581
vn -0.926108 -0.357716 -0.119846
vn -0.866021 -0.491636 -0.091119
vn -0.945408 -0.323819 -0.036674
vn -0.898754 -0.437760 -0.024665
vn -0.959040 -0.279032 0.048821
vn -0.915310 -0.387496 0.109791
vn -0.958912 -0.219925 0.179222
vn -0.911559 -0.346632 0.221146
vn -0.942070 -0.137085 0.306125
vn -0.892335 -0.197861 0.405695
vn -0.923599 -0.251911 -0.288972
vn -0.906974 -0.231900 -0.351598
vn -0.852136 -0.402983 -0.333869
vn -0.954919 -0.222061 -0.197027
vn -0.973113 -0.204359 -0.106243
vn -0.986551 -0.163025 0.011851
vn -0.991267 -0.107220 0.076773
vn -0.977921 -0.063915 0.198959
vn -0.949664 -0.041669 0.310488
vn -0.890467 -0.016778 0.454739
vn -0.955253 -0.075542 -0.285982
vn -0.938702 -0.054535 -0.340389
vn -0.979035 -0.075768 -0.189076
vn -0.996135 -0.055763 -0.067860
vn -0.998656 -0.036915 0.036376
vn -0.992198 -0.019941 0.123067
vn -0.970321 0.017742 0.241170
vn -0.940550 0.047536 0.336313
vn -0.868752 0.075606 0.489442
vn -0.954721 -0.002399 -0.297493
vn -0.931680 0.019935 -0.362732
vn -0.981057 -0.017157 -0.192960
vn -0.996816 -0.039724 -0.069138
vn -0.997517 -0.045595 0.053667
vn -0.990447 -0.024363 0.135729
vn -0.962482 -0.015059 0.270929
vn -0.930997 0.018338 0.364566
vn -0.851080 0.045627 0.523050
vn -0.944578 -0.022300 -0.327529
vn -0.917249 -0.005141 -0.398281
vn -0.974030 -0.064895 -0.216922
vn -0.991144 -0.095015 -0.092764
vn -0.991649 -0.119693 0.048029
vn -0.980074 -0.122247 0.156561
vn -0.957117 -0.109158 0.268350
vn -0.909996 -0.114057 0.398620
vn -0.848826 -0.096796 0.519735
vn -0.928526 -0.085782 -0.361221
vn -0.894790 -0.044791 -0.444236
vn -0.958094 -0.111254 -0.263968
vn -0.977005 -0.156709 -0.144582
vn -0.985593 -0.168541 0.014169
vn -0.964993 -0.200461 0.169126
vn -0.948109 -0.182959 0.260030
vn -0.903094 -0.184531 0.387776
vn -0.833077 -0.207271 0.512857
vn -0.889362 -0.098129 -0.446549
vn -0.876586 -0.043236 -0.479298
vn -0.934699 -0.171186 -0.311502
vn -0.923794 -0.238149 0.299816
vn -0.900137 -0.217490 0.377428
vn -0.803320 -0.248075 0.541420
vn -0.861243 -0.226643 0.454854
vn -0.798444 -0.281961 0.531963
vn -0.834489 -0.103972 -0.541126
vn -0.758115 -0.001693 -0.652119
vn -0.797051 -0.047373 -0.602051
vn -0.872417 -0.156357 -0.463077
vn -0.898125 -0.211346 0.385623
vn -0.866814 -0.208332 0.453025
vn -0.813135 -0.232435 0.533652
vn -0.786404 -0.018901 -0.617423
vn -0.708418 0.037745 -0.704783
vn -0.833641 -0.104668 -0.542299
vn -0.891838 -0.099707 0.441229
vn -0.876917 -0.103252 0.469421
vn -0.838728 -0.119181 0.531348
vn -0.747296 0.169307 -0.642561
vn -0.669872 0.209150 -0.712410
vn -0.786852 0.099173 -0.609121
vn -0.871143 0.083929 0.483803
vn -0.839081 0.057826 0.540924
vn -0.682824 0.341250 -0.645988
vn -0.715718 0.390938 -0.578719
vn -0.662035 0.415378 -0.623836
vn -0.868970 0.286976 0.403158
vn -0.825890 0.299109 0.477954
vn -0.750638 0.323656 0.576012
vn -0.646370 0.532299 -0.546685
vn -0.726831 0.526953 -0.440496
vn -0.658655 0.533752 -0.530361
vn -0.804356 0.515625 -0.295198
vn -0.884952 0.386095 0.260368
vn -0.837801 0.376928 0.394988
vn -0.748522 0.419688 0.513397
vn -0.697912 0.440981 0.564318
vn -0.681161 0.532637 -0.502313
vn -0.802875 0.493820 -0.333965
vn -0.751664 0.474562 -0.458031
vn -0.888967 0.442584 -0.117715
vn -0.908514 0.407562 0.092172
vn -0.891222 0.375687 0.254132
vn -0.829034 0.393722 0.397096
vn -0.746801 0.425733 0.510920
vn -0.801510 0.463858 -0.377381
vn -0.884279 0.426324 -0.190523
vn -0.858554 0.382798 -0.341103
vn -0.925711 0.374492 0.053050
vn -0.918806 0.361797 0.157793
vn -0.845679 0.363510 0.390753
vn -0.934972 0.338929 -0.104663
vn -0.945786 0.321261 0.047757
vn -0.750515 -0.659662 -0.039657
vn -0.741911 -0.666805 -0.070275
vn -0.470524 -0.881140 -0.046896
vn -0.492707 -0.870016 0.017663
vn -0.779659 -0.623172 0.061552
vn -0.515909 -0.850938 0.098704
vn -0.802055 -0.567269 0.186850
vn -0.634657 -0.736513 0.234005
vn -0.797120 -0.524904 -0.298455
vn -0.721305 -0.601004 -0.344257
vn -0.682633 -0.665201 -0.302524
vn -0.698771 -0.671725 -0.245977
vn -0.794499 -0.553260 -0.250348
vn -0.714303 -0.679621 -0.166990
vn -0.773554 -0.617982 -0.140402
vn -0.735316 -0.670527 -0.098508
vn -0.765367 -0.637752 -0.086518
vn -0.765216 -0.643300 -0.024694
vn -0.811072 -0.580178 0.074532
vn -0.855775 -0.462672 0.231483
vn -0.696686 -0.543128 0.468659
vn -0.829163 -0.368184 0.420630
vn -0.699785 -0.363073 0.615206
vn -0.829065 -0.442975 -0.341210
vn -0.798918 -0.463694 -0.383037
vn -0.765453 -0.531813 -0.362293
vn -0.836882 -0.449168 -0.312854
vn -0.849934 -0.124760 0.511906
vn -0.755866 -0.120872 0.643472
vn -0.863847 -0.306766 -0.399578
vn -0.793016 -0.252412 -0.554449
vn -0.764242 -0.411096 -0.496925
vn -0.879360 -0.329308 -0.343922
vn -0.812275 0.048112 0.581287
vn -0.758022 0.020519 0.651907
vn -0.884302 -0.078979 -0.460187
vn -0.822039 -0.044262 -0.567709
vn -0.918094 -0.151864 -0.366116
vn -0.815136 0.090399 0.572172
vn -0.753397 0.083697 0.652218
vn -0.879367 0.046429 -0.473876
vn -0.818826 0.057116 -0.571193
vn -0.927106 0.032368 -0.373399
vn -0.819450 0.000317 0.573150
vn -0.765994 0.036317 0.641821
vn -0.868543 0.061570 -0.491774
vn -0.810369 0.093386 -0.578430
vn -0.917090 0.035865 -0.397063
vn -0.814213 -0.141922 0.562952
vn -0.770039 -0.113921 0.627743
vn -0.846108 0.049335 -0.530723
vn -0.784505 0.086877 -0.614007
vn -0.892572 0.014813 -0.450662
vn -0.797259 -0.207086 0.567003
vn -0.780991 -0.211206 0.587746
vn -0.817391 0.057906 -0.573165
vn -0.750996 0.092424 -0.653806
vn -0.846422 0.006040 -0.532478
vn -0.784219 -0.295281 0.545719
vn -0.787409 -0.268100 0.555076
vn -0.754088 -0.276695 0.595644
vn -0.791555 0.042947 -0.609587
vn -0.721290 0.087978 -0.687023
vn -0.787011 -0.196225 0.584902
vn -0.770052 -0.230753 0.594788
vn -0.740223 0.046187 -0.670773
vn -0.706267 0.090698 -0.702111
vn -0.778870 -0.036683 0.626112
vn -0.782253 -0.155663 0.603199
vn -0.788243 -0.066106 0.611803
vn -0.733685 -0.039982 0.678312
vn -0.706051 0.132616 -0.695633
vn -0.681852 0.189708 -0.706462
vn -0.747450 0.142950 0.648756
vn -0.753449 0.134054 0.643696
vn -0.709936 0.178324 0.681317
vn -0.646563 0.444220 -0.620182
vn -0.657484 0.354801 -0.664703
vn -0.713446 0.311379 0.627724
vn -0.652361 0.397311 0.645422
vn -0.655391 0.262926 0.708048
vn -0.647448 0.496404 -0.578268
vn -0.643325 0.517814 -0.563917
vn -0.656052 0.486046 -0.577369
vn -0.718945 0.399105 0.569063
vn -0.692763 0.416628 0.588643
vn -0.645316 0.452665 0.615355
vn -0.664236 0.501038 -0.554753
vn -0.736601 0.449401 -0.505429
vn -0.751426 0.384358 -0.536309
vn -0.801364 0.350974 0.484389
vn -0.761485 0.343757 0.549520
vn -0.699265 0.340718 0.628442
vn -0.781604 0.352068 -0.514921
vn -0.813686 0.281913 -0.508371
vn -0.838468 0.354506 -0.413881
vn -0.913000 0.278853 0.297778
vn -0.830912 0.249582 0.497286
vn -0.778409 0.234661 0.582249
vn -0.722270 0.320667 0.612779
vn -0.835423 0.219210 -0.504000
vn -0.892404 0.228179 -0.389294
vn -0.851720 0.200921 -0.483947
vn -0.941883 0.264699 -0.206859
vn -0.963859 0.262383 0.046170
vn -0.945984 0.218131 0.239862
vn -0.893509 0.183143 0.410000
vn -0.814015 0.128536 0.566443
vn -0.903792 0.210947 -0.372374
vn -0.858324 0.202725 -0.471363
vn -0.959201 0.206298 -0.193327
vn -0.977422 0.211294 0.000601
vn -0.963503 0.190615 0.187955
vn -0.923980 0.183940 0.335301
vn -0.833984 0.140686 0.533553
vn -0.893355 0.228052 -0.387181
vn -0.957492 0.205991 -0.201933
vn -0.931138 0.179406 -0.317483
vn -0.977468 0.211015 0.005344
vn -0.955392 0.213131 0.204452
vn -0.910629 0.230600 0.342896
vn -0.843879 0.218435 0.490056
vn -0.975503 0.151370 -0.159625
vn -0.952393 0.117532 -0.281308
vn -0.985440 0.169997 -0.003028
vn -0.978351 0.169063 0.119359
vn -0.932752 0.180270 0.312210
vn -0.989583 0.085568 -0.115775
vn -0.998063 0.059557 0.017961
vn -0.994269 0.026502 -0.103574
vn -0.992615 0.046712 0.111950
vn -0.967850 0.090649 0.234627
vn -0.998976 0.036919 -0.026162
vn -0.980080 0.141215 -0.139646
vn -0.991971 0.028191 0.123279
vn -0.972318 0.230356 0.039156
vn -0.660185 -0.694650 -0.285687
vn -0.658787 -0.695251 -0.287446
vn -0.385433 -0.902777 -0.190879
vn -0.344107 -0.926767 -0.150645
vn -0.598420 -0.780182 -0.182232
vn -0.343259 -0.936188 -0.075662
vn -0.526592 -0.843417 -0.106529
vn -0.340458 -0.938515 -0.057259
vn -0.484032 -0.871269 -0.081259
vn -0.262711 -0.964039 -0.040145
vn -0.304131 -0.952403 -0.020793
vn -0.345710 -0.935047 0.078563
vn -0.381814 -0.875820 0.295225
vn -0.607198 -0.705150 0.366162
vn -0.486702 -0.686886 0.539731
vn -0.750575 -0.538873 -0.382432
vn -0.661158 -0.548747 -0.511613
vn -0.592968 -0.691381 -0.412772
vn -0.640715 -0.700085 -0.315224
vn -0.738900 -0.591269 -0.323153
vn -0.574875 -0.504791 0.643976
vn -0.640757 -0.251146 0.725504
vn -0.440335 -0.360913 0.822099
vn -0.755677 -0.427391 -0.496276
vn -0.607040 -0.367162 -0.704766
vn -0.652036 -0.532017 -0.540192
vn -0.780357 -0.457537 -0.426267
vn -0.648942 -0.068966 0.757706
vn -0.550391 -0.154873 0.820417
vn -0.748176 -0.293766 -0.594924
vn -0.652764 -0.199874 -0.730718
vn -0.682596 0.037752 0.729820
vn -0.613287 -0.023649 0.789506
vn -0.713168 -0.104171 -0.693210
vn -0.658671 -0.019322 -0.752183
vn -0.712493 0.063543 0.698796
vn -0.648927 0.035941 0.760001
vn -0.698694 0.043303 -0.714109
vn -0.654919 0.039605 -0.754661
vn -0.738357 -0.025032 0.673946
vn -0.672857 -0.005701 0.739750
vn -0.716404 0.068243 -0.694340
vn -0.660186 0.076540 -0.747192
vn -0.736334 -0.184772 0.650900
vn -0.694007 -0.136051 0.706997
vn -0.737452 0.105149 -0.667165
vn -0.656319 0.099058 -0.747953
vn -0.745856 -0.269002 0.609374
vn -0.659505 -0.306151 0.686531
vn -0.731071 -0.275856 0.624050
vn -0.653325 -0.333273 0.679776
vn -0.736427 0.105099 -0.668303
vn -0.645579 0.126795 -0.753094
vn -0.734209 -0.282779 0.617230
vn -0.683145 -0.308172 0.662075
vn -0.724403 0.116152 -0.679521
vn -0.629405 0.123555 -0.767192
vn -0.747043 -0.171415 0.642295
vn -0.698130 -0.291292 0.654036
vn -0.749229 -0.173415 0.639205
vn -0.624059 -0.194509 0.756780
vn -0.708395 0.109720 -0.697236
vn -0.617875 0.129177 -0.775593
vn -0.733840 -0.008682 0.679267
vn -0.620166 -0.006787 0.784441
vn -0.692072 0.141700 -0.707783
vn -0.684621 0.216455 -0.696018
vn -0.673564 0.250667 -0.695326
vn -0.710291 0.122571 0.693154
vn -0.572019 0.205219 0.794154
vn -0.677264 0.347897 -0.648291
vn -0.651900 0.334827 -0.680380
vn -0.632932 0.361372 0.684695
vn -0.590967 0.401763 0.699531
vn -0.623826 0.349172 0.699228
vn -0.666493 0.413813 -0.620118
vn -0.734247 0.408431 -0.542278
vn -0.717296 0.378171 -0.585212
vn -0.649484 0.385309 0.655521
vn -0.613426 0.424051 0.666250
vn -0.563067 0.478006 0.674140
vn -0.759163 0.364455 -0.539299
vn -0.717714 0.362859 -0.594323
vn -0.768042 0.375393 -0.518837
vn -0.674015 0.334895 0.658445
vn -0.591814 0.336323 0.732559
vn -0.755202 0.350794 -0.553728
vn -0.814627 0.264389 -0.516218
vn -0.798906 0.201334 -0.566757
vn -0.768112 0.141507 0.624483
vn -0.736528 0.214242 0.641582
vn -0.642647 0.266392 0.718359
vn -0.843367 0.165452 -0.511232
vn -0.809323 0.148807 -0.568201
vn -0.853983 0.179721 -0.488276
vn -0.797887 0.084134 0.596907
vn -0.749987 0.071326 0.657595
vn -0.851990 0.137037 -0.505306
vn -0.825220 0.136244 -0.548132
vn -0.879540 0.151905 -0.450926
vn -0.835190 0.113029 0.538222
vn -0.768642 0.062903 0.636579
vn -0.839352 0.135284 -0.526485
vn -0.895288 0.112272 -0.431108
vn -0.847456 0.111254 -0.519077
vn -0.910007 0.139142 -0.390547
vn -0.907024 0.149850 0.393513
vn -0.855638 0.107401 0.506308
vn -0.775093 0.095670 0.624562
vn -0.902635 0.083524 -0.422224
vn -0.849746 0.068158 -0.522768
vn -0.941428 0.102975 -0.321106
vn -0.935233 0.103871 0.338453
vn -0.881751 0.098377 0.461342
vn -0.779720 0.083314 0.620561
vn -0.909637 0.032991 -0.414093
vn -0.853338 0.032081 -0.520371
vn -0.952933 0.043674 -0.300018
vn -0.962267 0.068143 -0.263435
vn -0.971483 0.027202 0.235544
vn -0.943052 0.004402 0.332616
vn -0.897951 0.006451 0.440048
vn -0.794862 -0.003068 0.606783
vn -0.891040 0.150210 -0.428352
vn -0.844251 0.152146 -0.513899
vn -0.951447 0.113714 -0.286039
vn -0.972751 0.126704 -0.194170
vn -0.977853 0.121988 0.170068
vn -0.953725 0.036287 0.298482
vn -0.906132 0.000301 0.422995
vn -0.810105 -0.029285 0.585552
vn -0.850586 0.279231 -0.445570
vn -0.904473 0.280541 -0.321288
vn -0.827270 0.359905 -0.431384
vn -0.953278 0.249395 -0.170480
vn -0.970254 0.241302 -0.019525
vn -0.970450 0.207280 0.123536
vn -0.956286 0.151162 0.250334
vn -0.912107 0.158713 0.377983
vn -0.824686 0.108893 0.555009
vn -0.861796 0.359366 -0.357999
vn -0.803733 0.390149 -0.449219
vn -0.912711 0.351952 -0.207576
vn -0.947298 0.316024 -0.052486
vn -0.954576 0.289576 0.070213
vn -0.926329 0.288573 0.242156
vn -0.855844 0.330154 0.398158
vn -0.809401 0.266551 0.523279
vn -0.818881 0.435293 -0.374104
vn -0.869059 0.425765 -0.251914
vn -0.919173 0.380035 -0.103417
vn -0.845783 0.477690 -0.237621
vn -0.931195 0.357331 0.072042
vn -0.884741 0.410629 0.220493
vn -0.838015 0.417627 0.351166
vn -0.874207 0.478711 -0.081221
vn -0.875379 0.465794 0.129410
vn -0.515012 -0.805889 -0.292070
vn -0.514333 -0.805993 -0.292980
vn -0.283540 -0.934842 -0.213718
vn -0.223060 -0.967484 -0.119239
vn -0.177097 -0.979898 -0.091856
vn -0.101538 -0.994246 -0.034128
vn -0.058014 -0.998247 -0.011708
vn -0.024185 -0.999300 -0.028529
vn -0.006350 -0.999454 -0.032434
vn -0.023797 -0.999324 0.028021
vn -0.084779 -0.968306 0.234939
vn -0.195592 -0.860336 0.470707
vn -0.361035 -0.569012 0.738837
vn -0.248224 -0.575424 0.779277
vn -0.601752 -0.527028 -0.600114
vn -0.452726 -0.532075 -0.715497
vn -0.438863 -0.715969 -0.542944
vn -0.492701 -0.755660 -0.431537
vn -0.354368 -0.464176 0.811766
vn -0.582637 -0.399124 -0.707979
vn -0.393941 -0.256394 -0.882651
vn -0.362325 -0.464335 -0.808154
vn -0.505282 -0.297851 0.809923
vn -0.548953 -0.140171 0.824016
vn -0.373345 -0.220607 0.901080
vn -0.558140 -0.235742 -0.795554
vn -0.360973 -0.157769 -0.919134
vn -0.586389 -0.030447 0.809457
vn -0.459359 -0.111811 0.881185
vn -0.508921 -0.063595 -0.858461
vn -0.351620 -0.035544 -0.935468
vn -0.626138 0.009917 0.779649
vn -0.531295 -0.045379 0.845971
vn -0.508872 0.027918 -0.860389
vn -0.371264 0.006837 -0.928502
vn -0.652091 -0.074253 0.754496
vn -0.587992 -0.072314 0.805628
vn -0.527915 0.042742 -0.848221
vn -0.402399 0.018891 -0.915270
vn -0.660822 -0.189762 0.726157
vn -0.630206 -0.220597 0.744431
vn -0.565510 0.080592 -0.820795
vn -0.438017 0.042899 -0.897942
vn -0.634397 -0.336785 0.695785
vn -0.644168 -0.331939 0.689103
vn -0.543222 -0.332331 0.771016
vn -0.603055 0.108457 -0.790292
vn -0.456689 0.084909 -0.885565
vn -0.646020 -0.312419 0.696457
vn -0.578153 -0.304513 0.756975
vn -0.615053 0.137604 -0.776386
vn -0.486730 0.104509 -0.867278
vn -0.594100 -0.145911 0.791047
vn -0.617729 0.127808 -0.775936
vn -0.609345 0.125131 -0.782969
vn -0.580769 0.071995 0.810878
vn -0.616282 0.196905 -0.762513
vn -0.610211 0.179763 -0.771575
vn -0.523331 0.277025 0.805842
vn -0.645605 0.307935 -0.698835
vn -0.604860 0.286426 -0.743037
vn -0.552026 0.408819 0.726729
vn -0.507165 0.386526 0.770313
vn -0.612851 0.373465 -0.696374
vn -0.667404 0.366545 -0.648242
vn -0.666326 0.353191 -0.656708
vn -0.542323 0.416959 0.729405
vn -0.531649 0.452171 0.716164
vn -0.526439 0.487958 0.696246
vn -0.712604 0.337037 -0.615306
vn -0.662711 0.317013 -0.678467
vn -0.544819 0.402059 0.735881
vn -0.547450 0.342051 0.763740
vn -0.762172 0.241531 -0.600630
vn -0.654328 0.225590 -0.721778
vn -0.765065 0.260265 -0.589014
vn -0.627263 0.079459 0.774744
vn -0.596034 0.181358 0.782210
vn -0.587883 0.256328 0.767261
vn -0.771344 0.161354 -0.615625
vn -0.796794 0.144545 -0.586708
vn -0.770086 0.134891 -0.623516
vn -0.661454 0.034385 0.749197
vn -0.622766 0.029123 0.781866
vn -0.815626 0.120542 -0.565884
vn -0.750585 0.132219 -0.647411
vn -0.691582 0.051365 0.720470
vn -0.646949 0.006300 0.762507
vn -0.817048 0.118829 -0.564192
vn -0.721233 0.139473 -0.678506
vn -0.836044 0.118085 -0.535804
vn -0.722281 0.087904 0.685991
vn -0.673831 0.055072 0.736830
vn -0.815763 0.084935 -0.572116
vn -0.705106 0.093294 -0.702938
vn -0.834566 0.092210 -0.543137
vn -0.746367 0.038564 0.664416
vn -0.688931 0.047236 0.723286
vn -0.812269 0.048085 -0.581298
vn -0.698239 0.058913 -0.713437
vn -0.832420 0.040963 -0.552630
vn -0.763957 -0.053175 0.643073
vn -0.699098 -0.038454 0.713991
vn -0.802280 0.054463 -0.594458
vn -0.826280 0.130556 -0.547920
vn -0.783026 0.214290 -0.583909
vn -0.781284 -0.018468 0.623902
vn -0.714646 -0.076839 0.695253
vn -0.794072 0.315020 -0.519819
vn -0.749041 0.330477 -0.574214
vn -0.824970 0.306047 -0.475141
vn -0.813120 0.135928 0.566003
vn -0.743905 0.043879 0.666843
vn -0.747051 0.413123 -0.520811
vn -0.789519 0.401581 -0.464104
vn -0.760278 0.412024 -0.502208
vn -0.853527 0.299542 0.426340
vn -0.820838 0.277307 0.499325
vn -0.711028 0.258278 0.654012
vn -0.786620 0.422725 -0.450036
vn -0.815927 0.430690 -0.385706
vn -0.780754 0.451814 -0.431610
vn -0.868651 0.423360 -0.257315
vn -0.854309 0.429993 0.291998
vn -0.837007 0.365888 0.406871
vn -0.794598 0.378991 0.474320
vn -0.690246 0.353998 0.631067
vn -0.786266 0.453443 -0.419733
vn -0.861285 0.414975 -0.293229
vn -0.699920 0.608251 -0.374357
vn -0.870254 0.473948 -0.134283
vn -0.854736 0.501952 0.132177
vn -0.854055 0.455569 0.251091
vn -0.850579 0.429119 0.303928
vn -0.745760 0.423186 0.514544
vn -0.269054 -0.903680 -0.333126
vn -0.226907 -0.880834 -0.415505
vn -0.149473 -0.949134 -0.277131
vn -0.079821 -0.986246 -0.144733
vn -0.053624 -0.994742 -0.087254
vn -0.010244 -0.999710 -0.021776
vn 0.035268 -0.999210 0.018315
vn 0.072144 -0.997220 0.018624
vn 0.093676 -0.995588 -0.005383
vn 0.110903 -0.993725 -0.014553
vn 0.126747 -0.991883 0.010162
vn 0.094952 -0.983470 0.154175
vn -0.003891 -0.909124 0.416508
vn -0.128156 -0.722754 0.679120
vn -0.285024 -0.650905 -0.703622
vn -0.277010 -0.760434 -0.587372
vn -0.236638 -0.645894 0.725826
vn -0.337300 -0.386411 0.858438
vn -0.249647 -0.402224 0.880848
vn -0.219802 -0.294271 -0.930103
vn -0.269385 -0.437841 -0.857745
vn -0.353643 -0.275785 0.893801
vn -0.182464 -0.129542 -0.974641
vn -0.462259 -0.166331 0.871005
vn -0.200354 -0.056724 -0.978080
vn -0.519402 -0.127919 0.844901
vn -0.553982 -0.067958 0.829750
vn -0.432385 -0.112756 0.894611
vn -0.246705 -0.036560 -0.968401
vn -0.588436 -0.152206 0.794089
vn -0.430978 -0.137242 0.891864
vn -0.293685 -0.023994 -0.955601
vn -0.590612 -0.267311 0.761395
vn -0.462355 -0.261776 0.847173
vn -0.345039 0.003302 -0.938583
vn -0.467064 -0.341843 0.815472
vn -0.399471 0.069972 -0.914071
vn -0.476549 -0.363675 0.800401
vn -0.502070 -0.243265 0.829909
vn -0.326157 -0.250741 0.911455
vn -0.404109 0.080468 -0.911165
vn -0.465038 -0.095110 0.880167
vn -0.326901 -0.121102 0.937267
vn -0.537558 0.123977 -0.834063
vn -0.453780 0.097570 -0.885756
vn -0.468727 0.086905 0.879058
vn -0.332589 0.017992 0.942900
vn -0.553954 0.145613 -0.819714
vn -0.418743 0.144185 -0.896585
vn -0.492267 0.263709 0.829536
vn -0.327532 0.197554 0.923956
vn -0.566077 0.273873 -0.777529
vn -0.377296 0.262508 -0.888109
vn -0.386199 0.338780 0.857950
vn -0.434418 0.406278 0.803877
vn -0.535721 0.358659 -0.764439
vn -0.587161 0.332521 -0.738019
vn -0.490449 0.356809 -0.795077
vn -0.534766 0.457624 0.710355
vn -0.419555 0.445263 0.791021
vn -0.618672 0.324374 -0.715560
vn -0.435631 0.320297 -0.841211
vn -0.457525 0.465263 0.757761
vn -0.507898 0.324216 0.798075
vn -0.626072 0.310566 -0.715250
vn -0.621847 0.252443 -0.741336
vn -0.613502 0.108796 0.782163
vn -0.521488 0.158362 0.838434
vn -0.667614 0.139314 -0.731357
vn -0.589958 0.162387 -0.790936
vn -0.618331 -0.009704 0.785858
vn -0.511113 0.011655 0.859434
vn -0.677910 0.132879 -0.723036
vn -0.520441 0.167999 -0.837208
vn -0.635529 0.004564 0.772063
vn -0.520674 -0.019379 0.853536
vn -0.684141 0.148060 -0.714163
vn -0.483991 0.161336 -0.860072
vn -0.644920 0.048010 0.762741
vn -0.544561 0.033475 0.838053
vn -0.689855 0.124722 -0.713123
vn -0.440217 0.131826 -0.888161
vn -0.660703 0.014519 0.750507
vn -0.529264 0.029755 0.847935
vn -0.700072 0.053433 -0.712070
vn -0.436304 0.056432 -0.898028
vn -0.658469 -0.078320 0.748522
vn -0.529733 -0.051358 0.846608
vn -0.709690 0.120766 -0.694086
vn -0.450578 0.084167 -0.888761
vn -0.707578 0.099638 -0.699575
vn -0.662803 -0.062236 0.746203
vn -0.561623 -0.108414 0.820260
vn -0.657273 0.224647 -0.719392
vn -0.728457 0.290323 -0.620534
vn -0.597816 0.332768 -0.729302
vn -0.673517 0.091406 0.733499
vn -0.558313 0.047105 0.828292
vn -0.732765 0.378433 -0.565547
vn -0.508872 0.423211 -0.749628
vn -0.756664 0.397640 -0.518981
vn -0.680313 0.255375 0.686992
vn -0.527776 0.270146 0.805279
vn -0.609334 0.502646 -0.613236
vn -0.747448 0.410698 -0.522158
vn -0.624644 0.458879 -0.631862
vn -0.779717 0.410579 -0.472722
vn -0.674630 0.433043 0.597786
vn -0.595799 0.426164 0.680740
vn -0.563007 0.376641 0.735639
vn -0.652713 0.454792 -0.605913
vn -0.779172 0.415406 -0.469391
vn -0.620374 0.557472 -0.551689
vn -0.807862 0.434265 -0.398465
vn -0.691437 0.446015 0.568318
vn -0.570301 0.454391 0.684314
vn -0.163899 -0.796607 -0.581854
vn -0.090600 -0.752565 -0.652256
vn -0.028262 -0.939524 -0.341314
vn -0.021223 -0.973674 -0.226957
vn -0.010299 -0.992697 -0.120197
vn 0.018309 -0.998743 -0.046654
vn 0.046351 -0.998882 0.009245
vn 0.066788 -0.996608 0.048083
vn 0.084195 -0.995533 0.042731
vn 0.104684 -0.994395 0.014855
vn 0.124452 -0.992226 0.000553
vn 0.134146 -0.990830 0.016131
vn 0.125671 -0.986450 0.105467
vn 0.072016 -0.941695 0.328671
vn 0.007875 -0.851703 0.523965
vn -0.199829 -0.707265 -0.678118
vn -0.081946 -0.399359 -0.913125
vn -0.035042 -0.731438 -0.681007
vn -0.081958 -0.703379 0.706075
vn -0.189588 -0.537406 0.821737
vn -0.047371 -0.267982 -0.962259
vn -0.296177 -0.472561 0.830039
vn -0.424842 -0.271909 0.863467
vn -0.254330 -0.375288 0.891334
vn -0.053399 -0.138745 -0.988887
vn -0.446098 -0.200919 0.872140
vn -0.330207 -0.194786 0.923592
vn -0.079010 -0.099199 -0.991926
vn -0.339881 -0.110476 0.933957
vn -0.112283 -0.081985 -0.990288
vn -0.342624 -0.151557 0.927167
vn -0.184888 -0.070958 -0.980195
vn -0.354290 -0.269033 0.895600
vn -0.311068 -0.043510 -0.949391
vn -0.120081 -0.052919 -0.991353
vn -0.122464 -0.092196 -0.988181
vn -0.367189 -0.360990 0.857239
vn -0.379288 -0.359620 0.852534
vn -0.273083 -0.286062 0.918474
vn -0.323999 0.022391 -0.945792
vn -0.144754 0.000141 -0.989468
vn -0.216777 -0.190871 0.957380
vn -0.346204 0.070768 -0.935486
vn -0.133882 0.068232 -0.988645
vn -0.205533 -0.095620 0.973968
vn -0.298281 0.110410 -0.948071
vn -0.269927 0.105149 -0.957122
vn -0.212397 0.041185 0.976315
vn -0.252904 0.162769 -0.953701
vn -0.209624 0.167850 0.963267
vn -0.210050 0.245377 -0.946398
vn -0.340997 0.446363 0.827333
vn -0.236527 0.325534 0.915468
vn -0.406041 0.396102 -0.823550
vn -0.212734 0.357310 -0.909436
vn -0.284284 0.469779 0.835758
vn -0.303658 0.429125 0.850672
vn -0.281612 0.435735 -0.854886
vn -0.285027 0.344146 -0.894608
vn -0.454327 0.335683 0.825169
vn -0.346290 0.345719 0.872102
vn -0.436120 0.277453 -0.856049
vn -0.289824 0.269471 -0.918361
vn -0.396849 0.272893 0.876379
vn -0.441425 0.128644 0.888029
vn -0.473173 0.198490 -0.858318
vn -0.245288 0.182618 -0.952095
vn -0.450784 -0.031119 0.892090
vn -0.481313 0.160077 -0.861808
vn -0.222462 0.182381 -0.957731
vn -0.466925 -0.095292 0.879148
vn -0.480666 0.016205 0.876754
vn -0.360606 -0.035613 0.932038
vn -0.390927 0.250313 -0.885731
vn -0.364834 0.190907 -0.911291
vn -0.391759 0.049978 0.918709
vn -0.467458 0.042509 0.882993
vn -0.358532 0.109077 -0.927123
vn -0.459617 0.011470 0.888043
vn -0.345338 0.043561 -0.937467
vn -0.461624 -0.083584 0.883129
vn -0.330698 0.063336 -0.941609
vn -0.491082 -0.191824 0.849730
vn -0.508756 -0.073517 0.857766
vn -0.344535 -0.113925 0.931835
vn -0.513085 0.311423 -0.799849
vn -0.340250 0.255156 -0.905055
vn -0.503792 0.084741 0.859659
vn -0.297922 0.097539 0.949594
vn -0.453712 0.432533 -0.779141
vn -0.415873 0.436784 -0.797665
vn -0.301526 0.220394 0.927636
vn -0.353091 0.307931 0.883462
vn -0.594286 0.446541 -0.668899
vn -0.395239 0.431509 -0.810917
vn -0.446936 0.466780 0.763128
vn -0.299402 0.431718 0.850869
vn -0.538155 0.496848 -0.680831
vn -0.548843 0.590918 -0.591259
vn -0.510347 0.589859 -0.625789
vn -0.176193 0.536873 0.825060
vn -0.417653 0.533727 0.735324
vn 0.092940 -0.739085 -0.667169
vn 0.072151 -0.939094 -0.336001
vn 0.050055 -0.969300 -0.240731
vn 0.047888 -0.993009 -0.107888
vn 0.049571 -0.998203 -0.033683
vn 0.049969 -0.998499 0.022434
vn 0.052042 -0.996735 0.061738
vn 0.064952 -0.996124 0.059309
vn 0.083310 -0.995903 0.035166
vn 0.103643 -0.994437 0.018795
vn 0.119628 -0.992559 0.022716
vn 0.127110 -0.987466 0.093563
vn 0.102661 -0.960736 0.257773
vn 0.079563 -0.891051 0.446876
vn 0.078966 -0.397651 -0.914132
vn 0.104871 -0.721189 -0.684755
vn -0.009057 -0.772115 0.635419
vn -0.043326 -0.689197 0.723278
vn 0.071543 -0.251375 -0.965242
vn -0.145943 -0.532741 0.833599
vn -0.157632 -0.377152 0.912638
vn 0.079378 -0.151045 -0.985335
vn -0.171479 -0.209683 0.962615
vn 0.068394 -0.117971 -0.990659
vn -0.218747 -0.146513 0.964720
vn 0.065032 -0.112891 -0.991477
vn -0.262648 -0.166467 0.950423
vn -0.079791 -0.140952 -0.986796
vn -0.006622 -0.103601 -0.994597
vn 0.060445 -0.152942 -0.986385
vn -0.304106 -0.253081 0.918406
vn -0.327441 -0.313654 0.891293
vn -0.196471 -0.250757 0.947903
vn -0.028934 -0.061301 -0.997700
vn -0.144130 -0.227899 0.962958
vn -0.030994 0.000050 -0.999520
vn -0.120675 -0.175782 0.977005
vn -0.023448 0.057548 -0.998067
vn -0.123126 -0.100359 0.987303
vn -0.173339 0.125925 -0.976779
vn -0.019207 0.095119 -0.995281
vn -0.121372 0.039236 0.991831
vn -0.053896 0.156209 -0.986252
vn -0.045700 0.166847 -0.984923
vn -0.118266 0.183112 0.975952
vn -0.022131 0.264969 -0.964003
vn -0.104614 0.310796 0.944702
vn 0.018721 0.366195 -0.930350
vn -0.263194 0.431418 0.862907
vn -0.141834 0.404445 0.903497
vn -0.053927 0.431946 -0.900286
vn -0.028280 0.339547 -0.940164
vn -0.119187 0.424730 0.897440
vn -0.208889 0.330439 0.920421
vn -0.032527 0.239761 -0.970287
vn -0.369780 0.052011 0.927662
vn -0.220080 0.172401 0.960126
vn -0.073251 0.156741 -0.984919
vn -0.367295 -0.030754 0.929596
vn -0.248491 -0.016699 0.968490
vn -0.079401 0.156690 -0.984451
vn -0.212525 -0.048142 0.975969
vn -0.289686 0.252261 -0.923280
vn -0.086442 0.196501 -0.976686
vn -0.389495 0.040788 0.920125
vn -0.253403 0.023609 0.967073
vn -0.169136 0.214603 -0.961945
vn -0.178810 0.137886 -0.974174
vn -0.392027 0.016280 0.919810
vn -0.254948 0.031076 0.966455
vn -0.149080 0.043787 -0.987855
vn -0.377660 -0.107951 0.919630
vn -0.247317 -0.055602 0.967338
vn -0.159954 0.072940 -0.984426
vn -0.174292 -0.045775 0.983630
vn -0.131942 0.240901 -0.961539
vn -0.107893 0.125383 0.986224
vn -0.341694 0.450381 -0.824865
vn -0.146871 0.392761 -0.907837
vn -0.205885 0.470437 0.858080
vn -0.094517 0.281765 0.954817
vn -0.209751 0.500538 -0.839921
vn -0.207963 0.459952 -0.863247
vn -0.011959 0.524530 0.851308
vn -0.035354 0.511908 0.858312
vn -0.376704 0.501067 -0.779119
vn -0.174748 0.419453 -0.890799
vn 0.052706 0.589380 0.806135
vn 0.033039 0.719329 0.693884
vn 0.191926 -0.850390 -0.489899
vn 0.242533 -0.880930 -0.406374
vn 0.181128 -0.946650 -0.266547
vn 0.126986 -0.984273 -0.122808
vn 0.100827 -0.994089 -0.040268
vn 0.086507 -0.996133 0.015327
vn 0.075376 -0.995438 0.058495
vn 0.075162 -0.994296 0.075665
vn 0.097432 -0.993563 0.057798
vn 0.122217 -0.991721 0.039398
vn 0.139740 -0.989545 0.035674
vn 0.142270 -0.985751 0.089744
vn 0.148061 -0.968924 0.198150
vn 0.156068 -0.900832 0.405147
vn 0.178592 -0.434450 -0.882812
vn 0.275192 -0.633485 -0.723164
vn 0.285144 -0.763608 -0.579306
vn 0.096182 -0.849268 0.519128
vn 0.078816 -0.715575 0.694076
vn 0.240873 -0.266820 -0.933160
vn 0.333031 -0.402093 -0.852885
vn 0.009922 -0.582532 0.812747
vn 0.004227 -0.395663 0.918386
vn 0.221592 -0.154807 -0.962773
vn 0.000930 -0.246016 0.969265
vn 0.225369 -0.128775 -0.965725
vn 0.038214 -0.180446 0.982842
vn 0.223621 -0.118581 -0.967436
vn -0.053503 -0.168566 0.984237
vn -0.208184 -0.213695 0.954460
vn 0.015599 -0.195179 0.980644
vn 0.153194 -0.167505 -0.973896
vn 0.227371 -0.134025 -0.964541
vn -0.005519 -0.205660 0.978608
vn 0.101626 -0.089832 -0.990758
vn 0.252144 -0.169752 -0.952685
vn 0.020043 -0.210509 0.977386
vn 0.121083 -0.000746 -0.992642
vn 0.018075 -0.173960 0.984587
vn 0.118021 0.065860 -0.990825
vn 0.027443 -0.095513 0.995050
vn 0.146332 0.121927 -0.981693
vn 0.095087 0.153020 -0.983638
vn 0.204945 0.110317 -0.972537
vn 0.035354 0.043758 0.998416
vn 0.167159 0.174257 -0.970408
vn 0.035480 0.181113 0.982822
vn 0.162633 0.263584 -0.950828
vn 0.018409 0.305060 0.952155
vn 0.194880 0.367392 -0.909420
vn 0.046292 0.389247 0.919970
vn 0.158708 0.437795 -0.884956
vn 0.171189 0.330240 -0.928243
vn 0.047769 0.437903 0.897752
vn 0.023517 0.329237 0.943955
vn 0.146879 0.202897 -0.968122
vn 0.043872 0.130392 0.990491
vn 0.141693 0.133215 -0.980906
vn 0.028913 -0.035575 0.998949
vn 0.131005 0.143970 -0.980872
vn 0.011093 -0.051228 0.998625
vn 0.122163 0.173196 -0.977282
vn 0.001507 0.019325 0.999812
vn 0.003490 0.201915 -0.979397
vn 0.098997 0.125171 -0.987184
vn 0.001693 0.032143 0.999482
vn 0.065482 0.028758 -0.997439
vn 0.019111 -0.026998 0.999453
vn 0.051997 0.073372 -0.995948
vn 0.054050 0.000773 0.998538
vn 0.037256 0.253278 -0.966676
vn 0.107778 0.192572 0.975346
vn 0.076406 0.398179 -0.914120
vn 0.148372 0.349959 0.924940
vn 0.025850 0.517339 -0.855390
vn 0.055677 0.456615 -0.887920
vn 0.195110 0.536763 0.820864
vn 0.202938 0.539840 0.816939
vn 0.106306 0.426146 -0.898387
vn 0.268876 0.569752 0.776588
vn 0.162795 0.721046 0.673491
vn 0.333878 -0.857203 -0.392082
vn 0.337531 -0.894974 -0.291710
vn 0.270851 -0.945438 -0.181072
vn 0.209983 -0.974175 -0.083008
vn 0.155102 -0.987874 -0.006927
vn 0.134412 -0.989574 0.051737
vn 0.133202 -0.987839 0.080191
vn 0.130246 -0.988376 0.078421
vn 0.156586 -0.985338 0.067749
vn 0.169740 -0.984471 0.044781
vn 0.173967 -0.980162 0.094964
vn 0.207291 -0.953003 0.220942
vn 0.218617 -0.954673 0.202007
vn 0.418208 -0.513349 -0.749383
vn 0.409203 -0.764856 -0.497543
vn 0.403121 -0.825829 -0.394334
vn 0.200639 -0.931263 0.304127
vn 0.167079 -0.844954 0.508072
vn 0.227966 -0.647573 0.727104
vn 0.400129 -0.306355 -0.863738
vn 0.481627 -0.330240 -0.811774
vn 0.186287 -0.599825 0.778143
vn 0.216882 -0.346314 0.912704
vn 0.359996 -0.180795 -0.915268
vn 0.528672 -0.244078 -0.812977
vn 0.199566 -0.226131 0.953435
vn 0.373905 -0.141101 -0.916671
vn 0.253941 -0.152402 0.955137
vn 0.377181 -0.142110 -0.915172
vn 0.207797 -0.182476 0.961001
vn 0.287883 -0.162623 0.943757
vn 0.329701 -0.124950 -0.935780
vn 0.248816 -0.230005 0.940845
vn 0.192291 -0.242358 0.950940
vn 0.300412 -0.097520 -0.948811
vn 0.322111 -0.132068 -0.937445
vn 0.150057 -0.214074 0.965223
vn 0.287804 0.000979 -0.957689
vn 0.312965 -0.052391 -0.948319
vn 0.161622 -0.167202 0.972585
vn 0.297756 0.081451 -0.951161
vn 0.291831 0.057783 -0.954723
vn 0.164465 -0.085835 0.982641
vn 0.286310 0.106703 -0.952177
vn 0.168553 0.047203 0.984562
vn 0.298884 0.171893 -0.938680
vn 0.162780 0.174889 0.971039
vn 0.320695 0.275345 -0.906278
vn 0.195470 0.329754 0.923609
vn 0.347650 0.368667 -0.862105
vn 0.281279 0.434389 -0.855680
vn 0.329314 0.359024 -0.873301
vn 0.205617 0.429726 0.879236
vn 0.263033 0.438180 0.859542
vn 0.230443 0.405549 0.884549
vn 0.300498 0.308999 -0.902342
vn 0.264569 0.315811 0.911190
vn 0.318983 0.208245 -0.924599
vn 0.292514 0.109066 0.950021
vn 0.308990 0.129561 -0.942199
vn 0.263736 -0.081960 0.961106
vn 0.310171 0.118826 -0.943225
vn 0.268527 0.157762 -0.950266
vn 0.417967 0.108392 -0.901973
vn 0.258617 -0.044844 0.964938
vn 0.262212 0.170958 -0.949746
vn 0.318693 0.136288 -0.938009
vn 0.249037 0.013990 0.968393
vn 0.270201 0.089263 -0.958657
vn 0.240019 0.050193 0.969470
vn 0.243554 0.003342 -0.969882
vn 0.264561 -0.024021 0.964070
vn 0.229013 0.056752 -0.971768
vn 0.285249 0.072577 0.955702
vn 0.230395 0.259951 -0.937733
vn 0.293542 0.255473 0.921177
vn 0.270029 0.404822 -0.873615
vn 0.332414 0.417287 0.845797
vn 0.416995 0.381528 0.824955
vn 0.399138 0.477335 0.782841
vn 0.185909 0.503230 -0.843918
vn 0.272398 0.455839 -0.847355
vn 0.383519 0.525976 0.759120
vn 0.288287 0.439840 -0.850547
vn 0.189434 0.588876 -0.785710
vn 0.462331 0.545402 -0.699133
vn 0.389170 0.532409 0.751723
vn 0.399688 0.556071 0.728721
vn 0.396975 -0.877074 -0.270467
vn 0.397030 -0.892448 -0.214252
vn 0.309224 -0.942454 -0.127126
vn 0.267039 -0.961732 -0.061339
vn 0.215939 -0.975858 0.032741
vn 0.189021 -0.978918 0.077403
vn 0.177661 -0.980351 0.085728
vn 0.200528 -0.976203 0.082558
vn 0.219831 -0.969322 0.109954
vn 0.200194 -0.978151 0.056072
vn 0.216549 -0.973547 0.072888
vn 0.534081 -0.513221 -0.671835
vn 0.617384 -0.546393 -0.565942
vn 0.477362 -0.778352 -0.407791
vn 0.452451 -0.839226 -0.301641
vn 0.185961 -0.980420 0.064775
vn 0.186289 -0.979998 0.069997
vn 0.205382 -0.965148 0.162195
vn 0.212083 -0.933308 0.289753
vn 0.236710 -0.859606 0.452820
vn 0.345375 -0.539846 0.767647
vn 0.531274 -0.318684 -0.784976
vn 0.655982 -0.440489 -0.612908
vn 0.341418 -0.557902 0.756425
vn 0.424947 -0.445193 0.788178
vn 0.543736 -0.182745 -0.819119
vn 0.573443 -0.202353 -0.793862
vn 0.415118 -0.344022 0.842215
vn 0.372088 -0.210711 0.903964
vn 0.517457 -0.158707 -0.840863
vn 0.573395 -0.197096 -0.795218
vn 0.408787 -0.131915 0.903046
vn 0.471804 -0.187829 -0.861465
vn 0.537419 -0.202769 -0.818576
vn 0.405639 -0.152769 0.901176
vn 0.413489 -0.166740 -0.895111
vn 0.530759 -0.207369 -0.821762
vn 0.345064 -0.269838 0.898954
vn 0.403540 -0.253695 0.879087
vn 0.395429 -0.139914 -0.907777
vn 0.361826 -0.344756 0.866156
vn 0.297078 -0.233487 0.925866
vn 0.391580 -0.041539 -0.919206
vn 0.298478 -0.165886 0.939890
vn 0.387826 0.057292 -0.919950
vn 0.274029 -0.069111 0.959235
vn 0.401537 0.131073 -0.906415
vn 0.296526 0.046607 0.953887
vn 0.416517 0.191874 -0.888650
vn 0.333050 0.208727 0.919517
vn 0.452101 0.258193 -0.853780
vn 0.419980 0.332595 -0.844392
vn 0.452936 0.275523 -0.847901
vn 0.293062 0.361309 0.885195
vn 0.438116 0.338331 -0.832818
vn 0.322035 0.446616 0.834762
vn 0.411497 0.417991 0.809910
vn 0.432360 0.312908 -0.845667
vn 0.389670 0.306854 0.868331
vn 0.557032 0.298873 -0.774848
vn 0.458752 0.183462 -0.869418
vn 0.582388 0.196515 -0.788800
vn 0.433089 0.132773 0.891518
vn 0.476800 0.243379 0.844647
vn 0.611175 0.082722 0.787161
vn 0.450093 0.129275 -0.883575
vn 0.527699 0.094633 -0.844144
vn 0.447150 -0.048236 0.893158
vn 0.599835 -0.114305 0.791917
vn 0.490585 0.081931 -0.867533
vn 0.407033 -0.105457 0.907305
vn 0.608114 -0.091343 0.788577
vn 0.456415 0.094324 -0.884753
vn 0.379292 -0.009341 0.925230
vn 0.582339 -0.040798 0.811922
vn 0.425040 0.055211 -0.903489
vn 0.353839 0.041240 0.934397
vn 0.560633 0.047071 0.826726
vn 0.404575 -0.010124 -0.914449
vn 0.390709 0.040474 0.919624
vn 0.542779 0.048972 0.838447
vn 0.405860 0.063963 -0.911694
vn 0.410897 0.028840 0.911226
vn 0.559850 0.088459 0.823859
vn 0.396777 0.265846 -0.878575
vn 0.448822 0.228976 0.863788
vn 0.534816 0.307422 0.787060
vn 0.481421 0.398441 -0.780691
vn 0.343862 0.447299 -0.825641
vn 0.437945 0.440906 -0.783458
vn 0.466714 0.460954 0.754784
vn 0.449784 0.462264 -0.764203
vn 0.441101 0.527184 0.726296
vn 0.453023 0.516196 0.726850
vn 0.467697 0.509380 0.722352
vn 0.511214 0.471329 -0.718686
vn 0.568135 0.503583 -0.650866
vn 0.426884 0.555407 0.713648
vn 0.542098 0.563133 0.623707
vn 0.619695 0.600285 0.505605
vn 0.436396 -0.877231 -0.200059
vn 0.387499 -0.912704 -0.129677
vn 0.329622 -0.943984 -0.015585
vn 0.267238 -0.961693 0.061081
vn 0.230777 -0.970199 0.073870
vn 0.649377 -0.533550 -0.541879
vn 0.596417 -0.554484 -0.580374
vn 0.461701 -0.817675 -0.343859
vn 0.400092 -0.881166 -0.251939
vn 0.302422 -0.942461 -0.142509
vn 0.238965 -0.970743 -0.023538
vn 0.197467 -0.979734 0.033584
vn 0.169198 -0.983493 0.064131
vn 0.147399 -0.987646 0.053196
vn 0.161319 -0.983615 0.080483
vn 0.180976 -0.972203 0.148554
vn 0.259944 -0.902008 0.344689
vn 0.396220 -0.691225 0.604332
vn 0.386252 -0.699630 0.601105
vn 0.694579 -0.270663 -0.666560
vn 0.706902 -0.366419 -0.605002
vn 0.640227 -0.456853 -0.617572
vn 0.440536 -0.532665 0.722631
vn 0.471480 -0.348205 0.810222
vn 0.651269 -0.204320 -0.730823
vn 0.643587 -0.290100 -0.708264
vn 0.568242 -0.249105 0.784249
vn 0.560501 -0.188589 0.806395
vn 0.600388 -0.230615 -0.765735
vn 0.579941 -0.294027 -0.759748
vn 0.565111 -0.144456 0.812269
vn 0.589379 -0.181202 0.787273
vn 0.514231 -0.245922 -0.821638
vn 0.530780 -0.300175 -0.792571
vn 0.557959 -0.173265 0.811580
vn 0.469815 -0.192562 0.861506
vn 0.522591 -0.198371 -0.829185
vn 0.471275 -0.220946 -0.853863
vn 0.431175 -0.302298 0.850120
vn 0.494530 -0.153549 -0.855490
vn 0.413066 -0.217872 -0.884256
vn 0.444298 -0.297625 0.844996
vn 0.411610 -0.291269 0.863562
vn 0.467286 -0.032228 -0.883519
vn 0.386702 -0.102871 -0.916449
vn 0.423435 -0.225101 0.877515
vn 0.403011 -0.221595 0.887963
vn 0.481048 0.087262 -0.872341
vn 0.391074 0.071632 -0.917567
vn 0.403525 -0.174568 0.898161
vn 0.385940 -0.072512 0.919670
vn 0.501044 0.157398 -0.850988
vn 0.412909 0.159163 -0.896757
vn 0.414158 0.095094 0.905224
vn 0.507542 0.213684 -0.834710
vn 0.462892 0.220380 -0.858582
vn 0.448520 0.242577 0.860225
vn 0.477326 0.198415 0.856032
vn 0.503794 0.305909 0.807844
vn 0.493676 0.288410 -0.820429
vn 0.496805 0.374755 0.782779
vn 0.523771 0.407692 0.747965
vn 0.538822 0.374437 -0.754631
vn 0.571274 0.352007 -0.741443
vn 0.550475 0.389728 -0.738302
vn 0.543768 0.425763 0.723217
vn 0.584835 0.458323 0.669259
vn 0.646652 0.440936 0.622428
vn 0.594187 0.354494 -0.721994
vn 0.586436 0.353167 -0.728948
vn 0.626189 0.321240 0.710417
vn 0.651094 0.320117 0.688188
vn 0.626696 0.109752 -0.771496
vn 0.608076 0.281838 -0.742167
vn 0.641352 0.223182 -0.734069
vn 0.669437 0.136952 0.730135
vn 0.686603 0.198754 0.699338
vn 0.664967 0.054338 0.744894
vn 0.622935 0.056824 -0.780207
vn 0.670442 0.076816 -0.737975
vn 0.658382 -0.029144 0.752119
vn 0.662245 -0.126389 0.738551
vn 0.614626 0.068115 -0.785872
vn 0.676826 0.052114 -0.734296
vn 0.644939 -0.205657 0.736043
vn 0.622326 -0.115799 0.774146
vn 0.612763 0.073977 -0.786796
vn 0.662630 0.065308 -0.746094
vn 0.601990 -0.032315 0.797850
vn 0.605014 0.033924 -0.795492
vn 0.649829 0.044111 -0.758799
vn 0.599193 0.071538 0.797402
vn 0.594668 -0.031430 -0.803357
vn 0.643803 -0.015197 -0.765040
vn 0.598305 0.019881 0.801022
vn 0.573570 0.083134 -0.814927
vn 0.640796 -0.000066 -0.767711
vn 0.609796 0.146022 0.778991
vn 0.560598 0.222735 -0.797571
vn 0.598845 0.242577 -0.763244
vn 0.591770 0.304645 0.746324
vn 0.663979 0.227311 0.712363
vn 0.658571 0.301267 0.689581
vn 0.581016 0.480534 -0.656892
vn 0.616766 0.398789 -0.678651
vn 0.671228 0.464274 -0.577842
vn 0.565953 0.420877 0.708915
vn 0.582858 0.429329 0.689894
vn 0.618393 0.495613 -0.609883
vn 0.641598 0.486845 -0.592734
vn 0.600844 0.527131 0.600933
vn 0.633978 0.523978 0.568787
vn 0.641068 0.539585 0.545784
vn 0.662250 0.490868 -0.566103
vn 0.656897 0.473986 -0.586365
vn 0.697367 0.485290 -0.527421
vn 0.596874 0.579158 0.555263
vn 0.640156 0.548550 0.537860
vn 0.672347 0.551776 0.493450
vn 0.567874 -0.632316 -0.526968
vn 0.582792 -0.632650 -0.510007
vn 0.409293 -0.855624 -0.316838
vn 0.364751 -0.901468 -0.233048
vn 0.287353 -0.953512 -0.090789
vn 0.238292 -0.971165 -0.007459
vn 0.212447 -0.976449 0.037603
vn 0.217447 -0.974056 0.062702
vn 0.217545 -0.971704 0.092008
vn 0.297081 -0.924457 0.239002
vn 0.364021 -0.774613 0.517168
vn 0.440560 -0.810542 0.385913
vn 0.606784 -0.344741 -0.716217
vn 0.590704 -0.432073 -0.681455
vn 0.599118 -0.555101 -0.576993
vn 0.595170 -0.483102 0.642173
vn 0.529678 -0.379513 0.758558
vn 0.648732 -0.273467 0.710185
vn 0.591576 -0.340066 -0.731022
vn 0.564659 -0.384269 -0.730410
vn 0.560999 -0.174888 0.809132
vn 0.700993 -0.146721 0.697913
vn 0.507156 -0.340509 -0.791736
vn 0.516696 -0.382419 -0.766017
vn 0.656918 -0.105093 0.746602
vn 0.587966 -0.173081 0.790152
vn 0.506350 -0.331122 -0.796221
vn 0.446319 -0.359048 -0.819685
vn 0.568782 -0.240224 0.786625
vn 0.585288 -0.241872 0.773909
vn 0.377732 -0.277787 -0.883263
vn 0.426192 -0.385548 -0.818360
vn 0.538673 -0.300899 0.786950
vn 0.581837 -0.326742 0.744786
vn 0.339297 -0.208329 -0.917320
vn 0.545229 -0.415653 0.727982
vn 0.438228 -0.288546 0.851291
vn 0.347735 -0.057382 -0.935835
vn 0.488346 -0.176568 0.854600
vn 0.361787 0.103999 -0.926442
vn 0.425868 -0.083500 0.900924
vn 0.522696 -0.033488 0.851861
vn 0.407088 0.210858 -0.888717
vn 0.459499 0.077541 0.884787
vn 0.561602 0.175887 0.808496
vn 0.454120 0.260478 -0.852013
vn 0.549138 0.340143 0.763381
vn 0.539511 0.355349 -0.763319
vn 0.545673 0.364026 -0.754802
vn 0.548507 0.372282 -0.748697
vn 0.608928 0.479741 0.631708
vn 0.667521 0.463100 0.583055
vn 0.671004 0.481978 0.563428
vn 0.544729 0.392521 -0.741079
vn 0.652120 0.454677 0.606637
vn 0.676372 0.470163 0.566981
vn 0.686177 0.374606 0.623564
vn 0.611719 0.423802 -0.667975
vn 0.596593 0.352267 -0.721100
vn 0.635286 0.354338 -0.686190
vn 0.665735 0.283563 0.690209
vn 0.672975 0.262366 0.691570
vn 0.660112 0.220347 -0.718122
vn 0.669162 0.110336 0.734880
vn 0.813053 0.156171 0.560853
vn 0.837506 -0.000072 0.546427
vn 0.687928 0.112373 -0.717027
vn 0.695790 0.062621 -0.715511
vn 0.825318 0.080565 -0.558891
vn 0.668949 -0.011883 0.743213
vn 0.674037 -0.110466 0.730392
vn 0.703747 0.058067 -0.708074
vn 0.816933 0.043527 -0.575088
vn 0.668442 -0.142446 0.729997
vn 0.678987 -0.140103 0.720658
vn 0.701399 0.055552 -0.710600
vn 0.808012 0.052967 -0.586780
vn 0.672031 -0.062611 0.737872
vn 0.694746 -0.033759 0.718463
vn 0.706738 0.025571 -0.707013
vn 0.797864 0.037367 -0.601678
vn 0.666912 0.031034 0.744489
vn 0.689808 0.063323 0.721218
vn 0.699557 -0.045560 -0.713123
vn 0.796592 -0.019018 -0.604217
vn 0.669580 0.067443 0.739671
vn 0.693920 0.060158 0.717534
vn 0.700677 0.069832 -0.710053
vn 0.801220 0.000025 -0.598369
vn 0.693823 0.129011 0.708496
vn 0.700776 0.155969 0.696122
vn 0.692585 0.268851 -0.669362
vn 0.759650 0.267499 -0.592770
vn 0.697248 0.268797 0.664525
vn 0.793080 0.249866 0.555510
vn 0.777748 0.334626 0.532104
vn 0.685583 0.504880 -0.524474
vn 0.711526 0.403314 -0.575386
vn 0.759848 0.442553 -0.476211
vn 0.710703 0.417913 0.565906
vn 0.733440 0.443969 0.514741
vn 0.738608 0.477188 -0.476183
vn 0.715866 0.545150 -0.436288
vn 0.743086 0.496769 -0.448379
vn 0.768208 0.505889 -0.392344
vn 0.707654 0.504399 0.494780
vn 0.706729 0.508263 0.492141
vn 0.707789 0.502375 0.496643
vn 0.778586 0.449440 -0.437958
vn 0.785290 0.511041 -0.349509
vn 0.765350 0.530411 -0.364559
vn 0.706913 0.700396 -0.098589
vn 0.857603 0.491855 -0.150320
vn 0.699855 0.703885 0.121445
vn 0.870593 0.491875 0.011278
vn 0.739037 0.603306 0.299745
vn 0.835510 0.511756 0.200072
vn 0.732957 0.525406 0.432113
vn 0.787826 0.524106 0.323485
vn 0.599773 -0.656487 -0.457489
vn 0.534010 -0.752249 -0.385946
vn 0.461471 -0.849686 -0.255103
vn 0.423605 -0.891743 -0.159229
vn 0.388585 -0.920371 -0.043808
vn 0.371242 -0.928162 0.026368
vn 0.365382 -0.927154 0.082957
vn 0.380530 -0.912217 0.151846
vn 0.501089 -0.782190 0.370256
vn 0.750708 -0.558835 0.352338
vn 0.600756 -0.428897 -0.674641
vn 0.610942 -0.521655 -0.595504
vn 0.606193 -0.624709 -0.492208
vn 0.620765 -0.680438 -0.389429
vn 0.709500 -0.463632 0.530713
vn 0.685340 -0.353049 0.636918
vn 0.783696 -0.235823 0.574638
vn 0.552713 -0.382042 -0.740643
vn 0.612089 -0.473011 -0.633726
vn 0.712035 -0.143609 0.687301
vn 0.792448 -0.150229 0.591150
vn 0.475096 -0.425561 -0.770183
vn 0.442982 -0.468684 -0.764266
vn 0.494330 -0.515450 -0.699964
vn 0.702562 -0.131290 0.699407
vn 0.681713 -0.185469 0.707721
vn 0.679309 -0.212782 0.702327
vn 0.355021 -0.407441 -0.841399
vn 0.388016 -0.472712 -0.791193
vn 0.657295 -0.240646 0.714180
vn 0.658647 -0.278353 0.699073
vn 0.377724 -0.359444 -0.853302
vn 0.325048 -0.379588 -0.866174
vn 0.618542 -0.316496 0.719191
vn 0.632810 -0.322411 0.703990
vn 0.320846 -0.218024 -0.921696
vn 0.334000 -0.360358 -0.870968
vn 0.591788 -0.423763 0.685720
vn 0.579958 -0.372294 0.724601
vn 0.633601 -0.315571 0.706374
vn 0.316851 -0.028431 -0.948049
vn 0.572738 -0.209771 0.792444
vn 0.711300 -0.121064 0.692384
vn 0.357609 0.146883 -0.922248
vn 0.592572 -0.029677 0.804971
vn 0.760174 0.099032 0.642127
vn 0.423267 0.255583 -0.869208
vn 0.477917 0.305472 -0.823579
vn 0.414395 0.331905 -0.847417
vn 0.687240 0.211441 0.694977
vn 0.760906 0.278249 0.586173
vn 0.519757 0.347622 -0.780392
vn 0.475319 0.392946 -0.787188
vn 0.764218 0.383573 0.518501
vn 0.737677 0.389298 0.551615
vn 0.742009 0.405907 0.533537
vn 0.722498 0.358439 0.591200
vn 0.587841 0.424372 -0.688732
vn 0.544558 0.430590 -0.719756
vn 0.616035 0.452946 -0.644469
vn 0.725452 0.434590 0.533714
vn 0.736128 0.417171 0.532994
vn 0.618740 0.455965 -0.639731
vn 0.618171 0.466484 -0.632659
vn 0.768401 0.371820 0.520874
vn 0.757308 0.441070 0.481604
vn 0.792581 0.374273 0.481389
vn 0.758482 0.369826 -0.536594
vn 0.680864 0.442844 -0.583363
vn 0.741328 0.473965 -0.475174
vn 0.826617 0.247246 0.505544
vn 0.781627 0.324849 0.532478
vn 0.816836 0.170326 0.551152
vn 0.807710 0.230952 0.542463
vn 0.822590 0.193853 -0.534572
vn 0.803221 0.324491 -0.499542
vn 0.830581 0.226112 -0.508928
vn 0.819385 0.248663 -0.516503
vn 0.837385 0.058596 0.543464
vn 0.833970 0.016425 0.551565
vn 0.853062 0.065237 -0.517716
vn 0.862305 0.101471 -0.496118
vn 0.830020 -0.104628 0.547832
vn 0.842815 -0.087370 0.531064
vn 0.827295 -0.081359 0.555845
vn 0.857595 0.052311 -0.511658
vn 0.873801 0.038335 -0.484770
vn 0.847050 -0.105976 0.520841
vn 0.868573 -0.073161 0.490131
vn 0.821610 -0.138834 0.552885
vn 0.868694 0.049173 -0.492902
vn 0.873085 0.103955 -0.476357
vn 0.895160 0.062872 -0.441288
vn 0.920551 0.083808 -0.381526
vn 0.862962 -0.025282 0.504635
vn 0.887137 -0.004216 0.461487
vn 0.830061 -0.058964 0.554547
vn 0.873471 0.030183 -0.485940
vn 0.903836 0.047783 -0.425202
vn 0.927409 0.056392 -0.369772
vn 0.866921 0.071711 0.493260
vn 0.887692 0.067232 0.455504
vn 0.835813 0.036852 0.547777
vn 0.876754 -0.050857 -0.478242
vn 0.911150 -0.018560 -0.411656
vn 0.927171 -0.005910 -0.374592
vn 0.865982 0.080987 0.493474
vn 0.880316 0.076223 0.468225
vn 0.839690 0.089053 0.535715
vn 0.872884 0.073428 -0.482371
vn 0.912111 0.032241 -0.408672
vn 0.939551 0.005791 -0.342361
vn 0.866225 0.152481 0.475819
vn 0.866307 0.162495 0.472343
vn 0.844925 0.127234 0.519532
vn 0.850510 0.265067 -0.454283
vn 0.899276 0.250753 -0.358364
vn 0.921002 0.200000 -0.334297
vn 0.862561 0.319764 0.392096
vn 0.901276 0.250530 0.353463
vn 0.862125 0.413623 0.292671
vn 0.839639 0.271774 0.470261
vn 0.849145 0.396033 -0.349443
vn 0.876442 0.388613 -0.284304
vn 0.888216 0.392353 -0.239022
vn 0.883840 0.452871 -0.117194
vn 0.902743 0.391494 -0.178292
vn 0.917825 0.394243 -0.046575
vn 0.878296 0.427840 0.213421
vn 0.875280 0.428869 0.223509
vn 0.878979 0.446965 0.166187
vn 0.852392 0.406591 0.328804
vn 0.815520 0.378036 0.438197
vn 0.869054 0.434329 -0.236862
vn 0.886708 0.444758 -0.126251
vn 0.891877 0.450005 -0.045283
vn 0.889702 0.453624 0.051532
vn 0.881641 0.421520 0.212204
vn 0.842051 0.438895 0.313563
vn 0.595699 -0.774933 -0.211237
vn 0.571236 -0.816410 -0.084641
vn 0.563051 -0.826136 0.021741
vn 0.664486 -0.730373 0.158154
vn 0.735152 -0.611593 0.292412
vn 0.626669 -0.557049 -0.544961
vn 0.631067 -0.565806 -0.530677
vn 0.632602 -0.671146 -0.386494
vn 0.682297 -0.695639 -0.224849
vn 0.730263 -0.682046 -0.039109
vn 0.754093 -0.649952 0.094371
vn 0.754700 -0.615940 0.225930
vn 0.850004 -0.417314 0.321469
vn 0.799065 -0.464119 0.382217
vn 0.805320 -0.362444 0.469141
vn 0.580214 -0.553114 -0.597844
vn 0.638007 -0.548795 -0.540159
vn 0.770205 -0.298509 0.563628
vn 0.772327 -0.225417 0.593884
vn 0.799548 -0.180641 0.572793
vn 0.409541 -0.516559 -0.751959
vn 0.566414 -0.583631 -0.581850
vn 0.763989 -0.220141 0.606514
vn 0.752851 -0.228388 0.617295
vn 0.780057 -0.189544 0.596309
vn 0.321808 -0.467385 -0.823402
vn 0.392381 -0.512181 -0.764008
vn 0.705662 -0.350678 0.615683
vn 0.687710 -0.346329 0.638053
vn 0.711360 -0.301220 0.635006
vn 0.323956 -0.382479 -0.865311
vn 0.357857 -0.468578 -0.807696
vn 0.653497 -0.342156 0.675182
vn 0.686724 -0.362408 0.630136
vn 0.314586 -0.189088 -0.930205
vn 0.333103 -0.278615 -0.900786
vn 0.643940 -0.417728 0.640972
vn 0.619943 -0.352765 0.700876
vn 0.680165 -0.265199 0.683407
vn 0.346315 0.029934 -0.937640
vn 0.398332 -0.057100 -0.915462
vn 0.681025 -0.159570 0.714662
vn 0.750357 -0.031018 0.660304
vn 0.384642 0.219411 -0.896610
vn 0.429679 0.243182 -0.869620
vn 0.732825 0.062364 0.677554
vn 0.775950 0.180551 0.604403
vn 0.454696 0.366884 -0.811571
vn 0.751575 0.305244 0.584774
vn 0.755296 0.340099 0.560233
vn 0.553551 0.479048 -0.681245
vn 0.484514 0.439247 -0.756511
vn 0.595186 0.506086 -0.624204
vn 0.757097 0.417402 0.502573
vn 0.767325 0.428230 0.477318
vn 0.775295 0.441261 0.451892
vn 0.668714 0.514765 -0.536505
vn 0.653069 0.542374 -0.528518
vn 0.741237 0.515889 -0.429448
vn 0.782701 0.418608 0.460594
vn 0.762335 0.438891 0.475626
vn 0.763185 0.414268 0.495914
vn 0.770552 0.419481 0.479880
vn 0.716072 0.515479 -0.470661
vn 0.726782 0.536174 -0.429309
vn 0.735291 0.515536 -0.439965
vn 0.749496 0.528202 -0.399071
vn 0.817660 0.356283 0.452211
vn 0.798863 0.427799 0.422855
vn 0.833652 0.385394 0.395596
vn 0.787578 0.374706 0.489200
vn 0.778222 0.422685 -0.464443
vn 0.781196 0.515815 -0.351664
vn 0.836365 0.401291 -0.373443
vn 0.902061 0.345622 -0.258518
vn 0.828081 0.498728 -0.256032
vn 0.878637 0.430488 -0.206585
vn 0.913470 0.237502 0.330401
vn 0.866775 0.370933 0.333331
vn 0.905111 0.297945 0.303319
vn 0.851714 0.249225 0.460945
vn 0.888721 0.233875 -0.394306
vn 0.934913 0.232084 -0.268469
vn 0.928005 0.352594 -0.120351
vn 0.968340 0.209391 -0.135919
vn 0.978692 0.136866 0.153070
vn 0.948561 0.310007 0.064239
vn 0.955455 0.077903 0.284671
vn 0.897640 0.094191 0.430547
vn 0.923876 0.081683 -0.373872
vn 0.950767 0.092097 -0.295908
vn 0.983907 0.068896 -0.164864
vn 0.998333 0.039117 0.042438
vn 0.972492 -0.008590 0.232777
vn 0.918016 -0.037993 0.394718
vn 0.928933 0.065866 -0.364343
vn 0.949933 0.048449 -0.308676
vn 0.982103 0.037647 -0.184546
vn 0.999882 0.015030 0.003051
vn 0.981049 -0.026357 0.191958
vn 0.926131 -0.064100 0.371715
vn 0.942166 0.076914 -0.326202
vn 0.977583 0.070116 -0.198532
vn 0.997968 0.059345 -0.023181
vn 0.986982 0.032401 0.157537
vn 0.935802 -0.007980 0.352437
vn 0.949393 0.053586 -0.309487
vn 0.978096 0.076293 -0.193668
vn 0.995087 0.093982 -0.031131
vn 0.987165 0.086768 0.134077
vn 0.942240 0.056463 0.330144
vn 0.957475 -0.017789 -0.287966
vn 0.985250 0.029765 -0.168511
vn 0.998217 0.058262 -0.012936
vn 0.988210 0.074877 0.133543
vn 0.947157 0.084174 0.309530
vn 0.961225 0.078382 -0.264393
vn 0.988546 0.060642 -0.138200
vn 0.996022 0.088348 0.011615
vn 0.987132 0.091807 0.130924
vn 0.944147 0.127343 0.303923
vn 0.927595 0.272677 -0.255372
vn 0.956284 0.261116 -0.131676
vn 0.970579 0.240159 0.017293
vn 0.947174 0.270015 0.173071
vn 0.919866 0.387761 0.059063
vn 0.706209 -0.564393 -0.427469
vn 0.753978 -0.611340 -0.240377
vn 0.775427 -0.627859 -0.067133
vn 0.821831 -0.555354 0.127183
vn 0.848373 -0.459535 0.262851
vn 0.653750 -0.562475 -0.506194
vn 0.697897 -0.574095 -0.428200
vn 0.742140 -0.606953 -0.284317
vn 0.792505 -0.590472 -0.152574
vn 0.823534 -0.566803 0.022947
vn 0.840108 -0.501440 0.206825
vn 0.818396 -0.459318 0.345332
vn 0.863999 -0.373676 0.337450
vn 0.854522 -0.304611 0.420719
vn 0.542414 -0.635906 -0.549010
vn 0.593717 -0.619040 -0.514092
vn 0.649952 -0.586485 -0.483319
vn 0.697175 -0.612233 -0.372985
vn 0.799989 -0.397674 0.449302
vn 0.753246 -0.415107 0.510202
vn 0.794473 -0.299783 0.528150
vn 0.480494 -0.508060 -0.714843
vn 0.574987 -0.639815 -0.509928
vn 0.704343 -0.426313 0.567590
vn 0.701857 -0.352632 0.618909
vn 0.672919 -0.375014 0.637608
vn 0.378151 -0.388904 -0.840093
vn 0.518374 -0.435828 -0.735760
vn 0.693496 -0.356045 0.626335
vn 0.652484 -0.379245 0.656077
vn 0.423441 -0.228056 -0.876749
vn 0.562004 -0.338800 -0.754564
vn 0.684090 -0.377065 0.624374
vn 0.708927 -0.317641 0.629704
vn 0.776993 -0.193810 0.598932
vn 0.501700 0.064501 -0.862633
vn 0.756464 -0.076778 0.649513
vn 0.834114 0.060293 0.548287
vn 0.512870 0.267566 -0.815704
vn 0.807704 0.196075 0.556030
vn 0.830355 0.261885 0.491860
vn 0.633851 0.412758 -0.654113
vn 0.558900 0.433904 -0.706653
vn 0.658241 0.469181 -0.588718
vn 0.821338 0.366895 0.436797
vn 0.806479 0.359209 0.469639
vn 0.795846 0.398228 0.456118
vn 0.807970 0.336903 0.483407
vn 0.682025 0.546033 -0.486508
vn 0.671199 0.520514 -0.527786
vn 0.744854 0.573603 -0.340841
vn 0.832159 0.396369 0.387818
vn 0.812771 0.440043 0.381793
vn 0.835199 0.429621 0.343318
vn 0.804647 0.403103 0.435948
vn 0.777651 0.509764 -0.367966
vn 0.761079 0.536027 -0.365285
vn 0.836282 0.485903 -0.254028
vn 0.809308 0.518207 -0.276555
vn 0.838139 0.510661 -0.191697
vn 0.870077 0.393220 0.297227
vn 0.847069 0.431674 0.310051
vn 0.861378 0.416777 0.290386
vn 0.831509 0.395906 0.389681
vn 0.820868 0.492818 -0.288627
vn 0.864801 0.482401 -0.139312
vn 0.870298 0.463864 -0.165566
vn 0.912216 0.409225 0.019933
vn 0.883642 0.467885 -0.016128
vn 0.903865 0.380213 0.196125
vn 0.890526 0.441180 0.111014
vn 0.875367 0.375555 0.304453
vn 0.917735 0.388698 -0.081715
vn 0.923973 0.348278 0.158043
vn 0.749620 -0.639252 -0.171541
vn 0.788476 -0.614147 0.033582
vn 0.796330 -0.544635 0.263118
vn 0.617364 -0.649886 -0.443295
vn 0.661312 -0.631557 -0.404725
vn 0.719819 -0.638466 -0.272436
vn 0.760360 -0.634745 -0.137663
vn 0.782024 -0.617809 0.082157
vn 0.789723 -0.579304 0.201852
vn 0.779513 -0.566283 0.267736
vn 0.732890 -0.502294 0.458882
vn 0.624090 -0.548363 -0.556605
vn 0.628535 -0.599458 -0.495574
vn 0.671355 -0.615389 -0.413011
vn 0.749705 -0.584663 -0.310019
vn 0.748818 -0.542227 0.381131
vn 0.703549 -0.504308 0.500691
vn 0.686014 -0.424359 0.591020
vn 0.724066 -0.402221 0.560310
vn 0.584332 -0.406881 -0.702143
vn 0.670237 -0.528469 -0.521060
vn 0.676209 -0.383556 0.628988
vn 0.766588 -0.343841 0.542325
vn 0.621931 -0.145309 -0.769472
vn 0.691192 -0.223382 -0.687280
vn 0.699764 -0.324151 0.636597
vn 0.722783 -0.225537 0.653236
vn 0.776188 -0.068533 0.626766
vn 0.680344 0.154038 -0.716522
vn 0.771883 0.080484 -0.630649
vn 0.812211 0.084441 0.577219
vn 0.804006 0.172287 0.569115
vn 0.707185 0.302526 -0.639036
vn 0.740948 0.310003 -0.595729
vn 0.836913 0.326385 0.439375
vn 0.856719 0.312643 0.410228
vn 0.841946 0.398351 0.363927
vn 0.829154 0.267446 0.490894
vn 0.779255 0.510515 -0.363506
vn 0.753547 0.456619 -0.472933
vn 0.809710 0.520215 -0.271563
vn 0.825353 0.490452 -0.279731
vn 0.836278 0.492705 -0.240586
vn 0.858053 0.420949 0.294190
vn 0.837675 0.449382 0.310415
vn 0.843890 0.449931 0.292252
vn 0.838251 0.391228 0.379837
vn 0.804523 0.520044 -0.286873
vn 0.834391 0.525187 -0.167246
vn 0.845804 0.501716 -0.181375
vn 0.887478 0.458437 -0.047104
vn 0.851179 0.522034 -0.054547
vn 0.896445 0.437074 0.073167
vn 0.857404 0.512788 0.043664
vn 0.882691 0.426282 0.197837
vn 0.863903 0.488379 0.123112
vn 0.864028 0.415638 0.284078
vn 0.886805 0.451715 -0.097626
vn 0.909688 0.414889 0.018324
vn 0.898068 0.402989 0.176279
vn 0.821979 -0.554942 -0.128023
vn 0.821903 -0.563470 0.083523
vn 0.835907 -0.402892 -0.372744
vn 0.835403 -0.472238 -0.281234
vn 0.877581 -0.455424 -0.149801
vn 0.881154 -0.470120 0.050541
vn 0.834193 -0.458519 0.306402
vn 0.774227 -0.455820 0.439091
vn 0.861831 -0.283829 -0.420343
vn 0.878783 -0.300461 -0.370762
vn 0.901306 -0.300988 -0.311533
vn 0.928740 -0.300782 -0.216729
vn 0.926527 -0.365177 -0.090516
vn 0.930360 -0.359645 0.071307
vn 0.963085 -0.186859 0.193778
vn 0.903578 -0.290040 0.315314
vn 0.839862 -0.286521 0.461018
vn 0.908392 -0.065665 -0.412931
vn 0.938828 -0.058325 -0.339411
vn 0.943203 -0.055419 -0.327563
vn 0.958021 -0.154682 -0.241392
vn 0.929888 -0.089581 0.356768
vn 0.931206 0.067569 0.358175
vn 0.922838 0.019683 0.384685
vn 0.858751 -0.120791 0.497953
vn 0.917629 0.171241 -0.358656
vn 0.950893 0.169036 -0.259286
vn 0.955313 0.184458 -0.230979
vn 0.951817 0.248710 -0.179410
vn 0.972511 0.195112 -0.127094
vn 0.931555 0.277595 0.234834
vn 0.953284 0.223692 0.203006
vn 0.935117 0.318026 0.156252
vn 0.916734 0.228142 0.327948
vn 0.886951 0.176192 0.426935
vn 0.884149 0.359175 -0.298786
vn 0.906724 0.348631 -0.237294
vn 0.926133 0.353038 -0.132824
vn 0.932265 0.356206 -0.063246
vn 0.927378 0.372729 -0.032310
vn 0.918480 0.385270 0.089226
vn 0.928500 0.371124 0.012439
vn 0.906162 0.380471 0.184696
vn 0.883123 0.354010 0.307850
vn 0.885549 0.444754 -0.134153
vn 0.897666 0.438630 -0.042419
vn 0.904747 0.421733 0.059779
vn 0.885227 0.425436 0.188089
vn 0.986060 -0.129618 -0.104332
vn 0.983492 -0.162361 0.079883
vn 0.984248 0.045742 -0.170774
vn 0.993098 0.095994 -0.067397
vn 0.997671 0.050500 0.045840
vn 0.981918 0.043322 0.184282
vn 0.972018 0.220633 -0.080636
vn 0.974182 0.218104 0.058317
f 1//1 2//2 3//3
f 1//1 4//4 5//5
f 3//3 4//4 1//1
f 5//5 6//6 7//7
f 4//4 6//6 5//5
f 6//6 8//8 7//7
f 9//9 10//10 11//11
f 2//2 9//9 11//11
f 2//2 1//1 9//9
f 1//1 12//12 9//9
f 5//5 13//13 1//1
f 13//13 12//12 1//1
f 7//7 14//14 5//5
f 14//14 13//13 5//5
f 15//15 7//7 8//8
f 15//15 16//16 7//7
f 16//16 14//14 7//7
f 15//15 17//17 16//16
f 18//18 10//10 9//9
f 19//19 10//10 18//18
f 12//12 20//20 9//9
f 20//20 18//18 9//9
f 13//13 21//21 12//12
f 21//21 20//20 12//12
f 14//14 22//22 13//13
f 22//22 21//21 13//13
f 16//16 23//23 14//14
f 23//23 22//22 14//14
f 24//24 16//16 17//17
f 23//23 16//16 24//24
f 25//25 19//19 18//18
f 26//26 19//19 25//25
f 20//20 27//27 18//18
f 27//27 25//25 18//18
f 21//21 28//28 20//20
f 28//28 27//27 20//20
f 22//22 29//29 21//21
f 29//29 28//28 21//21
f 23//23 30//30 22//22
f 30//30 29//29 22//22
f 31//31 23//23 24//24
f 31//31 32//32 23//23
f 32//32 30//30 23//23
f 31//31 33//33 32//32
f 34//34 26//26 25//25
f 35//35 26//26 34//34
f 27//27 36//36 25//25
f 36//36 34//34 25//25
f 28//28 37//37 27//27
f 37//37 36//36 27//27
f 29//29 38//38 28//28
f 38//38 37//37 28//28
f 30//30 39//39 29//29
f 39//39 38//38 29//29
f 40//40 32//32 41//41
f 40//40 39//39 32//32
f 39//39 30//30 32//32
f 33//33 41//41 32//32
f 34//34 42//42 35//35
f 36//36 42//42 34//34
f 43//43 42//42 36//36
f 43//43 44//44 45//45
f 43//43 36//36 44//44
f 36//36 37//37 44//44
f 38//38 46//46 37//37
f 46//46 44//44 37//37
f 47//47 39//39 48//48
f 47//47 46//46 39//39
f 46//46 38//38 39//39
f 40//40 48//48 39//39
f 44//44 49//49 45//45
f 46//46 49//49 44//44
f 50//50 49//49 46//46
f 47//47 50//50 46//46
f 51//51 52//52 53//53
f 51//51 54//54 55//55
f 53//53 54//54 51//51
f 55//55 56//56 57//57
f 54//54 56//56 55//55
f 57//57 58//58 59//59
f 56//56 58//58 57//57
f 59//59 60//60 61//61
f 58//58 60//60 59//59
f 61//61 62//62 63//63
f 60//60 62//62 61//61
f 62//62 64//64 63//63
f 65//65 66//66 67//67
f 52//52 65//65 67//67
f 52//52 51//51 65//65
f 51//51 68//68 65//65
f 55//55 69//69 51//51
f 69//69 68//68 51//51
f 57//57 70//70 55//55
f 70//70 69//69 55//55
f 59//59 71//71 57//57
f 71//71 70//70 57//57
f 61//61 72//72 59//59
f 72//72 71//71 59//59
f 63//63 73//73 61//61
f 73//73 72//72 61//61
f 74//74 63//63 64//64
f 73//73 63//63 74//74
f 75//75 66//66 65//65
f 76//76 66//66 75//75
f 68//68 77//77 65//65
f 77//77 75//75 65//65
f 69//69 78//78 68//68
f 78//78 77//77 68//68
f 70//70 79//79 69//69
f 79//79 78//78 69//69
f 71//71 80//80 70//70
f 80//80 79//79 70//70
f 72//72 81//81 71//71
f 81//81 80//80 71//71
f 73//73 82//82 72//72
f 82//82 81//81 72//72
f 83//83 73//73 74//74
f 82//82 73//73 83//83
f 84//84 76//76 75//75
f 85//85 76//76 84//84
f 77//77 86//86 75//75
f 86//86 84//84 75//75
f 78//78 87//87 77//77
f 87//87 86//86 77//77
f 79//79 88//88 78//78
f 88//88 87//87 78//78
f 80//80 89//89 79//79
f 89//89 88//88 79//79
f 81//81 90//90 80//80
f 90//90 89//89 80//80
f 82//82 91//91 81//81
f 91//91 90//90 81//81
f 92//92 82//82 83//83
f 91//91 82//82 92//92
f 93//93 85//85 84//84
f 94//94 85//85 93//93
f 86//86 95//95 84//84
f 95//95 93//93 84//84
f 87//87 96//96 86//86
f 96//96 95//95 86//86
f 88//88 97//97 87//87
f 97//97 96//96 87//87
f 89//89 98//98 88//88
f 98//98 97//97 88//88
f 90//90 99//99 89//89
f 99//99 98//98 89//89
f 91//91 100//100 90//90
f 100//100 99//99 90//90
f 101//101 91//91 92//92
f 100//100 91//91 101//101
f 102//102 94//94 93//93
f 103//103 94//94 102//102
f 95//95 104//104 93//93
f 104//104 102//102 93//93
f 96//96 105//105 95//95
f 105//105 104//104 95//95
f 97//97 106//106 96//96
f 106//106 105//105 96//96
f 98//98 107//107 97//97
f 107//107 106//106 97//97
f 99//99 108//108 98//98
f 108//108 107//107 98//98
f 100//100 109//109 99//99
f 109//109 108//108 99//99
f 110//110 100//100 101//101
f 109//109 100//100 110//110
f 111//111 103//103 102//102
f 112//112 103//103 111//111
f 104//104 113//113 102//102
f 113//113 111//111 102//102
f 3//3 2//2 113//113
f 3//3 113//113 105//105
f 105//105 113//113 104//104
f 4//4 3//3 105//105
f 106//106 4//4 105//105
f 6//6 4//4 106//106
f 107//107 6//6 106//106
f 8//8 6//6 107//107
f 8//8 107//107 114//114
f 114//114 107//107 108//108
f 109//109 115//115 108//108
f 115//115 114//114 108//108
f 116//116 109//109 110//110
f 116//116 117//117 109//109
f 117//117 115//115 109//109
f 116//116 118//118 117//117
f 119//119 120//120 121//121
f 112//112 119//119 121//121
f 112//112 111//111 119//119
f 111//111 122//122 119//119
f 11//11 10//10 122//122
f 11//11 122//122 113//113
f 113//113 122//122 111//111
f 2//2 11//11 113//113
f 8//8 114//114 15//15
f 17//17 15//15 114//114
f 17//17 114//114 123//123
f 123//123 114//114 115//115
f 117//117 124//124 115//115
f 124//124 123//123 115//115
f 125//125 117//117 118//118
f 124//124 117//117 125//125
f 126//126 120//120 119//119
f 127//127 120//120 126//126
f 122//122 128//128 119//119
f 128//128 126//126 119//119
f 10//10 19//19 128//128
f 122//122 10//10 128//128
f 123//123 129//129 24//24
f 17//17 123//123 24//24
f 124//124 130//130 123//123
f 130//130 129//129 123//123
f 131//131 124//124 125//125
f 130//130 124//124 131//131
f 132//132 127//127 126//126
f 133//133 127//127 132//132
f 128//128 134//134 126//126
f 134//134 132//132 126//126
f 19//19 26//26 134//134
f 128//128 19//19 134//134
f 24//24 129//129 31//31
f 33//33 31//31 129//129
f 33//33 129//129 135//135
f 135//135 129//129 130//130
f 136//136 130//130 131//131
f 135//135 130//130 136//136
f 132//132 137//137 133//133
f 137//137 138//138 139//139
f 137//137 132//132 138//138
f 132//132 134//134 138//138
f 26//26 35//35 138//138
f 134//134 26//26 138//138
f 41//41 140//140 40//40
f 41//41 33//33 135//135
f 41//41 135//135 140//140
f 140//140 135//135 141//141
f 142//142 135//135 136//136
f 141//141 135//135 142//142
f 138//138 143//143 139//139
f 144//144 145//145 143//143
f 42//42 144//144 143//143
f 42//42 143//143 138//138
f 42//42 138//138 35//35
f 42//42 43//43 146//146
f 144//144 42//42 146//146
f 43//43 45//45 146//146
f 48//48 147//147 47//47
f 48//48 40//40 140//140
f 48//48 140//140 147//147
f 147//147 140//140 148//148
f 149//149 141//141 150//150
f 149//149 148//148 141//141
f 148//148 140//140 141//141
f 142//142 150//150 141//141
f 144//144 151//151 145//145
f 151//151 152//152 153//153
f 151//151 144//144 152//152
f 144//144 146//146 152//152
f 45//45 49//49 154//154
f 45//45 154//154 146//146
f 146//146 154//154 152//152
f 49//49 50//50 155//155
f 154//154 49//49 155//155
f 50//50 47//47 147//147
f 50//50 147//147 155//155
f 155//155 147//147 156//156
f 157//157 148//148 158//158
f 157//157 156//156 148//148
f 156//156 147//147 148//148
f 149//149 158//158 148//148
f 152//152 159//159 153//153
f 159//159 160//160 161//161
f 159//159 152//152 160//160
f 152//152 154//154 160//160
f 155//155 162//162 154//154
f 162//162 160//160 154//154
f 163//163 156//156 164//164
f 163//163 162//162 156//156
f 162//162 155//155 156//156
f 157//157 164//164 156//156
f 160//160 165//165 161//161
f 162//162 165//165 160//160
f 166//166 165//165 162//162
f 163//163 166//166 162//162
f 167//167 168//168 169//169
f 167//167 170//170 171//171
f 169//169 170//170 167//167
f 171//171 172//172 173//173
f 170//170 172//172 171//171
f 172//172 174//174 173//173
f 175//175 176//176 177//177
f 175//175 178//178 179//179
f 177//177 178//178 175//175
f 179//179 180//180 181//181
f 178//178 180//180 179//179
f 181//181 182//182 183//183
f 180//180 182//182 181//181
f 168//168 183//183 182//182
f 168//168 167//167 183//183
f 167//167 184//184 183//183
f 171//171 185//185 167//167
f 185//185 184//184 167//167
f 173//173 186//186 171//171
f 186//186 185//185 171//171
f 187//187 173//173 174//174
f 187//187 188//188 173//173
f 188//188 186//186 173//173
f 187//187 189//189 188//188
f 190//190 191//191 192//192
f 176//176 190//190 192//192
f 176//176 175//175 190//190
f 175//175 193//193 190//190
f 53//53 52//52 193//193
f 53//53 193//193 179//179
f 179//179 193//193 175//175
f 54//54 53//53 179//179
f 181//181 54//54 179//179
f 56//56 54//54 181//181
f 183//183 56//56 181//181
f 58//58 56//56 183//183
f 184//184 58//58 183//183
f 60//60 58//58 184//184
f 185//185 60//60 184//184
f 62//62 60//60 185//185
f 186//186 62//62 185//185
f 64//64 62//62 186//186
f 64//64 186//186 194//194
f 194//194 186//186 188//188
f 195//195 188//188 189//189
f 194//194 188//188 195//195
f 196//196 197//197 198//198
f 191//191 196//196 198//198
f 191//191 190//190 196//196
f 190//190 199//199 196//196
f 67//67 66//66 199//199
f 67//67 199//199 193//193
f 193//193 199//199 190//190
f 52//52 67//67 193//193
f 194//194 200//200 74//74
f 64//64 194//194 74//74
f 201//201 194//194 195//195
f 200//200 194//194 201//201
f 202//202 197//197 196//196
f 203//203 197//197 202//202
f 199//199 204//204 196//196
f 204//204 202//202 196//196
f 66//66 76//76 204//204
f 199//199 66//66 204//204
f 200//200 205//205 83//83
f 74//74 200//200 83//83
f 206//206 200//200 201//201
f 205//205 200//200 206//206
f 207//207 203//203 202//202
f 208//208 203//203 207//207
f 204//204 209//209 202//202
f 209//209 207//207 202//202
f 76//76 85//85 209//209
f 204//204 76//76 209//209
f 205//205 210//210 92//92
f 83//83 205//205 92//92
f 211//211 205//205 206//206
f 210//210 205//205 211//211
f 212//212 208//208 207//207
f 213//213 208//208 212//212
f 209//209 214//214 207//207
f 214//214 212//212 207//207
f 85//85 94//94 214//214
f 209//209 85//85 214//214
f 210//210 215//215 101//101
f 92//92 210//210 101//101
f 216//216 210//210 211//211
f 215//215 210//210 216//216
f 217//217 213//213 212//212
f 218//218 213//213 217//217
f 214//214 219//219 212//212
f 219//219 217//217 212//212
f 94//94 103//103 219//219
f 214//214 94//94 219//219
f 215//215 220//220 110//110
f 101//101 215//215 110//110
f 221//221 215//215 216//216
f 220//220 215//215 221//221
f 222//222 218//218 217//217
f 223//223 218//218 222//222
f 219//219 224//224 217//217
f 224//224 222//222 217//217
f 103//103 112//112 224//224
f 219//219 103//103 224//224
f 110//110 220//220 116//116
f 118//118 225//225 226//226
f 116//116 225//225 118//118
f 116//116 221//221 225//225
f 116//116 220//220 221//221
f 225//225 227//227 226//226
f 228//228 223//223 222//222
f 229//229 223//223 228//228
f 121//121 120//120 228//228
f 121//121 228//228 224//224
f 224//224 228//228 222//222
f 112//112 121//121 224//224
f 226//226 230//230 125//125
f 118//118 226//226 125//125
f 231//231 226//226 227//227
f 230//230 226//226 231//231
f 232//232 229//229 228//228
f 233//233 229//229 232//232
f 120//120 127//127 232//232
f 228//228 120//120 232//232
f 230//230 234//234 131//131
f 125//125 230//230 131//131
f 235//235 230//230 231//231
f 235//235 236//236 230//230
f 236//236 234//234 230//230
f 235//235 237//237 236//236
f 232//232 238//238 233//233
f 238//238 232//232 127//127
f 238//238 127//127 239//239
f 239//239 127//127 133//133
f 234//234 240//240 136//136
f 131//131 234//234 136//136
f 236//236 241//241 234//234
f 241//241 240//240 234//234
f 242//242 236//236 237//237
f 241//241 236//236 242//242
f 243//243 133//133 137//137
f 243//243 244//244 133//133
f 244//244 239//239 133//133
f 137//137 139//139 243//243
f 240//240 245//245 142//142
f 136//136 240//240 142//142
f 246//246 241//241 247//247
f 246//246 245//245 241//241
f 245//245 240//240 241//241
f 242//242 247//247 241//241
f 243//243 248//248 244//244
f 249//249 250//250 248//248
f 143//143 249//249 248//248
f 143//143 248//248 243//243
f 143//143 243//243 139//139
f 143//143 145//145 249//249
f 150//150 251//251 149//149
f 150//150 252//252 251//251
f 142//142 252//252 150//150
f 142//142 253//253 252//252
f 142//142 245//245 253//253
f 246//246 253//253 245//245
f 249//249 254//254 250//250
f 255//255 256//256 254//254
f 151//151 255//255 254//254
f 151//151 254//254 249//249
f 151//151 249//249 145//145
f 151//151 153//153 255//255
f 158//158 257//257 157//157
f 158//158 149//149 251//251
f 158//158 251//251 257//257
f 257//257 251//251 258//258
f 259//259 251//251 252//252
f 258//258 251//251 259//259
f 260//260 256//256 255//255
f 261//261 256//256 260//260
f 153//153 159//159 262//262
f 153//153 262//262 255//255
f 255//255 262//262 260//260
f 159//159 161//161 262//262
f 164//164 263//263 163//163
f 164//164 157//157 257//257
f 164//164 257//257 263//263
f 263//263 257//257 264//264
f 265//265 258//258 266//266
f 265//265 264//264 258//258
f 264//264 257//257 258//258
f 259//259 266//266 258//258
f 260//260 267//267 261//261
f 267//267 268//268 269//269
f 267//267 260//260 268//268
f 260//260 262//262 268//268
f 161//161 165//165 270//270
f 161//161 270//270 262//262
f 262//262 270//270 268//268
f 165//165 166//166 271//271
f 270//270 165//165 271//271
f 166//166 163//163 263//263
f 166//166 263//263 271//271
f 271//271 263//263 272//272
f 264//264 273//273 263//263
f 273//273 272//272 263//263
f 274//274 264//264 265//265
f 273//273 264//264 274//274
f 275//275 269//269 268//268
f 276//276 269//269 275//275
f 270//270 277//277 268//268
f 277//277 275//275 268//268
f 271//271 278//278 270//270
f 278//278 277//277 270//270
f 272//272 279//279 271//271
f 279//279 278//278 271//271
f 273//273 280//280 272//272
f 280//280 279//279 272//272
f 281//281 273//273 274//274
f 280//280 273//273 281//281
f 275//275 282//282 276//276
f 282//282 283//283 284//284
f 282//282 275//275 283//283
f 275//275 277//277 283//283
f 278//278 285//285 277//277
f 285//285 283//283 277//277
f 279//279 286//286 278//278
f 286//286 285//285 278//278
f 287//287 280//280 288//288
f 287//287 286//286 280//280
f 286//286 279//279 280//280
f 281//281 288//288 280//280
f 289//289 284//284 283//283
f 290//290 284//284 289//289
f 285//285 291//291 283//283
f 291//291 289//289 283//283
f 286//286 292//292 285//285
f 292//292 291//291 285//285
f 293//293 286//286 287//287
f 292//292 286//286 293//293
f 289//289 294//294 290//290
f 294//294 295//295 296//296
f 294//294 289//289 295//295
f 289//289 291//291 295//295
f 297//297 292//292 298//298
f 297//297 295//295 292//292
f 295//295 291//291 292//292
f 293//293 298//298 292//292
f 299//299 296//296 295//295
f 300//300 296//296 299//299
f 301//301 295//295 297//297
f 299//299 295//295 301//301
f 299//299 302//302 300//300
f 301//301 302//302 299//299
f 303//303 304//304 305//305
f 303//303 306//306 307//307
f 305//305 306//306 303//303
f 307//307 308//308 309//309
f 306//306 308//308 307//307
f 309//309 310//310 311//311
f 308//308 310//310 309//309
f 311//311 169//169 168//168
f 311//311 310//310 169//169
f 310//310 312//312 169//169
f 170//170 169//169 313//313
f 169//169 312//312 313//313
f 172//172 170//170 314//314
f 170//170 313//313 314//314
f 174//174 315//315 316//316
f 174//174 172//172 315//315
f 172//172 314//314 315//315
f 315//315 317//317 316//316
f 318//318 319//319 320//320
f 318//318 321//321 322//322
f 320//320 321//321 318//318
f 304//304 322//322 321//321
f 303//303 322//322 304//304
f 303//303 176//176 322//322
f 303//303 177//177 176//176
f 178//178 177//177 303//303
f 307//307 178//178 303//303
f 180//180 178//178 307//307
f 309//309 180//180 307//307
f 182//182 180//180 309//309
f 311//311 182//182 309//309
f 168//168 182//182 311//311
f 174//174 316//316 187//187
f 189//189 323//323 324//324
f 187//187 323//323 189//189
f 187//187 317//317 323//323
f 187//187 316//316 317//317
f 323//323 325//325 324//324
f 326//326 327//327 328//328
f 319//319 326//326 328//328
f 319//319 318//318 326//326
f 318//318 329//329 326//326
f 192//192 191//191 329//329
f 192//192 329//329 322//322
f 322//322 329//329 318//318
f 176//176 192//192 322//322
f 324//324 330//330 195//195
f 189//189 324//324 195//195
f 331//331 324//324 325//325
f 330//330 324//324 331//331
f 332//332 327//327 326//326
f 333//333 327//327 332//332
f 198//198 197//197 332//332
f 198//198 332//332 329//329
f 329//329 332//332 326//326
f 191//191 198//198 329//329
f 330//330 334//334 201//201
f 195//195 330//330 201//201
f 335//335 330//330 331//331
f 334//334 330//330 335//335
f 336//336 333//333 332//332
f 337//337 333//333 336//336
f 197//197 203//203 336//336
f 332//332 197//197 336//336
f 334//334 338//338 206//206
f 201//201 334//334 206//206
f 339//339 334//334 335//335
f 338//338 334//334 339//339
f 340//340 337//337 336//336
f 341//341 337//337 340//340
f 203//203 208//208 340//340
f 336//336 203//203 340//340
f 338//338 342//342 211//211
f 206//206 338//338 211//211
f 343//343 338//338 339//339
f 342//342 338//338 343//343
f 344//344 341//341 340//340
f 345//345 341//341 344//344
f 208//208 213//213 344//344
f 340//340 208//208 344//344
f 342//342 346//346 216//216
f 211//211 342//342 216//216
f 347//347 342//342 343//343
f 346//346 342//342 347//347
f 348//348 345//345 344//344
f 349//349 345//345 348//348
f 213//213 218//218 348//348
f 344//344 213//213 348//348
f 346//346 350//350 221//221
f 216//216 346//346 221//221
f 351//351 346//346 347//347
f 351//351 352//352 346//346
f 352//352 350//350 346//346
f 351//351 353//353 352//352
f 354//354 349//349 348//348
f 355//355 349//349 354//354
f 218//218 223//223 354//354
f 348//348 218//218 354//354
f 221//221 350//350 225//225
f 227//227 225//225 350//350
f 227//227 350//350 356//356
f 356//356 350//350 352//352
f 357//357 352//352 353//353
f 356//356 352//352 357//357
f 358//358 355//355 354//354
f 359//359 355//355 358//358
f 223//223 229//229 358//358
f 354//354 223//223 358//358
f 356//356 360//360 231//231
f 227//227 356//356 231//231
f 361//361 356//356 357//357
f 361//361 362//362 356//356
f 362//362 360//360 356//356
f 361//361 363//363 362//362
f 364//364 359//359 358//358
f 365//365 359//359 364//364
f 229//229 233//233 364//364
f 358//358 229//229 364//364
f 231//231 360//360 235//235
f 237//237 235//235 360//360
f 237//237 360//360 366//366
f 366//366 360//360 362//362
f 367//367 362//362 363//363
f 366//366 362//362 367//367
f 364//364 368//368 365//365
f 369//369 370//370 368//368
f 238//238 369//369 368//368
f 238//238 368//368 364//364
f 238//238 364//364 233//233
f 238//238 239//239 369//369
f 366//366 371//371 242//242
f 237//237 366//366 242//242
f 372//372 366//366 367//367
f 371//371 366//366 372//372
f 373//373 370//370 369//369
f 374//374 370//370 373//373
f 239//239 244//244 373//373
f 369//369 239//239 373//373
f 247//247 375//375 246//246
f 247//247 376//376 375//375
f 242//242 376//376 247//247
f 242//242 377//377 376//376
f 242//242 371//371 377//377
f 372//372 377//377 371//371
f 373//373 378//378 374//374
f 379//379 380//380 378//378
f 248//248 379//379 378//378
f 248//248 378//378 373//373
f 248//248 373//373 244//244
f 248//248 250//250 379//379
f 253//253 381//381 252//252
f 253//253 382//382 381//381
f 246//246 382//382 253//253
f 246//246 383//383 382//382
f 246//246 375//375 383//383
f 376//376 383//383 375//375
f 384//384 380//380 379//379
f 385//385 380//380 384//384
f 250//250 254//254 386//386
f 250//250 386//386 379//379
f 379//379 386//386 384//384
f 254//254 256//256 386//386
f 381//381 387//387 259//259
f 252//252 381//381 259//259
f 388//388 381//381 382//382
f 387//387 381//381 388//388
f 384//384 389//389 385//385
f 389//389 390//390 391//391
f 389//389 384//384 390//390
f 384//384 386//386 390//390
f 256//256 261//261 390//390
f 386//386 256//256 390//390
f 266//266 392//392 265//265
f 266//266 393//393 392//392
f 259//259 393//393 266//266
f 259//259 394//394 393//393
f 259//259 387//387 394//394
f 388//388 394//394 387//387
f 395//395 391//391 390//390
f 396//396 391//391 395//395
f 261//261 267//267 397//397
f 261//261 397//397 390//390
f 390//390 397//397 395//395
f 267//267 269//269 397//397
f 392//392 398//398 274//274
f 265//265 392//392 274//274
f 399//399 392//392 393//393
f 398//398 392//392 399//399
f 400//400 396//396 395//395
f 401//401 396//396 400//400
f 397//397 402//402 395//395
f 402//402 400//400 395//395
f 269//269 276//276 402//402
f 397//397 269//269 402//402
f 398//398 403//403 281//281
f 274//274 398//398 281//281
f 404//404 398//398 399//399
f 403//403 398//398 404//404
f 400//400 405//405 401//401
f 405//405 406//406 407//407
f 405//405 400//400 406//406
f 400//400 402//402 406//406
f 276//276 282//282 408//408
f 276//276 408//408 402//402
f 402//402 408//408 406//406
f 282//282 284//284 408//408
f 288//288 409//409 287//287
f 288//288 281//281 403//403
f 288//288 403//403 409//409
f 409//409 403//403 410//410
f 411//411 403//403 404//404
f 410//410 403//403 411//411
f 412//412 407//407 406//406
f 413//413 407//407 412//412
f 408//408 414//414 406//406
f 414//414 412//412 406//406
f 284//284 290//290 414//414
f 408//408 284//284 414//414
f 409//409 415//415 293//293
f 287//287 409//409 293//293
f 410//410 416//416 409//409
f 416//416 415//415 409//409
f 417//417 410//410 411//411
f 416//416 410//410 417//417
f 418//418 413//413 412//412
f 419//419 413//413 418//418
f 414//414 420//420 412//412
f 420//420 418//418 412//412
f 290//290 294//294 421//421
f 290//290 421//421 414//414
f 414//414 421//421 420//420
f 294//294 296//296 421//421
f 298//298 422//422 297//297
f 298//298 293//293 415//415
f 298//298 415//415 422//422
f 422//422 415//415 423//423
f 416//416 424//424 415//415
f 424//424 423//423 415//415
f 425//425 416//416 417//417
f 424//424 416//416 425//425
f 426//426 419//419 418//418
f 427//427 419//419 426//426
f 420//420 428//428 418//418
f 428//428 426//426 418//418
f 421//421 429//429 420//420
f 429//429 428//428 420//420
f 296//296 300//300 429//429
f 421//421 296//296 429//429
f 422//422 430//430 301//301
f 297//297 422//422 301//301
f 423//423 431//431 422//422
f 431//431 430//430 422//422
f 424//424 432//432 423//423
f 432//432 431//431 423//423
f 433//433 424//424 425//425
f 432//432 424//424 433//433
f 426//426 434//434 427//427
f 434//434 435//435 436//436
f 434//434 426//426 435//435
f 426//426 428//428 435//435
f 429//429 437//437 428//428
f 437//437 435//435 428//428
f 300//300 302//302 438//438
f 300//300 438//438 429//429
f 429//429 438//438 437//437
f 302//302 301//301 430//430
f 302//302 430//430 438//438
f 438//438 430//430 439//439
f 431//431 440//440 430//430
f 440//440 439//439 430//430
f 432//432 441//441 431//431
f 441//441 440//440 431//431
f 442//442 432//432 433//433
f 441//441 432//432 442//442
f 443//443 436//436 435//435
f 444//444 436//436 443//443
f 437//437 445//445 435//435
f 445//445 443//443 435//435
f 438//438 446//446 437//437
f 446//446 445//445 437//437
f 439//439 447//447 438//438
f 447//447 446//446 438//438
f 440//440 448//448 439//439
f 448//448 447//447 439//439
f 449//449 441//441 450//450
f 449//449 448//448 441//441
f 448//448 440//440 441//441
f 442//442 450//450 441//441
f 443//443 451//451 444//444
f 445//445 451//451 443//443
f 452//452 451//451 445//445
f 452//452 453//453 454//454
f 452//452 445//445 453//453
f 445//445 446//446 453//453
f 447//447 455//455 446//446
f 455//455 453//453 446//446
f 456//456 448//448 457//457
f 456//456 455//455 448//448
f 455//455 447//447 448//448
f 449//449 457//457 448//448
f 453//453 458//458 454//454
f 455//455 458//458 453//453
f 459//459 458//458 455//455
f 456//456 459//459 455//455
f 460//460 461//461 462//462
f 460//460 305//305 304//304
f 460//460 462//462 305//305
f 462//462 463//463 305//305
f 306//306 305//305 464//464
f 305//305 463//463 464//464
f 308//308 306//306 465//465
f 306//306 464//464 465//465
f 310//310 308//308 466//466
f 308//308 465//465 466//466
f 312//312 310//310 467//467
f 310//310 466//466 467//467
f 313//313 312//312 468//468
f 312//312 467//467 468//468
f 314//314 313//313 469//469
f 313//313 468//468 469//469
f 315//315 314//314 470//470
f 314//314 469//469 470//470
f 317//317 471//471 472//472
f 317//317 315//315 471//471
f 315//315 470//470 471//471
f 471//471 473//473 472//472
f 474//474 475//475 476//476
f 474//474 320//320 319//319
f 474//474 476//476 320//320
f 476//476 477//477 320//320
f 461//461 460//460 321//321
f 461//461 321//321 477//477
f 477//477 321//321 320//320
f 304//304 321//321 460//460
f 317//317 472//472 323//323
f 472//472 325//325 323//323
f 472//472 473//473 325//325
f 473//473 478//478 325//325
f 479//479 480//480 481//481
f 475//475 479//479 481//481
f 474//474 479//479 475//475
f 474//474 327//327 479//479
f 474//474 328//328 327//327
f 319//319 328//328 474//474
f 482//482 483//483 331//331
f 482//482 331//331 478//478
f 478//478 331//331 325//325
f 482//482 484//484 483//483
f 485//485 480//480 479//479
f 486//486 480//480 485//485
f 327//327 333//333 485//485
f 479//479 327//327 485//485
f 483//483 487//487 335//335
f 331//331 483//483 335//335
f 488//488 483//483 484//484
f 487//487 483//483 488//488
f 489//489 486//486 485//485
f 490//490 486//486 489//489
f 333//333 337//337 489//489
f 485//485 333//333 489//489
f 487//487 491//491 339//339
f 335//335 487//487 339//339
f 492//492 487//487 488//488
f 491//491 487//487 492//492
f 493//493 490//490 489//489
f 494//494 490//490 493//493
f 337//337 341//341 493//493
f 489//489 337//337 493//493
f 491//491 495//495 343//343
f 339//339 491//491 343//343
f 496//496 491//491 492//492
f 495//495 491//491 496//496
f 497//497 494//494 493//493
f 498//498 494//494 497//497
f 341//341 345//345 497//497
f 493//493 341//341 497//497
f 495//495 499//499 347//347
f 343//343 495//495 347//347
f 500//500 495//495 496//496
f 499//499 495//495 500//500
f 501//501 498//498 497//497
f 502//502 498//498 501//501
f 345//345 349//349 501//501
f 497//497 345//345 501//501
f 347//347 499//499 351//351
f 353//353 503//503 504//504
f 351//351 503//503 353//353
f 351//351 500//500 503//503
f 351//351 499//499 500//500
f 503//503 505//505 504//504
f 506//506 502//502 501//501
f 507//507 502//502 506//506
f 349//349 355//355 506//506
f 501//501 349//349 506//506
f 504//504 508//508 357//357
f 353//353 504//504 357//357
f 509//509 504//504 505//505
f 508//508 504//504 509//509
f 510//510 507//507 506//506
f 511//511 507//507 510//510
f 355//355 359//359 510//510
f 506//506 355//355 510//510
f 357//357 508//508 361//361
f 508//508 363//363 361//361
f 508//508 509//509 363//363
f 509//509 512//512 363//363
f 510//510 513//513 511//511
f 513//513 510//510 359//359
f 513//513 359//359 514//514
f 514//514 359//359 365//365
f 363//363 512//512 367//367
f 512//512 515//515 367//367
f 516//516 365//365 368//368
f 516//516 517//517 365//365
f 517//517 514//514 365//365
f 368//368 370//370 516//516
f 367//367 515//515 372//372
f 515//515 518//518 372//372
f 519//519 517//517 516//516
f 520//520 517//517 519//519
f 370//370 374//374 519//519
f 516//516 370//370 519//519
f 377//377 521//521 376//376
f 377//377 522//522 521//521
f 377//377 372//372 522//522
f 372//372 518//518 522//522
f 519//519 523//523 520//520
f 524//524 525//525 523//523
f 378//378 524//524 523//523
f 378//378 523//523 519//519
f 378//378 519//519 374//374
f 378//378 380//380 524//524
f 383//383 526//526 382//382
f 383//383 527//527 526//526
f 376//376 527//527 383//383
f 376//376 528//528 527//527
f 376//376 521//521 528//528
f 522//522 528//528 521//521
f 529//529 525//525 524//524
f 530//530 525//525 529//529
f 380//380 385//385 529//529
f 524//524 380//380 529//529
f 526//526 531//531 388//388
f 382//382 526//526 388//388
f 532//532 526//526 527//527
f 531//531 526//526 532//532
f 533//533 530//530 529//529
f 534//534 530//530 533//533
f 385//385 389//389 535//535
f 385//385 535//535 529//529
f 529//529 535//535 533//533
f 389//389 391//391 535//535
f 394//394 536//536 393//393
f 394//394 537//537 536//536
f 388//388 537//537 394//394
f 388//388 538//538 537//537
f 388//388 531//531 538//538
f 532//532 538//538 531//531
f 533//533 539//539 534//534
f 539//539 540//540 541//541
f 539//539 533//533 540//540
f 533//533 535//535 540//540
f 391//391 396//396 540//540
f 535//535 391//391 540//540
f 536//536 542//542 399//399
f 393//393 536//536 399//399
f 543//543 536//536 537//537
f 542//542 536//536 543//543
f 544//544 541//541 540//540
f 545//545 541//541 544//544
f 396//396 401//401 544//544
f 540//540 396//396 544//544
f 542//542 546//546 404//404
f 399//399 542//542 404//404
f 547//547 542//542 543//543
f 546//546 542//542 547//547
f 548//548 545//545 544//544
f 549//549 545//545 548//548
f 401//401 405//405 550//550
f 401//401 550//550 544//544
f 544//544 550//550 548//548
f 405//405 407//407 550//550
f 546//546 551//551 411//411
f 404//404 546//546 411//411
f 552//552 546//546 547//547
f 551//551 546//546 552//552
f 553//553 549//549 548//548
f 554//554 549//549 553//553
f 550//550 555//555 548//548
f 555//555 553//553 548//548
f 407//407 413//413 555//555
f 550//550 407//407 555//555
f 551//551 556//556 417//417
f 411//411 551//551 417//417
f 557//557 551//551 552//552
f 556//556 551//551 557//557
f 558//558 554//554 553//553
f 559//559 554//554 558//558
f 555//555 560//560 553//553
f 560//560 558//558 553//553
f 413//413 419//419 560//560
f 555//555 413//413 560//560
f 556//556 561//561 425//425
f 417//417 556//556 425//425
f 562//562 556//556 557//557
f 561//561 556//556 562//562
f 558//558 563//563 559//559
f 563//563 564//564 565//565
f 563//563 558//558 564//564
f 558//558 560//560 564//564
f 419//419 427//427 564//564
f 560//560 419//419 564//564
f 561//561 566//566 433//433
f 425//425 561//561 433//433
f 567//567 561//561 562//562
f 566//566 561//561 567//567
f 568//568 565//565 564//564
f 569//569 565//565 568//568
f 427//427 434//434 570//570
f 427//427 570//570 564//564
f 564//564 570//570 568//568
f 434//434 436//436 570//570
f 566//566 571//571 442//442
f 433//433 566//566 442//442
f 572//572 566//566 567//567
f 571//571 566//566 572//572
f 568//568 573//573 569//569
f 573//573 574//574 575//575
f 573//573 568//568 574//574
f 568//568 570//570 574//574
f 436//436 444//444 574//574
f 570//570 436//436 574//574
f 450//450 576//576 449//449
f 450//450 442//442 571//571
f 450//450 571//571 576//576
f 576//576 571//571 577//577
f 578//578 571//571 572//572
f 577//577 571//571 578//578
f 574//574 579//579 575//575
f 580//580 581//581 579//579
f 451//451 580//580 579//579
f 451//451 579//579 574//574
f 451//451 574//574 444//444
f 451//451 452//452 582//582
f 580//580 451//451 582//582
f 452//452 454//454 582//582
f 457//457 583//583 456//456
f 457//457 449//449 576//576
f 457//457 576//576 583//583
f 583//583 576//576 584//584
f 585//585 577//577 586//586
f 585//585 584//584 577//577
f 584//584 576//576 577//577
f 578//578 586//586 577//577
f 580//580 587//587 581//581
f 587//587 588//588 589//589
f 587//587 580//580 588//588
f 580//580 582//582 588//588
f 454//454 458//458 590//590
f 454//454 590//590 582//582
f 582//582 590//590 588//588
f 458//458 459//459 591//591
f 590//590 458//458 591//591
f 459//459 456//456 583//583
f 459//459 583//583 591//591
f 591//591 583//583 592//592
f 584//584 593//593 583//583
f 593//593 592//592 583//583
f 594//594 584//584 585//585
f 593//593 584//584 594//594
f 595//595 596//596 597//597
f 595//595 462//462 461//461
f 595//595 597//597 462//462
f 597//597 598//598 462//462
f 463//463 462//462 599//599
f 462//462 598//598 599//599
f 464//464 463//463 600//600
f 463//463 599//599 600//600
f 465//465 464//464 601//601
f 464//464 600//600 601//601
f 466//466 465//465 602//602
f 465//465 601//601 602//602
f 467//467 466//466 603//603
f 466//466 602//602 603//603
f 468//468 467//467 604//604
f 467//467 603//603 604//604
f 469//469 468//468 605//605
f 468//468 604//604 605//605
f 470//470 469//469 606//606
f 469//469 605//605 606//606
f 471//471 470//470 607//607
f 470//470 606//606 607//607
f 607//607 473//473 471//471
f 608//608 473//473 607//607
f 476//476 609//609 610//610
f 475//475 609//609 476//476
f 596//596 595//595 477//477
f 596//596 477//477 610//610
f 610//610 477//477 476//476
f 461//461 477//477 595//595
f 611//611 612//612 478//478
f 611//611 478//478 608//608
f 608//608 478//478 473//473
f 611//611 613//613 612//612
f 481//481 614//614 615//615
f 480//480 614//614 481//481
f 609//609 475//475 481//481
f 615//615 609//609 481//481
f 478//478 612//612 482//482
f 612//612 484//484 482//482
f 612//612 613//613 484//484
f 613//613 616//616 484//484
f 480//480 486//486 614//614
f 614//614 486//486 617//617
f 484//484 616//616 488//488
f 616//616 618//618 488//488
f 486//486 490//490 617//617
f 617//617 490//490 619//619
f 620//620 621//621 492//492
f 620//620 492//492 618//618
f 618//618 492//492 488//488
f 620//620 622//622 621//621
f 490//490 494//494 619//619
f 619//619 494//494 623//623
f 621//621 624//624 496//496
f 492//492 621//621 496//496
f 625//625 621//621 622//622
f 624//624 621//621 625//625
f 494//494 498//498 623//623
f 623//623 498//498 626//626
f 624//624 627//627 500//500
f 496//496 624//624 500//500
f 628//628 624//624 625//625
f 627//627 624//624 628//628
f 498//498 502//502 626//626
f 626//626 502//502 629//629
f 500//500 627//627 503//503
f 627//627 505//505 503//503
f 627//627 628//628 505//505
f 628//628 630//630 505//505
f 502//502 507//507 629//629
f 629//629 507//507 631//631
f 632//632 633//633 509//509
f 632//632 509//509 630//630
f 630//630 509//509 505//505
f 632//632 634//634 633//633
f 507//507 511//511 631//631
f 631//631 511//511 635//635
f 633//633 636//636 512//512
f 509//509 633//633 512//512
f 637//637 633//633 634//634
f 636//636 633//633 637//637
f 638//638 511//511 513//513
f 638//638 639//639 511//511
f 639//639 635//635 511//511
f 513//513 514//514 638//638
f 636//636 640//640 515//515
f 512//512 636//636 515//515
f 641//641 636//636 637//637
f 640//640 636//636 641//641
f 642//642 639//639 638//638
f 643//643 639//639 642//642
f 514//514 517//517 642//642
f 638//638 514//514 642//642
f 640//640 644//644 518//518
f 515//515 640//640 518//518
f 645//645 640//640 641//641
f 644//644 640//640 645//645
f 646//646 643//643 642//642
f 647//647 643//643 646//646
f 517//517 520//520 646//646
f 642//642 517//517 646//646
f 644//644 648//648 649//649
f 644//644 649//649 518//518
f 518//518 649//649 522//522
f 645//645 648//648 644//644
f 646//646 650//650 647//647
f 651//651 652//652 650//650
f 523//523 651//651 650//650
f 523//523 650//650 646//646
f 523//523 646//646 520//520
f 523//523 525//525 651//651
f 528//528 653//653 527//527
f 528//528 654//654 653//653
f 528//528 522//522 654//654
f 522//522 649//649 654//654
f 655//655 652//652 651//651
f 656//656 652//652 655//655
f 525//525 530//530 655//655
f 651//651 525//525 655//655
f 653//653 657//657 658//658
f 653//653 658//658 527//527
f 527//527 658//658 532//532
f 654//654 657//657 653//653
f 655//655 659//659 656//656
f 659//659 655//655 530//530
f 659//659 530//530 660//660
f 660//660 530//530 534//534
f 538//538 661//661 537//537
f 538//538 662//662 661//661
f 538//538 532//532 662//662
f 532//532 658//658 662//662
f 663//663 534//534 539//539
f 663//663 664//664 534//534
f 664//664 660//660 534//534
f 539//539 541//541 663//663
f 661//661 665//665 543//543
f 537//537 661//661 543//543
f 666//666 661//661 662//662
f 665//665 661//661 666//666
f 667//667 664//664 663//663
f 668//668 664//664 667//667
f 541//541 545//545 667//667
f 663//663 541//541 667//667
f 665//665 669//669 547//547
f 543//543 665//665 547//547
f 670//670 665//665 666//666
f 669//669 665//665 670//670
f 671//671 668//668 667//667
f 672//672 668//668 671//671
f 545//545 549//549 671//671
f 667//667 545//545 671//671
f 669//669 673//673 552//552
f 547//547 669//669 552//552
f 674//674 669//669 670//670
f 673//673 669//669 674//674
f 675//675 672//672 671//671
f 676//676 672//672 675//675
f 549//549 554//554 675//675
f 671//671 549//549 675//675
f 673//673 677//677 557//557
f 552//552 673//673 557//557
f 678//678 673//673 674//674
f 677//677 673//673 678//678
f 679//679 676//676 675//675
f 680//680 676//676 679//679
f 554//554 559//559 679//679
f 675//675 554//554 679//679
f 677//677 681//681 562//562
f 557//557 677//677 562//562
f 682//682 677//677 678//678
f 681//681 677//677 682//682
f 683//683 680//680 679//679
f 684//684 680//680 683//683
f 559//559 563//563 685//685
f 559//559 685//685 679//679
f 679//679 685//685 683//683
f 563//563 565//565 685//685
f 681//681 686//686 567//567
f 562//562 681//681 567//567
f 687//687 681//681 682//682
f 686//686 681//681 687//687
f 683//683 688//688 684//684
f 688//688 689//689 690//690
f 688//688 683//683 689//689
f 683//683 685//685 689//689
f 565//565 569//569 689//689
f 685//685 565//565 689//689
f 686//686 691//691 572//572
f 567//567 686//686 572//572
f 692//692 686//686 687//687
f 691//691 686//686 692//692
f 693//693 690//690 689//689
f 694//694 690//690 693//693
f 569//569 573//573 695//695
f 569//569 695//695 689//689
f 689//689 695//695 693//693
f 573//573 575//575 695//695
f 691//691 696//696 578//578
f 572//572 691//691 578//578
f 697//697 691//691 692//692
f 696//696 691//691 697//697
f 693//693 698//698 694//694
f 698//698 699//699 700//700
f 698//698 693//693 699//699
f 693//693 695//695 699//699
f 575//575 579//579 701//701
f 575//575 701//701 695//695
f 695//695 701//701 699//699
f 579//579 581//581 701//701
f 586//586 702//702 585//585
f 586//586 703//703 702//702
f 578//578 703//703 586//586
f 578//578 704//704 703//703
f 578//578 696//696 704//704
f 697//697 704//704 696//696
f 699//699 705//705 700//700
f 705//705 706//706 707//707
f 705//705 699//699 706//706
f 699//699 701//701 706//706
f 581//581 587//587 708//708
f 581//581 708//708 701//701
f 701//701 708//708 706//706
f 587//587 589//589 708//708
f 702//702 709//709 594//594
f 585//585 702//702 594//594
f 710//710 702//702 703//703
f 709//709 702//702 710//710
f 711//711 712//712 713//713
f 711//711 597//597 596//596
f 711//711 713//713 597//597
f 713//713 714//714 597//597
f 598//598 597//597 715//715
f 597//597 714//714 715//715
f 599//599 598//598 716//716
f 598//598 715//715 716//716
f 600//600 599//599 717//717
f 599//599 716//716 717//717
f 601//601 600//600 718//718
f 600//600 717//717 718//718
f 602//602 601//601 719//719
f 601//601 718//718 719//719
f 603//603 602//602 720//720
f 602//602 719//719 720//720
f 604//604 603//603 721//721
f 603//603 720//720 721//721
f 605//605 604//604 722//722
f 604//604 721//721 722//722
f 606//606 605//605 723//723
f 605//605 722//722 723//723
f 607//607 606//606 724//724
f 606//606 723//723 724//724
f 724//724 608//608 607//607
f 725//725 608//608 724//724
f 726//726 727//727 728//728
f 712//712 726//726 728//728
f 711//711 726//726 712//712
f 711//711 609//609 726//726
f 711//711 610//610 609//609
f 596//596 610//610 711//711
f 608//608 725//725 729//729
f 611//611 608//608 729//729
f 729//729 613//613 611//611
f 730//730 613//613 729//729
f 615//615 727//727 726//726
f 615//615 614//614 727//727
f 614//614 731//731 727//727
f 609//609 615//615 726//726
f 732//732 733//733 616//616
f 732//732 616//616 730//730
f 730//730 616//616 613//613
f 732//732 734//734 733//733
f 614//614 617//617 731//731
f 731//731 617//617 735//735
f 733//733 736//736 618//618
f 616//616 733//733 618//618
f 737//737 733//733 734//734
f 736//736 733//733 737//737
f 617//617 619//619 735//735
f 735//735 619//619 738//738
f 618//618 736//736 620//620
f 736//736 622//622 620//620
f 736//736 737//737 622//622
f 737//737 739//739 622//622
f 619//619 623//623 738//738
f 738//738 623//623 740//740
f 622//622 739//739 625//625
f 739//739 741//741 625//625
f 623//623 626//626 740//740
f 740//740 626//626 742//742
f 625//625 741//741 628//628
f 741//741 743//743 628//628
f 744//744 745//745 746//746
f 744//744 746//746 742//742
f 744//744 742//742 629//629
f 629//629 742//742 626//626
f 747//747 748//748 630//630
f 747//747 630//630 743//743
f 743//743 630//630 628//628
f 747//747 749//749 748//748
f 750//750 745//745 744//744
f 751//751 745//745 750//750
f 629//629 631//631 750//750
f 744//744 629//629 750//750
f 630//630 748//748 632//632
f 748//748 634//634 632//632
f 748//748 749//749 634//634
f 749//749 752//752 634//634
f 753//753 751//751 750//750
f 754//754 751//751 753//753
f 631//631 635//635 753//753
f 750//750 631//631 753//753
f 634//634 752//752 637//637
f 752//752 755//755 637//637
f 753//753 756//756 754//754
f 756//756 753//753 635//635
f 756//756 635//635 757//757
f 757//757 635//635 639//639
f 637//637 755//755 641//641
f 755//755 758//758 641//641
f 639//639 643//643 757//757
f 757//757 643//643 759//759
f 641//641 758//758 645//645
f 758//758 760//760 645//645
f 643//643 647//647 759//759
f 759//759 647//647 761//761
f 648//648 762//762 649//649
f 648//648 763//763 762//762
f 648//648 645//645 763//763
f 645//645 760//760 763//763
f 764//764 647//647 650//650
f 764//764 765//765 647//647
f 765//765 761//761 647//647
f 650//650 652//652 764//764
f 762//762 766//766 767//767
f 762//762 767//767 649//649
f 649//649 767//767 654//654
f 763//763 766//766 762//762
f 764//764 768//768 765//765
f 768//768 764//764 652//652
f 768//768 652//652 769//769
f 769//769 652//652 656//656
f 657//657 770//770 658//658
f 657//657 771//771 770//770
f 657//657 654//654 771//771
f 654//654 767//767 771//771
f 772//772 656//656 659//659
f 772//772 773//773 656//656
f 773//773 769//769 656//656
f 659//659 660//660 772//772
f 770//770 774//774 775//775
f 770//770 775//775 658//658
f 658//658 775//775 662//662
f 771//771 774//774 770//770
f 776//776 773//773 772//772
f 777//777 773//773 776//776
f 660//660 664//664 776//776
f 772//772 660//660 776//776
f 662//662 775//775 666//666
f 775//775 778//778 666//666
f 779//779 777//777 776//776
f 780//780 777//777 779//779
f 664//664 668//668 779//779
f 776//776 664//664 779//779
f 781//781 782//782 670//670
f 781//781 670//670 778//778
f 778//778 670//670 666//666
f 781//781 783//783 782//782
f 779//779 784//784 780//780
f 784//784 779//779 668//668
f 784//784 668//668 785//785
f 785//785 668//668 672//672
f 782//782 786//786 787//787
f 782//782 787//787 670//670
f 670//670 787//787 674//674
f 783//783 786//786 782//782
f 672//672 676//676 785//785
f 785//785 676//676 788//788
f 674//674 787//787 678//678
f 787//787 789//789 678//678
f 676//676 680//680 788//788
f 788//788 680//680 790//790
f 678//678 789//789 682//682
f 789//789 791//791 682//682
f 680//680 684//684 790//790
f 790//790 684//684 792//792
f 793//793 794//794 687//687
f 793//793 687//687 791//791
f 791//791 687//687 682//682
f 793//793 795//795 794//794
f 796//796 684//684 688//688
f 796//796 797//797 684//684
f 797//797 792//792 684//684
f 688//688 690//690 796//796
f 794//794 798//798 692//692
f 687//687 794//794 692//692
f 799//799 794//794 795//795
f 798//798 794//794 799//799
f 796//796 800//800 797//797
f 800//800 796//796 690//690
f 800//800 690//690 801//801
f 801//801 690//690 694//694
f 798//798 802//802 803//803
f 798//798 803//803 692//692
f 692//692 803//803 697//697
f 799//799 802//802 798//798
f 804//804 694//694 698//698
f 804//804 805//805 694//694
f 805//805 801//801 694//694
f 698//698 700//700 804//804
f 704//704 806//806 703//703
f 704//704 807//807 806//806
f 704//704 697//697 807//807
f 697//697 803//803 807//807
f 804//804 808//808 805//805
f 809//809 810//810 808//808
f 705//705 809//809 808//808
f 705//705 808//808 804//804
f 705//705 804//804 700//700
f 705//705 707//707 809//809
f 806//806 811//811 812//812
f 806//806 812//812 703//703
f 703//703 812//812 710//710
f 807//807 811//811 806//806
f 713//713 813//813 814//814
f 712//712 813//813 713//713
f 714//714 713//713 815//815
f 713//713 814//814 815//815
f 715//715 714//714 816//816
f 714//714 815//815 816//816
f 716//716 715//715 817//817
f 715//715 816//816 817//817
f 717//717 716//716 818//818
f 716//716 817//817 818//818
f 718//718 717//717 819//819
f 717//717 818//818 819//819
f 719//719 718//718 820//820
f 718//718 819//819 820//820
f 720//720 719//719 821//821
f 719//719 820//820 821//821
f 721//721 720//720 822//822
f 720//720 821//821 822//822
f 722//722 721//721 823//823
f 721//721 822//822 823//823
f 723//723 722//722 824//824
f 722//722 823//823 824//824
f 724//724 723//723 825//825
f 723//723 824//824 825//825
f 825//825 725//725 724//724
f 826//826 725//725 825//825
f 728//728 827//827 828//828
f 727//727 827//827 728//728
f 813//813 712//712 728//728
f 828//828 813//813 728//728
f 725//725 826//826 829//829
f 729//729 725//725 829//829
f 829//829 730//730 729//729
f 830//830 730//730 829//829
f 727//727 731//731 827//827
f 827//827 731//731 831//831
f 730//730 830//830 832//832
f 732//732 730//730 832//832
f 832//832 734//734 732//732
f 833//833 734//734 832//832
f 731//731 735//735 831//831
f 831//831 735//735 834//834
f 734//734 833//833 737//737
f 833//833 835//835 737//737
f 735//735 738//738 834//834
f 834//834 738//738 836//836
f 737//737 835//835 739//739
f 835//835 837//837 739//739
f 738//738 740//740 836//836
f 836//836 740//740 838//838
f 739//739 837//837 741//741
f 837//837 839//839 741//741
f 840//840 841//841 842//842
f 840//840 842//842 838//838
f 840//840 838//838 742//742
f 742//742 838//838 740//740
f 843//843 844//844 743//743
f 843//843 743//743 839//839
f 839//839 743//743 741//741
f 843//843 845//845 844//844
f 746//746 841//841 840//840
f 746//746 745//745 841//841
f 745//745 846//846 841//841
f 742//742 746//746 840//840
f 743//743 844//844 747//747
f 844//844 749//749 747//747
f 844//844 845//845 749//749
f 845//845 847//847 749//749
f 745//745 751//751 846//846
f 846//846 751//751 848//848
f 749//749 847//847 752//752
f 847//847 849//849 752//752
f 751//751 754//754 848//848
f 848//848 754//754 850//850
f 752//752 849//849 755//755
f 849//849 851//851 755//755
f 852//852 754//754 756//756
f 852//852 853//853 754//754
f 853//853 850//850 754//754
f 756//756 757//757 852//852
f 755//755 851//851 758//758
f 851//851 854//854 758//758
f 852//852 855//855 853//853
f 855//855 852//852 757//757
f 855//855 757//757 856//856
f 856//856 757//757 759//759
f 758//758 854//854 760//760
f 854//854 857//857 760//760
f 759//759 761//761 856//856
f 856//856 761//761 858//858
f 760//760 857//857 763//763
f 857//857 859//859 763//763
f 761//761 765//765 858//858
f 858//858 765//765 860//860
f 766//766 861//861 767//767
f 766//766 862//862 861//861
f 766//766 763//763 862//862
f 763//763 859//859 862//862
f 765//765 863//863 860//860
f 768//768 863//863 765//765
f 863//863 768//768 769//769
f 864//864 863//863 769//769
f 861//861 865//865 866//866
f 861//861 866//866 767//767
f 767//767 866//866 771//771
f 862//862 865//865 861//861
f 769//769 773//773 864//864
f 864//864 773//773 867//867
f 774//774 868//868 775//775
f 774//774 869//869 868//868
f 774//774 771//771 869//869
f 771//771 866//866 869//869
f 773//773 777//777 867//867
f 867//867 777//777 870//870
f 868//868 871//871 778//778
f 775//775 868//868 778//778
f 872//872 868//868 869//869
f 871//871 868//868 872//872
f 777//777 780//780 870//870
f 870//870 780//780 873//873
f 778//778 871//871 781//781
f 871//871 783//783 781//781
f 871//871 872//872 783//783
f 872//872 874//874 783//783
f 875//875 780//780 784//784
f 875//875 876//876 780//780
f 876//876 873//873 780//780
f 784//784 785//785 875//875
f 786//786 877//877 787//787
f 786//786 878//878 877//877
f 786//786 783//783 878//878
f 783//783 874//874 878//878
f 875//875 879//879 876//876
f 879//879 875//875 785//785
f 879//879 785//785 880//880
f 880//880 785//785 788//788
f 877//877 881//881 789//789
f 787//787 877//877 789//789
f 882//882 877//877 878//878
f 881//881 877//877 882//882
f 788//788 790//790 880//880
f 880//880 790//790 883//883
f 881//881 884//884 791//791
f 789//789 881//881 791//791
f 885//885 881//881 882//882
f 884//884 881//881 885//885
f 790//790 792//792 883//883
f 883//883 792//792 886//886
f 791//791 884//884 793//793
f 884//884 795//795 793//793
f 884//884 885//885 795//795
f 885//885 887//887 795//795
f 792//792 797//797 886//886
f 886//886 797//797 888//888
f 795//795 887//887 799//799
f 887//887 889//889 799//799
f 890//890 797//797 800//800
f 890//890 891//891 797//797
f 891//891 888//888 797//797
f 800//800 801//801 890//890
f 802//802 892//892 803//803
f 802//802 893//893 892//892
f 802//802 799//799 893//893
f 799//799 889//889 893//893
f 890//890 894//894 891//891
f 894//894 890//890 801//801
f 894//894 801//801 895//895
f 895//895 801//801 805//805
f 892//892 896//896 897//897
f 892//892 897//897 803//803
f 803//803 897//897 807//807
f 893//893 896//896 892//892
f 898//898 805//805 808//808
f 898//898 899//899 805//805
f 899//899 895//895 805//805
f 808//808 810//810 898//898
f 811//811 900//900 901//901
f 812//812 811//811 901//901
f 897//897 811//811 807//807
f 900//900 811//811 897//897
f 814//814 813//813 902//902
f 903//903 814//814 902//902
f 903//903 904//904 814//814
f 904//904 815//815 814//814
f 816//816 815//815 905//905
f 815//815 904//904 905//905
f 817//817 816//816 906//906
f 816//816 905//905 906//906
f 818//818 817//817 907//907
f 817//817 906//906 907//907
f 819//819 818//818 908//908
f 818//818 907//907 908//908
f 820//820 819//819 909//909
f 819//819 908//908 909//909
f 821//821 820//820 910//910
f 820//820 909//909 910//910
f 822//822 821//821 911//911
f 821//821 910//910 911//911
f 823//823 822//822 912//912
f 822//822 911//911 912//912
f 824//824 823//823 913//913
f 823//823 912//912 913//913
f 825//825 824//824 914//914
f 824//824 913//913 914//914
f 914//914 826//826 825//825
f 915//915 826//826 914//914
f 828//828 827//827 916//916
f 828//828 916//916 917//917
f 813//813 828//828 917//917
f 813//813 917//917 918//918
f 813//813 918//918 902//902
f 903//903 902//902 918//918
f 826//826 915//915 919//919
f 829//829 826//826 919//919
f 919//919 830//830 829//829
f 920//920 830//830 919//919
f 916//916 921//921 922//922
f 916//916 827//827 921//921
f 827//827 831//831 921//921
f 917//917 916//916 922//922
f 830//830 920//920 923//923
f 832//832 830//830 923//923
f 923//923 833//833 832//832
f 924//924 833//833 923//923
f 831//831 834//834 921//921
f 921//921 834//834 925//925
f 833//833 924//924 835//835
f 924//924 926//926 835//835
f 834//834 836//836 925//925
f 925//925 836//836 927//927
f 835//835 926//926 837//837
f 926//926 928//928 837//837
f 836//836 838//838 927//927
f 927//927 838//838 929//929
f 930//930 931//931 839//839
f 930//930 839//839 928//928
f 928//928 839//839 837//837
f 930//930 932//932 931//931
f 842//842 841//841 933//933
f 842//842 933//933 934//934
f 842//842 934//934 838//838
f 838//838 934//934 929//929
f 839//839 931//931 843//843
f 931//931 845//845 843//843
f 931//931 932//932 845//845
f 932//932 935//935 845//845
f 933//933 936//936 937//937
f 933//933 841//841 936//936
f 841//841 846//846 936//936
f 934//934 933//933 937//937
f 845//845 935//935 847//847
f 935//935 938//938 847//847
f 846//846 848//848 936//936
f 936//936 848//848 939//939
f 847//847 938//938 849//849
f 938//938 940//940 849//849
f 848//848 850//850 939//939
f 939//939 850//850 941//941
f 849//849 940//940 851//851
f 940//940 942//942 851//851
f 943//943 853//853 944//944
f 943//943 941//941 853//853
f 941//941 850//850 853//853
f 943//943 944//944 945//945
f 851//851 942//942 854//854
f 942//942 946//946 854//854
f 853//853 855//855 944//944
f 944//944 855//855 856//856
f 944//944 856//856 945//945
f 945//945 856//856 947//947
f 854//854 946//946 857//857
f 946//946 948//948 857//857
f 856//856 858//858 947//947
f 947//947 858//858 949//949
f 857//857 948//948 859//859
f 948//948 950//950 859//859
f 858//858 860//860 949//949
f 949//949 860//860 951//951
f 859//859 950//950 862//862
f 950//950 952//952 862//862
f 860//860 953//953 951//951
f 863//863 953//953 860//860
f 953//953 863//863 864//864
f 954//954 953//953 864//864
f 865//865 955//955 956//956
f 866//866 865//865 956//956
f 952//952 865//865 862//862
f 955//955 865//865 952//952
f 864//864 867//867 954//954
f 954//954 867//867 957//957
f 866//866 956//956 869//869
f 956//956 958//958 869//869
f 867//867 870//870 957//957
f 957//957 870//870 959//959
f 869//869 958//958 872//872
f 958//958 960//960 872//872
f 870//870 873//873 959//959
f 959//959 873//873 961//961
f 872//872 960//960 874//874
f 960//960 962//962 874//874
f 873//873 876//876 961//961
f 961//961 876//876 963//963
f 874//874 962//962 878//878
f 962//962 964//964 878//878
f 876//876 965//965 963//963
f 879//879 965//965 876//876
f 965//965 879//879 880//880
f 966//966 965//965 880//880
f 878//878 964//964 882//882
f 964//964 967//967 882//882
f 880//880 883//883 966//966
f 966//966 883//883 968//968
f 882//882 967//967 885//885
f 967//967 969//969 885//885
f 883//883 886//886 968//968
f 968//968 886//886 970//970
f 885//885 969//969 887//887
f 969//969 971//971 887//887
f 886//886 888//888 970//970
f 970//970 888//888 972//972
f 887//887 971//971 889//889
f 971//971 973//973 889//889
f 888//888 891//891 972//972
f 972//972 891//891 974//974
f 889//889 973//973 893//893
f 973//973 975//975 893//893
f 891//891 976//976 974//974
f 894//894 976//976 891//891
f 976//976 894//894 895//895
f 977//977 976//976 895//895
f 896//896 978//978 979//979
f 897//897 896//896 979//979
f 975//975 896//896 893//893
f 978//978 896//896 975//975
f 895//895 899//899 977//977
f 977//977 899//899 980//980
f 900//900 981//981 982//982
f 901//901 900//900 982//982
f 979//979 900//900 897//897
f 981//981 900//900 979//979
f 904//904 903//903 983//983
f 984//984 904//904 983//983
f 984//984 985//985 904//904
f 985//985 905//905 904//904
f 906//906 905//905 986//986
f 905//905 985//985 986//986
f 907//907 906//906 987//987
f 906//906 986//986 987//987
f 908//908 907//907 988//988
f 907//907 987//987 988//988
f 909//909 908//908 989//989
f 908//908 988//988 989//989
f 910//910 909//909 990//990
f 909//909 989//989 990//990
f 911//911 910//910 991//991
f 910//910 990//990 991//991
f 912//912 911//911 992//992
f 911//911 991//991 992//992
f 913//913 912//912 993//993
f 912//912 992//992 993//993
f 994//994 993//993 995//995
f 994//994 914//914 993//993
f 914//914 913//913 993//993
f 914//914 994//994 915//915
f 918//918 996//996 997//997
f 917//917 996//996 918//918
f 983//983 903//903 918//918
f 983//983 918//918 998//998
f 998//998 918//918 997//997
f 984//984 983//983 998//998
f 994//994 995//995 999//999
f 915//915 994//994 999//999
f 915//915 999//999 919//919
f 919//919 999//999 1000//1000
f 1000//1000 920//920 919//919
f 1001//1001 920//920 1000//1000
f 922//922 921//921 1002//1002
f 922//922 1002//1002 1003//1003
f 922//922 1003//1003 917//917
f 917//917 1003//1003 996//996
f 920//920 1001//1001 1004//1004
f 923//923 920//920 1004//1004
f 1004//1004 924//924 923//923
f 1005//1005 924//924 1004//1004
f 1002//1002 1006//1006 1007//1007
f 1002//1002 921//921 1006//1006
f 921//921 925//925 1006//1006
f 1003//1003 1002//1002 1007//1007
f 924//924 1005//1005 926//926
f 1005//1005 1008//1008 926//926
f 925//925 927//927 1006//1006
f 1006//1006 927//927 1009//1009
f 926//926 1008//1008 928//928
f 1008//1008 1010//1010 928//928
f 927//927 929//929 1009//1009
f 1009//1009 929//929 1011//1011
f 1012//1012 930//930 928//928
f 1012//1012 928//928 1013//1013
f 1013//1013 928//928 1010//1010
f 930//930 1012//1012 932//932
f 929//929 934//934 1011//1011
f 1011//1011 934//934 1014//1014
f 1012//1012 1013//1013 1015//1015
f 1015//1015 932//932 1012//1012
f 1015//1015 1016//1016 932//932
f 1016//1016 935//935 932//932
f 937//937 936//936 1017//1017
f 937//937 1017//1017 1018//1018
f 937//937 1018//1018 934//934
f 934//934 1018//1018 1014//1014
f 935//935 1016//1016 938//938
f 1016//1016 1019//1019 938//938
f 1017//1017 939//939 1020//1020
f 936//936 939//939 1017//1017
f 1021//1021 1018//1018 1017//1017
f 1020//1020 1021//1021 1017//1017
f 938//938 1019//1019 940//940
f 1019//1019 1022//1022 940//940
f 1020//1020 941//941 1023//1023
f 939//939 941//941 1020//1020
f 1024//1024 1021//1021 1020//1020
f 1023//1023 1024//1024 1020//1020
f 940//940 1022//1022 942//942
f 1022//1022 1025//1025 942//942
f 941//941 943//943 1023//1023
f 1023//1023 943//943 945//945
f 1023//1023 945//945 1024//1024
f 1024//1024 945//945 1026//1026
f 942//942 1025//1025 946//946
f 1025//1025 1027//1027 946//946
f 945//945 947//947 1026//1026
f 1026//1026 947//947 1028//1028
f 946//946 1027//1027 948//948
f 1027//1027 1029//1029 948//948
f 947//947 949//949 1028//1028
f 1028//1028 949//949 1030//1030
f 948//948 1029//1029 950//950
f 1029//1029 1031//1031 950//950
f 1032//1032 951//951 1033//1033
f 1032//1032 1030//1030 951//951
f 1030//1030 949//949 951//951
f 1032//1032 1033//1033 1034//1034
f 1035//1035 1036//1036 1037//1037
f 1035//1035 1031//1031 1036//1036
f 1035//1035 952//952 1031//1031
f 952//952 950//950 1031//1031
f 951//951 953//953 1033//1033
f 1033//1033 953//953 954//954
f 1033//1033 954//954 1034//1034
f 1034//1034 954//954 1038//1038
f 955//955 1035//1035 1037//1037
f 955//955 1037//1037 956//956
f 956//956 1037//1037 1039//1039
f 952//952 1035//1035 955//955
f 954//954 957//957 1038//1038
f 1038//1038 957//957 1040//1040
f 956//956 1039//1039 958//958
f 1039//1039 1041//1041 958//958
f 957//957 959//959 1040//1040
f 1040//1040 959//959 1042//1042
f 958//958 1041//1041 960//960
f 1041//1041 1043//1043 960//960
f 1044//1044 961//961 1045//1045
f 1044//1044 1042//1042 961//961
f 1042//1042 959//959 961//961
f 1044//1044 1045//1045 1046//1046
f 960//960 1043//1043 962//962
f 1043//1043 1047//1047 962//962
f 1045//1045 963//963 1048//1048
f 961//961 963//963 1045//1045
f 1049//1049 1046//1046 1045//1045
f 1048//1048 1049//1049 1045//1045
f 962//962 1047//1047 964//964
f 1047//1047 1050//1050 964//964
f 963//963 965//965 1048//1048
f 1048//1048 965//965 966//966
f 1048//1048 966//966 1049//1049
f 1049//1049 966//966 1051//1051
f 964//964 1050//1050 967//967
f 1050//1050 1052//1052 967//967
f 966//966 968//968 1051//1051
f 1051//1051 968//968 1053//1053
f 967//967 1052//1052 969//969
f 1052//1052 1054//1054 969//969
f 968//968 970//970 1053//1053
f 1053//1053 970//970 1055//1055
f 969//969 1054//1054 971//971
f 1054//1054 1056//1056 971//971
f 970//970 972//972 1055//1055
f 1055//1055 972//972 1057//1057
f 971//971 1056//1056 973//973
f 1056//1056 1058//1058 973//973
f 972//972 974//974 1057//1057
f 1057//1057 974//974 1059//1059
f 1060//1060 1061//1061 1062//1062
f 1060//1060 1058//1058 1061//1061
f 1060//1060 975//975 1058//1058
f 975//975 973//973 1058//1058
f 974//974 1063//1063 1059//1059
f 976//976 1063//1063 974//974
f 1063//1063 976//976 977//977
f 1064//1064 1063//1063 977//977
f 978//978 1060//1060 1062//1062
f 978//978 1062//1062 979//979
f 979//979 1062//1062 1065//1065
f 975//975 1060//1060 978//978
f 1066//1066 980//980 1067//1067
f 1066//1066 1064//1064 980//980
f 1064//1064 977//977 980//980
f 1066//1066 1067//1067 1068//1068
f 981//981 1069//1069 1070//1070
f 982//982 981//981 1070//1070
f 1065//1065 981//981 979//979
f 1069//1069 981//981 1065//1065
f 985//985 984//984 1071//1071
f 1072//1072 985//985 1071//1071
f 1072//1072 1073//1073 985//985
f 1073//1073 986//986 985//985
f 987//987 986//986 1074//1074
f 986//986 1073//1073 1074//1074
f 988//988 987//987 1075//1075
f 987//987 1074//1074 1075//1075
f 989//989 988//988 1076//1076
f 988//988 1075//1075 1076//1076
f 990//990 989//989 1077//1077
f 989//989 1076//1076 1077//1077
f 1078//1078 1077//1077 1079//1079
f 1078//1078 991//991 1077//1077
f 991//991 990//990 1077//1077
f 991//991 1080//1080 992//992
f 1078//1078 1080//1080 991//991
f 992//992 1081//1081 993//993
f 1080//1080 1081//1081 992//992
f 993//993 1081//1081 995//995
f 997//997 996//996 1082//1082
f 1083//1083 997//997 1082//1082
f 1083//1083 1084//1084 997//997
f 1084//1084 998//998 997//997
f 1071//1071 984//984 998//998
f 1071//1071 998//998 1085//1085
f 1085//1085 998//998 1084//1084
f 1072//1072 1071//1071 1085//1085
f 1078//1078 1079//1079 1086//1086
f 1080//1080 1078//1078 1086//1086
f 1087//1087 1080//1080 1086//1086
f 1081//1081 1080//1080 1087//1087
f 1088//1088 1081//1081 1087//1087
f 995//995 1081//1081 1088//1088
f 995//995 1088//1088 999//999
f 999//999 1088//1088 1089//1089
f 1000//1000 999//999 1090//1090
f 999//999 1089//1089 1090//1090
f 1090//1090 1001//1001 1000//1000
f 1091//1091 1001//1001 1090//1090
f 1082//1082 1092//1092 1093//1093
f 1082//1082 996//996 1092//1092
f 996//996 1003//1003 1092//1092
f 1083//1083 1082//1082 1093//1093
f 1094//1094 1004//1004 1001//1001
f 1094//1094 1001//1001 1095//1095
f 1095//1095 1001//1001 1091//1091
f 1004//1004 1094//1094 1005//1005
f 1007//1007 1006//1006 1096//1096
f 1007//1007 1096//1096 1097//1097
f 1007//1007 1097//1097 1003//1003
f 1003//1003 1097//1097 1092//1092
f 1094//1094 1095//1095 1098//1098
f 1098//1098 1005//1005 1094//1094
f 1098//1098 1099//1099 1005//1005
f 1099//1099 1008//1008 1005//1005
f 1096//1096 1009//1009 1100//1100
f 1006//1006 1009//1009 1096//1096
f 1101//1101 1097//1097 1096//1096
f 1100//1100 1101//1101 1096//1096
f 1008//1008 1099//1099 1010//1010
f 1099//1099 1102//1102 1010//1010
f 1100//1100 1011//1011 1103//1103
f 1009//1009 1011//1011 1100//1100
f 1104//1104 1101//1101 1100//1100
f 1103//1103 1104//1104 1100//1100
f 1010//1010 1102//1102 1013//1013
f 1102//1102 1105//1105 1013//1013
f 1103//1103 1106//1106 1107//1107
f 1103//1103 1011//1011 1106//1106
f 1011//1011 1014//1014 1106//1106
f 1104//1104 1103//1103 1107//1107
f 1108//1108 1015//1015 1013//1013
f 1108//1108 1013//1013 1109//1109
f 1109//1109 1013//1013 1105//1105
f 1015//1015 1108//1108 1016//1016
f 1014//1014 1018//1018 1106//1106
f 1106//1106 1018//1018 1110//1110
f 1108//1108 1109//1109 1111//1111
f 1111//1111 1016//1016 1108//1108
f 1111//1111 1112//1112 1016//1016
f 1112//1112 1019//1019 1016//1016
f 1018//1018 1021//1021 1110//1110
f 1110//1110 1021//1021 1113//1113
f 1019//1019 1112//1112 1022//1022
f 1112//1112 1114//1114 1022//1022
f 1021//1021 1024//1024 1113//1113
f 1113//1113 1024//1024 1115//1115
f 1022//1022 1114//1114 1025//1025
f 1114//1114 1116//1116 1025//1025
f 1024//1024 1026//1026 1115//1115
f 1115//1115 1026//1026 1117//1117
f 1025//1025 1116//1116 1027//1027
f 1116//1116 1118//1118 1027//1027
f 1026//1026 1028//1028 1117//1117
f 1117//1117 1028//1028 1119//1119
f 1027//1027 1118//1118 1029//1029
f 1118//1118 1120//1120 1029//1029
f 1121//1121 1030//1030 1122//1122
f 1121//1121 1119//1119 1030//1030
f 1119//1119 1028//1028 1030//1030
f 1121//1121 1122//1122 1123//1123
f 1029//1029 1120//1120 1031//1031
f 1120//1120 1124//1124 1031//1031
f 1030//1030 1032//1032 1122//1122
f 1122//1122 1032//1032 1034//1034
f 1122//1122 1034//1034 1123//1123
f 1123//1123 1034//1034 1125//1125
f 1036//1036 1126//1126 1127//1127
f 1037//1037 1036//1036 1127//1127
f 1124//1124 1036//1036 1031//1031
f 1126//1126 1036//1036 1124//1124
f 1034//1034 1038//1038 1125//1125
f 1125//1125 1038//1038 1128//1128
f 1037//1037 1127//1127 1039//1039
f 1127//1127 1129//1129 1039//1039
f 1130//1130 1040//1040 1131//1131
f 1130//1130 1128//1128 1040//1040
f 1128//1128 1038//1038 1040//1040
f 1130//1130 1131//1131 1132//1132
f 1133//1133 1134//1134 1135//1135
f 1133//1133 1129//1129 1134//1134
f 1133//1133 1041//1041 1129//1129
f 1041//1041 1039//1039 1129//1129
f 1131//1131 1042//1042 1136//1136
f 1040//1040 1042//1042 1131//1131
f 1137//1137 1132//1132 1131//1131
f 1136//1136 1137//1137 1131//1131
f 1138//1138 1133//1133 1135//1135
f 1139//1139 1138//1138 1135//1135
f 1041//1041 1138//1138 1043//1043
f 1133//1133 1138//1138 1041//1041
f 1042//1042 1044//1044 1136//1136
f 1136//1136 1044//1044 1046//1046
f 1136//1136 1046//1046 1137//1137
f 1137//1137 1046//1046 1140//1140
f 1141//1141 1138//1138 1139//1139
f 1142//1142 1141//1141 1139//1139
f 1043//1043 1141//1141 1047//1047
f 1138//1138 1141//1141 1043//1043
f 1046//1046 1049//1049 1140//1140
f 1140//1140 1049//1049 1143//1143
f 1144//1144 1141//1141 1142//1142
f 1145//1145 1144//1144 1142//1142
f 1047//1047 1144//1144 1050//1050
f 1141//1141 1144//1144 1047//1047
f 1049//1049 1051//1051 1143//1143
f 1143//1143 1051//1051 1146//1146
f 1147//1147 1144//1144 1145//1145
f 1148//1148 1147//1147 1145//1145
f 1050//1050 1147//1147 1052//1052
f 1144//1144 1147//1147 1050//1050
f 1051//1051 1053//1053 1146//1146
f 1146//1146 1053//1053 1149//1149
f 1150//1150 1147//1147 1148//1148
f 1151//1151 1150//1150 1148//1148
f 1052//1052 1150//1150 1054//1054
f 1147//1147 1150//1150 1052//1052
f 1053//1053 1055//1055 1149//1149
f 1149//1149 1055//1055 1152//1152
f 1153//1153 1150//1150 1151//1151
f 1154//1154 1153//1153 1151//1151
f 1054//1054 1153//1153 1056//1056
f 1150//1150 1153//1153 1054//1054
f 1055//1055 1057//1057 1152//1152
f 1152//1152 1057//1057 1155//1155
f 1156//1156 1153//1153 1154//1154
f 1157//1157 1156//1156 1154//1154
f 1056//1056 1156//1156 1058//1058
f 1153//1153 1156//1156 1056//1056
f 1158//1158 1059//1059 1159//1159
f 1158//1158 1155//1155 1059//1059
f 1155//1155 1057//1057 1059//1059
f 1158//1158 1159//1159 1160//1160
f 1061//1061 1156//1156 1157//1157
f 1061//1061 1157//1157 1062//1062
f 1062//1062 1157//1157 1161//1161
f 1058//1058 1156//1156 1061//1061
f 1059//1059 1063//1063 1159//1159
f 1159//1159 1063//1063 1064//1064
f 1159//1159 1064//1064 1160//1160
f 1160//1160 1064//1064 1162//1162
f 1163//1163 1164//1164 1165//1165
f 1163//1163 1161//1161 1164//1164
f 1163//1163 1065//1065 1161//1161
f 1065//1065 1062//1062 1161//1161
f 1064//1064 1166//1166 1162//1162
f 1066//1066 1166//1166 1064//1064
f 1166//1166 1066//1066 1068//1068
f 1167//1167 1166//1166 1068//1068
f 1168//1168 1169//1169 1170//1170
f 1165//1165 1169//1169 1168//1168
f 1163//1163 1165//1165 1168//1168
f 1163//1163 1168//1168 1070//1070
f 1163//1163 1070//1070 1069//1069
f 1065//1065 1163//1163 1069//1069
f 1073//1073 1072//1072 1171//1171
f 1073//1073 1172//1172 1074//1074
f 1171//1171 1172//1172 1073//1073
f 1074//1074 1173//1173 1075//1075
f 1172//1172 1173//1173 1074//1074
f 1075//1075 1174//1174 1076//1076
f 1173//1173 1174//1174 1075//1075
f 1076//1076 1175//1175 1077//1077
f 1174//1174 1175//1175 1076//1076
f 1077//1077 1175//1175 1079//1079
f 1084//1084 1083//1083 1176//1176
f 1177//1177 1084//1084 1176//1176
f 1177//1177 1178//1178 1084//1084
f 1178//1178 1085//1085 1084//1084
f 1171//1171 1072//1072 1085//1085
f 1171//1171 1085//1085 1179//1179
f 1179//1179 1085//1085 1178//1178
f 1172//1172 1171//1171 1179//1179
f 1180//1180 1172//1172 1179//1179
f 1173//1173 1172//1172 1180//1180
f 1181//1181 1173//1173 1180//1180
f 1174//1174 1173//1173 1181//1181
f 1182//1182 1174//1174 1181//1181
f 1175//1175 1174//1174 1182//1182
f 1183//1183 1175//1175 1182//1182
f 1079//1079 1175//1175 1183//1183
f 1079//1079 1183//1183 1086//1086
f 1086//1086 1183//1183 1184//1184
f 1087//1087 1086//1086 1185//1185
f 1086//1086 1184//1184 1185//1185
f 1088//1088 1087//1087 1186//1186
f 1087//1087 1185//1185 1186//1186
f 1089//1089 1088//1088 1187//1187
f 1088//1088 1186//1186 1187//1187
f 1188//1188 1187//1187 1189//1189
f 1188//1188 1090//1090 1187//1187
f 1090//1090 1089//1089 1187//1187
f 1090//1090 1188//1188 1091//1091
f 1093//1093 1092//1092 1190//1190
f 1093//1093 1190//1190 1191//1191
f 1083//1083 1093//1093 1191//1191
f 1083//1083 1191//1191 1192//1192
f 1083//1083 1192//1192 1176//1176
f 1177//1177 1176//1176 1192//1192
f 1188//1188 1189//1189 1193//1193
f 1193//1193 1091//1091 1188//1188
f 1193//1193 1194//1194 1091//1091
f 1194//1194 1095//1095 1091//1091
f 1190//1190 1097//1097 1195//1195
f 1092//1092 1097//1097 1190//1190
f 1196//1196 1191//1191 1190//1190
f 1195//1195 1196//1196 1190//1190
f 1197//1197 1098//1098 1095//1095
f 1197//1197 1095//1095 1198//1198
f 1198//1198 1095//1095 1194//1194
f 1098//1098 1197//1197 1099//1099
f 1195//1195 1101//1101 1199//1199
f 1097//1097 1101//1101 1195//1195
f 1200//1200 1196//1196 1195//1195
f 1199//1199 1200//1200 1195//1195
f 1201//1201 1197//1197 1198//1198
f 1202//1202 1201//1201 1198//1198
f 1099//1099 1201//1201 1102//1102
f 1197//1197 1201//1201 1099//1099
f 1199//1199 1203//1203 1204//1204
f 1199//1199 1101//1101 1203//1203
f 1101//1101 1104//1104 1203//1203
f 1200//1200 1199//1199 1204//1204
f 1201//1201 1202//1202 1205//1205
f 1205//1205 1102//1102 1201//1201
f 1205//1205 1206//1206 1102//1102
f 1206//1206 1105//1105 1102//1102
f 1107//1107 1106//1106 1207//1207
f 1107//1107 1207//1207 1208//1208
f 1107//1107 1208//1208 1104//1104
f 1104//1104 1208//1208 1203//1203
f 1105//1105 1206//1206 1109//1109
f 1206//1206 1209//1209 1109//1109
f 1207//1207 1110//1110 1210//1210
f 1106//1106 1110//1110 1207//1207
f 1211//1211 1208//1208 1207//1207
f 1210//1210 1211//1211 1207//1207
f 1212//1212 1111//1111 1109//1109
f 1212//1212 1109//1109 1213//1213
f 1213//1213 1109//1109 1209//1209
f 1111//1111 1212//1212 1112//1112
f 1210//1210 1113//1113 1214//1214
f 1110//1110 1113//1113 1210//1210
f 1215//1215 1211//1211 1210//1210
f 1214//1214 1215//1215 1210//1210
f 1216//1216 1212//1212 1213//1213
f 1217//1217 1216//1216 1213//1213
f 1112//1112 1216//1216 1114//1114
f 1212//1212 1216//1216 1112//1112
f 1214//1214 1115//1115 1218//1218
f 1113//1113 1115//1115 1214//1214
f 1219//1219 1215//1215 1214//1214
f 1218//1218 1219//1219 1214//1214
f 1216//1216 1217//1217 1220//1220
f 1220//1220 1114//1114 1216//1216
f 1220//1220 1221//1221 1114//1114
f 1221//1221 1116//1116 1114//1114
f 1218//1218 1117//1117 1222//1222
f 1115//1115 1117//1117 1218//1218
f 1223//1223 1219//1219 1218//1218
f 1222//1222 1223//1223 1218//1218
f 1116//1116 1221//1221 1118//1118
f 1221//1221 1224//1224 1118//1118
f 1222//1222 1119//1119 1225//1225
f 1117//1117 1119//1119 1222//1222
f 1226//1226 1223//1223 1222//1222
f 1225//1225 1226//1226 1222//1222
f 1227//1227 1228//1228 1229//1229
f 1227//1227 1224//1224 1228//1228
f 1227//1227 1120//1120 1224//1224
f 1120//1120 1118//1118 1224//1224
f 1119//1119 1121//1121 1225//1225
f 1225//1225 1121//1121 1123//1123
f 1225//1225 1123//1123 1226//1226
f 1226//1226 1123//1123 1230//1230
f 1231//1231 1227//1227 1229//1229
f 1232//1232 1231//1231 1229//1229
f 1120//1120 1231//1231 1124//1124
f 1227//1227 1231//1231 1120//1120
f 1233//1233 1125//1125 1234//1234
f 1233//1233 1230//1230 1125//1125
f 1230//1230 1123//1123 1125//1125
f 1233//1233 1234//1234 1235//1235
f 1236//1236 1237//1237 1238//1238
f 1232//1232 1237//1237 1236//1236
f 1231//1231 1232//1232 1236//1236
f 1231//1231 1236//1236 1127//1127
f 1231//1231 1127//1127 1126//1126
f 1124//1124 1231//1231 1126//1126
f 1234//1234 1128//1128 1239//1239
f 1125//1125 1128//1128 1234//1234
f 1240//1240 1235//1235 1234//1234
f 1239//1239 1240//1240 1234//1234
f 1241//1241 1236//1236 1238//1238
f 1242//1242 1241//1241 1238//1238
f 1127//1127 1241//1241 1129//1129
f 1236//1236 1241//1241 1127//1127
f 1128//1128 1130//1130 1239//1239
f 1132//1132 1243//1243 1244//1244
f 1130//1130 1132//1132 1244//1244
f 1130//1130 1244//1244 1240//1240
f 1130//1130 1240//1240 1239//1239
f 1244//1244 1243//1243 1245//1245
f 1246//1246 1247//1247 1248//1248
f 1242//1242 1247//1247 1246//1246
f 1241//1241 1242//1242 1246//1246
f 1241//1241 1246//1246 1135//1135
f 1241//1241 1135//1135 1134//1134
f 1129//1129 1241//1241 1134//1134
f 1243//1243 1137//1137 1249//1249
f 1132//1132 1137//1137 1243//1243
f 1250//1250 1245//1245 1243//1243
f 1249//1249 1250//1250 1243//1243
f 1251//1251 1246//1246 1248//1248
f 1252//1252 1251//1251 1248//1248
f 1135//1135 1251//1251 1139//1139
f 1246//1246 1251//1251 1135//1135
f 1249//1249 1140//1140 1253//1253
f 1137//1137 1140//1140 1249//1249
f 1254//1254 1250//1250 1249//1249
f 1253//1253 1254//1254 1249//1249
f 1251//1251 1252//1252 1255//1255
f 1255//1255 1139//1139 1251//1251
f 1255//1255 1256//1256 1139//1139
f 1256//1256 1142//1142 1139//1139
f 1253//1253 1143//1143 1257//1257
f 1140//1140 1143//1143 1253//1253
f 1258//1258 1254//1254 1253//1253
f 1257//1257 1258//1258 1253//1253
f 1142//1142 1256//1256 1145//1145
f 1256//1256 1259//1259 1145//1145
f 1257//1257 1146//1146 1260//1260
f 1143//1143 1146//1146 1257//1257
f 1261//1261 1258//1258 1257//1257
f 1260//1260 1261//1261 1257//1257
f 1145//1145 1259//1259 1148//1148
f 1259//1259 1262//1262 1148//1148
f 1260//1260 1149//1149 1263//1263
f 1146//1146 1149//1149 1260//1260
f 1264//1264 1261//1261 1260//1260
f 1263//1263 1264//1264 1260//1260
f 1148//1148 1262//1262 1151//1151
f 1262//1262 1265//1265 1151//1151
f 1263//1263 1152//1152 1266//1266
f 1149//1149 1152//1152 1263//1263
f 1267//1267 1264//1264 1263//1263
f 1266//1266 1267//1267 1263//1263
f 1151//1151 1265//1265 1154//1154
f 1265//1265 1268//1268 1154//1154
f 1266//1266 1155//1155 1269//1269
f 1152//1152 1155//1155 1266//1266
f 1270//1270 1267//1267 1266//1266
f 1269//1269 1270//1270 1266//1266
f 1271//1271 1272//1272 1273//1273
f 1271//1271 1268//1268 1272//1272
f 1271//1271 1157//1157 1268//1268
f 1157//1157 1154//1154 1268//1268
f 1155//1155 1158//1158 1269//1269
f 1160//1160 1274//1274 1275//1275
f 1158//1158 1160//1160 1275//1275
f 1158//1158 1275//1275 1270//1270
f 1158//1158 1270//1270 1269//1269
f 1275//1275 1274//1274 1276//1276
f 1277//1277 1271//1271 1273//1273
f 1278//1278 1277//1277 1273//1273
f 1157//1157 1277//1277 1161//1161
f 1271//1271 1277//1277 1157//1157
f 1274//1274 1162//1162 1279//1279
f 1160//1160 1162//1162 1274//1274
f 1280//1280 1276//1276 1274//1274
f 1279//1279 1280//1280 1274//1274
f 1281//1281 1282//1282 1283//1283
f 1278//1278 1282//1282 1281//1281
f 1277//1277 1278//1278 1281//1281
f 1277//1277 1281//1281 1165//1165
f 1277//1277 1165//1165 1164//1164
f 1161//1161 1277//1277 1164//1164
f 1162//1162 1166//1166 1279//1279
f 1167//1167 1284//1284 1285//1285
f 1166//1166 1167//1167 1285//1285
f 1166//1166 1285//1285 1280//1280
f 1166//1166 1280//1280 1279//1279
f 1285//1285 1284//1284 1286//1286
f 1287//1287 1288//1288 1289//1289
f 1283//1283 1288//1288 1287//1287
f 1281//1281 1283//1283 1287//1287
f 1281//1281 1287//1287 1170//1170
f 1281//1281 1170//1170 1169//1169
f 1165//1165 1281//1281 1169//1169
f 1178//1178 1177//1177 1290//1290
f 1291//1291 1178//1178 1290//1290
f 1291//1291 1292//1292 1178//1178
f 1292//1292 1179//1179 1178//1178
f 1180//1180 1179//1179 1293//1293
f 1179//1179 1292//1292 1293//1293
f 1181//1181 1180//1180 1294//1294
f 1180//1180 1293//1293 1294//1294
f 1182//1182 1181//1181 1295//1295
f 1181//1181 1294//1294 1295//1295
f 1183//1183 1182//1182 1296//1296
f 1182//1182 1295//1295 1296//1296
f 1184//1184 1183//1183 1297//1297
f 1183//1183 1296//1296 1297//1297
f 1185//1185 1184//1184 1298//1298
f 1184//1184 1297//1297 1298//1298
f 1186//1186 1185//1185 1299//1299
f 1185//1185 1298//1298 1299//1299
f 1300//1300 1299//1299 1301//1301
f 1300//1300 1187//1187 1299//1299
f 1187//1187 1186//1186 1299//1299
f 1187//1187 1300//1300 1189//1189
f 1192//1192 1191//1191 1302//1302
f 1192//1192 1302//1302 1303//1303
f 1177//1177 1192//1192 1303//1303
f 1177//1177 1303//1303 1304//1304
f 1177//1177 1304//1304 1290//1290
f 1291//1291 1290//1290 1304//1304
f 1300//1300 1301//1301 1305//1305
f 1306//1306 1305//1305 1307//1307
f 1193//1193 1305//1305 1306//1306
f 1193//1193 1300//1300 1305//1305
f 1193//1193 1189//1189 1300//1300
f 1193//1193 1306//1306 1194//1194
f 1302//1302 1196//1196 1308//1308
f 1191//1191 1196//1196 1302//1302
f 1309//1309 1303//1303 1302//1302
f 1308//1308 1309//1309 1302//1302
f 1310//1310 1306//1306 1307//1307
f 1311//1311 1310//1310 1307//1307
f 1194//1194 1310//1310 1198//1198
f 1306//1306 1310//1310 1194//1194
f 1308//1308 1312//1312 1313//1313
f 1308//1308 1196//1196 1312//1312
f 1196//1196 1200//1200 1312//1312
f 1309//1309 1308//1308 1313//1313
f 1310//1310 1311//1311 1314//1314
f 1314//1314 1198//1198 1310//1310
f 1314//1314 1315//1315 1198//1198
f 1315//1315 1202//1202 1198//1198
f 1204//1204 1203//1203 1316//1316
f 1204//1204 1316//1316 1317//1317
f 1204//1204 1317//1317 1200//1200
f 1200//1200 1317//1317 1312//1312
f 1318//1318 1205//1205 1202//1202
f 1318//1318 1202//1202 1319//1319
f 1319//1319 1202//1202 1315//1315
f 1205//1205 1318//1318 1206//1206
f 1316//1316 1320//1320 1321//1321
f 1316//1316 1203//1203 1320//1320
f 1203//1203 1208//1208 1320//1320
f 1317//1317 1316//1316 1321//1321
f 1322//1322 1318//1318 1319//1319
f 1323//1323 1322//1322 1319//1319
f 1206//1206 1322//1322 1209//1209
f 1318//1318 1322//1322 1206//1206
f 1208//1208 1211//1211 1320//1320
f 1320//1320 1211//1211 1324//1324
f 1322//1322 1323//1323 1325//1325
f 1325//1325 1209//1209 1322//1322
f 1325//1325 1326//1326 1209//1209
f 1326//1326 1213//1213 1209//1209
f 1211//1211 1215//1215 1324//1324
f 1324//1324 1215//1215 1327//1327
f 1213//1213 1326//1326 1217//1217
f 1326//1326 1328//1328 1217//1217
f 1215//1215 1219//1219 1327//1327
f 1327//1327 1219//1219 1329//1329
f 1330//1330 1220//1220 1217//1217
f 1330//1330 1217//1217 1331//1331
f 1331//1331 1217//1217 1328//1328
f 1220//1220 1330//1330 1221//1221
f 1219//1219 1223//1223 1329//1329
f 1329//1329 1223//1223 1332//1332
f 1333//1333 1330//1330 1331//1331
f 1334//1334 1333//1333 1331//1331
f 1221//1221 1333//1333 1224//1224
f 1330//1330 1333//1333 1221//1221
f 1223//1223 1226//1226 1332//1332
f 1332//1332 1226//1226 1335//1335
f 1228//1228 1333//1333 1334//1334
f 1228//1228 1334//1334 1229//1229
f 1229//1229 1334//1334 1336//1336
f 1224//1224 1333//1333 1228//1228
f 1337//1337 1230//1230 1338//1338
f 1337//1337 1335//1335 1230//1230
f 1335//1335 1226//1226 1230//1230
f 1337//1337 1338//1338 1339//1339
f 1340//1340 1341//1341 1342//1342
f 1340//1340 1336//1336 1341//1341
f 1340//1340 1232//1232 1336//1336
f 1232//1232 1229//1229 1336//1336
f 1230//1230 1233//1233 1338//1338
f 1338//1338 1233//1233 1235//1235
f 1338//1338 1235//1235 1339//1339
f 1339//1339 1235//1235 1343//1343
f 1344//1344 1345//1345 1346//1346
f 1342//1342 1345//1345 1344//1344
f 1340//1340 1342//1342 1344//1344
f 1340//1340 1344//1344 1238//1238
f 1340//1340 1238//1238 1237//1237
f 1232//1232 1340//1340 1237//1237
f 1347//1347 1240//1240 1348//1348
f 1347//1347 1343//1343 1240//1240
f 1343//1343 1235//1235 1240//1240
f 1347//1347 1348//1348 1349//1349
f 1350//1350 1344//1344 1346//1346
f 1351//1351 1350//1350 1346//1346
f 1238//1238 1350//1350 1242//1242
f 1344//1344 1350//1350 1238//1238
f 1240//1240 1244//1244 1348//1348
f 1348//1348 1244//1244 1245//1245
f 1348//1348 1245//1245 1349//1349
f 1349//1349 1245//1245 1352//1352
f 1353//1353 1354//1354 1355//1355
f 1351//1351 1354//1354 1353//1353
f 1350//1350 1351//1351 1353//1353
f 1350//1350 1353//1353 1248//1248
f 1350//1350 1248//1248 1247//1247
f 1242//1242 1350//1350 1247//1247
f 1356//1356 1250//1250 1357//1357
f 1356//1356 1352//1352 1250//1250
f 1352//1352 1245//1245 1250//1250
f 1356//1356 1357//1357 1358//1358
f 1353//1353 1355//1355 1359//1359
f 1359//1359 1248//1248 1353//1353
f 1359//1359 1360//1360 1248//1248
f 1360//1360 1252//1252 1248//1248
f 1357//1357 1254//1254 1361//1361
f 1250//1250 1254//1254 1357//1357
f 1362//1362 1358//1358 1357//1357
f 1361//1361 1362//1362 1357//1357
f 1363//1363 1255//1255 1252//1252
f 1363//1363 1252//1252 1364//1364
f 1364//1364 1252//1252 1360//1360
f 1255//1255 1363//1363 1256//1256
f 1361//1361 1258//1258 1365//1365
f 1254//1254 1258//1258 1361//1361
f 1366//1366 1362//1362 1361//1361
f 1365//1365 1366//1366 1361//1361
f 1367//1367 1363//1363 1364//1364
f 1368//1368 1367//1367 1364//1364
f 1256//1256 1367//1367 1259//1259
f 1363//1363 1367//1367 1256//1256
f 1365//1365 1261//1261 1369//1369
f 1258//1258 1261//1261 1365//1365
f 1370//1370 1366//1366 1365//1365
f 1369//1369 1370//1370 1365//1365
f 1371//1371 1367//1367 1368//1368
f 1372//1372 1371//1371 1368//1368
f 1259//1259 1371//1371 1262//1262
f 1367//1367 1371//1371 1259//1259
f 1369//1369 1264//1264 1373//1373
f 1261//1261 1264//1264 1369//1369
f 1374//1374 1370//1370 1369//1369
f 1373//1373 1374//1374 1369//1369
f 1375//1375 1371//1371 1372//1372
f 1376//1376 1375//1375 1372//1372
f 1262//1262 1375//1375 1265//1265
f 1371//1371 1375//1375 1262//1262
f 1373//1373 1267//1267 1377//1377
f 1264//1264 1267//1267 1373//1373
f 1378//1378 1374//1374 1373//1373
f 1377//1377 1378//1378 1373//1373
f 1379//1379 1375//1375 1376//1376
f 1380//1380 1379//1379 1376//1376
f 1265//1265 1379//1379 1268//1268
f 1375//1375 1379//1379 1265//1265
f 1377//1377 1270//1270 1381//1381
f 1267//1267 1270//1270 1377//1377
f 1382//1382 1378//1378 1377//1377
f 1381//1381 1382//1382 1377//1377
f 1383//1383 1384//1384 1385//1385
f 1380//1380 1384//1384 1383//1383
f 1379//1379 1380//1380 1383//1383
f 1379//1379 1383//1383 1273//1273
f 1379//1379 1273//1273 1272//1272
f 1268//1268 1379//1379 1272//1272
f 1270//1270 1275//1275 1381//1381
f 1276//1276 1386//1386 1387//1387
f 1275//1275 1276//1276 1387//1387
f 1275//1275 1387//1387 1382//1382
f 1275//1275 1382//1382 1381//1381
f 1387//1387 1386//1386 1388//1388
f 1389//1389 1383//1383 1385//1385
f 1390//1390 1389//1389 1385//1385
f 1273//1273 1389//1389 1278//1278
f 1383//1383 1389//1389 1273//1273
f 1386//1386 1280//1280 1391//1391
f 1276//1276 1280//1280 1386//1386
f 1392//1392 1388//1388 1386//1386
f 1392//1392 1386//1386 1393//1393
f 1393//1393 1386//1386 1391//1391
f 1392//1392 1393//1393 1394//1394
f 1395//1395 1396//1396 1397//1397
f 1390//1390 1396//1396 1395//1395
f 1389//1389 1390//1390 1395//1395
f 1389//1389 1395//1395 1283//1283
f 1389//1389 1283//1283 1282//1282
f 1278//1278 1389//1389 1282//1282
f 1280//1280 1285//1285 1391//1391
f 1286//1286 1391//1391 1285//1285
f 1286//1286 1398//1398 1391//1391
f 1398//1398 1393//1393 1391//1391
f 1399//1399 1394//1394 1393//1393
f 1399//1399 1393//1393 1400//1400
f 1400//1400 1393//1393 1398//1398
f 1400//1400 1401//1401 1402//1402
f 1399//1399 1400//1400 1402//1402
f 1401//1401 1403//1403 1404//1404
f 1402//1402 1401//1401 1404//1404
f 1403//1403 1405//1405 1406//1406
f 1404//1404 1403//1403 1406//1406
f 1405//1405 1407//1407 1408//1408
f 1406//1406 1405//1405 1408//1408
f 1397//1397 1408//1408 1407//1407
f 1395//1395 1397//1397 1407//1407
f 1395//1395 1407//1407 1289//1289
f 1395//1395 1289//1289 1288//1288
f 1283//1283 1395//1395 1288//1288
f 1292//1292 1291//1291 1409//1409
f 1292//1292 1410//1410 1293//1293
f 1409//1409 1410//1410 1292//1292
f 1411//1411 1293//1293 1410//1410
f 1411//1411 1412//1412 1293//1293
f 1412//1412 1294//1294 1293//1293
f 1295//1295 1294//1294 1413//1413
f 1294//1294 1412//1412 1413//1413
f 1296//1296 1295//1295 1414//1414
f 1295//1295 1413//1413 1414//1414
f 1297//1297 1296//1296 1415//1415
f 1296//1296 1414//1414 1415//1415
f 1298//1298 1297//1297 1416//1416
f 1297//1297 1415//1415 1416//1416
f 1417//1417 1416//1416 1418//1418
f 1417//1417 1299//1299 1416//1416
f 1299//1299 1298//1298 1416//1416
f 1299//1299 1417//1417 1301//1301
f 1304//1304 1303//1303 1419//1419
f 1304//1304 1419//1419 1420//1420
f 1291//1291 1304//1304 1420//1420
f 1291//1291 1420//1420 1421//1421
f 1291//1291 1421//1421 1409//1409
f 1410//1410 1409//1409 1421//1421
f 1422//1422 1410//1410 1421//1421
f 1411//1411 1410//1410 1422//1422
f 1417//1417 1418//1418 1423//1423
f 1424//1424 1423//1423 1425//1425
f 1305//1305 1423//1423 1424//1424
f 1305//1305 1417//1417 1423//1423
f 1305//1305 1301//1301 1417//1417
f 1305//1305 1424//1424 1307//1307
f 1419//1419 1309//1309 1426//1426
f 1303//1303 1309//1309 1419//1419
f 1427//1427 1420//1420 1419//1419
f 1426//1426 1427//1427 1419//1419
f 1428//1428 1424//1424 1425//1425
f 1429//1429 1428//1428 1425//1425
f 1307//1307 1428//1428 1311//1311
f 1424//1424 1428//1428 1307//1307
f 1313//1313 1312//1312 1430//1430
f 1313//1313 1430//1430 1431//1431
f 1309//1309 1313//1313 1431//1431
f 1309//1309 1431//1431 1432//1432
f 1309//1309 1432//1432 1426//1426
f 1427//1427 1426//1426 1432//1432
f 1428//1428 1429//1429 1433//1433
f 1434//1434 1433//1433 1435//1435
f 1314//1314 1433//1433 1434//1434
f 1314//1314 1428//1428 1433//1433
f 1314//1314 1311//1311 1428//1428
f 1314//1314 1434//1434 1315//1315
f 1430//1430 1436//1436 1437//1437
f 1430//1430 1312//1312 1436//1436
f 1312//1312 1317//1317 1436//1436
f 1431//1431 1430//1430 1437//1437
f 1438//1438 1434//1434 1435//1435
f 1439//1439 1438//1438 1435//1435
f 1315//1315 1438//1438 1319//1319
f 1434//1434 1438//1438 1315//1315
f 1321//1321 1320//1320 1440//1440
f 1321//1321 1440//1440 1441//1441
f 1321//1321 1441//1441 1317//1317
f 1317//1317 1441//1441 1436//1436
f 1442//1442 1438//1438 1439//1439
f 1443//1443 1442//1442 1439//1439
f 1319//1319 1442//1442 1323//1323
f 1438//1438 1442//1442 1319//1319
f 1440//1440 1444//1444 1445//1445
f 1440//1440 1320//1320 1444//1444
f 1320//1320 1324//1324 1444//1444
f 1441//1441 1440//1440 1445//1445
f 1442//1442 1443//1443 1446//1446
f 1447//1447 1446//1446 1448//1448
f 1325//1325 1446//1446 1447//1447
f 1325//1325 1442//1442 1446//1446
f 1325//1325 1323//1323 1442//1442
f 1325//1325 1447//1447 1326//1326
f 1324//1324 1327//1327 1444//1444
f 1444//1444 1327//1327 1449//1449
f 1450//1450 1447//1447 1448//1448
f 1451//1451 1450//1450 1448//1448
f 1326//1326 1450//1450 1328//1328
f 1447//1447 1450//1450 1326//1326
f 1327//1327 1329//1329 1449//1449
f 1449//1449 1329//1329 1452//1452
f 1453//1453 1450//1450 1451//1451
f 1454//1454 1453//1453 1451//1451
f 1328//1328 1453//1453 1331//1331
f 1450//1450 1453//1453 1328//1328
f 1455//1455 1332//1332 1456//1456
f 1455//1455 1452//1452 1332//1332
f 1452//1452 1329//1329 1332//1332
f 1455//1455 1456//1456 1457//1457
f 1458//1458 1453//1453 1454//1454
f 1459//1459 1458//1458 1454//1454
f 1331//1331 1458//1458 1334//1334
f 1453//1453 1458//1458 1331//1331
f 1456//1456 1335//1335 1460//1460
f 1332//1332 1335//1335 1456//1456
f 1461//1461 1457//1457 1456//1456
f 1460//1460 1461//1461 1456//1456
f 1462//1462 1463//1463 1464//1464
f 1459//1459 1463//1463 1462//1462
f 1459//1459 1462//1462 1458//1458
f 1458//1458 1462//1462 1465//1465
f 1334//1334 1465//1465 1336//1336
f 1458//1458 1465//1465 1334//1334
f 1335//1335 1337//1337 1460//1460
f 1339//1339 1466//1466 1467//1467
f 1337//1337 1339//1339 1467//1467
f 1337//1337 1467//1467 1461//1461
f 1337//1337 1461//1461 1460//1460
f 1467//1467 1466//1466 1468//1468
f 1469//1469 1462//1462 1464//1464
f 1470//1470 1469//1469 1464//1464
f 1341//1341 1469//1469 1342//1342
f 1341//1341 1465//1465 1469//1469
f 1465//1465 1462//1462 1469//1469
f 1336//1336 1465//1465 1341//1341
f 1466//1466 1343//1343 1471//1471
f 1339//1339 1343//1343 1466//1466
f 1472//1472 1468//1468 1466//1466
f 1471//1471 1472//1472 1466//1466
f 1473//1473 1474//1474 1475//1475
f 1470//1470 1474//1474 1473//1473
f 1469//1469 1470//1470 1473//1473
f 1469//1469 1473//1473 1346//1346
f 1469//1469 1346//1346 1345//1345
f 1342//1342 1469//1469 1345//1345
f 1343//1343 1347//1347 1471//1471
f 1349//1349 1476//1476 1477//1477
f 1347//1347 1349//1349 1477//1477
f 1347//1347 1477//1477 1472//1472
f 1347//1347 1472//1472 1471//1471
f 1477//1477 1476//1476 1478//1478
f 1479//1479 1480//1480 1481//1481
f 1475//1475 1480//1480 1479//1479
f 1475//1475 1479//1479 1473//1473
f 1473//1473 1479//1479 1482//1482
f 1346//1346 1482//1482 1351//1351
f 1473//1473 1482//1482 1346//1346
f 1476//1476 1352//1352 1483//1483
f 1349//1349 1352//1352 1476//1476
f 1484//1484 1478//1478 1476//1476
f 1484//1484 1476//1476 1485//1485
f 1485//1485 1476//1476 1483//1483
f 1484//1484 1485//1485 1486//1486
f 1487//1487 1479//1479 1481//1481
f 1488//1488 1487//1487 1481//1481
f 1354//1354 1487//1487 1355//1355
f 1354//1354 1482//1482 1487//1487
f 1482//1482 1479//1479 1487//1487
f 1351//1351 1482//1482 1354//1354
f 1352//1352 1356//1356 1483//1483
f 1358//1358 1483//1483 1356//1356
f 1358//1358 1489//1489 1483//1483
f 1489//1489 1485//1485 1483//1483
f 1490//1490 1486//1486 1485//1485
f 1489//1489 1490//1490 1485//1485
f 1491//1491 1487//1487 1488//1488
f 1492//1492 1491//1491 1488//1488
f 1355//1355 1493//1493 1359//1359
f 1355//1355 1487//1487 1493//1493
f 1487//1487 1491//1491 1493//1493
f 1359//1359 1493//1493 1360//1360
f 1489//1489 1362//1362 1494//1494
f 1358//1358 1362//1362 1489//1489
f 1495//1495 1490//1490 1489//1489
f 1494//1494 1495//1495 1489//1489
f 1496//1496 1491//1491 1492//1492
f 1497//1497 1496//1496 1492//1492
f 1493//1493 1491//1491 1498//1498
f 1498//1498 1491//1491 1496//1496
f 1360//1360 1498//1498 1364//1364
f 1493//1493 1498//1498 1360//1360
f 1494//1494 1366//1366 1499//1499
f 1362//1362 1366//1366 1494//1494
f 1500//1500 1495//1495 1494//1494
f 1500//1500 1494//1494 1501//1501
f 1501//1501 1494//1494 1499//1499
f 1500//1500 1501//1501 1502//1502
f 1503//1503 1496//1496 1497//1497
f 1504//1504 1503//1503 1497//1497
f 1498//1498 1496//1496 1505//1505
f 1505//1505 1496//1496 1503//1503
f 1364//1364 1505//1505 1368//1368
f 1498//1498 1505//1505 1364//1364
f 1499//1499 1370//1370 1506//1506
f 1366//1366 1370//1370 1499//1499
f 1501//1501 1499//1499 1507//1507
f 1507//1507 1499//1499 1506//1506
f 1508//1508 1502//1502 1501//1501
f 1507//1507 1508//1508 1501//1501
f 1509//1509 1503//1503 1504//1504
f 1510//1510 1509//1509 1504//1504
f 1505//1505 1503//1503 1511//1511
f 1511//1511 1503//1503 1509//1509
f 1368//1368 1511//1511 1372//1372
f 1505//1505 1511//1511 1368//1368
f 1506//1506 1374//1374 1512//1512
f 1370//1370 1374//1374 1506//1506
f 1507//1507 1506//1506 1513//1513
f 1513//1513 1506//1506 1512//1512
f 1514//1514 1508//1508 1507//1507
f 1513//1513 1514//1514 1507//1507
f 1515//1515 1509//1509 1510//1510
f 1516//1516 1515//1515 1510//1510
f 1511//1511 1509//1509 1517//1517
f 1517//1517 1509//1509 1515//1515
f 1372//1372 1517//1517 1376//1376
f 1511//1511 1517//1517 1372//1372
f 1512//1512 1378//1378 1518//1518
f 1374//1374 1378//1378 1512//1512
f 1513//1513 1512//1512 1519//1519
f 1519//1519 1512//1512 1518//1518
f 1520//1520 1514//1514 1513//1513
f 1519//1519 1520//1520 1513//1513
f 1521//1521 1515//1515 1516//1516
f 1522//1522 1521//1521 1516//1516
f 1517//1517 1515//1515 1523//1523
f 1523//1523 1515//1515 1521//1521
f 1376//1376 1523//1523 1380//1380
f 1517//1517 1523//1523 1376//1376
f 1518//1518 1382//1382 1524//1524
f 1378//1378 1382//1382 1518//1518
f 1519//1519 1518//1518 1525//1525
f 1525//1525 1518//1518 1524//1524
f 1526//1526 1520//1520 1519//1519
f 1525//1525 1526//1526 1519//1519
f 1527//1527 1528//1528 1529//1529
f 1522//1522 1528//1528 1527//1527
f 1522//1522 1527//1527 1521//1521
f 1521//1521 1527//1527 1530//1530
f 1384//1384 1530//1530 1385//1385
f 1384//1384 1523//1523 1530//1530
f 1523//1523 1521//1521 1530//1530
f 1380//1380 1523//1523 1384//1384
f 1382//1382 1387//1387 1524//1524
f 1388//1388 1524//1524 1387//1387
f 1388//1388 1531//1531 1524//1524
f 1531//1531 1525//1525 1524//1524
f 1532//1532 1526//1526 1525//1525
f 1532//1532 1525//1525 1533//1533
f 1533//1533 1525//1525 1531//1531
f 1533//1533 1534//1534 1535//1535
f 1532//1532 1533//1533 1535//1535
f 1535//1535 1534//1534 1536//1536
f 1537//1537 1538//1538 1539//1539
f 1529//1529 1538//1538 1537//1537
f 1529//1529 1537//1537 1527//1527
f 1527//1527 1537//1537 1540//1540
f 1530//1530 1527//1527 1541//1541
f 1541//1541 1527//1527 1540//1540
f 1385//1385 1541//1541 1390//1390
f 1530//1530 1541//1541 1385//1385
f 1388//1388 1392//1392 1531//1531
f 1394//1394 1531//1531 1392//1392
f 1394//1394 1542//1542 1531//1531
f 1542//1542 1533//1533 1531//1531
f 1534//1534 1533//1533 1543//1543
f 1543//1543 1533//1533 1542//1542
f 1544//1544 1536//1536 1534//1534
f 1544//1544 1534//1534 1545//1545
f 1545//1545 1534//1534 1543//1543
f 1539//1539 1544//1544 1545//1545
f 1539//1539 1545//1545 1537//1537
f 1537//1537 1545//1545 1546//1546
f 1540//1540 1537//1537 1547//1547
f 1547//1547 1537//1537 1546//1546
f 1396//1396 1547//1547 1397//1397
f 1396//1396 1541//1541 1547//1547
f 1541//1541 1540//1540 1547//1547
f 1390//1390 1541//1541 1396//1396
f 1394//1394 1399//1399 1542//1542
f 1402//1402 1542//1542 1399//1399
f 1543//1543 1542//1542 1402//1402
f 1404//1404 1543//1543 1402//1402
f 1545//1545 1543//1543 1404//1404
f 1406//1406 1545//1545 1404//1404
f 1546//1546 1545//1545 1406//1406
f 1408//1408 1546//1546 1406//1406
f 1547//1547 1546//1546 1408//1408
f 1397//1397 1547//1547 1408//1408
f 1412//1412 1411//1411 1548//1548
f 1412//1412 1549//1549 1413//1413
f 1548//1548 1549//1549 1412//1412
f 1413//1413 1550//1550 1414//1414
f 1549//1549 1550//1550 1413//1413
f 1414//1414 1551//1551 1415//1415
f 1550//1550 1551//1551 1414//1414
f 1415//1415 1552//1552 1416//1416
f 1551//1551 1552//1552 1415//1415
f 1416//1416 1552//1552 1418//1418
f 1421//1421 1420//1420 1553//1553
f 1554//1554 1421//1421 1553//1553
f 1554//1554 1555//1555 1421//1421
f 1555//1555 1422//1422 1421//1421
f 1548//1548 1411//1411 1422//1422
f 1548//1548 1422//1422 1556//1556
f 1556//1556 1422//1422 1555//1555
f 1549//1549 1548//1548 1556//1556
f 1557//1557 1549//1549 1556//1556
f 1550//1550 1549//1549 1557//1557
f 1558//1558 1550//1550 1557//1557
f 1551//1551 1550//1550 1558//1558
f 1559//1559 1551//1551 1558//1558
f 1559//1559 1560//1560 1561//1561
f 1559//1559 1561//1561 1551//1551
f 1551//1551 1561//1561 1552//1552
f 1418//1418 1562//1562 1423//1423
f 1418//1418 1552//1552 1562//1562
f 1552//1552 1561//1561 1562//1562
f 1423//1423 1562//1562 1425//1425
f 1553//1553 1563//1563 1564//1564
f 1553//1553 1420//1420 1563//1563
f 1420//1420 1427//1427 1563//1563
f 1554//1554 1553//1553 1564//1564
f 1561//1561 1560//1560 1565//1565
f 1565//1565 1566//1566 1567//1567
f 1565//1565 1567//1567 1561//1561
f 1561//1561 1567//1567 1562//1562
f 1425//1425 1567//1567 1429//1429
f 1562//1562 1567//1567 1425//1425
f 1432//1432 1568//1568 1569//1569
f 1431//1431 1568//1568 1432//1432
f 1563//1563 1427//1427 1432//1432
f 1569//1569 1563//1563 1432//1432
f 1570//1570 1567//1567 1566//1566
f 1571//1571 1570//1570 1566//1566
f 1429//1429 1572//1572 1433//1433
f 1429//1429 1567//1567 1572//1572
f 1567//1567 1570//1570 1572//1572
f 1433//1433 1572//1572 1435//1435
f 1437//1437 1436//1436 1573//1573
f 1437//1437 1573//1573 1574//1574
f 1437//1437 1574//1574 1431//1431
f 1431//1431 1574//1574 1568//1568
f 1570//1570 1571//1571 1575//1575
f 1575//1575 1576//1576 1577//1577
f 1575//1575 1577//1577 1570//1570
f 1570//1570 1577//1577 1572//1572
f 1435//1435 1577//1577 1439//1439
f 1572//1572 1577//1577 1435//1435
f 1573//1573 1578//1578 1579//1579
f 1573//1573 1436//1436 1578//1578
f 1436//1436 1441//1441 1578//1578
f 1574//1574 1573//1573 1579//1579
f 1580//1580 1577//1577 1576//1576
f 1581//1581 1580//1580 1576//1576
f 1439//1439 1580//1580 1443//1443
f 1577//1577 1580//1580 1439//1439
f 1445//1445 1444//1444 1582//1582
f 1445//1445 1582//1582 1583//1583
f 1445//1445 1583//1583 1441//1441
f 1441//1441 1583//1583 1578//1578
f 1580//1580 1581//1581 1584//1584
f 1585//1585 1584//1584 1586//1586
f 1446//1446 1584//1584 1585//1585
f 1446//1446 1580//1580 1584//1584
f 1446//1446 1443//1443 1580//1580
f 1446//1446 1585//1585 1448//1448
f 1582//1582 1449//1449 1587//1587
f 1444//1444 1449//1449 1582//1582
f 1588//1588 1583//1583 1582//1582
f 1587//1587 1588//1588 1582//1582
f 1589//1589 1585//1585 1586//1586
f 1590//1590 1589//1589 1586//1586
f 1448//1448 1589//1589 1451//1451
f 1585//1585 1589//1589 1448//1448
f 1587//1587 1452//1452 1591//1591
f 1449//1449 1452//1452 1587//1587
f 1592//1592 1588//1588 1587//1587
f 1591//1591 1592//1592 1587//1587
f 1593//1593 1589//1589 1590//1590
f 1594//1594 1593//1593 1590//1590
f 1451//1451 1593//1593 1454//1454
f 1589//1589 1593//1593 1451//1451
f 1452//1452 1455//1455 1591//1591
f 1591//1591 1455//1455 1457//1457
f 1591//1591 1457//1457 1592//1592
f 1592//1592 1457//1457 1595//1595
f 1596//1596 1593//1593 1594//1594
f 1597//1597 1596//1596 1594//1594
f 1454//1454 1596//1596 1459//1459
f 1593//1593 1596//1596 1454//1454
f 1598//1598 1461//1461 1599//1599
f 1598//1598 1595//1595 1461//1461
f 1595//1595 1457//1457 1461//1461
f 1598//1598 1599//1599 1600//1600
f 1601//1601 1602//1602 1603//1603
f 1597//1597 1602//1602 1601//1601
f 1596//1596 1597//1597 1601//1601
f 1596//1596 1601//1601 1464//1464
f 1596//1596 1464//1464 1463//1463
f 1459//1459 1596//1596 1463//1463
f 1461//1461 1467//1467 1599//1599
f 1468//1468 1604//1604 1605//1605
f 1467//1467 1468//1468 1605//1605
f 1467//1467 1605//1605 1600//1600
f 1467//1467 1600//1600 1599//1599
f 1605//1605 1604//1604 1606//1606
f 1607//1607 1608//1608 1609//1609
f 1603//1603 1608//1608 1607//1607
f 1603//1603 1607//1607 1601//1601
f 1601//1601 1607//1607 1610//1610
f 1464//1464 1610//1610 1470//1470
f 1601//1601 1610//1610 1464//1464
f 1604//1604 1472//1472 1611//1611
f 1468//1468 1472//1472 1604//1604
f 1612//1612 1606//1606 1604//1604
f 1612//1612 1604//1604 1613//1613
f 1613//1613 1604//1604 1611//1611
f 1612//1612 1613//1613 1614//1614
f 1615//1615 1616//1616 1617//1617
f 1609//1609 1616//1616 1615//1615
f 1609//1609 1615//1615 1607//1607
f 1607//1607 1615//1615 1618//1618
f 1474//1474 1618//1618 1475//1475
f 1474//1474 1610//1610 1618//1618
f 1610//1610 1607//1607 1618//1618
f 1470//1470 1610//1610 1474//1474
f 1472//1472 1477//1477 1611//1611
f 1478//1478 1611//1611 1477//1477
f 1478//1478 1619//1619 1611//1611
f 1619//1619 1613//1613 1611//1611
f 1620//1620 1614//1614 1613//1613
f 1620//1620 1613//1613 1621//1621
f 1621//1621 1613//1613 1619//1619
f 1621//1621 1622//1622 1623//1623
f 1620//1620 1621//1621 1623//1623
f 1623//1623 1622//1622 1624//1624
f 1625//1625 1626//1626 1627//1627
f 1617//1617 1626//1626 1625//1625
f 1617//1617 1625//1625 1615//1615
f 1615//1615 1625//1625 1628//1628
f 1480//1480 1628//1628 1481//1481
f 1480//1480 1618//1618 1628//1628
f 1618//1618 1615//1615 1628//1628
f 1475//1475 1618//1618 1480//1480
f 1478//1478 1484//1484 1619//1619
f 1486//1486 1619//1619 1484//1484
f 1486//1486 1629//1629 1619//1619
f 1629//1629 1621//1621 1619//1619
f 1622//1622 1621//1621 1630//1630
f 1630//1630 1621//1621 1629//1629
f 1631//1631 1624//1624 1622//1622
f 1631//1631 1622//1622 1632//1632
f 1632//1632 1622//1622 1630//1630
f 1632//1632 1633//1633 1634//1634
f 1631//1631 1632//1632 1634//1634
f 1627//1627 1634//1634 1633//1633
f 1627//1627 1633//1633 1625//1625
f 1625//1625 1633//1633 1635//1635
f 1628//1628 1625//1625 1636//1636
f 1636//1636 1625//1625 1635//1635
f 1481//1481 1636//1636 1488//1488
f 1628//1628 1636//1636 1481//1481
f 1629//1629 1490//1490 1637//1637
f 1486//1486 1490//1490 1629//1629
f 1630//1630 1629//1629 1638//1638
f 1638//1638 1629//1629 1637//1637
f 1632//1632 1630//1630 1639//1639
f 1639//1639 1630//1630 1638//1638
f 1633//1633 1632//1632 1640//1640
f 1640//1640 1632//1632 1639//1639
f 1635//1635 1633//1633 1641//1641
f 1641//1641 1633//1633 1640//1640
f 1636//1636 1635//1635 1642//1642
f 1642//1642 1635//1635 1641//1641
f 1488//1488 1642//1642 1492//1492
f 1636//1636 1642//1642 1488//1488
f 1637//1637 1495//1495 1643//1643
f 1490//1490 1495//1495 1637//1637
f 1638//1638 1637//1637 1644//1644
f 1644//1644 1637//1637 1643//1643
f 1639//1639 1638//1638 1645//1645
f 1645//1645 1638//1638 1644//1644
f 1640//1640 1639//1639 1646//1646
f 1646//1646 1639//1639 1645//1645
f 1641//1641 1640//1640 1647//1647
f 1647//1647 1640//1640 1646//1646
f 1642//1642 1641//1641 1648//1648
f 1648//1648 1641//1641 1647//1647
f 1492//1492 1648//1648 1497//1497
f 1642//1642 1648//1648 1492//1492
f 1495//1495 1500//1500 1643//1643
f 1502//1502 1643//1643 1500//1500
f 1502//1502 1649//1649 1643//1643
f 1649//1649 1644//1644 1643//1643
f 1645//1645 1644//1644 1650//1650
f 1650//1650 1644//1644 1649//1649
f 1646//1646 1645//1645 1651//1651
f 1651//1651 1645//1645 1650//1650
f 1647//1647 1646//1646 1652//1652
f 1652//1652 1646//1646 1651//1651
f 1648//1648 1647//1647 1653//1653
f 1653//1653 1647//1647 1652//1652
f 1497//1497 1653//1653 1504//1504
f 1648//1648 1653//1653 1497//1497
f 1649//1649 1508//1508 1654//1654
f 1502//1502 1508//1508 1649//1649
f 1650//1650 1649//1649 1655//1655
f 1655//1655 1649//1649 1654//1654
f 1651//1651 1650//1650 1656//1656
f 1656//1656 1650//1650 1655//1655
f 1652//1652 1651//1651 1657//1657
f 1657//1657 1651//1651 1656//1656
f 1653//1653 1652//1652 1658//1658
f 1658//1658 1652//1652 1657//1657
f 1504//1504 1658//1658 1510//1510
f 1653//1653 1658//1658 1504//1504
f 1654//1654 1514//1514 1659//1659
f 1508//1508 1514//1514 1654//1654
f 1655//1655 1654//1654 1660//1660
f 1660//1660 1654//1654 1659//1659
f 1656//1656 1655//1655 1661//1661
f 1661//1661 1655//1655 1660//1660
f 1657//1657 1656//1656 1662//1662
f 1662//1662 1656//1656 1661//1661
f 1658//1658 1657//1657 1663//1663
f 1663//1663 1657//1657 1662//1662
f 1510//1510 1663//1663 1516//1516
f 1658//1658 1663//1663 1510//1510
f 1659//1659 1520//1520 1664//1664
f 1514//1514 1520//1520 1659//1659
f 1660//1660 1659//1659 1665//1665
f 1665//1665 1659//1659 1664//1664
f 1661//1661 1660//1660 1666//1666
f 1666//1666 1660//1660 1665//1665
f 1662//1662 1661//1661 1667//1667
f 1667//1667 1661//1661 1666//1666
f 1663//1663 1662//1662 1668//1668
f 1668//1668 1662//1662 1667//1667
f 1516//1516 1668//1668 1522//1522
f 1663//1663 1668//1668 1516//1516
f 1664//1664 1526//1526 1669//1669
f 1520//1520 1526//1526 1664//1664
f 1665//1665 1664//1664 1670//1670
f 1670//1670 1664//1664 1669//1669
f 1666//1666 1665//1665 1671//1671
f 1671//1671 1665//1665 1670//1670
f 1667//1667 1666//1666 1672//1672
f 1672//1672 1666//1666 1671//1671
f 1528//1528 1672//1672 1529//1529
f 1528//1528 1668//1668 1672//1672
f 1668//1668 1667//1667 1672//1672
f 1522//1522 1668//1668 1528//1528
f 1526//1526 1532//1532 1669//1669
f 1535//1535 1669//1669 1532//1532
f 1670//1670 1669//1669 1535//1535
f 1536//1536 1670//1670 1535//1535
f 1536//1536 1673//1673 1670//1670
f 1673//1673 1671//1671 1670//1670
f 1538//1538 1673//1673 1539//1539
f 1538//1538 1672//1672 1673//1673
f 1672//1672 1671//1671 1673//1673
f 1529//1529 1672//1672 1538//1538
f 1536//1536 1544//1544 1673//1673
f 1539//1539 1673//1673 1544//1544
f 1555//1555 1554//1554 1674//1674
f 1555//1555 1675//1675 1556//1556
f 1674//1674 1675//1675 1555//1555
f 1556//1556 1676//1676 1557//1557
f 1675//1675 1676//1676 1556//1556
f 1557//1557 1677//1677 1558//1558
f 1676//1676 1677//1677 1557//1557
f 1558//1558 1678//1678 1559//1559
f 1677//1677 1678//1678 1558//1558
f 1559//1559 1678//1678 1560//1560
f 1564//1564 1563//1563 1679//1679
f 1564//1564 1674//1674 1554//1554
f 1564//1564 1679//1679 1674//1674
f 1679//1679 1680//1680 1674//1674
f 1681//1681 1682//1682 1675//1675
f 1681//1681 1675//1675 1680//1680
f 1680//1680 1675//1675 1674//1674
f 1676//1676 1675//1675 1682//1682
f 1683//1683 1676//1676 1682//1682
f 1677//1677 1676//1676 1683//1683
f 1684//1684 1677//1677 1683//1683
f 1684//1684 1685//1685 1686//1686
f 1684//1684 1686//1686 1677//1677
f 1677//1677 1686//1686 1678//1678
f 1560//1560 1687//1687 1565//1565
f 1560//1560 1678//1678 1687//1687
f 1678//1678 1686//1686 1687//1687
f 1565//1565 1687//1687 1566//1566
f 1569//1569 1568//1568 1688//1688
f 1569//1569 1688//1688 1689//1689
f 1563//1563 1569//1569 1689//1689
f 1563//1563 1689//1689 1690//1690
f 1563//1563 1690//1690 1679//1679
f 1680//1680 1679//1679 1690//1690
f 1691//1691 1680//1680 1690//1690
f 1681//1681 1680//1680 1691//1691
f 1686//1686 1685//1685 1692//1692
f 1692//1692 1693//1693 1694//1694
f 1692//1692 1694//1694 1686//1686
f 1686//1686 1694//1694 1687//1687
f 1566//1566 1694//1694 1571//1571
f 1687//1687 1694//1694 1566//1566
f 1688//1688 1695//1695 1696//1696
f 1688//1688 1568//1568 1695//1695
f 1568//1568 1574//1574 1695//1695
f 1689//1689 1688//1688 1696//1696
f 1694//1694 1693//1693 1697//1697
f 1698//1698 1697//1697 1699//1699
f 1575//1575 1697//1697 1698//1698
f 1575//1575 1694//1694 1697//1697
f 1575//1575 1571//1571 1694//1694
f 1575//1575 1698//1698 1576//1576
f 1579//1579 1578//1578 1700//1700
f 1579//1579 1700//1700 1701//1701
f 1579//1579 1701//1701 1574//1574
f 1574//1574 1701//1701 1695//1695
f 1702//1702 1698//1698 1699//1699
f 1703//1703 1702//1702 1699//1699
f 1576//1576 1702//1702 1581//1581
f 1698//1698 1702//1702 1576//1576
f 1700//1700 1704//1704 1705//1705
f 1700//1700 1578//1578 1704//1704
f 1578//1578 1583//1583 1704//1704
f 1701//1701 1700//1700 1705//1705
f 1702//1702 1703//1703 1706//1706
f 1707//1707 1706//1706 1708//1708
f 1584//1584 1706//1706 1707//1707
f 1584//1584 1702//1702 1706//1706
f 1584//1584 1581//1581 1702//1702
f 1584//1584 1707//1707 1586//1586
f 1583//1583 1588//1588 1704//1704
f 1704//1704 1588//1588 1709//1709
f 1710//1710 1707//1707 1708//1708
f 1711//1711 1710//1710 1708//1708
f 1586//1586 1710//1710 1590//1590
f 1707//1707 1710//1710 1586//1586
f 1588//1588 1592//1592 1709//1709
f 1709//1709 1592//1592 1712//1712
f 1713//1713 1710//1710 1711//1711
f 1714//1714 1713//1713 1711//1711
f 1590//1590 1713//1713 1594//1594
f 1710//1710 1713//1713 1590//1590
f 1715//1715 1595//1595 1716//1716
f 1715//1715 1712//1712 1595//1595
f 1712//1712 1592//1592 1595//1595
f 1715//1715 1716//1716 1717//1717
f 1718//1718 1719//1719 1720//1720
f 1714//1714 1719//1719 1718//1718
f 1714//1714 1718//1718 1713//1713
f 1713//1713 1718//1718 1721//1721
f 1594//1594 1721//1721 1597//1597
f 1713//1713 1721//1721 1594//1594
f 1595//1595 1598//1598 1716//1716
f 1600//1600 1722//1722 1723//1723
f 1598//1598 1600//1600 1723//1723
f 1598//1598 1723//1723 1717//1717
f 1598//1598 1717//1717 1716//1716
f 1723//1723 1722//1722 1724//1724
f 1725//1725 1726//1726 1727//1727
f 1720//1720 1726//1726 1725//1725
f 1720//1720 1725//1725 1718//1718
f 1718//1718 1725//1725 1728//1728
f 1602//1602 1728//1728 1603//1603
f 1602//1602 1721//1721 1728//1728
f 1721//1721 1718//1718 1728//1728
f 1597//1597 1721//1721 1602//1602
f 1600//1600 1605//1605 1722//1722
f 1606//1606 1729//1729 1730//1730
f 1605//1605 1606//1606 1730//1730
f 1605//1605 1730//1730 1724//1724
f 1605//1605 1724//1724 1722//1722
f 1729//1729 1731//1731 1732//1732
f 1730//1730 1729//1729 1732//1732
f 1732//1732 1731//1731 1733//1733
f 1734//1734 1735//1735 1736//1736
f 1727//1727 1735//1735 1734//1734
f 1727//1727 1734//1734 1725//1725
f 1725//1725 1734//1734 1737//1737
f 1608//1608 1737//1737 1609//1609
f 1608//1608 1728//1728 1737//1737
f 1728//1728 1725//1725 1737//1737
f 1603//1603 1728//1728 1608//1608
f 1606//1606 1612//1612 1729//1729
f 1614//1614 1729//1729 1612//1612
f 1614//1614 1738//1738 1729//1729
f 1738//1738 1731//1731 1729//1729
f 1739//1739 1733//1733 1731//1731
f 1739//1739 1731//1731 1740//1740
f 1740//1740 1731//1731 1738//1738
f 1740//1740 1741//1741 1742//1742
f 1739//1739 1740//1740 1742//1742
f 1741//1741 1743//1743 1744//1744
f 1742//1742 1741//1741 1744//1744
f 1736//1736 1744//1744 1743//1743
f 1736//1736 1743//1743 1734//1734
f 1734//1734 1743//1743 1745//1745
f 1616//1616 1745//1745 1617//1617
f 1616//1616 1737//1737 1745//1745
f 1737//1737 1734//1734 1745//1745
f 1609//1609 1737//1737 1616//1616
f 1614//1614 1620//1620 1738//1738
f 1623//1623 1738//1738 1620//1620
f 1740//1740 1738//1738 1623//1623
f 1624//1624 1740//1740 1623//1623
f 1624//1624 1746//1746 1740//1740
f 1746//1746 1741//1741 1740//1740
f 1743//1743 1741//1741 1747//1747
f 1747//1747 1741//1741 1746//1746
f 1626//1626 1747//1747 1627//1627
f 1626//1626 1745//1745 1747//1747
f 1745//1745 1743//1743 1747//1747
f 1617//1617 1745//1745 1626//1626
f 1624//1624 1631//1631 1746//1746
f 1634//1634 1746//1746 1631//1631
f 1747//1747 1746//1746 1634//1634
f 1627//1627 1747//1747 1634//1634
f 1682//1682 1681//1681 1748//1748
f 1682//1682 1749//1749 1683//1683
f 1748//1748 1749//1749 1682//1682
f 1683//1683 1750//1750 1684//1684
f 1749//1749 1750//1750 1683//1683
f 1684//1684 1750//1750 1685//1685
f 1690//1690 1689//1689 1751//1751
f 1690//1690 1752//1752 1691//1691
f 1751//1751 1752//1752 1690//1690
f 1691//1691 1752//1752 1753//1753
f 1681//1681 1691//1691 1753//1753
f 1681//1681 1753//1753 1754//1754
f 1681//1681 1754//1754 1748//1748
f 1749//1749 1748//1748 1754//1754
f 1755//1755 1749//1749 1754//1754
f 1755//1755 1756//1756 1757//1757
f 1755//1755 1757//1757 1749//1749
f 1749//1749 1757//1757 1750//1750
f 1685//1685 1758//1758 1692//1692
f 1685//1685 1750//1750 1758//1758
f 1750//1750 1757//1757 1758//1758
f 1692//1692 1758//1758 1693//1693
f 1696//1696 1695//1695 1759//1759
f 1696//1696 1759//1759 1760//1760
f 1689//1689 1696//1696 1760//1760
f 1689//1689 1760//1760 1761//1761
f 1689//1689 1761//1761 1751//1751
f 1752//1752 1751//1751 1761//1761
f 1762//1762 1752//1752 1761//1761
f 1753//1753 1752//1752 1762//1762
f 1757//1757 1756//1756 1763//1763
f 1758//1758 1757//1757 1763//1763
f 1764//1764 1758//1758 1763//1763
f 1765//1765 1764//1764 1766//1766
f 1697//1697 1764//1764 1765//1765
f 1697//1697 1758//1758 1764//1764
f 1697//1697 1693//1693 1758//1758
f 1697//1697 1765//1765 1699//1699
f 1759//1759 1767//1767 1768//1768
f 1759//1759 1695//1695 1767//1767
f 1695//1695 1701//1701 1767//1767
f 1760//1760 1759//1759 1768//1768
f 1769//1769 1765//1765 1766//1766
f 1770//1770 1769//1769 1766//1766
f 1699//1699 1769//1769 1703//1703
f 1765//1765 1769//1769 1699//1699
f 1705//1705 1704//1704 1771//1771
f 1705//1705 1771//1771 1772//1772
f 1705//1705 1772//1772 1701//1701
f 1701//1701 1772//1772 1767//1767
f 1769//1769 1770//1770 1773//1773
f 1774//1774 1773//1773 1775//1775
f 1706//1706 1773//1773 1774//1774
f 1706//1706 1769//1769 1773//1773
f 1706//1706 1703//1703 1769//1769
f 1706//1706 1774//1774 1708//1708
f 1771//1771 1709//1709 1776//1776
f 1704//1704 1709//1709 1771//1771
f 1777//1777 1772//1772 1771//1771
f 1776//1776 1777//1777 1771//1771
f 1778//1778 1774//1774 1775//1775
f 1779//1779 1778//1778 1775//1775
f 1708//1708 1778//1778 1711//1711
f 1774//1774 1778//1778 1708//1708
f 1776//1776 1712//1712 1780//1780
f 1709//1709 1712//1712 1776//1776
f 1781//1781 1777//1777 1776//1776
f 1780//1780 1781//1781 1776//1776
f 1782//1782 1783//1783 1784//1784
f 1779//1779 1783//1783 1782//1782
f 1779//1779 1782//1782 1778//1778
f 1778//1778 1782//1782 1785//1785
f 1711//1711 1785//1785 1714//1714
f 1778//1778 1785//1785 1711//1711
f 1712//1712 1715//1715 1780//1780
f 1717//1717 1786//1786 1787//1787
f 1715//1715 1717//1717 1787//1787
f 1715//1715 1787//1787 1781//1781
f 1715//1715 1781//1781 1780//1780
f 1786//1786 1788//1788 1789//1789
f 1787//1787 1786//1786 1789//1789
f 1789//1789 1788//1788 1790//1790
f 1791//1791 1792//1792 1793//1793
f 1784//1784 1792//1792 1791//1791
f 1784//1784 1791//1791 1782//1782
f 1782//1782 1791//1791 1794//1794
f 1719//1719 1794//1794 1720//1720
f 1719//1719 1785//1785 1794//1794
f 1785//1785 1782//1782 1794//1794
f 1714//1714 1785//1785 1719//1719
f 1717//1717 1723//1723 1786//1786
f 1724//1724 1786//1786 1723//1723
f 1724//1724 1795//1795 1786//1786
f 1795//1795 1788//1788 1786//1786
f 1796//1796 1790//1790 1788//1788
f 1796//1796 1788//1788 1797//1797
f 1797//1797 1788//1788 1795//1795
f 1797//1797 1798//1798 1799//1799
f 1796//1796 1797//1797 1799//1799
f 1798//1798 1800//1800 1801//1801
f 1799//1799 1798//1798 1801//1801
f 1800//1800 1802//1802 1803//1803
f 1801//1801 1800//1800 1803//1803
f 1793//1793 1803//1803 1802//1802
f 1793//1793 1802//1802 1791//1791
f 1791//1791 1802//1802 1804//1804
f 1726//1726 1804//1804 1727//1727
f 1726//1726 1794//1794 1804//1804
f 1794//1794 1791//1791 1804//1804
f 1720//1720 1794//1794 1726//1726
f 1724//1724 1730//1730 1795//1795
f 1732//1732 1795//1795 1730//1730
f 1797//1797 1795//1795 1732//1732
f 1733//1733 1797//1797 1732//1732
f 1733//1733 1805//1805 1797//1797
f 1805//1805 1798//1798 1797//1797
f 1800//1800 1798//1798 1806//1806
f 1806//1806 1798//1798 1805//1805
f 1802//1802 1800//1800 1807//1807
f 1807//1807 1800//1800 1806//1806
f 1735//1735 1807//1807 1736//1736
f 1735//1735 1804//1804 1807//1807
f 1804//1804 1802//1802 1807//1807
f 1727//1727 1804//1804 1735//1735
f 1733//1733 1739//1739 1805//1805
f 1742//1742 1805//1805 1739//1739
f 1806//1806 1805//1805 1742//1742
f 1744//1744 1806//1806 1742//1742
f 1807//1807 1806//1806 1744//1744
f 1736//1736 1807//1807 1744//1744
f 1754//1754 1753//1753 1808//1808
f 1754//1754 1809//1809 1755//1755
f 1808//1808 1809//1809 1754//1754
f 1755//1755 1809//1809 1756//1756
f 1761//1761 1760//1760 1810//1810
f 1761//1761 1811//1811 1762//1762
f 1810//1810 1811//1811 1761//1761
f 1762//1762 1808//1808 1753//1753
f 1762//1762 1811//1811 1808//1808
f 1811//1811 1812//1812 1808//1808
f 1809//1809 1808//1808 1813//1813
f 1813//1813 1808//1808 1812//1812
f 1756//1756 1814//1814 1763//1763
f 1756//1756 1809//1809 1814//1814
f 1809//1809 1813//1813 1814//1814
f 1763//1763 1815//1815 1764//1764
f 1814//1814 1815//1815 1763//1763
f 1764//1764 1815//1815 1766//1766
f 1768//1768 1767//1767 1816//1816
f 1768//1768 1810//1810 1760//1760
f 1768//1768 1816//1816 1810//1810
f 1816//1816 1817//1817 1810//1810
f 1811//1811 1810//1810 1818//1818
f 1818//1818 1810//1810 1817//1817
f 1819//1819 1820//1820 1812//1812
f 1819//1819 1812//1812 1818//1818
f 1818//1818 1812//1812 1811//1811
f 1813//1813 1812//1812 1820//1820
f 1821//1821 1813//1813 1820//1820
f 1821//1821 1822//1822 1823//1823
f 1821//1821 1823//1823 1813//1813
f 1813//1813 1823//1823 1814//1814
f 1815//1815 1814//1814 1824//1824
f 1824//1824 1814//1814 1823//1823
f 1766//1766 1824//1824 1770//1770
f 1815//1815 1824//1824 1766//1766
f 1816//1816 1772//1772 1825//1825
f 1767//1767 1772//1772 1816//1816
f 1817//1817 1816//1816 1826//1826
f 1826//1826 1816//1816 1825//1825
f 1827//1827 1828//1828 1818//1818
f 1827//1827 1818//1818 1826//1826
f 1826//1826 1818//1818 1817//1817
f 1819//1819 1818//1818 1828//1828
f 1823//1823 1822//1822 1829//1829
f 1829//1829 1830//1830 1831//1831
f 1829//1829 1831//1831 1823//1823
f 1823//1823 1831//1831 1824//1824
f 1770//1770 1832//1832 1773//1773
f 1770//1770 1824//1824 1832//1832
f 1824//1824 1831//1831 1832//1832
f 1773//1773 1832//1832 1775//1775
f 1825//1825 1777//1777 1833//1833
f 1772//1772 1777//1777 1825//1825
f 1826//1826 1825//1825 1834//1834
f 1834//1834 1825//1825 1833//1833
f 1835//1835 1827//1827 1826//1826
f 1835//1835 1826//1826 1836//1836
f 1836//1836 1826//1826 1834//1834
f 1835//1835 1836//1836 1837//1837
f 1838//1838 1839//1839 1840//1840
f 1830//1830 1839//1839 1838//1838
f 1830//1830 1838//1838 1831//1831
f 1831//1831 1838//1838 1841//1841
f 1832//1832 1831//1831 1842//1842
f 1842//1842 1831//1831 1841//1841
f 1775//1775 1842//1842 1779//1779
f 1832//1832 1842//1842 1775//1775
f 1833//1833 1781//1781 1843//1843
f 1777//1777 1781//1781 1833//1833
f 1834//1834 1833//1833 1844//1844
f 1844//1844 1833//1833 1843//1843
f 1836//1836 1834//1834 1845//1845
f 1845//1845 1834//1834 1844//1844
f 1846//1846 1837//1837 1836//1836
f 1846//1846 1836//1836 1847//1847
f 1847//1847 1836//1836 1845//1845
f 1847//1847 1848//1848 1849//1849
f 1846//1846 1847//1847 1849//1849
f 1840//1840 1849//1849 1848//1848
f 1840//1840 1848//1848 1838//1838
f 1838//1838 1848//1848 1850//1850
f 1841//1841 1838//1838 1851//1851
f 1851//1851 1838//1838 1850//1850
f 1783//1783 1851//1851 1784//1784
f 1783//1783 1842//1842 1851//1851
f 1842//1842 1841//1841 1851//1851
f 1779//1779 1842//1842 1783//1783
f 1781//1781 1787//1787 1843//1843
f 1789//1789 1843//1843 1787//1787
f 1844//1844 1843//1843 1789//1789
f 1790//1790 1844//1844 1789//1789
f 1790//1790 1852//1852 1844//1844
f 1852//1852 1845//1845 1844//1844
f 1847//1847 1845//1845 1853//1853
f 1853//1853 1845//1845 1852//1852
f 1848//1848 1847//1847 1854//1854
f 1854//1854 1847//1847 1853//1853
f 1850//1850 1848//1848 1855//1855
f 1855//1855 1848//1848 1854//1854
f 1792//1792 1855//1855 1793//1793
f 1792//1792 1851//1851 1855//1855
f 1851//1851 1850//1850 1855//1855
f 1784//1784 1851//1851 1792//1792
f 1790//1790 1796//1796 1852//1852
f 1799//1799 1852//1852 1796//1796
f 1853//1853 1852//1852 1799//1799
f 1801//1801 1853//1853 1799//1799
f 1854//1854 1853//1853 1801//1801
f 1803//1803 1854//1854 1801//1801
f 1855//1855 1854//1854 1803//1803
f 1793//1793 1855//1855 1803//1803
f 1820//1820 1819//1819 1856//1856
f 1820//1820 1857//1857 1821//1821
f 1856//1856 1857//1857 1820//1820
f 1821//1821 1857//1857 1822//1822
f 1828//1828 1827//1827 1858//1858
f 1828//1828 1856//1856 1819//1819
f 1828//1828 1858//1858 1856//1856
f 1858//1858 1859//1859 1856//1856
f 1857//1857 1856//1856 1860//1860
f 1860//1860 1856//1856 1859//1859
f 1822//1822 1861//1861 1829//1829
f 1822//1822 1857//1857 1861//1861
f 1857//1857 1860//1860 1861//1861
f 1829//1829 1861//1861 1830//1830
f 1827//1827 1835//1835 1858//1858
f 1837//1837 1858//1858 1835//1835
f 1837//1837 1862//1862 1858//1858
f 1862//1862 1859//1859 1858//1858
f 1860//1860 1859//1859 1863//1863
f 1863//1863 1859//1859 1862//1862
f 1839//1839 1863//1863 1840//1840
f 1839//1839 1861//1861 1863//1863
f 1861//1861 1860//1860 1863//1863
f 1830//1830 1861//1861 1839//1839
f 1837//1837 1846//1846 1862//1862
f 1849//1849 1862//1862 1846//1846
f 1863//1863 1862//1862 1849//1849
f 1840//1840 1863//1863 1849//1849
