# Murti generated mesh: 1468 verts, 2932 faces
o a_tree
v -0.277103 -0.080645 -0.048387
v -0.274194 -0.080645 -0.052228
v -0.274194 -0.085087 -0.048387
v -0.274194 -0.092677 -0.016129
v -0.282273 -0.080645 -0.016129
v -0.274194 -0.081836 0.016129
v -0.274974 -0.080645 0.016129
v -0.274194 -0.080645 0.017550
v -0.288674 -0.048387 -0.048387
v -0.274194 -0.048387 -0.064717
v -0.294306 -0.048387 -0.016129
v -0.287381 -0.048387 0.016129
v -0.274194 -0.048387 0.040335
v -0.292111 -0.016129 -0.048387
v -0.274194 -0.016129 -0.065190
v -0.297317 -0.016129 -0.016129
v -0.290110 -0.016129 0.016129
v -0.274194 -0.016129 0.045274
v -0.293467 0.016129 -0.048387
v -0.274194 0.016129 -0.064834
v -0.299442 0.016129 -0.016129
v -0.292888 0.016129 0.016129
v -0.274194 0.001322 0.048387
v -0.275878 0.016129 0.048387
v -0.274194 0.016129 0.050525
v -0.286699 0.048387 -0.048387
v -0.274194 0.048387 -0.058916
v -0.294265 0.048387 -0.016129
v -0.286095 0.048387 0.016129
v -0.274194 0.048387 0.038292
v -0.274194 0.023570 0.048387
v -0.274194 0.064117 -0.048387
v -0.274194 0.075273 -0.016129
v -0.274194 0.065045 0.016129
v -0.256128 -0.112903 -0.048387
v -0.241935 -0.112903 -0.069418
v -0.241935 -0.127921 -0.048387
v -0.241935 -0.132552 -0.016129
v -0.260694 -0.112903 -0.016129
v -0.241935 -0.127514 0.016129
v -0.254897 -0.112903 0.016129
v -0.241935 -0.112903 0.047421
v -0.246017 -0.080645 -0.080645
v -0.241935 -0.080645 -0.083501
v -0.241935 -0.089995 -0.080645
v -0.241935 -0.111911 0.048387
v -0.256129 -0.080645 0.048387
v -0.241935 -0.080645 0.066196
v -0.252671 -0.048387 -0.080645
v -0.241935 -0.048387 -0.086194
v -0.268134 -0.048387 0.048387
v -0.241935 -0.048387 0.075407
v -0.246171 -0.016129 -0.080645
v -0.241935 -0.016129 -0.082500
v -0.271777 -0.016129 0.048387
v -0.241935 -0.016129 0.079438
v -0.242222 0.016129 -0.080645
v -0.241935 0.016129 -0.080758
v -0.241935 -0.007733 0.080645
v -0.245242 0.016129 0.080645
v -0.241935 0.016129 0.084137
v -0.241935 0.016685 -0.080645
v -0.241935 0.048387 -0.072280
v -0.265193 0.048387 0.048387
v -0.241935 0.048387 0.074493
v -0.241935 0.030385 0.080645
v -0.247489 0.080645 -0.048387
v -0.241935 0.080645 -0.050776
v -0.266197 0.080645 -0.016129
v -0.252987 0.080645 0.016129
v -0.241935 0.080645 0.028655
v -0.241935 0.067899 0.048387
v -0.241935 0.082721 -0.048387
v -0.241935 0.089810 -0.016129
v -0.241935 0.085602 0.016129
v -0.213233 -0.177419 -0.016129
v -0.209677 -0.177419 -0.033476
v -0.209677 -0.182510 -0.016129
v -0.209677 -0.179895 0.016129
v -0.211438 -0.177419 0.016129
v -0.209677 -0.177419 0.021395
v -0.229007 -0.145161 -0.048387
v -0.209677 -0.145161 -0.079724
v -0.209677 -0.172564 -0.048387
v -0.231926 -0.145161 -0.016129
v -0.229442 -0.145161 0.016129
v -0.209677 -0.163041 0.048387
v -0.220352 -0.145161 0.048387
v -0.209677 -0.145161 0.066822
v -0.233350 -0.112903 -0.080645
v -0.209677 -0.112903 -0.098188
v -0.209677 -0.144092 -0.080645
v -0.241480 -0.112903 0.048387
v -0.209677 -0.128206 0.080645
v -0.219245 -0.112903 0.080645
v -0.209677 -0.112903 0.091037
v -0.209677 -0.080645 -0.101055
v -0.229353 -0.080645 0.080645
v -0.209677 -0.080645 0.098601
v -0.209677 -0.048387 -0.097511
v -0.236369 -0.048387 0.080645
v -0.209677 -0.048387 0.103278
v -0.209677 -0.016129 -0.092742
v -0.240710 -0.016129 0.080645
v -0.209677 -0.016129 0.106253
v -0.209677 0.016129 -0.089545
v -0.209677 0.011052 0.112903
v -0.211286 0.016129 0.112903
v -0.209677 0.016129 0.115232
v -0.221101 0.048387 -0.080645
v -0.209677 0.048387 -0.084148
v -0.236677 0.048387 0.080645
v -0.210007 0.048387 0.112903
v -0.209677 0.048387 0.113673
v -0.209677 0.054671 -0.080645
v -0.209677 0.080645 -0.060854
v -0.221394 0.080645 0.048387
v -0.209677 0.080645 0.061358
v -0.209677 0.070514 0.080645
v -0.209677 0.048755 0.112903
v -0.209677 0.090893 -0.048387
v -0.209677 0.097932 -0.016129
v -0.209677 0.094918 0.016129
v -0.209677 0.085104 0.048387
v -0.179473 -0.274194 -0.016129
v -0.177419 -0.274194 -0.035837
v -0.177419 -0.279521 -0.016129
v -0.177419 -0.276337 0.016129
v -0.178408 -0.274194 0.016129
v -0.177419 -0.274194 0.019562
v -0.183206 -0.241935 -0.048387
v -0.177419 -0.241935 -0.061216
v -0.177419 -0.268470 -0.048387
v -0.187928 -0.241935 -0.016129
v -0.187027 -0.241935 0.016129
v -0.177419 -0.252956 0.048387
v -0.181490 -0.241935 0.048387
v -0.177419 -0.241935 0.056516
v -0.177540 -0.209677 -0.080645
v -0.177419 -0.209677 -0.080803
v -0.177419 -0.210037 -0.080645
v -0.191637 -0.209677 -0.048387
v -0.195416 -0.209677 -0.016129
v -0.194608 -0.209677 0.016129
v -0.189953 -0.209677 0.048387
v -0.177419 -0.210525 0.080645
v -0.177785 -0.209677 0.080645
v -0.177419 -0.209677 0.081145
v -0.191210 -0.177419 -0.080645
v -0.177419 -0.177419 -0.097515
v -0.206397 -0.177419 -0.048387
v -0.201588 -0.177419 0.048387
v -0.189296 -0.177419 0.080645
v -0.177419 -0.177419 0.097635
v -0.179678 -0.145161 -0.112903
v -0.177419 -0.145161 -0.115049
v -0.177419 -0.148932 -0.112903
v -0.209008 -0.145161 -0.080645
v -0.201182 -0.145161 0.080645
v -0.177419 -0.145161 0.110242
v -0.189860 -0.112903 -0.112903
v -0.177419 -0.112903 -0.122873
v -0.177419 -0.138438 0.112903
v -0.188213 -0.112903 0.112903
v -0.177419 -0.112903 0.123486
v -0.190498 -0.080645 -0.112903
v -0.177419 -0.080645 -0.121502
v -0.192261 -0.080645 0.112903
v -0.177419 -0.080645 0.127386
v -0.177419 -0.049698 -0.112903
v -0.177419 -0.048387 -0.112526
v -0.198464 -0.048387 0.112903
v -0.177419 -0.048387 0.135570
v -0.177419 -0.016129 -0.104180
v -0.201807 -0.016129 0.112903
v -0.177419 -0.027403 0.145161
v -0.181608 -0.016129 0.145161
v -0.177419 -0.016129 0.154774
v -0.177419 0.016129 -0.099777
v -0.194472 0.016129 0.145161
v -0.177419 -0.000085 0.177419
v -0.185747 0.016129 0.177419
v -0.177419 0.016129 0.208980
v -0.177419 0.048387 -0.094881
v -0.198600 0.048387 0.145161
v -0.192735 0.048387 0.177419
v -0.177419 0.016692 0.209677
v -0.186708 0.048387 0.209677
v -0.177419 0.048387 0.234414
v -0.177419 0.080123 -0.080645
v -0.177419 0.080645 -0.080279
v -0.197616 0.080645 0.080645
v -0.182795 0.080645 0.112903
v -0.179111 0.080645 0.145161
v -0.178447 0.080645 0.177419
v -0.177419 0.080645 0.186003
v -0.177419 0.074201 0.209677
v -0.177419 0.103476 -0.048387
v -0.177419 0.110547 -0.016129
v -0.177419 0.108576 0.016129
v -0.177419 0.099097 0.048387
v -0.177419 0.091594 0.080645
v -0.177419 0.084286 0.112903
v -0.177419 0.081994 0.145161
v -0.177419 0.081626 0.177419
v -0.146315 -0.338710 -0.016129
v -0.145161 -0.338710 -0.024750
v -0.145161 -0.339813 -0.016129
v -0.145161 -0.338710 -0.003933
v -0.156125 -0.306452 -0.080645
v -0.145161 -0.306452 -0.096747
v -0.145161 -0.320685 -0.080645
v -0.145161 -0.335200 -0.048387
v -0.165288 -0.306452 -0.048387
v -0.167751 -0.306452 -0.016129
v -0.145161 -0.336631 0.016129
v -0.165547 -0.306452 0.016129
v -0.145161 -0.327527 0.048387
v -0.160623 -0.306452 0.048387
v -0.145161 -0.312273 0.080645
v -0.149796 -0.306452 0.080645
v -0.145161 -0.306452 0.087587
v -0.163698 -0.274194 -0.080645
v -0.145161 -0.274194 -0.110450
v -0.176008 -0.274194 -0.048387
v -0.169955 -0.274194 0.048387
v -0.161053 -0.274194 0.080645
v -0.145161 -0.274194 0.107969
v -0.150116 -0.241935 -0.112903
v -0.145161 -0.241935 -0.118081
v -0.145161 -0.265388 -0.112903
v -0.168714 -0.241935 -0.080645
v -0.166701 -0.241935 0.080645
v -0.145161 -0.262232 0.112903
v -0.151163 -0.241935 0.112903
v -0.145161 -0.241935 0.119437
v -0.156199 -0.209677 -0.112903
v -0.145161 -0.209677 -0.124941
v -0.158597 -0.209677 0.112903
v -0.145161 -0.209677 0.128301
v -0.165082 -0.177419 -0.112903
v -0.145161 -0.177419 -0.135919
v -0.166387 -0.177419 0.112903
v -0.145161 -0.177419 0.137954
v -0.150356 -0.145161 -0.145161
v -0.145161 -0.145161 -0.150771
v -0.145161 -0.156606 -0.145161
v -0.175108 -0.145161 0.112903
v -0.145161 -0.156792 0.145161
v -0.149325 -0.145161 0.145161
v -0.145161 -0.145161 0.149263
v -0.157643 -0.112903 -0.145161
v -0.145161 -0.112903 -0.158665
v -0.158323 -0.112903 0.145161
v -0.145161 -0.112903 0.159553
v -0.154008 -0.080645 -0.145161
v -0.145161 -0.080645 -0.154688
v -0.164506 -0.080645 0.145161
v -0.145161 -0.080645 0.173200
v -0.145161 -0.054102 -0.145161
v -0.176943 -0.048387 -0.112903
v -0.145161 -0.048387 -0.142793
v -0.171101 -0.048387 0.145161
v -0.145161 -0.074249 0.177419
v -0.157297 -0.048387 0.177419
v -0.145161 -0.048387 0.201145
v -0.165652 -0.016129 -0.112903
v -0.145161 -0.016129 -0.129866
v -0.169969 -0.016129 0.177419
v -0.145161 -0.041738 0.209677
v -0.160508 -0.016129 0.209677
v -0.145161 -0.016129 0.237203
v -0.158585 0.016129 -0.112903
v -0.145161 0.016129 -0.124666
v -0.177232 0.016129 0.209677
v -0.145161 -0.011655 0.241935
v -0.163080 0.016129 0.241935
v -0.145161 0.016129 0.260539
v -0.153307 0.048387 -0.112903
v -0.145161 0.048387 -0.120153
v -0.174142 0.048387 0.241935
v -0.145161 0.048387 0.270333
v -0.145161 0.064757 -0.112903
v -0.177087 0.080645 -0.080645
v -0.145161 0.080645 -0.106198
v -0.174607 0.080645 0.209677
v -0.163177 0.080645 0.241935
v -0.145161 0.080645 0.258320
v -0.145161 0.110134 -0.080645
v -0.166746 0.112903 -0.048387
v -0.145161 0.112903 -0.077088
v -0.174813 0.112903 -0.016129
v -0.172660 0.112903 0.016129
v -0.161882 0.112903 0.048387
v -0.153699 0.112903 0.080645
v -0.145161 0.112903 0.106193
v -0.145161 0.110848 0.112903
v -0.145161 0.110180 0.145161
v -0.145161 0.108051 0.177419
v -0.145161 0.104349 0.209677
v -0.145161 0.094738 0.241935
v -0.145161 0.134255 -0.048387
v -0.145464 0.145161 -0.016129
v -0.145161 0.145161 -0.017070
v -0.145161 0.145161 -0.013512
v -0.145161 0.141462 0.016129
v -0.145161 0.130261 0.048387
v -0.145161 0.120751 0.080645
v -0.145161 0.145617 -0.016129
v -0.125451 -0.338710 -0.080645
v -0.112903 -0.338710 -0.095321
v -0.112903 -0.347313 -0.080645
v -0.112903 -0.354843 -0.048387
v -0.141292 -0.338710 -0.048387
v -0.112903 -0.356495 -0.016129
v -0.112903 -0.355640 0.016129
v -0.142848 -0.338710 0.016129
v -0.112903 -0.352014 0.048387
v -0.132947 -0.338710 0.048387
v -0.112903 -0.343302 0.080645
v -0.118760 -0.338710 0.080645
v -0.112903 -0.338710 0.088174
v -0.130706 -0.306452 -0.112903
v -0.112903 -0.306452 -0.127674
v -0.112903 -0.324558 -0.112903
v -0.112903 -0.320785 0.112903
v -0.126465 -0.306452 0.112903
v -0.112903 -0.306452 0.125630
v -0.142894 -0.274194 -0.112903
v -0.112903 -0.274194 -0.138853
v -0.141000 -0.274194 0.112903
v -0.112903 -0.274194 0.139578
v -0.115401 -0.241935 -0.145161
v -0.112903 -0.241935 -0.147502
v -0.112903 -0.250537 -0.145161
v -0.112903 -0.259669 0.145161
v -0.119524 -0.241935 0.145161
v -0.112903 -0.241935 0.151210
v -0.126071 -0.209677 -0.145161
v -0.112903 -0.209677 -0.157930
v -0.129163 -0.209677 0.145161
v -0.112903 -0.209677 0.159600
v -0.136483 -0.177419 -0.145161
v -0.112903 -0.177419 -0.169744
v -0.138316 -0.177419 0.145161
v -0.112903 -0.177419 0.167716
v -0.122313 -0.145161 -0.177419
v -0.112903 -0.145161 -0.189194
v -0.112903 -0.163196 -0.177419
v -0.112903 -0.151629 0.177419
v -0.115928 -0.145161 0.177419
v -0.112903 -0.145161 0.180347
v -0.128801 -0.112903 -0.177419
v -0.112903 -0.112903 -0.200851
v -0.129975 -0.112903 0.177419
v -0.112903 -0.112903 0.196069
v -0.126937 -0.080645 -0.177419
v -0.112903 -0.080645 -0.200516
v -0.142027 -0.080645 0.177419
v -0.112903 -0.093168 0.209677
v -0.121513 -0.080645 0.209677
v -0.112903 -0.080645 0.218762
v -0.120518 -0.048387 -0.177419
v -0.112903 -0.048387 -0.190150
v -0.143223 -0.048387 -0.145161
v -0.140432 -0.048387 0.209677
v -0.112903 -0.052545 0.241935
v -0.116852 -0.048387 0.241935
v -0.112903 -0.048387 0.245048
v -0.112903 -0.021889 -0.177419
v -0.132491 -0.016129 -0.145161
v -0.112903 -0.016129 -0.174817
v -0.141490 -0.016129 0.241935
v -0.112903 -0.016129 0.261752
v -0.128201 0.016129 -0.145161
v -0.112903 0.016129 -0.167188
v -0.112903 0.007542 0.274194
v -0.121939 0.016129 0.274194
v -0.112903 0.016129 0.278257
v -0.125384 0.048387 -0.145161
v -0.112903 0.048387 -0.163157
v -0.137914 0.048387 0.274194
v -0.112903 0.048387 0.282664
v -0.115925 0.080645 -0.145161
v -0.112903 0.080645 -0.149617
v -0.138591 0.080645 -0.112903
v -0.112903 0.076377 0.274194
v -0.112903 0.080645 0.272275
v -0.112903 0.084978 -0.145161
v -0.115613 0.112903 -0.112903
v -0.112903 0.112903 -0.116474
v -0.142777 0.112903 -0.080645
v -0.142857 0.112903 0.112903
v -0.141717 0.112903 0.145161
v -0.137757 0.112903 0.177419
v -0.129335 0.112903 0.209677
v -0.112903 0.112903 0.228422
v -0.112903 0.106827 0.241935
v -0.112903 0.116267 -0.112903
v -0.121296 0.145161 -0.080645
v -0.112903 0.145161 -0.090488
v -0.137166 0.145161 -0.048387
v -0.142381 0.145161 0.016129
v -0.133719 0.145161 0.048387
v -0.122496 0.145161 0.080645
v -0.112903 0.145161 0.100637
v -0.112903 0.138990 0.112903
v -0.112903 0.130493 0.145161
v -0.112903 0.125838 0.177419
v -0.112903 0.120119 0.209677
v -0.112903 0.160312 -0.080645
v -0.124197 0.177419 -0.048387
v -0.112903 0.177419 -0.067024
v -0.131326 0.177419 -0.016129
v -0.129099 0.177419 0.016129
v -0.120468 0.177419 0.048387
v -0.112903 0.177419 0.062118
v -0.112903 0.159540 0.080645
v -0.117718 0.209677 -0.048387
v -0.112903 0.209677 -0.056016
v -0.125750 0.209677 -0.016129
v -0.124190 0.209677 0.016129
v -0.113257 0.209677 0.048387
v -0.112903 0.209677 0.049005
v -0.112903 0.237101 -0.048387
v -0.121484 0.241935 -0.016129
v -0.112903 0.241935 -0.045875
v -0.120103 0.241935 0.016129
v -0.112903 0.241935 0.036282
v -0.112903 0.211649 0.048387
v -0.112903 0.268028 -0.016129
v -0.112903 0.260461 0.016129
v -0.084746 -0.338710 -0.112903
v -0.080645 -0.338710 -0.114933
v -0.080645 -0.340418 -0.112903
v -0.080645 -0.354874 -0.080645
v -0.080645 -0.359700 -0.048387
v -0.080645 -0.361620 -0.016129
v -0.080645 -0.360890 0.016129
v -0.080645 -0.358097 0.048387
v -0.080645 -0.352058 0.080645
v -0.080645 -0.338710 0.109616
v -0.081038 -0.306452 -0.145161
v -0.080645 -0.306452 -0.145397
v -0.080645 -0.306727 -0.145161
v -0.080645 -0.336384 0.112903
v -0.080645 -0.306452 0.142017
v -0.104218 -0.274194 -0.145161
v -0.080645 -0.274194 -0.158467
v -0.080645 -0.302357 0.145161
v -0.105847 -0.274194 0.145161
v -0.080645 -0.274194 0.159375
v -0.080645 -0.241935 -0.166003
v -0.080645 -0.241935 0.166770
v -0.084493 -0.209677 -0.177419
v -0.080645 -0.209677 -0.180594
v -0.080645 -0.215344 -0.177419
v -0.080645 -0.216535 0.177419
v -0.085101 -0.209677 0.177419
v -0.080645 -0.209677 0.180721
v -0.104521 -0.177419 -0.177419
v -0.080645 -0.177419 -0.200089
v -0.100620 -0.177419 0.177419
v -0.080645 -0.177419 0.191001
v -0.094517 -0.145161 -0.209677
v -0.080645 -0.145161 -0.224292
v -0.080645 -0.163874 -0.209677
v -0.080645 -0.145161 0.203616
v -0.080796 -0.112903 -0.241935
v -0.080645 -0.112903 -0.242082
v -0.080645 -0.113151 -0.241935
v -0.106265 -0.112903 -0.209677
v -0.080645 -0.135538 0.209677
v -0.098743 -0.112903 0.209677
v -0.080645 -0.112903 0.223025
v -0.082877 -0.080645 -0.241935
v -0.080645 -0.080645 -0.244177
v -0.106745 -0.080645 -0.209677
v -0.080645 -0.080888 0.241935
v -0.080917 -0.080645 0.241935
v -0.080645 -0.080645 0.242105
v -0.080645 -0.066736 -0.241935
v -0.100958 -0.048387 -0.209677
v -0.080645 -0.048387 -0.238471
v -0.080645 -0.048387 0.258198
v -0.093231 -0.016129 -0.209677
v -0.080645 -0.016129 -0.227658
v -0.111008 -0.016129 -0.177419
v -0.080645 -0.016129 0.271744
v -0.087824 0.016129 -0.209677
v -0.080645 0.016129 -0.219814
v -0.105393 0.016129 -0.177419
v -0.080645 -0.010798 0.274194
v -0.080645 0.016129 0.283363
v -0.084352 0.048387 -0.209677
v -0.080645 0.048387 -0.214555
v -0.102392 0.048387 -0.177419
v -0.080645 0.048387 0.285953
v -0.080645 0.056792 -0.209677
v -0.093831 0.080645 -0.177419
v -0.080645 0.080645 -0.195921
v -0.097068 0.080645 0.274194
v -0.080645 0.080645 0.275714
v -0.080645 0.098282 -0.177419
v -0.092886 0.112903 -0.145161
v -0.080645 0.112903 -0.162075
v -0.080645 0.112169 0.241935
v -0.080645 0.112903 0.240818
v -0.080645 0.082546 0.274194
v -0.080645 0.126076 -0.145161
v -0.094022 0.145161 -0.112903
v -0.080645 0.145161 -0.127769
v -0.107298 0.145161 0.112903
v -0.090903 0.145161 0.145161
v -0.080645 0.145161 0.160068
v -0.080645 0.137773 0.177419
v -0.080645 0.127834 0.209677
v -0.080645 0.167034 -0.112903
v -0.104741 0.177419 -0.080645
v -0.080645 0.177419 -0.106875
v -0.104069 0.177419 0.080645
v -0.082996 0.177419 0.112903
v -0.080645 0.177419 0.115538
v -0.080645 0.152794 0.145161
v -0.098622 0.209677 -0.080645
v -0.080645 0.209677 -0.098532
v -0.098289 0.209677 0.080645
v -0.080645 0.209677 0.100278
v -0.080645 0.181542 0.112903
v -0.093323 0.241935 -0.080645
v -0.080645 0.241935 -0.093567
v -0.112030 0.241935 -0.048387
v -0.108358 0.241935 0.048387
v -0.092268 0.241935 0.080645
v -0.080645 0.241935 0.092030
v -0.081533 0.274194 -0.080645
v -0.080645 0.274194 -0.081521
v -0.101537 0.274194 -0.048387
v -0.110639 0.274194 -0.016129
v -0.107576 0.274194 0.016129
v -0.099856 0.274194 0.048387
v -0.080645 0.274194 0.076428
v -0.080645 0.267094 0.080645
v -0.080645 0.275518 -0.080645
v -0.086983 0.306452 -0.048387
v -0.080645 0.306452 -0.056992
v -0.095941 0.306452 -0.016129
v -0.094027 0.306452 0.016129
v -0.083096 0.306452 0.048387
v -0.080645 0.306452 0.051249
v -0.080645 0.314020 -0.048387
v -0.080645 0.327427 -0.016129
v -0.080645 0.324771 0.016129
v -0.080645 0.309395 0.048387
v -0.048387 -0.338710 -0.120417
v -0.048387 -0.344529 -0.112903
v -0.048387 -0.355284 -0.080645
v -0.048387 -0.359909 -0.048387
v -0.048387 -0.361671 -0.016129
v -0.048387 -0.360993 0.016129
v -0.048387 -0.358038 0.048387
v -0.048387 -0.353130 0.080645
v -0.048387 -0.340587 0.112903
v -0.064174 -0.338710 0.112903
v -0.048387 -0.338710 0.115278
v -0.048387 -0.306452 -0.154611
v -0.048387 -0.316973 -0.145161
v -0.048387 -0.314478 0.145161
v -0.072318 -0.306452 0.145161
v -0.048387 -0.306452 0.152370
v -0.048387 -0.274194 -0.166732
v -0.048387 -0.274194 0.165959
v -0.053287 -0.241935 -0.177419
v -0.048387 -0.241935 -0.180016
v -0.048387 -0.246913 -0.177419
v -0.048387 -0.250199 0.177419
v -0.057304 -0.241935 0.177419
v -0.048387 -0.241935 0.181845
v -0.048387 -0.209677 -0.197721
v -0.048387 -0.209677 0.191936
v -0.067126 -0.177419 -0.209677
v -0.048387 -0.177419 -0.222582
v -0.048387 -0.193571 -0.209677
v -0.048387 -0.177419 0.203429
v -0.056594 -0.145161 -0.241935
v -0.048387 -0.145161 -0.247511
v -0.048387 -0.152094 -0.241935
v -0.048387 -0.167063 0.209677
v -0.071375 -0.145161 0.209677
v -0.048387 -0.145161 0.220964
v -0.048387 -0.112903 -0.260605
v -0.048387 -0.112903 0.234013
v -0.048387 -0.080645 -0.264110
v -0.048387 -0.098854 0.241935
v -0.048387 -0.080645 0.251604
v -0.076952 -0.048387 -0.241935
v -0.048387 -0.048387 -0.261128
v -0.048387 -0.048387 0.261398
v -0.065670 -0.016129 -0.241935
v -0.048387 -0.016129 -0.254109
v -0.048387 -0.016129 0.271660
v -0.057236 0.016129 -0.241935
v -0.048387 0.016129 -0.248087
v -0.048387 -0.010048 0.274194
v -0.048387 0.016129 0.282686
v -0.048387 0.046499 -0.241935
v -0.048387 0.048387 -0.241418
v -0.048387 0.048387 0.284330
v -0.065339 0.080645 -0.209677
v -0.048387 0.080645 -0.224491
v -0.048387 0.080645 0.274776
v -0.048387 0.094388 -0.209677
v -0.060409 0.112903 -0.177419
v -0.048387 0.112903 -0.187337
v -0.073423 0.112903 0.241935
v -0.048387 0.112903 0.244608
v -0.048387 0.081392 0.274194
v -0.048387 0.119535 -0.177419
v -0.054730 0.145161 -0.145161
v -0.048387 0.145161 -0.149854
v -0.055821 0.145161 0.177419
v -0.048387 0.145161 0.181749
v -0.048387 0.132554 0.209677
v -0.048387 0.115268 0.241935
v -0.048387 0.150537 -0.145161
v -0.071290 0.177419 -0.112903
v -0.048387 0.177419 -0.127359
v -0.048387 0.167477 0.145161
v -0.048387 0.177419 0.135097
v -0.048387 0.147697 0.177419
v -0.057008 0.209677 -0.112903
v -0.048387 0.209677 -0.118572
v -0.059541 0.209677 0.112903
v -0.048387 0.209677 0.119685
v -0.048387 0.234786 -0.112903
v -0.048387 0.241935 -0.111245
v -0.048387 0.225631 0.112903
v -0.048387 0.241935 0.106866
v -0.048387 0.274194 -0.101025
v -0.076012 0.274194 0.080645
v -0.048387 0.274194 0.096627
v -0.055802 0.306452 -0.080645
v -0.048387 0.306452 -0.086131
v -0.048387 0.301814 0.080645
v -0.048387 0.306452 0.076699
v -0.048387 0.312682 -0.080645
v -0.054681 0.338710 -0.048387
v -0.048387 0.338710 -0.054434
v -0.069072 0.338710 -0.016129
v -0.067595 0.338710 0.016129
v -0.051722 0.338710 0.048387
v -0.048387 0.338710 0.051479
v -0.048387 0.343902 -0.048387
v -0.048387 0.355235 -0.016129
v -0.048387 0.354950 0.016129
v -0.048387 0.341695 0.048387
v -0.016129 -0.338710 -0.117964
v -0.016129 -0.342441 -0.112903
v -0.016129 -0.354048 -0.080645
v -0.016129 -0.357961 -0.048387
v -0.016129 -0.359755 -0.016129
v -0.016129 -0.359090 0.016129
v -0.016129 -0.356988 0.048387
v -0.016129 -0.352337 0.080645
v -0.016129 -0.339923 0.112903
v -0.016129 -0.338710 0.114468
v -0.016129 -0.306452 -0.156855
v -0.016129 -0.318632 -0.145161
v -0.016129 -0.316576 0.145161
v -0.016129 -0.306452 0.154590
v -0.016129 -0.274194 -0.172108
v -0.016129 -0.274194 0.169951
v -0.016129 -0.241935 -0.188914
v -0.016129 -0.263973 -0.177419
v -0.016129 -0.260953 0.177419
v -0.016129 -0.241935 0.187085
v -0.016129 -0.209677 -0.207989
v -0.016129 -0.209677 0.197734
v -0.016129 -0.177419 -0.232322
v -0.016129 -0.207551 -0.209677
v -0.016129 -0.186903 0.209677
v -0.032083 -0.177419 0.209677
v -0.016129 -0.177419 0.215397
v -0.016129 -0.145161 -0.254728
v -0.016129 -0.164189 -0.241935
v -0.016129 -0.145161 0.226767
v -0.016129 -0.112903 -0.267361
v -0.016129 -0.113031 0.241935
v -0.016455 -0.112903 0.241935
v -0.016129 -0.112903 0.242026
v -0.016129 -0.080645 -0.270779
v -0.016129 -0.080645 0.255337
v -0.016129 -0.048387 -0.268781
v -0.016129 -0.048387 0.262374
v -0.016129 -0.016129 -0.261255
v -0.016129 -0.016129 0.270320
v -0.016129 0.016129 -0.255789
v -0.016129 -0.004764 0.274194
v -0.016129 0.016129 0.280336
v -0.046666 0.048387 -0.241935
v -0.016129 0.048387 -0.248920
v -0.016129 0.048387 0.282063
v -0.016129 0.063273 -0.241935
v -0.016129 0.080645 -0.231975
v -0.041617 0.080645 0.274194
v -0.016129 0.074840 0.274194
v -0.016129 0.080645 0.271904
v -0.016129 0.100761 -0.209677
v -0.016129 0.112903 -0.196307
v -0.016129 0.112903 0.245924
v -0.016129 0.126634 -0.177419
v -0.016129 0.145161 -0.159229
v -0.016129 0.135506 0.209677
v -0.016129 0.145161 0.193375
v -0.016129 0.116666 0.241935
v -0.016129 0.162658 -0.145161
v -0.016129 0.177419 -0.135129
v -0.027456 0.177419 0.145161
v -0.016129 0.177419 0.151068
v -0.016129 0.155720 0.177419
v -0.016129 0.209677 -0.127345
v -0.016129 0.184451 0.145161
v -0.016129 0.209677 0.130587
v -0.044288 0.241935 -0.112903
v -0.016129 0.241935 -0.122299
v -0.033482 0.241935 0.112903
v -0.016129 0.241935 0.120050
v -0.016129 0.268514 -0.112903
v -0.016129 0.274194 -0.110592
v -0.016129 0.255106 0.112903
v -0.016129 0.274194 0.103914
v -0.016129 0.306452 -0.095928
v -0.041518 0.306452 0.080645
v -0.016129 0.306452 0.090837
v -0.016129 0.325697 -0.080645
v -0.016129 0.338710 -0.067664
v -0.016129 0.320502 0.080645
v -0.016129 0.338710 0.065313
v -0.016129 0.354083 -0.048387
v -0.016129 0.366100 -0.016129
v -0.016129 0.365299 0.016129
v -0.016129 0.354465 0.048387
v 0.007702 -0.338710 -0.112903
v 0.016129 -0.338710 -0.110458
v 0.016129 -0.351245 -0.080645
v 0.016129 -0.356078 -0.048387
v 0.016129 -0.357615 -0.016129
v 0.016129 -0.357864 0.016129
v 0.016129 -0.355595 0.048387
v 0.016129 -0.351414 0.080645
v 0.001798 -0.338710 0.112903
v 0.016129 -0.338710 0.111225
v 0.016129 -0.306452 -0.155649
v 0.016129 -0.316600 -0.145161
v 0.016129 -0.337200 -0.112903
v 0.016129 -0.337679 0.112903
v 0.016129 -0.317186 0.145161
v 0.016129 -0.306452 0.155398
v 0.016129 -0.274194 -0.173800
v 0.016129 -0.274194 0.172035
v 0.016129 -0.241935 -0.191440
v 0.016129 -0.267754 -0.177419
v 0.016129 -0.266170 0.177419
v 0.016129 -0.241935 0.190168
v -0.005295 -0.209677 -0.209677
v 0.016129 -0.209677 -0.212850
v 0.016129 -0.213849 -0.209677
v 0.016129 -0.209677 0.201596
v 0.016129 -0.177419 -0.232956
v 0.016129 -0.197017 0.209677
v 0.016129 -0.177419 0.220665
v 0.016129 -0.145161 -0.254234
v 0.016129 -0.164161 -0.241935
v 0.016129 -0.145161 0.230094
v 0.016129 -0.112903 -0.264758
v 0.016129 -0.121390 0.241935
v 0.016129 -0.112903 0.247161
v 0.016129 -0.080645 -0.268562
v 0.016129 -0.080645 0.256094
v 0.016129 -0.048387 -0.266166
v 0.016129 -0.048387 0.261563
v 0.016129 -0.016129 -0.259577
v 0.016129 -0.016129 0.267198
v 0.016129 0.016129 -0.252186
v 0.016129 0.008973 0.274194
v 0.016129 0.016129 0.276359
v 0.016129 0.048387 -0.244126
v 0.016129 0.048387 0.278933
v 0.016129 0.052560 -0.241935
v 0.016129 0.080645 -0.224692
v 0.016129 0.066386 0.274194
v 0.016129 0.080645 0.269907
v 0.016129 0.094998 -0.209677
v 0.016129 0.112903 -0.190882
v 0.016129 0.112903 0.249219
v 0.016129 0.122775 -0.177419
v 0.016129 0.145161 -0.157139
v 0.016129 0.141229 0.209677
v 0.016129 0.145161 0.203293
v 0.016129 0.120329 0.241935
v 0.016129 0.161345 -0.145161
v 0.016129 0.177419 -0.134822
v 0.016129 0.160009 0.177419
v 0.016129 0.177419 0.156703
v 0.016129 0.209677 -0.126502
v 0.016129 0.191755 0.145161
v 0.016129 0.209677 0.134015
v 0.016129 0.241935 -0.122123
v 0.016129 0.241935 0.123841
v 0.016129 0.267105 -0.112903
v 0.016129 0.274194 -0.109978
v 0.016129 0.263476 0.112903
v 0.016129 0.274194 0.107427
v 0.016129 0.306452 -0.095535
v 0.016129 0.306452 0.093378
v 0.016129 0.324128 -0.080645
v 0.016129 0.338710 -0.065728
v 0.016129 0.324352 0.080645
v 0.016129 0.338710 0.067204
v 0.016129 0.353194 -0.048387
v 0.016129 0.365370 -0.016129
v 0.016129 0.365932 0.016129
v 0.016129 0.355251 0.048387
v 0.048387 -0.338710 -0.098690
v 0.048387 -0.348117 -0.080645
v 0.048387 -0.353669 -0.048387
v 0.048387 -0.356068 -0.016129
v 0.048387 -0.356517 0.016129
v 0.048387 -0.354954 0.048387
v 0.048387 -0.350348 0.080645
v 0.048387 -0.338710 0.110141
v 0.048387 -0.306452 -0.149814
v 0.048387 -0.310828 -0.145161
v 0.048387 -0.330095 -0.112903
v 0.048387 -0.337179 0.112903
v 0.048387 -0.315363 0.145161
v 0.048387 -0.306452 0.153528
v 0.048387 -0.274194 -0.169764
v 0.048387 -0.274194 0.171551
v 0.048387 -0.241935 -0.188820
v 0.048387 -0.260929 -0.177419
v 0.048387 -0.264682 0.177419
v 0.048387 -0.241935 0.188932
v 0.033401 -0.209677 -0.209677
v 0.048387 -0.209677 -0.206813
v 0.048387 -0.209677 0.201041
v 0.048387 -0.177419 -0.227316
v 0.048387 -0.205472 -0.209677
v 0.048387 -0.195387 0.209677
v 0.048387 -0.177419 0.219797
v 0.048387 -0.145161 -0.246007
v 0.048387 -0.151869 -0.241935
v 0.048387 -0.145161 0.229264
v 0.048387 -0.112903 -0.256785
v 0.048387 -0.116870 0.241935
v 0.048387 -0.112903 0.244403
v 0.048387 -0.080645 -0.259110
v 0.048387 -0.080645 0.254536
v 0.048387 -0.048387 -0.257021
v 0.048387 -0.048387 0.259174
v 0.048387 -0.016129 -0.249031
v 0.048387 -0.016129 0.263085
v 0.048387 0.006569 -0.241935
v 0.041128 0.016129 -0.241935
v 0.048387 0.016129 -0.237797
v 0.028263 0.016129 0.274194
v 0.048387 0.016129 0.270352
v 0.020416 0.048387 -0.241935
v 0.048387 0.048387 -0.224966
v 0.048387 0.045740 0.274194
v 0.048387 0.048387 0.274540
v 0.037646 0.080645 -0.209677
v 0.048387 0.069926 -0.209677
v 0.048387 0.080645 -0.202310
v 0.048387 0.049885 0.274194
v 0.048387 0.080645 0.267133
v 0.038078 0.112903 -0.177419
v 0.048387 0.106476 -0.177419
v 0.048387 0.112903 -0.172325
v 0.048387 0.112903 0.247203
v 0.048387 0.145161 -0.145446
v 0.048387 0.139469 0.209677
v 0.048387 0.145161 0.198638
v 0.048387 0.118328 0.241935
v 0.048387 0.145540 -0.145161
v 0.048387 0.177419 -0.127105
v 0.048387 0.156183 0.177419
v 0.048387 0.177419 0.147282
v 0.048387 0.209677 -0.119471
v 0.048387 0.179732 0.145161
v 0.048387 0.209677 0.127414
v 0.048387 0.240487 -0.112903
v 0.047442 0.241935 -0.112903
v 0.048387 0.241935 -0.112560
v 0.048387 0.241935 0.115458
v 0.048387 0.274194 -0.101124
v 0.048387 0.246309 0.112903
v 0.048387 0.274194 0.101389
v 0.048387 0.306452 -0.085867
v 0.048387 0.306452 0.087066
v 0.048387 0.312108 -0.080645
v 0.048387 0.338710 -0.050873
v 0.048387 0.314419 0.080645
v 0.048387 0.338710 0.057329
v 0.048387 0.340884 -0.048387
v 0.048387 0.355354 -0.016129
v 0.048387 0.356909 0.016129
v 0.048387 0.346681 0.048387
v 0.077711 -0.338710 -0.080645
v 0.080645 -0.338710 -0.078079
v 0.080645 -0.349397 -0.048387
v 0.080645 -0.352763 -0.016129
v 0.080645 -0.353711 0.016129
v 0.080645 -0.352030 0.048387
v 0.080645 -0.347105 0.080645
v 0.080645 -0.338710 0.099946
v 0.059367 -0.306452 -0.145161
v 0.080645 -0.306452 -0.135109
v 0.080645 -0.322069 -0.112903
v 0.080645 -0.337456 -0.080645
v 0.080645 -0.331924 0.112903
v 0.080645 -0.307498 0.145161
v 0.080645 -0.306452 0.146109
v 0.080645 -0.274194 -0.161489
v 0.080645 -0.296512 -0.145161
v 0.080645 -0.274194 0.164491
v 0.075112 -0.241935 -0.177419
v 0.080645 -0.241935 -0.174914
v 0.080645 -0.247889 0.177419
v 0.080645 -0.241935 0.180788
v 0.080645 -0.209677 -0.192421
v 0.080645 -0.237415 -0.177419
v 0.080645 -0.209677 0.193967
v 0.080645 -0.177419 -0.209971
v 0.080645 -0.177869 -0.209677
v 0.079536 -0.177419 0.209677
v 0.080645 -0.177419 0.209176
v 0.054402 -0.145161 -0.241935
v 0.080645 -0.145161 -0.224972
v 0.080645 -0.176710 0.209677
v 0.080645 -0.145161 0.225106
v 0.069663 -0.112903 -0.241935
v 0.080645 -0.112903 -0.233259
v 0.057915 -0.112903 0.241935
v 0.080645 -0.112903 0.236405
v 0.073931 -0.080645 -0.241935
v 0.080645 -0.080645 -0.236339
v 0.080645 -0.098993 0.241935
v 0.080645 -0.080645 0.249144
v 0.069073 -0.048387 -0.241935
v 0.080645 -0.048387 -0.231321
v 0.080645 -0.048387 0.253809
v 0.057738 -0.016129 -0.241935
v 0.080645 -0.016129 -0.219270
v 0.080645 -0.016129 0.257443
v 0.073948 0.016129 -0.209677
v 0.080645 0.002591 -0.209677
v 0.080645 0.016129 -0.201744
v 0.080645 0.016129 0.262996
v 0.061431 0.048387 -0.209677
v 0.080645 0.048387 -0.184955
v 0.049994 0.048387 0.274194
v 0.080645 0.048387 0.267267
v 0.069763 0.080645 -0.177419
v 0.080645 0.059487 -0.177419
v 0.080645 0.080645 -0.167772
v 0.080645 0.080645 0.262255
v 0.080645 0.112903 -0.149136
v 0.077230 0.112903 0.241935
v 0.080645 0.112061 0.241935
v 0.080645 0.112903 0.240988
v 0.080645 0.117661 -0.145161
v 0.048782 0.145161 -0.145161
v 0.080645 0.145161 -0.125408
v 0.071165 0.145161 0.177419
v 0.080645 0.140386 0.177419
v 0.080645 0.145161 0.168481
v 0.080645 0.131964 0.209677
v 0.073038 0.177419 -0.112903
v 0.080645 0.168216 -0.112903
v 0.080645 0.177419 -0.108320
v 0.051041 0.177419 0.145161
v 0.080645 0.158642 0.145161
v 0.080645 0.177419 0.121323
v 0.058926 0.209677 -0.112903
v 0.080645 0.209677 -0.100554
v 0.067374 0.209677 0.112903
v 0.080645 0.188627 0.112903
v 0.080645 0.209677 0.103598
v 0.080645 0.241935 -0.095910
v 0.052202 0.241935 0.112903
v 0.080645 0.241935 0.098196
v 0.080645 0.274194 -0.084843
v 0.080645 0.274194 0.088586
v 0.080645 0.279940 -0.080645
v 0.055450 0.306452 -0.080645
v 0.080645 0.306452 -0.058236
v 0.059959 0.306452 0.080645
v 0.080645 0.287236 0.080645
v 0.080645 0.306452 0.064892
v 0.051143 0.338710 -0.048387
v 0.080645 0.315214 -0.048387
v 0.072962 0.338710 -0.016129
v 0.080645 0.331839 -0.016129
v 0.077130 0.338710 0.016129
v 0.080645 0.335581 0.016129
v 0.059367 0.338710 0.048387
v 0.080645 0.321048 0.048387
v 0.108948 -0.338710 -0.048387
v 0.112903 -0.338710 -0.040741
v 0.112903 -0.344456 -0.016129
v 0.112903 -0.345576 0.016129
v 0.112903 -0.342743 0.048387
v 0.102114 -0.338710 0.080645
v 0.112903 -0.338710 0.062853
v 0.112903 -0.306452 -0.113843
v 0.112903 -0.307228 -0.112903
v 0.112903 -0.324863 -0.080645
v 0.112903 -0.336594 -0.048387
v 0.112903 -0.333135 0.080645
v 0.112903 -0.318379 0.112903
v 0.082291 -0.306452 0.145161
v 0.112903 -0.306452 0.125444
v 0.108101 -0.274194 -0.145161
v 0.112903 -0.274194 -0.141096
v 0.112903 -0.280171 0.145161
v 0.112903 -0.274194 0.148861
v 0.112903 -0.241935 -0.156320
v 0.112903 -0.267072 -0.145161
v 0.085251 -0.241935 0.177419
v 0.112903 -0.241935 0.159834
v 0.098185 -0.209677 -0.177419
v 0.112903 -0.209677 -0.166114
v 0.106319 -0.209677 0.177419
v 0.112903 -0.209677 0.171852
v 0.080954 -0.177419 -0.209677
v 0.112886 -0.177419 -0.177419
v 0.112903 -0.177419 -0.177404
v 0.112903 -0.199486 0.177419
v 0.112903 -0.177419 0.188531
v 0.094910 -0.145161 -0.209677
v 0.112903 -0.145161 -0.188162
v 0.112903 -0.177372 -0.177419
v 0.106997 -0.145161 0.209677
v 0.112903 -0.145161 0.204495
v 0.100439 -0.112903 -0.209677
v 0.112903 -0.112903 -0.193161
v 0.112903 -0.136162 0.209677
v 0.112903 -0.112903 0.221148
v 0.100487 -0.080645 -0.209677
v 0.112903 -0.080645 -0.191055
v 0.092903 -0.080645 0.241935
v 0.112903 -0.080645 0.229162
v 0.096264 -0.048387 -0.209677
v 0.112903 -0.048387 -0.182603
v 0.102781 -0.048387 0.241935
v 0.112903 -0.048387 0.234500
v 0.087304 -0.016129 -0.209677
v 0.112903 -0.038413 -0.177419
v 0.105113 -0.016129 -0.177419
v 0.112903 -0.016129 -0.169032
v 0.109540 -0.016129 0.241935
v 0.112903 -0.016129 0.239136
v 0.095013 0.016129 -0.177419
v 0.112903 0.016129 -0.158008
v 0.112903 -0.007066 0.241935
v 0.112903 0.016129 0.248195
v 0.085572 0.048387 -0.177419
v 0.112903 0.048387 -0.147099
v 0.112903 0.048387 0.253326
v 0.100997 0.080645 -0.145161
v 0.112903 0.052241 -0.145161
v 0.112903 0.080645 -0.133110
v 0.112903 0.080645 0.248201
v 0.084520 0.112903 -0.145161
v 0.112903 0.112903 -0.116666
v 0.108999 0.112903 0.209677
v 0.112903 0.109115 0.209677
v 0.112903 0.112903 0.188250
v 0.112903 0.089199 0.241935
v 0.093952 0.145161 -0.112903
v 0.112903 0.117954 -0.112903
v 0.112903 0.145161 -0.096813
v 0.104898 0.145161 0.112903
v 0.112903 0.135556 0.112903
v 0.112903 0.145161 0.101082
v 0.092568 0.145161 0.145161
v 0.112903 0.124133 0.145161
v 0.112903 0.114437 0.177419
v 0.112903 0.177419 -0.080701
v 0.107256 0.177419 0.080645
v 0.112903 0.167394 0.080645
v 0.112903 0.177419 0.071073
v 0.086249 0.177419 0.112903
v 0.112903 0.177544 -0.080645
v 0.102106 0.209677 -0.080645
v 0.112903 0.209677 -0.064704
v 0.100957 0.209677 0.080645
v 0.112903 0.209677 0.058472
v 0.096607 0.241935 -0.080645
v 0.112903 0.241935 -0.055155
v 0.097530 0.241935 0.080645
v 0.112903 0.241935 0.051715
v 0.084913 0.274194 -0.080645
v 0.112903 0.252047 -0.048387
v 0.103721 0.274194 -0.048387
v 0.112903 0.274194 -0.027397
v 0.106980 0.274194 0.048387
v 0.112903 0.250161 0.048387
v 0.112903 0.274194 0.034418
v 0.089051 0.274194 0.080645
v 0.088680 0.306452 -0.048387
v 0.112903 0.283398 -0.016129
v 0.100885 0.306452 -0.016129
v 0.102895 0.306452 0.016129
v 0.112903 0.287774 0.016129
v 0.093168 0.306452 0.048387
v 0.119641 -0.338710 -0.016129
v 0.120762 -0.338710 0.016129
v 0.117405 -0.338710 0.048387
v 0.113814 -0.306452 -0.112903
v 0.136781 -0.306452 -0.080645
v 0.145161 -0.306452 -0.060858
v 0.145161 -0.311382 -0.048387
v 0.145161 -0.314890 -0.016129
v 0.145161 -0.313199 0.016129
v 0.145161 -0.306725 0.048387
v 0.135940 -0.306452 0.080645
v 0.145161 -0.306452 0.049094
v 0.122914 -0.306452 0.112903
v 0.139332 -0.274194 -0.112903
v 0.145161 -0.274194 -0.105652
v 0.145161 -0.296825 -0.080645
v 0.145161 -0.292336 0.080645
v 0.145161 -0.274194 0.101307
v 0.138593 -0.274194 0.112903
v 0.116577 -0.274194 0.145161
v 0.125618 -0.241935 -0.145161
v 0.145161 -0.241935 -0.125235
v 0.145161 -0.264097 -0.112903
v 0.145161 -0.258318 0.112903
v 0.145161 -0.241935 0.120644
v 0.127417 -0.241935 0.145161
v 0.136792 -0.209677 -0.145161
v 0.145161 -0.209677 -0.136478
v 0.137626 -0.209677 0.145161
v 0.145161 -0.209677 0.135726
v 0.145161 -0.177419 -0.151052
v 0.145161 -0.191071 -0.145161
v 0.145161 -0.195594 0.145161
v 0.124151 -0.177419 0.177419
v 0.145161 -0.177419 0.155418
v 0.122344 -0.145161 -0.177419
v 0.145161 -0.145161 -0.158142
v 0.139288 -0.145161 0.177419
v 0.145161 -0.145161 0.171335
v 0.125641 -0.112903 -0.177419
v 0.145161 -0.112903 -0.160938
v 0.145161 -0.134469 0.177419
v 0.125755 -0.112903 0.209677
v 0.145161 -0.112903 0.189530
v 0.123370 -0.080645 -0.177419
v 0.145161 -0.080645 -0.159536
v 0.135796 -0.080645 0.209677
v 0.145161 -0.080645 0.199161
v 0.116945 -0.048387 -0.177419
v 0.145161 -0.048387 -0.154408
v 0.139799 -0.048387 0.209677
v 0.145161 -0.048387 0.202971
v 0.142466 -0.016129 -0.145161
v 0.145161 -0.021653 -0.145161
v 0.145161 -0.016129 -0.142970
v 0.141357 -0.016129 0.209677
v 0.145161 -0.016129 0.204045
v 0.127975 0.016129 -0.145161
v 0.145161 0.016129 -0.132073
v 0.145161 0.008317 0.209677
v 0.120506 0.016129 0.241935
v 0.145161 0.016129 0.211336
v 0.114956 0.048387 -0.145161
v 0.145161 0.048387 -0.122623
v 0.126306 0.048387 0.241935
v 0.145161 0.048387 0.215946
v 0.137617 0.080645 -0.112903
v 0.145161 0.068616 -0.112903
v 0.145161 0.080645 -0.107228
v 0.137648 0.080645 0.209677
v 0.145161 0.060792 0.209677
v 0.145161 0.080645 0.179433
v 0.119879 0.080645 0.241935
v 0.117099 0.112903 -0.112903
v 0.145161 0.112903 -0.091674
v 0.137201 0.112903 0.112903
v 0.145161 0.105512 0.112903
v 0.145161 0.112903 0.102672
v 0.125374 0.112903 0.145161
v 0.145161 0.093341 0.145161
v 0.114633 0.112903 0.177419
v 0.145161 0.081185 0.177419
v 0.130438 0.145161 -0.080645
v 0.145161 0.126878 -0.080645
v 0.145161 0.145161 -0.059452
v 0.141189 0.145161 0.048387
v 0.145161 0.140764 0.048387
v 0.145161 0.145161 0.041148
v 0.126155 0.145161 0.080645
v 0.145161 0.125854 0.080645
v 0.112956 0.177419 -0.080645
v 0.145161 0.155303 -0.048387
v 0.130881 0.177419 -0.048387
v 0.137768 0.177419 -0.016129
v 0.145161 0.166769 -0.016129
v 0.134844 0.177419 0.016129
v 0.145161 0.161881 0.016129
v 0.124994 0.177419 0.048387
v 0.123118 0.209677 -0.048387
v 0.129538 0.209677 -0.016129
v 0.128363 0.209677 0.016129
v 0.118620 0.209677 0.048387
v 0.117343 0.241935 -0.048387
v 0.125831 0.241935 -0.016129
v 0.125157 0.241935 0.016129
v 0.114948 0.241935 0.048387
v 0.117942 0.274194 -0.016129
v 0.119797 0.274194 0.016129
v 0.149556 -0.306452 -0.048387
v 0.152292 -0.306452 -0.016129
v 0.150554 -0.306452 0.016129
v 0.145376 -0.306452 0.048387
v 0.158671 -0.274194 -0.080645
v 0.163311 -0.274194 -0.048387
v 0.163743 -0.274194 -0.016129
v 0.161808 -0.274194 0.016129
v 0.159626 -0.274194 0.048387
v 0.154399 -0.274194 0.080645
v 0.155178 -0.241935 -0.112903
v 0.168298 -0.241935 -0.080645
v 0.174992 -0.241935 -0.048387
v 0.173743 -0.241935 -0.016129
v 0.169416 -0.241935 0.016129
v 0.165134 -0.241935 0.048387
v 0.160988 -0.241935 0.080645
v 0.151118 -0.241935 0.112903
v 0.164198 -0.209677 -0.112903
v 0.177419 -0.209677 -0.091793
v 0.177419 -0.223327 -0.080645
v 0.177419 -0.237511 -0.048387
v 0.177419 -0.235216 -0.016129
v 0.177419 -0.225863 0.016129
v 0.177419 -0.212031 0.048387
v 0.177419 -0.209677 0.051750
v 0.168294 -0.209677 0.080645
v 0.159439 -0.209677 0.112903
v 0.151262 -0.177419 -0.145161
v 0.177419 -0.177419 -0.114154
v 0.177419 -0.179453 -0.112903
v 0.177419 -0.192042 0.080645
v 0.177419 -0.177419 0.096139
v 0.168623 -0.177419 0.112903
v 0.154285 -0.177419 0.145161
v 0.159952 -0.145161 -0.145161
v 0.177419 -0.145161 -0.127861
v 0.177419 -0.159891 0.112903
v 0.177419 -0.145161 0.124495
v 0.164423 -0.145161 0.145161
v 0.165441 -0.112903 -0.145161
v 0.177419 -0.112903 -0.134918
v 0.177419 -0.113112 0.145161
v 0.155649 -0.112903 0.177419
v 0.177419 -0.112903 0.145307
v 0.164583 -0.080645 -0.145161
v 0.177419 -0.080645 -0.134999
v 0.160698 -0.080645 0.177419
v 0.177419 -0.080645 0.153510
v 0.158050 -0.048387 -0.145161
v 0.177419 -0.048387 -0.132021
v 0.161461 -0.048387 0.177419
v 0.177419 -0.048387 0.154102
v 0.177419 -0.016129 -0.125155
v 0.159491 -0.016129 0.177419
v 0.177419 -0.016129 0.147573
v 0.177419 0.016129 -0.115803
v 0.161015 0.016129 0.177419
v 0.177419 0.016129 0.147531
v 0.146372 0.016129 0.209677
v 0.177419 0.022624 -0.112903
v 0.160444 0.048387 -0.112903
v 0.177419 0.048387 -0.102624
v 0.174334 0.048387 0.145161
v 0.177419 0.026825 0.145161
v 0.177419 0.048387 0.139420
v 0.159693 0.048387 0.177419
v 0.149346 0.048387 0.209677
v 0.177419 0.080645 -0.087824
v 0.171425 0.080645 0.112903
v 0.177419 0.071169 0.112903
v 0.177419 0.080645 0.104126
v 0.157400 0.080645 0.145161
v 0.145651 0.080645 0.177419
v 0.177419 0.090096 -0.080645
v 0.157862 0.112903 -0.080645
v 0.177419 0.112903 -0.052748
v 0.172840 0.112903 0.048387
v 0.177419 0.108324 0.048387
v 0.177419 0.112903 0.038142
v 0.159457 0.112903 0.080645
v 0.177419 0.094570 0.080645
v 0.152471 0.145161 -0.048387
v 0.177419 0.115922 -0.048387
v 0.160202 0.145161 -0.016129
v 0.177419 0.125265 -0.016129
v 0.156971 0.145161 0.016129
v 0.177419 0.121724 0.016129
v 0.184552 -0.209677 -0.080645
v 0.189795 -0.209677 -0.048387
v 0.189002 -0.209677 -0.016129
v 0.185538 -0.209677 0.016129
v 0.178768 -0.209677 0.048387
v 0.178663 -0.177419 -0.112903
v 0.200851 -0.177419 -0.080645
v 0.208877 -0.177419 -0.048387
v 0.206712 -0.177419 -0.016129
v 0.199127 -0.177419 0.016129
v 0.193152 -0.177419 0.048387
v 0.185858 -0.177419 0.080645
v 0.195804 -0.145161 -0.112903
v 0.209677 -0.145161 -0.098861
v 0.209677 -0.165276 -0.080645
v 0.209677 -0.176424 -0.048387
v 0.209677 -0.173765 -0.016129
v 0.209677 -0.163373 0.016129
v 0.209677 -0.151802 0.048387
v 0.209677 -0.145161 0.060467
v 0.200925 -0.145161 0.080645
v 0.186137 -0.145161 0.112903
v 0.209677 -0.112903 -0.117278
v 0.209677 -0.121324 -0.112903
v 0.209677 -0.131036 0.080645
v 0.209677 -0.112903 0.098965
v 0.199630 -0.112903 0.112903
v 0.177546 -0.112903 0.145161
v 0.209677 -0.080645 -0.122344
v 0.209393 -0.080645 0.112903
v 0.209677 -0.080645 0.112588
v 0.184816 -0.080645 0.145161
v 0.209677 -0.048387 -0.120677
v 0.209677 -0.075554 0.112903
v 0.209677 -0.048387 0.114534
v 0.184809 -0.048387 0.145161
v 0.209677 -0.016129 -0.113796
v 0.206129 -0.016129 0.112903
v 0.209677 -0.037895 0.112903
v 0.209677 -0.016129 0.109562
v 0.179381 -0.016129 0.145161
v 0.209677 -0.013561 -0.112903
v 0.184552 0.016129 -0.112903
v 0.209677 0.016129 -0.103285
v 0.204481 0.016129 0.112903
v 0.209677 0.016129 0.107895
v 0.179097 0.016129 0.145161
v 0.209677 0.048387 -0.091337
v 0.196919 0.048387 0.112903
v 0.209677 0.048387 0.101483
v 0.209677 0.062862 -0.080645
v 0.188940 0.080645 -0.080645
v 0.209677 0.080645 -0.063365
v 0.199395 0.080645 0.080645
v 0.209677 0.070849 0.080645
v 0.209677 0.080645 0.066989
v 0.181475 0.112903 -0.048387
v 0.209677 0.092676 -0.048387
v 0.194343 0.112903 -0.016129
v 0.209677 0.101275 -0.016129
v 0.190140 0.112903 0.016129
v 0.209677 0.099212 0.016129
v 0.209677 0.089415 0.048387
v 0.225802 -0.145161 -0.080645
v 0.234563 -0.145161 -0.048387
v 0.231883 -0.145161 -0.016129
v 0.225206 -0.145161 0.016129
v 0.215604 -0.145161 0.048387
v 0.216528 -0.112903 -0.112903
v 0.241935 -0.112903 -0.091985
v 0.241935 -0.124313 -0.080645
v 0.241935 -0.135860 -0.048387
v 0.241935 -0.132583 -0.016129
v 0.241935 -0.124718 0.016129
v 0.241935 -0.112903 0.042876
v 0.239293 -0.112903 0.048387
v 0.223882 -0.112903 0.080645
v 0.227489 -0.080645 -0.112903
v 0.241935 -0.080645 -0.103026
v 0.241935 -0.108097 0.048387
v 0.241935 -0.080645 0.073291
v 0.237249 -0.080645 0.080645
v 0.227012 -0.048387 -0.112903
v 0.241935 -0.048387 -0.104530
v 0.241406 -0.048387 0.080645
v 0.241935 -0.048387 0.079964
v 0.211400 -0.048387 0.112903
v 0.211782 -0.016129 -0.112903
v 0.241935 -0.016129 -0.099497
v 0.240891 -0.016129 0.080645
v 0.241935 -0.016129 0.079354
v 0.241935 0.016129 -0.090379
v 0.241935 0.014894 0.080645
v 0.241935 0.016129 0.080689
v 0.241935 0.036044 -0.080645
v 0.231069 0.048387 -0.080645
v 0.241935 0.048387 -0.071515
v 0.235530 0.048387 0.080645
v 0.241935 0.016387 0.080645
v 0.241935 0.048387 0.073280
v 0.227036 0.080645 -0.048387
v 0.241935 0.067248 -0.048387
v 0.241935 0.080645 -0.018463
v 0.225652 0.080645 0.048387
v 0.241935 0.067108 0.048387
v 0.241935 0.080645 0.017308
v 0.241935 0.081529 -0.016129
v 0.241935 0.081028 0.016129
v 0.252127 -0.112903 -0.080645
v 0.261381 -0.112903 -0.048387
v 0.259711 -0.112903 -0.016129
v 0.253054 -0.112903 0.016129
v 0.264603 -0.080645 -0.080645
v 0.274194 -0.080645 -0.057746
v 0.274194 -0.087576 -0.048387
v 0.274194 -0.084868 -0.016129
v 0.274194 -0.080645 -0.006956
v 0.268264 -0.080645 0.016129
v 0.256203 -0.080645 0.048387
v 0.269702 -0.048387 -0.080645
v 0.274194 -0.048387 -0.071755
v 0.274194 -0.058350 0.016129
v 0.274194 -0.048387 0.022211
v 0.262357 -0.048387 0.048387
v 0.265264 -0.016129 -0.080645
v 0.274194 -0.016129 -0.066023
v 0.263500 -0.016129 0.048387
v 0.274194 -0.016129 0.027396
v 0.255029 0.016129 -0.080645
v 0.274194 0.016129 -0.055753
v 0.265934 0.016129 0.048387
v 0.274194 0.016129 0.031927
v 0.241981 0.016129 0.080645
v 0.263336 0.048387 -0.048387
v 0.274194 0.027491 -0.048387
v 0.274194 0.048387 -0.017362
v 0.273643 0.048387 0.016129
v 0.274194 0.046482 0.016129
v 0.274194 0.048387 -0.001910
v 0.260591 0.048387 0.048387
v 0.243076 0.080645 -0.016129
v 0.274194 0.048812 -0.016129
v 0.242472 0.080645 0.016129
v 0.277510 -0.080645 -0.048387
v 0.276358 -0.080645 -0.016129
v 0.282509 -0.048387 -0.048387
v 0.283358 -0.048387 -0.016129
v 0.276698 -0.048387 0.016129
v 0.282085 -0.016129 -0.048387
v 0.283705 -0.016129 -0.016129
v 0.278903 -0.016129 0.016129
v 0.278427 0.016129 -0.048387
v 0.282914 0.016129 -0.016129
v 0.280163 0.016129 0.016129
v 0.274535 0.048387 -0.016129
vn -0.905576 -0.385290 -0.177437
vn -0.670305 -0.297456 -0.679861
vn -0.824852 -0.536343 -0.178761
vn -0.833378 -0.552293 -0.021305
vn -0.913460 -0.399829 0.075683
vn -0.821969 -0.520785 0.230544
vn -0.882013 -0.344337 0.321691
vn -0.808771 -0.354118 0.469563
vn -0.923780 -0.185360 -0.335071
vn -0.631967 -0.085830 -0.770227
vn -0.974433 -0.223470 0.023275
vn -0.917610 -0.215612 0.333922
vn -0.833863 -0.246129 0.494058
vn -0.908710 -0.059628 -0.413148
vn -0.560122 0.006233 -0.828387
vn -0.996072 -0.084845 0.025338
vn -0.932521 -0.083899 0.351233
vn -0.862510 -0.079262 0.499794
vn -0.884700 0.081819 -0.458923
vn -0.510936 0.119636 -0.851253
vn -0.998002 0.059509 0.021249
vn -0.947102 0.034668 0.319054
vn -0.782724 -0.097469 0.614689
vn -0.878972 0.064606 0.472478
vn -0.724143 0.055925 0.687379
vn -0.814259 0.295832 -0.499465
vn -0.409622 0.378031 -0.830242
vn -0.920916 0.386420 -0.050916
vn -0.892647 0.327417 0.309804
vn -0.679049 0.537021 0.500500
vn -0.726119 0.243905 0.642855
vn -0.638448 0.681243 -0.358179
vn -0.733103 0.676055 0.074232
vn -0.635038 0.679957 0.366586
vn -0.768956 -0.544135 -0.335594
vn -0.734426 -0.452936 -0.505438
vn -0.744745 -0.626142 -0.230870
vn -0.752407 -0.658192 -0.025837
vn -0.790155 -0.609641 0.063192
vn -0.762039 -0.627674 0.159129
vn -0.794092 -0.560782 0.234396
vn -0.778289 -0.547033 0.308256
vn -0.701384 -0.290322 -0.650979
vn -0.494452 -0.098620 -0.863592
vn -0.636091 -0.247289 -0.730915
vn -0.781868 -0.360778 0.508451
vn -0.769422 -0.301436 0.563140
vn -0.742278 -0.263287 0.616201
vn -0.605982 -0.092681 -0.790061
vn -0.397715 0.039305 -0.916667
vn -0.725142 -0.146764 0.672777
vn -0.720495 -0.169824 0.672344
vn -0.500651 0.058195 -0.863691
vn -0.318309 0.097673 -0.942942
vn -0.724253 -0.088280 0.683860
vn -0.714811 -0.088732 0.693666
vn -0.457518 0.035889 -0.888476
vn -0.276619 0.111604 -0.954477
vn -0.683457 -0.121330 0.719837
vn -0.721483 0.000000 0.692432
vn -0.683225 -0.025447 0.729765
vn -0.404590 0.232917 -0.884340
vn -0.345124 0.404358 -0.846985
vn -0.656024 0.477390 0.584579
vn -0.633551 0.523314 0.569873
vn -0.695435 0.194603 0.691737
vn -0.440606 0.749944 -0.493406
vn -0.276758 0.576574 -0.768744
vn -0.438813 0.890659 -0.119038
vn -0.474584 0.848774 0.233139
vn -0.504492 0.728355 0.463666
vn -0.520642 0.700917 0.487490
vn -0.272651 0.936011 -0.222588
vn -0.298209 0.954501 -0.000025
vn -0.306139 0.923409 0.231507
vn -0.857378 -0.514437 -0.016058
vn -0.806574 -0.565073 -0.173581
vn -0.872931 -0.483773 -0.062885
vn -0.880502 -0.471837 0.045676
vn -0.854681 -0.489685 0.172421
vn -0.853517 -0.456059 0.252029
vn -0.779888 -0.558005 -0.283559
vn -0.721116 -0.527851 -0.448736
vn -0.758584 -0.533278 -0.374386
vn -0.838042 -0.545504 0.010506
vn -0.841944 -0.517431 0.152960
vn -0.814936 -0.476468 0.329937
vn -0.796913 -0.484838 0.360363
vn -0.777716 -0.430763 0.457822
vn -0.658040 -0.446461 -0.606347
vn -0.550067 -0.208938 -0.808561
vn -0.547199 -0.412550 -0.728269
vn -0.780316 -0.419308 0.463992
vn -0.736677 -0.389394 0.552883
vn -0.741330 -0.339250 0.579085
vn -0.705447 -0.270873 0.654960
vn -0.453574 0.026545 -0.890823
vn -0.709312 -0.200933 0.675650
vn -0.670389 -0.139066 0.728861
vn -0.360889 0.116571 -0.925295
vn -0.645734 -0.100337 0.756942
vn -0.647219 -0.104648 0.755087
vn -0.325221 0.125987 -0.937208
vn -0.636810 -0.087187 0.766075
vn -0.640873 -0.108058 0.760004
vn -0.290884 0.126947 -0.948299
vn -0.660469 -0.159211 0.733780
vn -0.726176 0.086090 0.682098
vn -0.881736 -0.113051 0.457998
vn -0.330793 0.280153 -0.901161
vn -0.295170 0.230913 -0.927121
vn -0.701642 0.347926 0.621809
vn -0.718322 0.370559 0.588813
vn -0.915565 -0.041110 0.400063
vn -0.364213 0.550568 -0.751148
vn -0.317725 0.643350 -0.696528
vn -0.403421 0.821673 0.402624
vn -0.514226 0.739604 0.434233
vn -0.618669 0.673454 0.404609
vn -0.721184 0.607739 0.332485
vn -0.304358 0.898430 -0.316527
vn -0.310211 0.948475 -0.064537
vn -0.325802 0.926490 0.188334
vn -0.367943 0.889800 0.269953
vn -0.965120 -0.259179 -0.036996
vn -0.966118 -0.237803 -0.100325
vn -0.939091 -0.342186 -0.031883
vn -0.932670 -0.356228 0.056824
vn -0.952932 -0.276796 0.123712
vn -0.908440 -0.345170 0.235787
vn -0.948382 -0.235083 -0.212857
vn -0.889484 -0.221071 -0.399932
vn -0.922323 -0.205325 -0.327356
vn -0.970521 -0.237481 -0.041129
vn -0.964862 -0.245856 0.092711
vn -0.903282 -0.324998 0.280104
vn -0.931017 -0.265661 0.250262
vn -0.866950 -0.303018 0.395698
vn -0.864623 -0.318670 -0.388428
vn -0.775798 -0.269617 -0.570477
vn -0.841373 -0.229949 -0.489097
vn -0.910600 -0.327331 -0.252315
vn -0.931771 -0.357404 -0.063757
vn -0.940290 -0.324219 0.103619
vn -0.926653 -0.283859 0.246452
vn -0.864063 -0.305961 0.399729
vn -0.876077 -0.281170 0.391705
vn -0.828566 -0.267444 0.491886
vn -0.769437 -0.378251 -0.514678
vn -0.732880 -0.320998 -0.599872
vn -0.856552 -0.423029 -0.295577
vn -0.874816 -0.381324 0.298813
vn -0.844864 -0.298446 0.443999
vn -0.806341 -0.237564 0.541644
vn -0.706693 -0.310859 -0.635572
vn -0.713512 -0.218097 -0.665834
vn -0.725938 -0.328451 -0.604264
vn -0.742457 -0.361487 -0.563990
vn -0.796445 -0.344028 0.497313
vn -0.759900 -0.269035 0.591753
vn -0.644275 -0.197142 -0.738949
vn -0.691830 -0.028230 -0.721508
vn -0.699942 -0.318610 0.639194
vn -0.685087 -0.164003 0.709760
vn -0.724336 -0.176620 0.666441
vn -0.560386 0.057580 -0.826227
vn -0.657742 0.117365 -0.744043
vn -0.675451 -0.121103 0.727393
vn -0.744182 -0.122111 0.656721
vn -0.631118 0.215354 -0.745193
vn -0.416715 0.163825 -0.894153
vn -0.737798 -0.149994 0.658145
vn -0.747324 -0.187891 0.637341
vn -0.411337 0.151622 -0.898784
vn -0.817843 -0.206883 0.536965
vn -0.766046 -0.282770 0.577248
vn -0.847856 -0.293131 0.441831
vn -0.890583 -0.331101 0.311825
vn -0.426122 0.130279 -0.895236
vn -0.913906 -0.201283 0.352507
vn -0.861207 -0.430954 0.269445
vn -0.921895 -0.302054 0.242638
vn -0.877039 -0.426623 0.220896
vn -0.439097 0.257344 -0.860795
vn -0.920391 0.344993 0.184010
vn -0.978307 0.063519 0.197184
vn -0.919085 -0.269930 0.287090
vn -0.971907 0.046637 0.230698
vn -0.931675 -0.003008 0.363280
vn -0.460410 0.410958 -0.786852
vn -0.335474 0.763068 -0.552435
vn -0.513098 0.812294 0.277327
vn -0.706964 0.660720 0.252291
vn -0.827974 0.557822 0.057394
vn -0.887755 0.446410 0.112287
vn -0.925500 0.365537 0.099161
vn -0.904981 0.345105 0.248820
vn -0.476026 0.769633 -0.425517
vn -0.399706 0.910654 -0.104614
vn -0.450666 0.879999 0.150005
vn -0.500016 0.836827 0.222947
vn -0.556521 0.804483 0.207584
vn -0.633414 0.769167 0.084668
vn -0.649238 0.759677 0.037150
vn -0.631994 0.772828 0.057630
vn -0.828112 -0.560500 0.008335
vn -0.794996 -0.599316 -0.093812
vn -0.477511 -0.878339 -0.022447
vn -0.514589 -0.854891 0.066031
vn -0.860728 -0.386138 -0.331730
vn -0.731839 -0.386585 -0.561217
vn -0.670598 -0.637657 -0.379067
vn -0.753604 -0.617674 -0.224855
vn -0.870412 -0.470929 -0.143555
vn -0.905246 -0.424706 -0.012442
vn -0.813443 -0.570412 0.113761
vn -0.874889 -0.468941 0.121091
vn -0.761729 -0.614351 0.205771
vn -0.887198 -0.401337 0.227613
vn -0.678973 -0.636551 0.365784
vn -0.853026 -0.340205 0.395736
vn -0.718308 -0.456696 0.524845
vn -0.869843 -0.177749 -0.460194
vn -0.825681 -0.196767 -0.528710
vn -0.935268 -0.262122 -0.237837
vn -0.925135 -0.279312 0.257119
vn -0.895714 -0.239062 0.374895
vn -0.792790 -0.306508 0.526817
vn -0.838002 -0.153444 -0.523649
vn -0.685658 -0.171315 -0.707477
vn -0.716874 -0.160496 -0.678478
vn -0.870975 -0.179428 -0.457393
vn -0.885869 -0.230906 0.402390
vn -0.737451 -0.237872 0.632126
vn -0.841286 -0.193499 0.504774
vn -0.693074 -0.214201 0.688307
vn -0.803512 -0.193880 -0.562831
vn -0.722607 -0.193999 -0.663479
vn -0.809439 -0.219255 0.544735
vn -0.716605 -0.193180 0.670193
vn -0.744845 -0.269851 -0.610235
vn -0.721314 -0.258513 -0.642556
vn -0.761309 -0.208728 0.613874
vn -0.733349 -0.199596 0.649893
vn -0.719962 -0.253898 -0.645903
vn -0.736317 -0.207260 -0.644113
vn -0.697154 -0.299826 -0.651215
vn -0.753031 -0.223622 0.618819
vn -0.685626 -0.243064 0.686175
vn -0.747765 -0.215923 0.627873
vn -0.672811 -0.239494 0.699978
vn -0.740109 -0.081988 -0.667470
vn -0.752251 -0.008670 -0.658820
vn -0.760719 -0.189861 0.620693
vn -0.708283 -0.252064 0.659393
vn -0.712028 0.134537 -0.689141
vn -0.756512 0.155618 -0.635195
vn -0.824515 -0.212540 0.524406
vn -0.766279 -0.236477 0.597406
vn -0.680078 0.236455 -0.693961
vn -0.664276 0.241464 -0.707413
vn -0.670538 0.257921 -0.695597
vn -0.885780 -0.256585 0.386727
vn -0.789808 -0.371129 0.488330
vn -0.848565 -0.352703 0.394384
vn -0.805716 -0.414152 0.423439
vn -0.630131 0.212085 -0.746964
vn -0.696769 0.172351 -0.696282
vn -0.883526 -0.369971 0.287235
vn -0.773349 -0.477818 0.416678
vn -0.822969 -0.443371 0.355168
vn -0.748533 -0.483917 0.453347
vn -0.610716 0.116821 -0.783185
vn -0.733897 0.094935 -0.672593
vn -0.858199 -0.387106 0.337110
vn -0.607026 -0.464921 0.644490
vn -0.771757 -0.353857 0.528371
vn -0.561192 -0.370043 0.740359
vn -0.602742 0.202116 -0.771914
vn -0.745638 0.193609 -0.637604
vn -0.818308 0.048236 0.572753
vn -0.604625 0.011401 0.796429
vn -0.614994 0.303987 -0.727581
vn -0.574833 0.560021 -0.596611
vn -0.566376 0.480894 -0.669298
vn -0.753263 0.620987 0.216727
vn -0.723838 0.565680 0.395051
vn -0.531680 0.398142 0.747528
vn -0.572293 0.616400 -0.540862
vn -0.675435 0.675008 -0.296903
vn -0.658955 0.601319 -0.451879
vn -0.723319 0.685878 -0.079879
vn -0.715746 0.687768 0.121176
vn -0.685587 0.696825 0.210726
vn -0.667218 0.720427 0.189224
vn -0.656020 0.715434 0.240401
vn -0.635954 0.764963 0.101951
vn -0.642397 0.765262 0.041228
vn -0.613585 0.787318 0.060373
vn -0.546554 0.815215 0.191578
vn -0.380449 0.794873 0.472690
vn -0.692885 0.636040 -0.339653
vn -0.726010 0.679157 -0.107956
vn -0.867798 0.444989 -0.221158
vn -0.727867 0.680433 0.084975
vn -0.724867 0.664102 0.183128
vn -0.724487 0.655276 0.213850
vn -0.688611 0.686503 0.233514
vn -0.913738 0.399035 0.076509
vn -0.577141 -0.718669 -0.387843
vn -0.488703 -0.699754 -0.521070
vn -0.269767 -0.915159 -0.299517
vn -0.340162 -0.932078 -0.124580
vn -0.511203 -0.842257 -0.171098
vn -0.289938 -0.957032 -0.005118
vn -0.335671 -0.939494 0.068376
vn -0.542953 -0.830167 0.126592
vn -0.355087 -0.918859 0.172079
vn -0.617005 -0.746359 0.249504
vn -0.389278 -0.876865 0.282080
vn -0.654476 -0.680406 0.329710
vn -0.439147 -0.757369 0.483262
vn -0.629533 -0.484967 -0.607038
vn -0.499867 -0.425876 -0.754163
vn -0.445089 -0.634142 -0.632266
vn -0.519421 -0.658719 0.544326
vn -0.684180 -0.378730 0.623267
vn -0.432051 -0.515751 0.739820
vn -0.654634 -0.218123 -0.723793
vn -0.625995 -0.227672 -0.745852
vn -0.671110 -0.283756 0.684905
vn -0.593855 -0.324993 0.736013
vn -0.655122 -0.192892 -0.730484
vn -0.529103 -0.232768 -0.816008
vn -0.523514 -0.197707 -0.828761
vn -0.666527 -0.249623 0.702446
vn -0.684138 -0.209312 0.698672
vn -0.471071 -0.228904 0.851878
vn -0.686878 -0.206610 -0.696786
vn -0.591098 -0.281979 -0.755706
vn -0.677086 -0.195556 0.709445
vn -0.544640 -0.237989 0.804195
vn -0.701357 -0.275624 -0.657366
vn -0.679865 -0.302657 -0.667968
vn -0.664275 -0.200945 0.719972
vn -0.622206 -0.226247 0.749448
vn -0.724374 -0.268951 -0.634782
vn -0.744734 -0.280888 -0.605371
vn -0.683432 -0.376953 -0.625162
vn -0.650640 -0.271781 0.709086
vn -0.692509 -0.277770 0.665789
vn -0.557255 -0.322538 0.765138
vn -0.781800 -0.095749 -0.616134
vn -0.827718 -0.057399 -0.558201
vn -0.732094 -0.330132 0.595862
vn -0.617841 -0.391114 0.682131
vn -0.806892 0.109755 -0.580413
vn -0.844857 0.111170 -0.523315
vn -0.784928 -0.375087 0.493150
vn -0.588002 -0.438656 0.679583
vn -0.732237 -0.416607 0.538765
vn -0.528053 -0.528066 0.665061
vn -0.816147 0.206939 -0.539519
vn -0.835626 0.205936 -0.509234
vn -0.786056 0.217685 -0.578558
vn -0.727278 -0.469889 0.500271
vn -0.523031 -0.540904 0.658682
vn -0.652496 -0.461462 0.601083
vn -0.367037 -0.432252 0.823676
vn -0.815647 0.237527 -0.527542
vn -0.797173 0.199945 -0.569681
vn -0.817623 0.134070 -0.559927
vn -0.620527 -0.478123 0.621566
vn -0.394535 -0.411679 0.821500
vn -0.798236 0.098514 -0.594235
vn -0.812215 0.093518 -0.575813
vn -0.405303 -0.452077 0.794579
vn -0.417712 -0.232544 0.878317
vn -0.201684 -0.239913 0.949613
vn -0.792503 0.159270 -0.588703
vn -0.805066 0.176440 -0.566338
vn -0.362812 0.077333 0.928648
vn -0.184684 0.069795 0.980317
vn -0.766645 0.353889 -0.535742
vn -0.794899 0.267770 -0.544458
vn -0.725231 0.393774 -0.564785
vn -0.194390 0.297293 0.934788
vn -0.293557 0.602031 0.742552
vn -0.704634 0.510237 -0.493102
vn -0.685559 0.481957 -0.545643
vn -0.702911 0.510554 -0.495227
vn -0.699169 0.490188 -0.520460
vn -0.656297 0.752270 0.058001
vn -0.576712 0.811579 0.093507
vn -0.497598 0.861643 0.099837
vn -0.448818 0.874713 0.182864
vn -0.291825 0.880356 0.373915
vn -0.218739 0.805728 0.550413
vn -0.680706 0.484532 -0.549425
vn -0.753074 0.441258 -0.488028
vn -0.690339 0.427487 -0.583685
vn -0.841548 0.437351 -0.317050
vn -0.905399 0.393911 0.158388
vn -0.852132 0.453521 0.261132
vn -0.780635 0.539600 0.315344
vn -0.693954 0.654309 0.300513
vn -0.603728 0.773727 0.191987
vn -0.483246 0.855360 0.186634
vn -0.363600 0.915963 0.169727
vn -0.250360 0.922451 0.293947
vn -0.725934 0.390486 -0.566163
vn -0.896740 0.285051 -0.338531
vn -0.837695 0.216131 -0.501553
vn -0.953165 0.297012 -0.057101
vn -0.947441 0.256077 0.191782
vn -0.893888 0.333608 0.299449
vn -0.833614 0.331779 0.441600
vn -0.804166 0.456621 0.380545
vn -0.929483 0.164627 -0.330089
vn -0.849753 0.156820 -0.503316
vn -0.983538 0.153721 -0.094985
vn -0.975984 0.142620 0.164665
vn -0.939785 0.154148 0.305028
vn -0.886461 0.170122 0.430401
vn -0.929336 0.160668 -0.332447
vn -0.968814 0.201681 -0.143958
vn -0.917174 0.289769 -0.273542
vn -0.967383 0.199162 0.156542
vn -0.916663 0.218381 0.334721
vn -0.906818 0.136348 0.398861
vn -0.941862 0.333454 -0.041278
vn -0.911271 0.355817 0.207315
vn -0.347152 -0.683095 -0.642547
vn -0.151061 -0.683513 -0.714136
vn -0.123753 -0.904324 -0.408514
vn -0.096269 -0.961482 -0.257458
vn -0.090665 -0.989052 -0.116432
vn -0.078851 -0.996737 -0.017275
vn -0.081098 -0.995142 0.055821
vn -0.093644 -0.986610 0.133536
vn -0.149296 -0.938356 0.311766
vn -0.190347 -0.883965 0.427053
vn -0.411419 -0.513784 -0.752835
vn -0.350523 -0.353490 -0.867282
vn -0.178173 -0.696439 -0.695146
vn -0.266055 -0.709941 0.652073
vn -0.344067 -0.581955 0.736849
vn -0.484744 -0.286576 -0.826376
vn -0.361812 -0.277877 -0.889875
vn -0.440961 -0.443852 0.780095
vn -0.487929 -0.343296 0.802542
vn -0.326552 -0.321627 0.888774
vn -0.422308 -0.287937 -0.859504
vn -0.389819 -0.287041 0.875014
vn -0.536135 -0.337995 -0.773510
vn -0.488113 -0.437753 -0.755062
vn -0.396267 -0.387321 -0.832439
vn -0.465380 -0.346595 0.814428
vn -0.546920 -0.252054 0.798340
vn -0.353315 -0.303598 0.884871
vn -0.620169 -0.387860 -0.681876
vn -0.543974 -0.463016 -0.699792
vn -0.565517 -0.276900 0.776863
vn -0.438300 -0.302301 0.846468
vn -0.687153 -0.364965 -0.628189
vn -0.568440 -0.454577 -0.685737
vn -0.577175 -0.490087 -0.653210
vn -0.495701 -0.370403 0.785546
vn -0.772920 -0.152663 -0.615864
vn -0.498470 -0.194878 -0.844719
vn -0.535486 -0.402018 -0.742723
vn -0.768249 -0.166275 -0.618179
vn -0.555646 -0.450376 0.698870
vn -0.576219 -0.438702 0.689574
vn -0.411060 -0.434617 0.801335
vn -0.799710 0.058068 -0.597572
vn -0.533393 0.011906 -0.845784
vn -0.802038 0.031080 -0.596464
vn -0.443164 -0.468836 0.764067
vn -0.485031 -0.552058 0.678216
vn -0.289926 -0.432900 0.853546
vn -0.790245 0.119607 -0.601005
vn -0.821609 0.172951 -0.543182
vn -0.772123 0.185667 -0.607744
vn -0.239367 -0.393397 0.887661
vn -0.840927 0.171173 -0.513362
vn -0.736610 0.178286 -0.652396
vn -0.850596 0.195627 -0.488074
vn -0.119497 -0.364377 0.923553
vn -0.854562 0.112217 -0.507080
vn -0.695720 0.150864 -0.702292
vn -0.857445 0.123093 -0.499636
vn -0.142181 -0.376036 0.915632
vn -0.062012 -0.201348 0.977555
vn -0.842565 0.169981 -0.511068
vn -0.628954 0.283228 -0.724016
vn -0.847609 0.131872 -0.513973
vn -0.016395 0.084346 0.996302
vn -0.706015 0.356116 -0.612147
vn -0.785852 0.326053 -0.525476
vn -0.666419 0.457633 -0.588607
vn -0.085266 0.719573 0.689162
vn -0.024962 0.304714 0.952117
vn -0.605586 0.582751 -0.541910
vn -0.690440 0.533481 -0.488559
vn -0.544011 0.635670 -0.547700
vn -0.058045 0.720170 0.691366
vn -0.166347 0.898356 0.406552
vn -0.053500 0.734817 0.676152
vn -0.559020 0.599422 -0.572879
vn -0.684682 0.440640 -0.580558
vn -0.542008 0.519969 -0.660196
vn -0.747483 0.532419 0.397239
vn -0.630374 0.683730 0.367616
vn -0.427739 0.822373 0.375157
vn -0.302210 0.906016 0.296316
vn -0.188226 0.917687 0.349887
vn -0.607336 0.429993 -0.668019
vn -0.748878 0.244088 -0.616119
vn -0.642613 0.211559 -0.736404
vn -0.835168 0.311365 0.453371
vn -0.755500 0.417288 0.505066
vn -0.453917 0.574388 0.681204
vn -0.371028 0.758434 0.535831
vn -0.796823 0.148898 -0.585579
vn -0.587852 0.159240 -0.793141
vn -0.831651 0.173120 0.527622
vn -0.565500 0.275007 0.777548
vn -0.498654 0.371999 0.782918
vn -0.794491 0.210309 -0.569697
vn -0.551545 0.213383 -0.806391
vn -0.873032 0.219827 -0.435306
vn -0.903049 0.212509 0.373287
vn -0.815555 0.245029 0.524243
vn -0.532741 0.255916 0.806656
vn -0.781776 0.317039 -0.536947
vn -0.487891 0.325263 -0.810041
vn -0.859575 0.340108 -0.381389
vn -0.920795 0.377394 -0.098537
vn -0.908808 0.364722 0.202598
vn -0.851519 0.343745 0.395922
vn -0.674144 0.442796 0.591152
vn -0.548200 0.345539 0.761630
vn -0.634843 0.468459 -0.614427
vn -0.820444 0.418390 -0.389643
vn -0.621353 0.503193 -0.600598
vn -0.866737 0.479180 -0.138394
vn -0.870352 0.472726 0.137903
vn -0.847009 0.455855 0.273443
vn -0.599278 0.493549 0.630298
vn -0.653185 0.639634 -0.405237
vn -0.768807 0.636896 -0.057433
vn -0.734210 0.639099 0.229103
vn -0.665860 0.648672 0.368585
vn -0.094366 -0.733509 -0.673097
vn -0.007706 -0.923628 -0.383214
vn -0.002564 -0.969261 -0.246022
vn 0.025612 -0.994690 -0.099676
vn 0.028006 -0.999451 -0.017684
vn 0.023716 -0.998361 0.052088
vn 0.014913 -0.992801 0.118847
vn 0.000822 -0.964039 0.265760
vn -0.034794 -0.918861 0.393045
vn -0.104038 -0.798621 0.592774
vn -0.045161 -0.786673 0.615716
vn -0.176968 -0.424456 -0.887986
vn -0.082364 -0.740003 -0.667542
vn -0.134793 -0.732792 0.666969
vn -0.246251 -0.504617 0.827479
vn -0.146291 -0.474745 0.867880
vn -0.203922 -0.342499 -0.917121
vn -0.170324 -0.383253 0.907804
vn -0.364943 -0.360315 -0.858481
vn -0.340511 -0.451551 -0.824714
vn -0.215243 -0.409968 -0.886339
vn -0.268512 -0.422781 0.865539
vn -0.397461 -0.378989 0.835699
vn -0.234164 -0.348984 0.907401
vn -0.351661 -0.490865 -0.797111
vn -0.245772 -0.304737 0.920180
vn -0.489933 -0.530803 -0.691530
vn -0.350356 -0.575390 -0.739037
vn -0.300350 -0.579238 -0.757808
vn -0.304107 -0.375628 0.875456
vn -0.506328 -0.485053 -0.712990
vn -0.355999 -0.390078 -0.849178
vn -0.246165 -0.575584 -0.779812
vn -0.389509 -0.453507 0.801632
vn -0.420532 -0.447351 0.789322
vn -0.275128 -0.391680 0.878004
vn -0.363115 -0.223947 -0.904431
vn -0.233951 -0.404767 0.883985
vn -0.348327 -0.025929 -0.937014
vn -0.249050 -0.473686 0.844746
vn -0.164222 -0.376681 0.911670
vn -0.565516 0.160017 -0.809065
vn -0.410184 0.131459 -0.902479
vn -0.059059 -0.298708 0.952515
vn -0.604337 0.188909 -0.774009
vn -0.343909 0.191241 -0.919322
vn 0.010728 -0.296926 0.954840
vn -0.640974 0.173483 -0.747701
vn -0.270646 0.182562 -0.945210
vn 0.025776 -0.328494 0.944154
vn 0.046985 -0.167979 0.984670
vn -0.634641 0.190224 -0.749030
vn -0.472149 0.347227 -0.810252
vn 0.056645 0.124533 0.990597
vn -0.564409 0.522020 -0.639482
vn -0.385235 0.539636 -0.748590
vn 0.049827 0.301311 0.952223
vn -0.368777 0.699198 -0.612475
vn -0.451286 0.689850 -0.566082
vn -0.215562 0.766589 -0.604875
vn -0.080226 0.885745 0.457186
vn -0.015057 0.670734 0.741545
vn 0.006658 0.701295 0.712840
vn -0.334848 0.712425 -0.616707
vn -0.467087 0.590254 -0.658354
vn -0.218584 0.679079 -0.700766
vn -0.282414 0.864872 0.415017
vn -0.204648 0.887373 0.413145
vn -0.123726 0.891726 0.435335
vn -0.079313 0.871220 0.484444
vn -0.373127 0.521330 -0.767458
vn -0.503958 0.368641 -0.781108
vn -0.343164 0.396671 -0.851405
vn -0.306216 0.769219 0.560834
vn -0.376746 0.537218 0.754626
vn -0.268601 0.822031 0.502114
vn -0.518719 0.211531 -0.828363
vn -0.298832 0.209883 -0.930939
vn -0.480361 0.340533 0.808264
vn -0.388540 0.368082 0.844720
vn -0.503683 0.184418 -0.843975
vn -0.431277 0.255085 -0.865409
vn -0.392862 0.340530 0.854224
vn -0.371565 0.297209 0.879549
vn -0.387159 0.334464 -0.859210
vn -0.486707 0.456796 0.744616
vn -0.348800 0.369455 0.861303
vn -0.571388 0.527315 -0.628852
vn -0.337690 0.447804 -0.827911
vn -0.395708 0.473731 0.786762
vn -0.468551 0.551131 0.690445
vn -0.441914 0.636001 -0.632625
vn -0.608652 0.649876 -0.455197
vn -0.296410 0.700131 -0.649583
vn -0.650825 0.736665 -0.183717
vn -0.667611 0.732803 0.131512
vn -0.656312 0.676661 0.333743
vn -0.440802 0.563379 0.698783
vn -0.394887 0.854058 -0.338600
vn -0.457338 0.884393 -0.093225
vn -0.435187 0.874526 0.214048
vn -0.345317 0.804012 0.484068
vn 0.042430 -0.787601 -0.614723
vn 0.092003 -0.920746 -0.379161
vn 0.060404 -0.970412 -0.233777
vn 0.056697 -0.994300 -0.090297
vn 0.058196 -0.998062 -0.022015
vn 0.049329 -0.997825 0.043718
vn 0.039589 -0.993581 0.105970
vn 0.027002 -0.971581 0.235162
vn 0.028900 -0.925579 0.377450
vn 0.034492 -0.809403 0.586239
vn -0.047994 -0.496717 -0.866584
vn 0.037359 -0.783761 -0.619938
vn -0.006775 -0.786993 0.616925
vn -0.055330 -0.497431 0.865737
vn -0.085352 -0.434221 -0.896754
vn -0.069230 -0.457133 0.886700
vn -0.181742 -0.479469 -0.858533
vn -0.119827 -0.464653 -0.877348
vn -0.116589 -0.456998 0.881793
vn -0.122230 -0.367866 0.921810
vn -0.180326 -0.525571 -0.831419
vn -0.155031 -0.372329 0.915061
vn -0.155704 -0.581592 -0.798441
vn -0.186353 -0.591226 -0.784681
vn -0.224638 -0.470016 0.853594
vn -0.297089 -0.464691 0.834146
vn -0.184500 -0.399003 0.898196
vn -0.122784 -0.436971 -0.891056
vn -0.071077 -0.562541 -0.823709
vn -0.146003 -0.369493 0.917692
vn -0.072590 -0.231232 -0.970187
vn -0.164968 -0.421632 0.891634
vn -0.206395 -0.468868 0.858815
vn -0.127820 -0.397398 0.908700
vn -0.071908 -0.018873 -0.997233
vn -0.074328 -0.292688 0.953315
vn -0.076474 0.145067 -0.986462
vn 0.001268 -0.229792 0.973239
vn -0.080911 0.194924 -0.977475
vn 0.065744 -0.242756 0.967857
vn -0.039617 0.194804 -0.980042
vn 0.079102 -0.304613 0.949186
vn 0.092204 -0.132391 0.986900
vn -0.215606 0.271639 -0.937937
vn -0.039490 0.263012 -0.963984
vn 0.087639 0.106663 0.990425
vn -0.037130 0.465982 -0.884014
vn -0.000817 0.604917 -0.796288
vn 0.071181 0.308678 0.948499
vn 0.075502 0.288570 0.954477
vn 0.032211 0.626666 0.778622
vn -0.061871 0.744820 -0.664391
vn 0.016963 0.772500 -0.634788
vn -0.024140 0.615304 0.787920
vn -0.087748 0.752709 -0.652480
vn -0.035505 0.658024 -0.752160
vn -0.112403 0.851048 0.512916
vn -0.151756 0.857151 0.492202
vn -0.070984 0.846211 0.528098
vn -0.133240 0.584626 -0.800287
vn -0.125083 0.356163 -0.926014
vn -0.349793 0.549298 0.758892
vn -0.229695 0.732802 0.640501
vn -0.182756 0.800502 0.570786
vn -0.093949 0.205234 -0.974193
vn -0.146793 0.547181 0.824042
vn -0.239527 0.402591 0.883486
vn -0.312564 0.259691 -0.913709
vn -0.117679 0.229279 -0.966221
vn -0.339807 0.390620 0.855539
vn -0.214360 0.338227 0.916326
vn -0.155148 0.340230 -0.927455
vn -0.185956 0.380726 -0.905797
vn -0.155965 0.444288 0.882203
vn -0.192420 0.371141 0.908421
vn -0.077010 0.502418 -0.861188
vn -0.340408 0.586814 0.734692
vn -0.180245 0.439850 0.879797
vn -0.170040 0.663907 -0.728227
vn -0.067371 0.746415 -0.662062
vn -0.141254 0.617704 0.773621
vn -0.233943 0.651859 0.721353
vn -0.101811 0.886084 -0.452204
vn -0.156190 0.972550 -0.172485
vn -0.168579 0.970620 0.171690
vn -0.183946 0.859362 0.477138
vn 0.130228 -0.800967 -0.584374
vn 0.139703 -0.908593 -0.393626
vn 0.100894 -0.953833 -0.282883
vn 0.066358 -0.992997 -0.097746
vn 0.054680 -0.998054 -0.029982
vn 0.040906 -0.998639 0.032346
vn 0.032685 -0.994377 0.100730
vn 0.036304 -0.965082 0.259420
vn 0.054990 -0.913273 0.403619
vn 0.025647 -0.922135 0.386017
vn 0.053732 -0.545159 -0.836609
vn 0.121412 -0.814859 -0.566802
vn 0.133380 -0.833374 -0.536375
vn 0.024830 -0.831973 0.554261
vn 0.011287 -0.792780 0.609403
vn -0.001318 -0.520329 0.853965
vn 0.057958 -0.496960 -0.865836
vn 0.001026 -0.485480 0.874247
vn -0.001639 -0.503882 -0.863771
vn 0.043807 -0.489106 -0.871123
vn -0.043103 -0.482669 0.874741
vn -0.036012 -0.386795 0.921462
vn -0.114577 -0.553962 -0.824620
vn 0.024721 -0.553335 -0.832592
vn 0.044397 -0.553104 -0.831928
vn -0.019690 -0.401285 0.915742
vn 0.056779 -0.544183 -0.837043
vn -0.082884 -0.497793 0.863326
vn -0.059435 -0.374603 0.925278
vn 0.096759 -0.417507 -0.903507
vn 0.123936 -0.530665 -0.838472
vn -0.009182 -0.350877 0.936376
vn 0.157391 -0.213473 -0.964187
vn -0.049316 -0.454050 0.889610
vn -0.027151 -0.350662 0.936108
vn 0.172634 -0.015986 -0.984856
vn 0.025973 -0.231032 0.972599
vn 0.174515 0.138935 -0.974803
vn 0.056253 -0.176648 0.982665
vn 0.184687 0.205647 -0.961041
vn 0.114205 -0.200653 0.972983
vn 0.231602 0.232672 -0.944576
vn 0.119375 -0.281035 0.952244
vn 0.125857 -0.094736 0.987515
vn 0.255194 0.255971 -0.932392
vn 0.107431 0.095087 0.989655
vn 0.323027 0.489283 -0.810096
vn 0.346284 0.557783 -0.754299
vn 0.097783 0.253200 0.962459
vn 0.027404 0.512186 0.858437
vn 0.275290 0.694499 -0.664745
vn 0.255291 0.725856 -0.638718
vn 0.005327 0.569087 0.822260
vn 0.138752 0.728087 -0.671295
vn 0.208605 0.630137 -0.747938
vn -0.013480 0.844331 0.535653
vn -0.071482 0.856435 0.511283
vn -0.052213 0.820453 0.569324
vn 0.109828 0.575557 -0.810353
vn 0.124686 0.362726 -0.923517
vn 0.040922 0.830247 0.555891
vn -0.008337 0.723900 0.689854
vn 0.118997 0.191670 -0.974219
vn 0.086396 0.556923 0.826059
vn -0.012551 0.394397 0.918854
vn 0.158149 0.222007 -0.962134
vn 0.075033 0.370949 0.925617
vn 0.099844 0.346853 -0.932590
vn 0.136025 0.387457 -0.911797
vn 0.100224 0.433895 0.895372
vn -0.010048 0.406652 0.913528
vn 0.163742 0.491367 -0.855422
vn 0.064183 0.469046 0.880838
vn 0.103268 0.668674 -0.736349
vn 0.204480 0.728295 -0.654044
vn 0.109126 0.642992 0.758059
vn 0.039669 0.710259 0.702822
vn 0.178505 0.861513 -0.475322
vn 0.157069 0.968083 -0.195307
vn 0.131860 0.978582 0.158084
vn 0.087450 0.887071 0.453275
vn 0.186842 -0.872908 -0.450690
vn 0.177052 -0.940070 -0.291412
vn 0.100979 -0.987264 -0.122936
vn 0.076789 -0.996158 -0.042111
vn 0.065852 -0.997651 0.018879
vn 0.060142 -0.993147 0.100214
vn 0.048274 -0.965519 0.255818
vn 0.081925 -0.915897 0.392965
vn 0.172247 -0.550469 -0.816894
vn 0.208242 -0.819059 -0.534581
vn 0.202676 -0.845664 -0.493736
vn 0.111092 -0.816490 0.566571
vn 0.085858 -0.797439 0.597260
vn 0.092473 -0.517566 0.850632
vn 0.188780 -0.477801 -0.857944
vn 0.145509 -0.481161 0.864472
vn 0.221991 -0.477406 -0.850178
vn 0.230416 -0.496085 -0.837143
vn 0.098342 -0.477291 0.873225
vn 0.113178 -0.383625 0.916527
vn 0.150768 -0.538702 -0.828896
vn 0.204506 -0.500752 -0.841085
vn 0.161867 -0.400965 0.901680
vn 0.298405 -0.483721 -0.822781
vn 0.350292 -0.480988 -0.803708
vn 0.108900 -0.501751 0.858130
vn 0.126194 -0.360161 0.924316
vn 0.252266 -0.370778 -0.893804
vn 0.351558 -0.467943 -0.810824
vn 0.101472 -0.342238 0.934118
vn 0.371412 -0.172456 -0.912311
vn 0.064249 -0.442962 0.894235
vn 0.120630 -0.313144 0.942013
vn 0.415435 0.000046 -0.909623
vn 0.098222 -0.211101 0.972517
vn 0.417722 0.141017 -0.897565
vn 0.126937 -0.139018 0.982121
vn 0.410420 0.229162 -0.882632
vn 0.150529 -0.157280 0.976014
vn 0.584947 0.296501 -0.754933
vn 0.435879 0.284410 -0.853886
vn 0.676683 0.292920 -0.675498
vn 0.177265 -0.202400 0.963126
vn 0.188933 -0.177684 0.965781
vn 0.481944 0.330703 -0.811397
vn 0.599994 0.356481 -0.716190
vn 0.182951 -0.123889 0.975285
vn 0.137048 0.039242 0.989787
vn 0.459675 0.591422 -0.662509
vn 0.594328 0.454630 -0.663389
vn 0.585717 0.524390 -0.618021
vn 0.164785 0.220965 0.961260
vn 0.118055 0.376677 0.918791
vn 0.329298 0.668970 -0.666364
vn 0.488942 0.607778 -0.625733
vn 0.445177 0.545452 -0.710141
vn 0.102350 0.561002 0.821463
vn 0.390977 0.589068 -0.707203
vn 0.180386 0.871481 0.456051
vn 0.167065 0.866885 0.469681
vn 0.109745 0.825687 0.553351
vn 0.351503 0.479519 -0.804057
vn 0.329691 0.337598 -0.881664
vn 0.222712 0.825539 0.518542
vn 0.220494 0.756801 0.615333
vn 0.329973 0.193455 -0.923955
vn 0.210511 0.512658 0.832387
vn 0.319193 0.397447 0.860320
vn 0.345891 0.195250 -0.917735
vn 0.274192 0.334104 -0.901772
vn 0.405980 0.237769 -0.882409
vn 0.258562 0.385044 0.885938
vn 0.344061 0.354431 -0.869483
vn 0.324797 0.372270 0.869438
vn 0.274375 0.367307 0.888709
vn 0.366722 0.444762 -0.817130
vn 0.263519 0.461292 0.847212
vn 0.373137 0.670848 -0.640884
vn 0.410833 0.680254 -0.607018
vn 0.266788 0.653230 0.708600
vn 0.282313 0.684211 0.672425
vn 0.328845 0.812919 -0.480650
vn 0.401940 0.881368 -0.248261
vn 0.412025 0.908515 0.069546
vn 0.361587 0.869201 0.337260
vn 0.292676 -0.836603 -0.463072
vn 0.314307 -0.891641 -0.325864
vn 0.248558 -0.947105 -0.203007
vn 0.180708 -0.981605 -0.061614
vn 0.175322 -0.984316 0.019587
vn 0.165782 -0.982050 0.089966
vn 0.182744 -0.953058 0.241424
vn 0.261916 -0.868481 0.420880
vn 0.294139 -0.617760 -0.729284
vn 0.388349 -0.683901 -0.617628
vn 0.295343 -0.829431 -0.474148
vn 0.309237 -0.867575 -0.389469
vn 0.268250 -0.816033 0.511989
vn 0.216169 -0.776070 0.592441
vn 0.272430 -0.478997 0.834472
vn 0.352467 -0.447669 -0.821803
vn 0.399732 -0.588338 -0.702903
vn 0.348575 -0.414203 0.840792
vn 0.350795 -0.460056 -0.815654
vn 0.403061 -0.351357 -0.845039
vn 0.240564 -0.448406 0.860849
vn 0.321149 -0.360523 0.875721
vn 0.432049 -0.434337 -0.790370
vn 0.559602 -0.384816 -0.734004
vn 0.392468 -0.376957 0.838971
vn 0.428900 -0.430225 -0.794324
vn 0.468716 -0.421976 -0.776042
vn 0.281069 -0.484058 0.828666
vn 0.423772 -0.403316 0.811020
vn 0.545958 -0.265568 -0.794609
vn 0.552706 -0.324055 -0.767792
vn 0.370490 -0.409704 0.833594
vn 0.321156 -0.353808 0.878452
vn 0.579448 -0.138796 -0.803104
vn 0.680169 -0.151056 -0.717323
vn 0.209554 -0.399549 0.892439
vn 0.335578 -0.318080 0.886686
vn 0.592585 0.029579 -0.804965
vn 0.755620 0.003221 -0.655002
vn 0.302580 -0.351893 0.885786
vn 0.263802 -0.209339 0.941587
vn 0.631507 0.184991 -0.752979
vn 0.758772 0.146787 -0.634601
vn 0.308928 -0.117484 0.943801
vn 0.657027 0.247310 -0.712147
vn 0.716655 0.263360 -0.645792
vn 0.325840 -0.163078 0.931254
vn 0.726587 0.292109 -0.621888
vn 0.712292 0.320014 -0.624685
vn 0.808579 0.285781 -0.514324
vn 0.321499 -0.142542 0.936120
vn 0.730149 0.346920 -0.588667
vn 0.763942 0.325888 -0.556947
vn 0.218526 -0.110338 0.969573
vn 0.294618 -0.001019 0.955615
vn 0.646154 0.454763 -0.612924
vn 0.705024 0.344313 -0.619991
vn 0.643450 0.366136 -0.672247
vn 0.266297 0.354879 0.896185
vn 0.560832 0.464482 -0.685364
vn 0.147388 0.569459 0.808698
vn 0.439711 0.627219 0.642845
vn 0.335461 0.802789 0.492946
vn 0.555106 0.492940 -0.669976
vn 0.450357 0.521099 -0.725007
vn 0.552060 0.455799 -0.698195
vn 0.401030 0.784319 0.473306
vn 0.540333 0.795784 0.273438
vn 0.530497 0.730662 0.429774
vn 0.391104 0.848826 0.355713
vn 0.490604 0.232091 -0.839906
vn 0.501093 0.412856 -0.760563
vn 0.611264 0.288643 -0.736914
vn 0.511265 0.608151 0.607257
vn 0.557758 0.682043 0.472994
vn 0.564802 0.536513 0.627018
vn 0.496550 0.194063 -0.846037
vn 0.573376 0.170452 -0.801365
vn 0.572836 0.370334 0.731240
vn 0.678047 0.337003 0.653208
vn 0.636570 0.179244 0.750100
vn 0.542279 0.207733 -0.814113
vn 0.518647 0.231981 0.822916
vn 0.527680 0.228352 0.818174
vn 0.500438 0.333395 -0.799005
vn 0.416901 0.352991 0.837610
vn 0.562162 0.517486 -0.645122
vn 0.544854 0.546369 -0.636093
vn 0.582043 0.555643 -0.593706
vn 0.466863 0.576726 0.670392
vn 0.608931 0.481481 0.630381
vn 0.550972 0.583228 0.596888
vn 0.561600 0.735444 -0.379115
vn 0.560650 0.672219 -0.483522
vn 0.568320 0.804543 -0.172401
vn 0.694042 0.669712 -0.264182
vn 0.566818 0.803245 0.183072
vn 0.771950 0.633789 0.049045
vn 0.533880 0.678974 0.503950
vn 0.680980 0.646021 0.344851
vn 0.356454 -0.881239 -0.310416
vn 0.420599 -0.884214 -0.203132
vn 0.366416 -0.924936 -0.101153
vn 0.340296 -0.940230 0.012878
vn 0.313542 -0.941284 0.125203
vn 0.374443 -0.875416 0.305677
vn 0.515887 -0.821014 0.244532
vn 0.419711 -0.651979 -0.631479
vn 0.461586 -0.776541 -0.428862
vn 0.471220 -0.807258 -0.355368
vn 0.562635 -0.795651 -0.224457
vn 0.628247 -0.717537 0.300743
vn 0.427263 -0.755781 0.496227
vn 0.440150 -0.579904 0.685550
vn 0.539020 -0.540376 0.646104
vn 0.472511 -0.441103 -0.762995
vn 0.586550 -0.494474 -0.641447
vn 0.481589 -0.513463 0.710231
vn 0.480102 -0.355826 0.801804
vn 0.513776 -0.305335 -0.801751
vn 0.646688 -0.341913 -0.681829
vn 0.505130 -0.359944 0.784401
vn 0.578211 -0.294729 0.760794
vn 0.623412 -0.335710 -0.706156
vn 0.593413 -0.269728 -0.758358
vn 0.525987 -0.327234 0.785020
vn 0.689485 -0.277206 0.669154
vn 0.680695 -0.301905 -0.667464
vn 0.695432 -0.280174 -0.661723
vn 0.612321 -0.225110 -0.757884
vn 0.626480 -0.360221 0.691204
vn 0.570253 -0.360537 0.738122
vn 0.734796 -0.200850 -0.647869
vn 0.752391 -0.156315 -0.639901
vn 0.668049 -0.195874 -0.717875
vn 0.496538 -0.395406 0.772725
vn 0.597661 -0.372042 0.710201
vn 0.790848 -0.050523 -0.609924
vn 0.777969 -0.056641 -0.625744
vn 0.603205 -0.369421 0.706875
vn 0.514565 -0.273074 0.812806
vn 0.818964 0.074384 -0.569004
vn 0.804348 0.071258 -0.589869
vn 0.510798 -0.245715 0.823838
vn 0.576368 -0.177178 0.797752
vn 0.825666 0.198232 -0.528185
vn 0.820716 0.153101 -0.550440
vn 0.513453 -0.131787 0.847938
vn 0.671799 -0.093410 0.734821
vn 0.834150 0.260354 -0.486220
vn 0.686906 0.271907 -0.673963
vn 0.804352 0.251314 -0.538386
vn 0.627843 0.263112 -0.732520
vn 0.499218 -0.113171 0.859054
vn 0.706339 -0.125368 0.696684
vn 0.784044 0.245486 -0.570098
vn 0.662929 0.244971 -0.707470
vn 0.652998 -0.195721 0.731633
vn 0.467268 -0.154244 0.870557
vn 0.738026 0.244565 -0.628892
vn 0.701744 0.242788 -0.669783
vn 0.477239 0.042029 0.877768
vn 0.683726 0.330516 -0.650599
vn 0.647307 0.313073 -0.694967
vn 0.613186 0.336513 -0.714676
vn 0.414886 0.353481 0.838404
vn 0.660919 0.363385 -0.656610
vn 0.636071 0.370483 -0.676872
vn 0.546413 0.766222 0.338136
vn 0.646652 0.675289 0.354719
vn 0.664602 0.738542 0.113404
vn 0.602088 0.653289 0.459025
vn 0.610000 0.386079 -0.691985
vn 0.593914 0.446380 -0.669336
vn 0.603720 0.384588 -0.698294
vn 0.763885 0.523450 0.377465
vn 0.669498 0.670435 0.319827
vn 0.691237 0.548589 0.470363
vn 0.726169 0.597992 0.339241
vn 0.662708 0.702946 0.258232
vn 0.614220 0.762576 0.203005
vn 0.628945 0.287455 -0.722356
vn 0.794548 0.327137 0.511542
vn 0.771376 0.446300 0.453646
vn 0.856566 0.212756 0.470138
vn 0.779697 0.402405 0.479731
vn 0.721128 0.242643 -0.648921
vn 0.747242 0.167872 -0.643000
vn 0.818910 0.211427 -0.533560
vn 0.806525 0.173394 0.565201
vn 0.871011 0.126472 0.474704
vn 0.780466 0.243412 -0.575868
vn 0.826286 0.178562 -0.534198
vn 0.820287 0.148476 0.552344
vn 0.869599 0.153240 0.469377
vn 0.781217 0.362579 -0.508170
vn 0.818526 0.344261 -0.459890
vn 0.828302 0.368102 -0.422394
vn 0.845001 0.380287 -0.375974
vn 0.859893 0.303627 0.410360
vn 0.901538 0.213244 0.376506
vn 0.868601 0.352206 0.348544
vn 0.782310 0.293622 0.549343
vn 0.786858 0.479055 -0.389050
vn 0.862976 0.455375 -0.218874
vn 0.831227 0.525271 -0.182078
vn 0.831078 0.527774 0.175398
vn 0.884683 0.465192 0.030520
vn 0.799057 0.445865 0.403376
vn 0.673448 -0.731642 -0.105676
vn 0.697756 -0.715907 0.024768
vn 0.727240 -0.672267 0.138491
vn 0.658858 -0.524714 -0.539056
vn 0.640763 -0.637959 -0.427121
vn 0.642629 -0.714451 -0.276746
vn 0.632545 -0.752403 -0.183783
vn 0.690669 -0.721064 -0.055168
vn 0.738960 -0.668576 0.083332
vn 0.742844 -0.643246 0.185521
vn 0.779787 -0.549443 0.300075
vn 0.846454 -0.485862 0.217838
vn 0.771194 -0.486185 0.410956
vn 0.662379 -0.509648 -0.549102
vn 0.736822 -0.482221 -0.473874
vn 0.776531 -0.519573 -0.356431
vn 0.817218 -0.478977 0.320525
vn 0.839556 -0.362518 0.404630
vn 0.795071 -0.369273 0.481144
vn 0.762583 -0.340320 0.550136
vn 0.664218 -0.259530 -0.701041
vn 0.696868 -0.307267 -0.648044
vn 0.739832 -0.362073 -0.567055
vn 0.785080 -0.300015 0.541886
vn 0.788960 -0.250068 0.561256
vn 0.757466 -0.258051 0.599712
vn 0.651040 -0.263145 -0.711970
vn 0.729463 -0.262937 -0.631465
vn 0.724352 -0.278104 0.630851
vn 0.787996 -0.313920 0.529639
vn 0.628831 -0.236719 -0.740632
vn 0.711315 -0.303412 -0.634013
vn 0.689566 -0.359448 0.628725
vn 0.677795 -0.336661 0.653647
vn 0.716488 -0.307862 0.625992
vn 0.685430 -0.115352 -0.718944
vn 0.642285 -0.138338 -0.753879
vn 0.675660 -0.333496 0.657468
vn 0.752407 -0.300311 0.586257
vn 0.704123 0.004441 -0.710064
vn 0.636213 -0.038776 -0.770538
vn 0.721090 -0.350084 0.597888
vn 0.671831 -0.302955 0.675915
vn 0.734861 -0.228998 0.638388
vn 0.682179 0.104992 -0.723608
vn 0.619503 0.063520 -0.782420
vn 0.678284 -0.163225 0.716442
vn 0.800572 -0.097722 0.591214
vn 0.649512 0.160978 -0.743115
vn 0.609534 0.173612 -0.773516
vn 0.691089 -0.076710 0.718687
vn 0.844034 -0.016793 0.536026
vn 0.604949 0.266168 -0.750460
vn 0.600150 0.271990 -0.752224
vn 0.496029 0.245417 -0.832902
vn 0.723564 -0.088529 0.684556
vn 0.869762 -0.067144 0.488882
vn 0.599898 0.248774 -0.760417
vn 0.489775 0.258340 -0.832695
vn 0.749166 -0.166950 0.640997
vn 0.739535 -0.174416 0.650129
vn 0.790073 -0.112257 0.602647
vn 0.586093 0.244606 -0.772440
vn 0.532177 0.286323 -0.796748
vn 0.781787 0.037820 0.622398
vn 0.807056 0.108798 0.580364
vn 0.577600 0.364402 -0.730472
vn 0.562247 0.347096 -0.750602
vn 0.489060 0.371134 -0.789354
vn 0.796378 0.498965 0.341785
vn 0.901155 0.326569 0.285083
vn 0.788469 0.582992 0.196055
vn 0.779954 0.235239 0.579943
vn 0.567526 0.375932 -0.732523
vn 0.537529 0.426993 -0.727145
vn 0.647974 0.682924 0.337260
vn 0.650374 0.689999 0.317670
vn 0.626293 0.655514 0.421969
vn 0.679382 0.693267 0.240461
vn 0.676849 0.687350 0.263487
vn 0.709897 0.677286 0.193209
vn 0.693860 0.677698 0.243482
vn 0.715162 0.455186 -0.530423
vn 0.624116 0.521950 -0.581419
vn 0.682094 0.555740 -0.475290
vn 0.794878 0.508155 0.331582
vn 0.675318 0.662601 0.323891
vn 0.719041 0.599355 0.351786
vn 0.722891 0.557203 0.408599
vn 0.664240 0.673071 0.325208
vn 0.825876 0.309902 -0.471051
vn 0.776681 0.522802 -0.351348
vn 0.868559 0.364538 -0.335732
vn 0.940865 0.338312 -0.017829
vn 0.820255 0.563296 -0.099397
vn 0.912909 0.330079 0.240095
vn 0.812333 0.559990 0.162868
vn 0.862976 0.348610 0.365709
vn 0.918068 0.187064 -0.349512
vn 0.980650 0.176535 -0.084625
vn 0.971856 0.157035 0.175600
vn 0.922991 0.161229 0.349418
vn 0.920150 0.237223 -0.311526
vn 0.977431 0.173363 -0.120719
vn 0.982033 0.126885 0.139683
vn 0.936355 0.126166 0.327601
vn 0.934202 0.314811 -0.167815
vn 0.962177 0.236871 0.134567
vn 0.898042 -0.423307 -0.119716
vn 0.913498 -0.406840 0.001524
vn 0.905138 -0.416885 0.083256
vn 0.892721 -0.426586 0.145164
vn 0.888670 -0.364608 -0.278078
vn 0.934343 -0.352629 -0.051536
vn 0.948810 -0.315041 0.022540
vn 0.959924 -0.271197 0.070701
vn 0.952000 -0.282126 0.118745
vn 0.918814 -0.311006 0.243016
vn 0.836395 -0.271717 -0.476040
vn 0.887410 -0.317184 -0.334512
vn 0.929604 -0.351426 -0.111066
vn 0.939063 -0.339623 0.053066
vn 0.943515 -0.312322 0.110611
vn 0.951233 -0.271585 0.146279
vn 0.956254 -0.205633 0.208069
vn 0.901429 -0.242288 0.358778
vn 0.804529 -0.301087 -0.511937
vn 0.786756 -0.371145 -0.493221
vn 0.876681 -0.424923 -0.225545
vn 0.906414 -0.420217 -0.042789
vn 0.897405 -0.432504 0.087206
vn 0.893616 -0.423652 0.148222
vn 0.899284 -0.376513 0.222545
vn 0.841232 -0.459640 0.284709
vn 0.915957 -0.306782 0.258667
vn 0.890544 -0.260199 0.373132
vn 0.706684 -0.235501 -0.667186
vn 0.729858 -0.287947 -0.619995
vn 0.765468 -0.342285 -0.544885
vn 0.822169 -0.445477 0.354385
vn 0.788469 -0.436472 0.433368
vn 0.864807 -0.321282 0.385859
vn 0.832135 -0.296642 0.468566
vn 0.660675 -0.134965 -0.738440
vn 0.636736 -0.245181 -0.731063
vn 0.775637 -0.406639 0.482734
vn 0.773733 -0.359656 0.521522
vn 0.795782 -0.310828 0.519728
vn 0.620351 -0.023683 -0.783967
vn 0.564992 -0.098452 -0.819202
vn 0.776676 -0.333556 0.534335
vn 0.786745 -0.227717 0.573739
vn 0.806093 -0.140627 0.574837
vn 0.592194 0.078383 -0.801974
vn 0.479821 -0.004860 -0.877353
vn 0.809659 -0.100926 0.578158
vn 0.802557 -0.059094 0.593641
vn 0.561109 0.195358 -0.804358
vn 0.439956 0.141358 -0.886824
vn 0.828882 -0.001806 0.559421
vn 0.822559 0.055477 0.565967
vn 0.394956 0.230714 -0.889259
vn 0.867240 -0.001336 0.497888
vn 0.858045 0.023586 0.513033
vn 0.403349 0.267834 -0.874971
vn 0.901427 0.003383 0.432917
vn 0.871306 0.059923 0.487068
vn 0.896241 -0.079865 0.436319
vn 0.473076 0.337527 -0.813803
vn 0.492517 0.352176 -0.795864
vn 0.387186 0.360705 -0.848516
vn 0.869300 0.294773 0.396771
vn 0.810720 0.141585 0.568055
vn 0.759394 0.403256 0.510593
vn 0.910326 0.216788 0.352576
vn 0.927754 0.129146 0.350133
vn 0.444880 0.424476 -0.788608
vn 0.708992 0.601040 0.368892
vn 0.682564 0.539451 0.493051
vn 0.609052 0.617700 0.497496
vn 0.794943 0.517096 0.317296
vn 0.865700 0.391399 0.312042
vn 0.551767 0.610992 -0.567663
vn 0.638114 0.559622 -0.528804
vn 0.589432 0.633492 -0.501256
vn 0.675360 0.670448 0.307226
vn 0.515572 0.799935 0.307066
vn 0.667963 0.684498 0.292042
vn 0.649712 0.669262 0.360504
vn 0.555866 0.749126 0.360311
vn 0.759506 0.608146 -0.230888
vn 0.703171 0.615964 -0.355160
vn 0.786260 0.617794 -0.011203
vn 0.701416 0.705119 -0.104029
vn 0.740540 0.632186 0.227908
vn 0.687440 0.714580 0.129617
vn 0.837839 -0.441109 -0.321634
vn 0.883095 -0.466603 -0.049244
vn 0.898026 -0.432184 0.082254
vn 0.902881 -0.404985 0.144194
vn 0.887858 -0.414548 0.199643
vn 0.725267 -0.378308 -0.575213
vn 0.774333 -0.448709 -0.446172
vn 0.857802 -0.501881 -0.110868
vn 0.860027 -0.501162 0.095864
vn 0.869606 -0.466549 0.161605
vn 0.868128 -0.451353 0.206480
vn 0.855912 -0.421116 0.300127
vn 0.661114 -0.394591 -0.638143
vn 0.628385 -0.477198 -0.614340
vn 0.751559 -0.587989 -0.299045
vn 0.783877 -0.620011 -0.033512
vn 0.777232 -0.613761 0.138591
vn 0.776532 -0.598684 0.196409
vn 0.794169 -0.547471 0.263765
vn 0.747436 -0.555005 0.365115
vn 0.832536 -0.432441 0.346235
vn 0.805957 -0.376561 0.456766
vn 0.483072 -0.168685 -0.859178
vn 0.591487 -0.411035 -0.693681
vn 0.727201 -0.511540 0.457719
vn 0.737826 -0.333415 0.586896
vn 0.796151 -0.302639 0.523978
vn 0.789504 -0.273965 0.549205
vn 0.395093 -0.024958 -0.918302
vn 0.789188 -0.135272 0.599069
vn 0.747003 -0.159306 0.645451
vn 0.789875 -0.131661 0.598968
vn 0.364947 0.124546 -0.922660
vn 0.770759 -0.039002 0.635932
vn 0.770870 0.046030 0.635327
vn 0.775710 0.050386 0.629075
vn 0.342175 0.224238 -0.912487
vn 0.768724 0.072829 0.635421
vn 0.676315 0.111552 0.728117
vn 0.669112 0.036657 0.742257
vn 0.768104 0.074918 0.635928
vn 0.347545 0.293583 -0.890518
vn 0.339095 0.324898 -0.882868
vn 0.348841 0.305773 -0.885897
vn 0.764770 0.106290 0.635475
vn 0.650773 0.103446 0.752192
vn 0.782275 0.078328 0.617989
vn 0.361650 0.395676 -0.844186
vn 0.706237 0.360045 0.609587
vn 0.610322 0.321689 0.723894
vn 0.476671 0.608496 -0.634443
vn 0.491325 0.581968 -0.648007
vn 0.510121 0.624956 -0.590937
vn 0.562522 0.626130 0.539935
vn 0.546176 0.611825 0.572156
vn 0.536571 0.723391 0.434508
vn 0.572979 0.783352 -0.240945
vn 0.526598 0.761008 -0.378896
vn 0.588489 0.807883 -0.031714
vn 0.542627 0.834884 -0.092328
vn 0.563017 0.801003 0.203485
vn 0.520545 0.834658 0.179938
vn 0.478960 0.825095 0.299693
vn 0.732597 -0.576916 -0.361205
vn 0.777911 -0.616610 -0.121025
vn 0.782263 -0.615840 0.093840
vn 0.764613 -0.610997 0.205061
vn 0.758189 -0.584168 0.289648
vn 0.558330 -0.236650 -0.795151
vn 0.625753 -0.382299 -0.679912
vn 0.727099 -0.596509 -0.339859
vn 0.764481 -0.643525 -0.038008
vn 0.751039 -0.648053 0.126362
vn 0.736075 -0.638769 0.223981
vn 0.794540 -0.505298 0.336720
vn 0.786572 -0.521335 0.330929
vn 0.771587 -0.467542 0.431343
vn 0.491906 -0.054582 -0.868936
vn 0.650982 -0.174406 -0.738786
vn 0.787630 -0.420495 0.450359
vn 0.832425 -0.223246 0.507178
vn 0.775423 -0.215719 0.593451
vn 0.430650 0.120305 -0.894465
vn 0.619893 0.008187 -0.784644
vn 0.743217 -0.047575 0.667356
vn 0.831301 -0.043078 0.554150
vn 0.733024 -0.026270 0.679695
vn 0.392935 0.238200 -0.888179
vn 0.506909 0.190240 -0.840745
vn 0.700312 0.033956 0.713029
vn 0.818853 -0.006633 0.573965
vn 0.460403 0.289223 -0.839273
vn 0.683368 -0.023134 0.729708
vn 0.637168 0.101820 0.763970
vn 0.602508 0.420021 -0.678651
vn 0.443009 0.532875 -0.720962
vn 0.583184 0.565151 -0.583524
vn 0.606064 0.493236 0.624023
vn 0.781812 0.139794 0.607641
vn 0.697183 0.448571 0.559213
vn 0.565614 0.720447 -0.401295
vn 0.595411 0.675126 -0.435535
vn 0.665763 0.680825 -0.305348
vn 0.549388 0.725860 0.413883
vn 0.625558 0.676684 0.388299
vn 0.545328 0.788144 0.285390
vn 0.529279 0.836047 -0.144534
vn 0.500521 0.858698 0.110075
vn 0.794374 -0.374691 -0.478097
vn 0.837718 -0.519207 -0.169272
vn 0.838447 -0.533567 0.110960
vn 0.822181 -0.510245 0.252328
vn 0.805242 -0.224676 -0.548731
vn 0.883906 -0.303637 -0.355689
vn 0.891893 -0.452205 -0.006157
vn 0.880372 -0.456200 0.129720
vn 0.934133 -0.271390 0.231827
vn 0.896492 -0.339609 0.284550
vn 0.863117 -0.323833 0.387506
vn 0.714799 0.032884 -0.698557
vn 0.926129 -0.079965 -0.368632
vn 0.911197 -0.241519 0.333749
vn 0.906026 -0.079358 0.415716
vn 0.878727 -0.125878 0.460428
vn 0.712754 0.175626 -0.679071
vn 0.897740 0.091603 -0.430897
vn 0.848379 -0.036232 0.528148
vn 0.904960 -0.060764 0.421135
vn 0.695407 0.310941 -0.647861
vn 0.796988 0.270602 -0.539986
vn 0.861736 0.056237 0.504231
vn 0.911293 0.077974 0.404307
vn 0.808444 0.017266 0.588320
vn 0.704789 0.571855 -0.419827
vn 0.772795 0.400714 -0.492155
vn 0.786145 0.561771 -0.257663
vn 0.808015 0.547073 0.218685
vn 0.970922 0.195183 0.138615
vn 0.729572 0.683559 0.021719
vn 0.794981 0.406558 0.450240
vn 0.714526 0.699594 0.004547
vn 0.697593 0.684860 -0.210551
vn 0.703547 0.686341 0.184277
vn 0.974637 -0.195865 -0.108259
vn 0.960940 -0.249689 0.119374
vn 0.984542 -0.041760 -0.170098
vn 0.989640 -0.111969 0.089867
vn 0.962839 -0.153424 0.222265
vn 0.979038 0.059363 -0.194835
vn 0.999089 0.000270 0.042673
vn 0.974783 -0.042171 0.219133
vn 0.959042 0.203696 -0.196842
vn 0.990341 0.135079 -0.031265
vn 0.983203 0.090290 0.158619
vn 0.971708 0.235782 -0.013838
f 1//1 2//2 3//3
f 1//1 4//4 5//5
f 3//3 4//4 1//1
f 5//5 6//6 7//7
f 4//4 6//6 5//5
f 6//6 8//8 7//7
f 9//9 2//2 1//1
f 10//10 2//2 9//9
f 5//5 11//11 1//1
f 11//11 9//9 1//1
f 7//7 12//12 5//5
f 12//12 11//11 5//5
f 13//13 7//7 8//8
f 12//12 7//7 13//13
f 14//14 10//10 9//9
f 15//15 10//10 14//14
f 11//11 16//16 9//9
f 16//16 14//14 9//9
f 12//12 17//17 11//11
f 17//17 16//16 11//11
f 18//18 12//12 13//13
f 17//17 12//12 18//18
f 19//19 15//15 14//14
f 20//20 15//15 19//19
f 16//16 21//21 14//14
f 21//21 19//19 14//14
f 17//17 22//22 16//16
f 22//22 21//21 16//16
f 23//23 17//17 18//18
f 23//23 24//24 17//17
f 24//24 22//22 17//17
f 23//23 25//25 24//24
f 26//26 20//20 19//19
f 27//27 20//20 26//26
f 21//21 28//28 19//19
f 28//28 26//26 19//19
f 22//22 29//29 21//21
f 29//29 28//28 21//21
f 30//30 24//24 31//31
f 30//30 29//29 24//24
f 29//29 22//22 24//24
f 25//25 31//31 24//24
f 26//26 32//32 27//27
f 28//28 32//32 26//26
f 33//33 32//32 28//28
f 29//29 33//33 28//28
f 34//34 33//33 29//29
f 30//30 34//34 29//29
f 35//35 36//36 37//37
f 35//35 38//38 39//39
f 37//37 38//38 35//35
f 39//39 40//40 41//41
f 38//38 40//40 39//39
f 40//40 42//42 41//41
f 43//43 44//44 45//45
f 36//36 43//43 45//45
f 35//35 43//43 36//36
f 35//35 2//2 43//43
f 35//35 3//3 2//2
f 4//4 3//3 35//35
f 39//39 4//4 35//35
f 6//6 4//4 39//39
f 41//41 6//6 39//39
f 8//8 46//46 47//47
f 6//6 46//46 8//8
f 6//6 42//42 46//46
f 6//6 41//41 42//42
f 46//46 48//48 47//47
f 49//49 44//44 43//43
f 50//50 44//44 49//49
f 2//2 10//10 49//49
f 43//43 2//2 49//49
f 47//47 51//51 13//13
f 8//8 47//47 13//13
f 52//52 47//47 48//48
f 51//51 47//47 52//52
f 53//53 50//50 49//49
f 54//54 50//50 53//53
f 10//10 15//15 53//53
f 49//49 10//10 53//53
f 51//51 55//55 18//18
f 13//13 51//51 18//18
f 56//56 51//51 52//52
f 55//55 51//51 56//56
f 57//57 54//54 53//53
f 58//58 54//54 57//57
f 15//15 20//20 57//57
f 53//53 15//15 57//57
f 18//18 55//55 23//23
f 25//25 59//59 60//60
f 23//23 59//59 25//25
f 23//23 56//56 59//59
f 23//23 55//55 56//56
f 59//59 61//61 60//60
f 57//57 62//62 58//58
f 62//62 57//57 20//20
f 62//62 20//20 63//63
f 63//63 20//20 27//27
f 31//31 64//64 30//30
f 31//31 65//65 64//64
f 25//25 65//65 31//31
f 25//25 66//66 65//65
f 25//25 60//60 66//66
f 61//61 66//66 60//60
f 67//67 27//27 32//32
f 67//67 68//68 27//27
f 68//68 63//63 27//27
f 32//32 33//33 69//69
f 67//67 32//32 69//69
f 33//33 34//34 70//70
f 69//69 33//33 70//70
f 34//34 71//71 70//70
f 30//30 71//71 34//34
f 30//30 72//72 71//71
f 30//30 64//64 72//72
f 65//65 72//72 64//64
f 67//67 73//73 68//68
f 69//69 73//73 67//67
f 74//74 73//73 69//69
f 70//70 74//74 69//69
f 75//75 74//74 70//70
f 71//71 75//75 70//70
f 76//76 77//77 78//78
f 76//76 79//79 80//80
f 78//78 79//79 76//76
f 79//79 81//81 80//80
f 82//82 83//83 84//84
f 77//77 82//82 84//84
f 77//77 76//76 82//82
f 76//76 85//85 82//82
f 80//80 86//86 76//76
f 86//86 85//85 76//76
f 87//87 80//80 81//81
f 87//87 88//88 80//80
f 88//88 86//86 80//80
f 87//87 89//89 88//88
f 90//90 91//91 92//92
f 83//83 90//90 92//92
f 82//82 90//90 83//83
f 82//82 36//36 90//90
f 82//82 37//37 36//36
f 38//38 37//37 82//82
f 85//85 38//38 82//82
f 40//40 38//38 85//85
f 86//86 40//40 85//85
f 42//42 40//40 86//86
f 42//42 86//86 93//93
f 93//93 86//86 88//88
f 94//94 88//88 89//89
f 94//94 95//95 88//88
f 95//95 93//93 88//88
f 94//94 96//96 95//95
f 45//45 91//91 90//90
f 45//45 44//44 91//91
f 44//44 97//97 91//91
f 36//36 45//45 90//90
f 42//42 93//93 46//46
f 48//48 46//46 93//93
f 48//48 93//93 98//98
f 98//98 93//93 95//95
f 99//99 95//95 96//96
f 98//98 95//95 99//99
f 44//44 50//50 97//97
f 97//97 50//50 100//100
f 98//98 101//101 52//52
f 48//48 98//98 52//52
f 102//102 98//98 99//99
f 101//101 98//98 102//102
f 50//50 54//54 100//100
f 100//100 54//54 103//103
f 101//101 104//104 56//56
f 52//52 101//101 56//56
f 105//105 101//101 102//102
f 104//104 101//101 105//105
f 54//54 58//58 103//103
f 103//103 58//58 106//106
f 56//56 104//104 59//59
f 61//61 107//107 108//108
f 59//59 107//107 61//61
f 59//59 105//105 107//107
f 59//59 104//104 105//105
f 107//107 109//109 108//108
f 110//110 58//58 62//62
f 110//110 111//111 58//58
f 111//111 106//106 58//58
f 62//62 63//63 110//110
f 66//66 112//112 65//65
f 66//66 61//61 108//108
f 66//66 108//108 112//112
f 112//112 108//108 113//113
f 114//114 108//108 109//109
f 113//113 108//108 114//114
f 110//110 115//115 111//111
f 115//115 110//110 63//63
f 115//115 63//63 116//116
f 116//116 63//63 68//68
f 72//72 117//117 71//71
f 72//72 118//118 117//117
f 65//65 118//118 72//72
f 65//65 119//119 118//118
f 65//65 112//112 119//119
f 113//113 119//119 112//112
f 120//120 119//119 113//113
f 114//114 120//120 113//113
f 68//68 121//121 116//116
f 73//73 121//121 68//68
f 74//74 122//122 73//73
f 73//73 122//122 121//121
f 75//75 123//123 74//74
f 74//74 123//123 122//122
f 117//117 75//75 71//71
f 117//117 124//124 75//75
f 124//124 123//123 75//75
f 118//118 124//124 117//117
f 125//125 126//126 127//127
f 125//125 128//128 129//129
f 127//127 128//128 125//125
f 128//128 130//130 129//129
f 131//131 132//132 133//133
f 126//126 131//131 133//133
f 126//126 125//125 131//131
f 125//125 134//134 131//131
f 129//129 135//135 125//125
f 135//135 134//134 125//125
f 136//136 129//129 130//130
f 136//136 137//137 129//129
f 137//137 135//135 129//129
f 136//136 138//138 137//137
f 139//139 140//140 141//141
f 132//132 139//139 141//141
f 132//132 131//131 139//139
f 131//131 142//142 139//139
f 134//134 143//143 131//131
f 143//143 142//142 131//131
f 135//135 144//144 134//134
f 144//144 143//143 134//134
f 137//137 145//145 135//135
f 145//145 144//144 135//135
f 146//146 137//137 138//138
f 146//146 147//147 137//137
f 147//147 145//145 137//137
f 146//146 148//148 147//147
f 149//149 140//140 139//139
f 150//150 140//140 149//149
f 142//142 151//151 139//139
f 151//151 149//149 139//139
f 78//78 77//77 151//151
f 78//78 151//151 143//143
f 143//143 151//151 142//142
f 79//79 78//78 143//143
f 144//144 79//79 143//143
f 81//81 79//79 144//144
f 81//81 144//144 152//152
f 152//152 144//144 145//145
f 147//147 153//153 145//145
f 153//153 152//152 145//145
f 154//154 147//147 148//148
f 153//153 147//147 154//154
f 155//155 156//156 157//157
f 150//150 155//155 157//157
f 150//150 149//149 155//155
f 149//149 158//158 155//155
f 84//84 83//83 158//158
f 84//84 158//158 151//151
f 151//151 158//158 149//149
f 77//77 84//84 151//151
f 81//81 152//152 87//87
f 89//89 87//87 152//152
f 89//89 152//152 159//159
f 159//159 152//152 153//153
f 160//160 153//153 154//154
f 159//159 153//153 160//160
f 161//161 156//156 155//155
f 162//162 156//156 161//161
f 92//92 91//91 161//161
f 92//92 161//161 158//158
f 158//158 161//161 155//155
f 83//83 92//92 158//158
f 89//89 159//159 94//94
f 96//96 163//163 164//164
f 94//94 163//163 96//96
f 94//94 160//160 163//163
f 94//94 159//159 160//160
f 163//163 165//165 164//164
f 166//166 162//162 161//161
f 167//167 162//162 166//166
f 91//91 97//97 166//166
f 161//161 91//91 166//166
f 164//164 168//168 99//99
f 96//96 164//164 99//99
f 169//169 164//164 165//165
f 168//168 164//164 169//169
f 166//166 170//170 167//167
f 170//170 166//166 97//97
f 170//170 97//97 171//171
f 171//171 97//97 100//100
f 168//168 172//172 102//102
f 99//99 168//168 102//102
f 173//173 168//168 169//169
f 172//172 168//168 173//173
f 100//100 103//103 171//171
f 171//171 103//103 174//174
f 172//172 175//175 105//105
f 102//102 172//172 105//105
f 176//176 172//172 173//173
f 176//176 177//177 172//172
f 177//177 175//175 172//172
f 176//176 178//178 177//177
f 103//103 106//106 174//174
f 174//174 106//106 179//179
f 105//105 175//175 107//107
f 109//109 107//107 175//175
f 109//109 175//175 180//180
f 180//180 175//175 177//177
f 181//181 177//177 178//178
f 181//181 182//182 177//177
f 182//182 180//180 177//177
f 181//181 183//183 182//182
f 106//106 111//111 179//179
f 179//179 111//111 184//184
f 180//180 185//185 114//114
f 109//109 180//180 114//114
f 182//182 186//186 180//180
f 186//186 185//185 180//180
f 187//187 182//182 183//183
f 187//187 188//188 182//182
f 188//188 186//186 182//182
f 187//187 189//189 188//188
f 111//111 190//190 184//184
f 115//115 190//190 111//111
f 190//190 115//115 116//116
f 191//191 190//190 116//116
f 119//119 192//192 118//118
f 119//119 120//120 193//193
f 192//192 119//119 193//193
f 120//120 114//114 185//185
f 120//120 185//185 193//193
f 193//193 185//185 194//194
f 186//186 195//195 185//185
f 195//195 194//194 185//185
f 196//196 188//188 197//197
f 196//196 195//195 188//188
f 195//195 186//186 188//188
f 189//189 197//197 188//188
f 116//116 198//198 191//191
f 121//121 198//198 116//116
f 122//122 199//199 121//121
f 121//121 199//199 198//198
f 123//123 200//200 122//122
f 122//122 200//200 199//199
f 124//124 201//201 123//123
f 123//123 201//201 200//200
f 192//192 124//124 118//118
f 192//192 202//202 124//124
f 202//202 201//201 124//124
f 193//193 202//202 192//192
f 203//203 202//202 193//193
f 194//194 203//203 193//193
f 204//204 203//203 194//194
f 195//195 204//204 194//194
f 205//205 204//204 195//195
f 196//196 205//205 195//195
f 206//206 207//207 208//208
f 208//208 209//209 206//206
f 210//210 211//211 212//212
f 210//210 213//213 214//214
f 212//212 213//213 210//210
f 207//207 214//214 213//213
f 207//207 206//206 214//214
f 206//206 215//215 214//214
f 216//216 206//206 209//209
f 216//216 217//217 206//206
f 217//217 215//215 206//206
f 217//217 218//218 219//219
f 216//216 218//218 217//217
f 219//219 220//220 221//221
f 218//218 220//220 219//219
f 220//220 222//222 221//221
f 223//223 211//211 210//210
f 224//224 211//211 223//223
f 214//214 225//225 210//210
f 225//225 223//223 210//210
f 127//127 126//126 225//225
f 127//127 225//225 215//215
f 215//215 225//225 214//214
f 128//128 127//127 215//215
f 217//217 128//128 215//215
f 130//130 128//128 217//217
f 130//130 217//217 226//226
f 226//226 217//217 219//219
f 221//221 227//227 219//219
f 227//227 226//226 219//219
f 228//228 221//221 222//222
f 227//227 221//221 228//228
f 229//229 230//230 231//231
f 224//224 229//229 231//231
f 224//224 223//223 229//229
f 223//223 232//232 229//229
f 133//133 132//132 232//232
f 133//133 232//232 225//225
f 225//225 232//232 223//223
f 126//126 133//133 225//225
f 130//130 226//226 136//136
f 138//138 136//136 226//226
f 138//138 226//226 233//233
f 233//233 226//226 227//227
f 234//234 227//227 228//228
f 234//234 235//235 227//227
f 235//235 233//233 227//227
f 234//234 236//236 235//235
f 237//237 230//230 229//229
f 238//238 230//230 237//237
f 141//141 140//140 237//237
f 141//141 237//237 232//232
f 232//232 237//237 229//229
f 132//132 141//141 232//232
f 138//138 233//233 146//146
f 148//148 146//146 233//233
f 148//148 233//233 239//239
f 239//239 233//233 235//235
f 240//240 235//235 236//236
f 239//239 235//235 240//240
f 241//241 238//238 237//237
f 242//242 238//238 241//241
f 140//140 150//150 241//241
f 237//237 140//140 241//241
f 239//239 243//243 154//154
f 148//148 239//239 154//154
f 244//244 239//239 240//240
f 243//243 239//239 244//244
f 245//245 246//246 247//247
f 242//242 245//245 247//247
f 241//241 245//245 242//242
f 241//241 156//156 245//245
f 241//241 157//157 156//156
f 150//150 157//157 241//241
f 243//243 248//248 160//160
f 154//154 243//243 160//160
f 249//249 243//243 244//244
f 249//249 250//250 243//243
f 250//250 248//248 243//243
f 249//249 251//251 250//250
f 252//252 246//246 245//245
f 253//253 246//246 252//252
f 156//156 162//162 252//252
f 245//245 156//156 252//252
f 160//160 248//248 163//163
f 165//165 163//163 248//248
f 165//165 248//248 254//254
f 254//254 248//248 250//250
f 255//255 250//250 251//251
f 254//254 250//250 255//255
f 256//256 253//253 252//252
f 257//257 253//253 256//256
f 162//162 167//167 256//256
f 252//252 162//162 256//256
f 254//254 258//258 169//169
f 165//165 254//254 169//169
f 259//259 254//254 255//255
f 258//258 254//254 259//259
f 256//256 260//260 257//257
f 261//261 262//262 260//260
f 170//170 261//261 260//260
f 170//170 260//260 256//256
f 170//170 256//256 167//167
f 170//170 171//171 261//261
f 258//258 263//263 173//173
f 169//169 258//258 173//173
f 264//264 258//258 259//259
f 264//264 265//265 258//258
f 265//265 263//263 258//258
f 264//264 266//266 265//265
f 267//267 262//262 261//261
f 268//268 262//262 267//267
f 171//171 174//174 267//267
f 261//261 171//171 267//267
f 173//173 263//263 176//176
f 178//178 176//176 263//263
f 178//178 263//263 269//269
f 269//269 263//263 265//265
f 270//270 265//265 266//266
f 270//270 271//271 265//265
f 271//271 269//269 265//265
f 270//270 272//272 271//271
f 273//273 268//268 267//267
f 274//274 268//268 273//273
f 174//174 179//179 273//273
f 267//267 174//174 273//273
f 178//178 269//269 181//181
f 183//183 181//181 269//269
f 183//183 269//269 275//275
f 275//275 269//269 271//271
f 276//276 271//271 272//272
f 276//276 277//277 271//271
f 277//277 275//275 271//271
f 276//276 278//278 277//277
f 279//279 274//274 273//273
f 280//280 274//274 279//279
f 179//179 184//184 279//279
f 273//273 179//179 279//279
f 183//183 275//275 187//187
f 189//189 187//187 275//275
f 189//189 275//275 281//281
f 281//281 275//275 277//277
f 282//282 277//277 278//278
f 281//281 277//277 282//282
f 279//279 283//283 280//280
f 284//284 285//285 283//283
f 190//190 284//284 283//283
f 190//190 283//283 279//279
f 190//190 279//279 184//184
f 190//190 191//191 284//284
f 197//197 286//286 196//196
f 197//197 189//189 281//281
f 197//197 281//281 286//286
f 286//286 281//281 287//287
f 288//288 281//281 282//282
f 287//287 281//281 288//288
f 284//284 289//289 285//285
f 290//290 291//291 289//289
f 198//198 290//290 289//289
f 198//198 289//289 284//284
f 198//198 284//284 191//191
f 198//198 199//199 292//292
f 290//290 198//198 292//292
f 199//199 200//200 293//293
f 292//292 199//199 293//293
f 200//200 201//201 294//294
f 293//293 200//200 294//294
f 201//201 202//202 295//295
f 294//294 201//201 295//295
f 296//296 295//295 202//202
f 296//296 202//202 297//297
f 297//297 202//202 203//203
f 204//204 298//298 203//203
f 203//203 298//298 297//297
f 205//205 299//299 204//204
f 204//204 299//299 298//298
f 286//286 205//205 196//196
f 286//286 300//300 205//205
f 300//300 299//299 205//205
f 287//287 300//300 286//286
f 301//301 300//300 287//287
f 288//288 301//301 287//287
f 290//290 302//302 291//291
f 302//302 303//303 304//304
f 302//302 290//290 303//303
f 290//290 292//292 303//303
f 305//305 293//293 306//306
f 305//305 303//303 293//293
f 303//303 292//292 293//293
f 294//294 306//306 293//293
f 307//307 306//306 294//294
f 295//295 307//307 294//294
f 308//308 307//307 295//295
f 296//296 308//308 295//295
f 303//303 309//309 304//304
f 305//305 309//309 303//303
f 310//310 311//311 312//312
f 310//310 313//313 314//314
f 312//312 313//313 310//310
f 314//314 208//208 207//207
f 314//314 313//313 208//208
f 313//313 315//315 208//208
f 209//209 316//316 317//317
f 209//209 208//208 316//316
f 208//208 315//315 316//316
f 317//317 318//318 319//319
f 316//316 318//318 317//317
f 319//319 320//320 321//321
f 318//318 320//320 319//319
f 320//320 322//322 321//321
f 323//323 324//324 325//325
f 311//311 323//323 325//325
f 310//310 323//323 311//311
f 310//310 211//211 323//323
f 310//310 212//212 211//211
f 213//213 212//212 310//310
f 314//314 213//213 310//310
f 207//207 213//213 314//314
f 209//209 317//317 216//216
f 218//218 216//216 317//317
f 319//319 218//218 317//317
f 220//220 218//218 319//319
f 321//321 220//220 319//319
f 222//222 326//326 327//327
f 220//220 326//326 222//222
f 220//220 322//322 326//326
f 220//220 321//321 322//322
f 326//326 328//328 327//327
f 329//329 324//324 323//323
f 330//330 324//324 329//329
f 211//211 224//224 329//329
f 323//323 211//211 329//329
f 327//327 331//331 228//228
f 222//222 327//327 228//228
f 332//332 327//327 328//328
f 331//331 327//327 332//332
f 333//333 334//334 335//335
f 330//330 333//333 335//335
f 329//329 333//333 330//330
f 329//329 230//230 333//333
f 329//329 231//231 230//230
f 224//224 231//231 329//329
f 228//228 331//331 234//234
f 236//236 336//336 337//337
f 234//234 336//336 236//236
f 234//234 332//332 336//336
f 234//234 331//331 332//332
f 336//336 338//338 337//337
f 339//339 334//334 333//333
f 340//340 334//334 339//339
f 230//230 238//238 339//339
f 333//333 230//230 339//339
f 337//337 341//341 240//240
f 236//236 337//337 240//240
f 342//342 337//337 338//338
f 341//341 337//337 342//342
f 343//343 340//340 339//339
f 344//344 340//340 343//343
f 238//238 242//242 343//343
f 339//339 238//238 343//343
f 341//341 345//345 244//244
f 240//240 341//341 244//244
f 346//346 341//341 342//342
f 345//345 341//341 346//346
f 347//347 348//348 349//349
f 344//344 347//347 349//349
f 343//343 347//347 344//344
f 343//343 246//246 347//347
f 343//343 247//247 246//246
f 242//242 247//247 343//343
f 244//244 345//345 249//249
f 251//251 350//350 351//351
f 249//249 350//350 251//251
f 249//249 346//346 350//350
f 249//249 345//345 346//346
f 350//350 352//352 351//351
f 353//353 348//348 347//347
f 354//354 348//348 353//353
f 246//246 253//253 353//353
f 347//347 246//246 353//353
f 351//351 355//355 255//255
f 251//251 351//351 255//255
f 356//356 351//351 352//352
f 355//355 351//351 356//356
f 357//357 354//354 353//353
f 358//358 354//354 357//357
f 253//253 257//257 357//357
f 353//353 253//253 357//357
f 355//355 359//359 259//259
f 255//255 355//355 259//259
f 360//360 355//355 356//356
f 360//360 361//361 355//355
f 361//361 359//359 355//355
f 360//360 362//362 361//361
f 363//363 358//358 357//357
f 364//364 358//358 363//363
f 257//257 260//260 365//365
f 257//257 365//365 357//357
f 357//357 365//365 363//363
f 260//260 262//262 365//365
f 259//259 359//359 264//264
f 266//266 264//264 359//359
f 266//266 359//359 366//366
f 366//366 359//359 361//361
f 367//367 361//361 362//362
f 367//367 368//368 361//361
f 368//368 366//366 361//361
f 367//367 369//369 368//368
f 363//363 370//370 364//364
f 370//370 371//371 372//372
f 370//370 363//363 371//371
f 363//363 365//365 371//371
f 262//262 268//268 371//371
f 365//365 262//262 371//371
f 266//266 366//366 270//270
f 272//272 270//270 366//366
f 272//272 366//366 373//373
f 373//373 366//366 368//368
f 374//374 368//368 369//369
f 373//373 368//368 374//374
f 375//375 372//372 371//371
f 376//376 372//372 375//375
f 268//268 274//274 375//375
f 371//371 268//268 375//375
f 272//272 373//373 276//276
f 278//278 377//377 378//378
f 276//276 377//377 278//278
f 276//276 374//374 377//377
f 276//276 373//373 374//374
f 377//377 379//379 378//378
f 380//380 376//376 375//375
f 381//381 376//376 380//380
f 274//274 280//280 380//380
f 375//375 274//274 380//380
f 378//378 382//382 282//282
f 278//278 378//378 282//282
f 383//383 378//378 379//379
f 382//382 378//378 383//383
f 384//384 381//381 380//380
f 385//385 381//381 384//384
f 280//280 283//283 386//386
f 280//280 386//386 380//380
f 380//380 386//386 384//384
f 283//283 285//285 386//386
f 382//382 387//387 388//388
f 382//382 388//388 282//282
f 282//282 388//388 288//288
f 383//383 387//387 382//382
f 384//384 389//389 385//385
f 389//389 390//390 391//391
f 389//389 384//384 390//390
f 384//384 386//386 390//390
f 285//285 289//289 392//392
f 285//285 392//392 386//386
f 386//386 392//392 390//390
f 289//289 291//291 392//392
f 297//297 393//393 296//296
f 297//297 298//298 394//394
f 393//393 297//297 394//394
f 298//298 299//299 395//395
f 394//394 298//298 395//395
f 299//299 300//300 396//396
f 395//395 299//299 396//396
f 397//397 396//396 300//300
f 397//397 300//300 398//398
f 398//398 300//300 301//301
f 388//388 301//301 288//288
f 398//398 301//301 388//388
f 390//390 399//399 391//391
f 399//399 400//400 401//401
f 399//399 390//390 400//400
f 390//390 392//392 400//400
f 291//291 302//302 402//402
f 291//291 402//402 392//392
f 392//392 402//402 400//400
f 302//302 304//304 402//402
f 306//306 403//403 305//305
f 306//306 307//307 404//404
f 403//403 306//306 404//404
f 307//307 308//308 405//405
f 404//404 307//307 405//405
f 308//308 406//406 405//405
f 296//296 406//406 308//308
f 296//296 407//407 406//406
f 296//296 393//393 407//407
f 394//394 407//407 393//393
f 408//408 407//407 394//394
f 395//395 408//408 394//394
f 409//409 408//408 395//395
f 396//396 409//409 395//395
f 410//410 409//409 396//396
f 397//397 410//410 396//396
f 400//400 411//411 401//401
f 411//411 412//412 413//413
f 411//411 400//400 412//412
f 400//400 402//402 412//412
f 304//304 309//309 414//414
f 304//304 414//414 402//402
f 402//402 414//414 412//412
f 309//309 305//305 403//403
f 309//309 403//403 414//414
f 414//414 403//403 415//415
f 404//404 416//416 403//403
f 416//416 415//415 403//403
f 417//417 405//405 418//418
f 417//417 416//416 405//405
f 416//416 404//404 405//405
f 406//406 418//418 405//405
f 419//419 413//413 412//412
f 420//420 413//413 419//419
f 414//414 421//421 412//412
f 421//421 419//419 412//412
f 415//415 422//422 414//414
f 422//422 421//421 414//414
f 416//416 423//423 415//415
f 423//423 422//422 415//415
f 424//424 416//416 417//417
f 423//423 416//416 424//424
f 419//419 425//425 420//420
f 425//425 426//426 427//427
f 425//425 419//419 426//426
f 419//419 421//421 426//426
f 422//422 428//428 421//421
f 428//428 426//426 421//421
f 429//429 423//423 430//430
f 429//429 428//428 423//423
f 428//428 422//422 423//423
f 424//424 430//430 423//423
f 426//426 431//431 427//427
f 428//428 431//431 426//426
f 432//432 431//431 428//428
f 429//429 432//432 428//428
f 433//433 434//434 435//435
f 433//433 312//312 311//311
f 433//433 435//435 312//312
f 435//435 436//436 312//312
f 313//313 312//312 437//437
f 312//312 436//436 437//437
f 315//315 313//313 438//438
f 313//313 437//437 438//438
f 316//316 315//315 439//439
f 315//315 438//438 439//439
f 318//318 316//316 440//440
f 316//316 439//439 440//440
f 320//320 318//318 441//441
f 318//318 440//440 441//441
f 441//441 322//322 320//320
f 442//442 322//322 441//441
f 443//443 444//444 445//445
f 434//434 443//443 445//445
f 433//433 443//443 434//434
f 433//433 324//324 443//443
f 433//433 325//325 324//324
f 311//311 325//325 433//433
f 322//322 442//442 446//446
f 326//326 322//322 446//446
f 446//446 328//328 326//326
f 447//447 328//328 446//446
f 448//448 444//444 443//443
f 449//449 444//444 448//448
f 324//324 330//330 448//448
f 443//443 324//324 448//448
f 450//450 451//451 332//332
f 450//450 332//332 447//447
f 447//447 332//332 328//328
f 450//450 452//452 451//451
f 335//335 449//449 448//448
f 335//335 334//334 449//449
f 334//334 453//453 449//449
f 330//330 335//335 448//448
f 332//332 451//451 336//336
f 451//451 338//338 336//336
f 451//451 452//452 338//338
f 452//452 454//454 338//338
f 455//455 456//456 457//457
f 455//455 457//457 453//453
f 455//455 453//453 340//340
f 340//340 453//453 334//334
f 458//458 459//459 342//342
f 458//458 342//342 454//454
f 454//454 342//342 338//338
f 458//458 460//460 459//459
f 461//461 456//456 455//455
f 462//462 456//456 461//461
f 340//340 344//344 461//461
f 455//455 340//340 461//461
f 459//459 463//463 346//346
f 342//342 459//459 346//346
f 464//464 459//459 460//460
f 463//463 459//459 464//464
f 465//465 466//466 467//467
f 462//462 465//465 467//467
f 461//461 465//465 462//462
f 461//461 348//348 465//465
f 461//461 349//349 348//348
f 344//344 349//349 461//461
f 346//346 463//463 350//350
f 463//463 352//352 350//350
f 463//463 464//464 352//352
f 464//464 468//468 352//352
f 469//469 470//470 471//471
f 466//466 469//469 471//471
f 466//466 465//465 469//469
f 465//465 472//472 469//469
f 348//348 354//354 472//472
f 465//465 348//348 472//472
f 473//473 474//474 356//356
f 473//473 356//356 468//468
f 468//468 356//356 352//352
f 473//473 475//475 474//474
f 476//476 470//470 469//469
f 477//477 470//470 476//476
f 472//472 478//478 469//469
f 478//478 476//476 469//469
f 354//354 358//358 478//478
f 472//472 354//354 478//478
f 356//356 474//474 360//360
f 362//362 479//479 480//480
f 360//360 479//479 362//362
f 360//360 475//475 479//479
f 360//360 474//474 475//475
f 479//479 481//481 480//480
f 476//476 482//482 477//477
f 482//482 483//483 484//484
f 482//482 476//476 483//483
f 476//476 478//478 483//483
f 358//358 364//364 483//483
f 478//478 358//358 483//483
f 362//362 480//480 367//367
f 480//480 369//369 367//367
f 480//480 481//481 369//369
f 481//481 485//485 369//369
f 486//486 484//484 483//483
f 487//487 484//484 486//486
f 364//364 370//370 488//488
f 364//364 488//488 483//483
f 483//483 488//488 486//486
f 370//370 372//372 488//488
f 369//369 485//485 374//374
f 485//485 489//489 374//374
f 490//490 487//487 486//486
f 491//491 487//487 490//490
f 488//488 492//492 486//486
f 492//492 490//490 486//486
f 372//372 376//376 492//492
f 488//488 372//372 492//492
f 374//374 489//489 493//493
f 377//377 374//374 493//493
f 493//493 379//379 377//377
f 494//494 379//379 493//493
f 495//495 491//491 490//490
f 496//496 491//491 495//495
f 492//492 497//497 490//490
f 497//497 495//495 490//490
f 376//376 381//381 497//497
f 492//492 376//376 497//497
f 379//379 494//494 383//383
f 494//494 498//498 383//383
f 495//495 499//499 496//496
f 499//499 500//500 501//501
f 499//499 495//495 500//500
f 495//495 497//497 500//500
f 381//381 385//385 500//500
f 497//497 381//381 500//500
f 387//387 502//502 388//388
f 387//387 503//503 502//502
f 387//387 383//383 503//503
f 383//383 498//498 503//503
f 500//500 504//504 501//501
f 505//505 506//506 504//504
f 389//389 505//505 504//504
f 389//389 504//504 500//500
f 389//389 500//500 385//385
f 389//389 391//391 505//505
f 398//398 507//507 508//508
f 397//397 398//398 508//508
f 502//502 398//398 388//388
f 502//502 509//509 398//398
f 509//509 507//507 398//398
f 503//503 509//509 502//502
f 505//505 510//510 506//506
f 511//511 512//512 510//510
f 399//399 511//511 510//510
f 399//399 510//510 505//505
f 399//399 505//505 391//391
f 399//399 401//401 511//511
f 407//407 513//513 406//406
f 407//407 408//408 514//514
f 513//513 407//407 514//514
f 515//515 514//514 408//408
f 515//515 408//408 516//516
f 516//516 408//408 409//409
f 410//410 517//517 409//409
f 409//409 517//517 516//516
f 508//508 410//410 397//397
f 517//517 410//410 508//508
f 511//511 518//518 512//512
f 519//519 520//520 518//518
f 411//411 519//519 518//518
f 411//411 518//518 511//511
f 411//411 511//511 401//401
f 411//411 413//413 519//519
f 418//418 521//521 417//417
f 418//418 406//406 513//513
f 418//418 513//513 521//521
f 521//521 513//513 522//522
f 523//523 514//514 524//524
f 523//523 522//522 514//514
f 522//522 513//513 514//514
f 515//515 524//524 514//514
f 525//525 520//520 519//519
f 526//526 520//520 525//525
f 413//413 420//420 525//525
f 519//519 413//413 525//525
f 521//521 527//527 424//424
f 417//417 521//521 424//424
f 528//528 522//522 529//529
f 528//528 527//527 522//522
f 527//527 521//521 522//522
f 523//523 529//529 522//522
f 530//530 526//526 525//525
f 531//531 526//526 530//530
f 420//420 425//425 532//532
f 420//420 532//532 525//525
f 525//525 532//532 530//530
f 425//425 427//427 532//532
f 430//430 533//533 429//429
f 430//430 424//424 527//527
f 430//430 527//527 533//533
f 533//533 527//527 534//534
f 535//535 527//527 528//528
f 534//534 527//527 535//535
f 536//536 531//531 530//530
f 537//537 531//531 536//536
f 532//532 538//538 530//530
f 538//538 536//536 530//530
f 427//427 431//431 539//539
f 427//427 539//539 532//532
f 532//532 539//539 538//538
f 431//431 432//432 540//540
f 539//539 431//431 540//540
f 432//432 429//429 533//533
f 432//432 533//533 540//540
f 540//540 533//533 541//541
f 542//542 534//534 543//543
f 542//542 541//541 534//534
f 541//541 533//533 534//534
f 535//535 543//543 534//534
f 536//536 544//544 537//537
f 544//544 545//545 546//546
f 544//544 536//536 545//545
f 536//536 538//538 545//545
f 539//539 547//547 538//538
f 547//547 545//545 538//538
f 540//540 548//548 539//539
f 548//548 547//547 539//539
f 541//541 549//549 540//540
f 549//549 548//548 540//540
f 550//550 541//541 542//542
f 549//549 541//541 550//550
f 545//545 551//551 546//546
f 547//547 551//551 545//545
f 552//552 551//551 547//547
f 548//548 552//552 547//547
f 553//553 552//552 548//548
f 549//549 553//553 548//548
f 554//554 553//553 549//549
f 550//550 554//554 549//549
f 435//435 555//555 556//556
f 434//434 555//555 435//435
f 436//436 435//435 557//557
f 435//435 556//556 557//557
f 437//437 436//436 558//558
f 436//436 557//557 558//558
f 438//438 437//437 559//559
f 437//437 558//558 559//559
f 439//439 438//438 560//560
f 438//438 559//559 560//560
f 440//440 439//439 561//561
f 439//439 560//560 561//561
f 441//441 440//440 562//562
f 440//440 561//561 562//562
f 442//442 563//563 564//564
f 442//442 441//441 563//563
f 441//441 562//562 563//563
f 563//563 565//565 564//564
f 445//445 566//566 567//567
f 444//444 566//566 445//445
f 555//555 434//434 445//445
f 567//567 555//555 445//445
f 442//442 564//564 446//446
f 447//447 568//568 569//569
f 446//446 568//568 447//447
f 446//446 565//565 568//568
f 446//446 564//564 565//565
f 568//568 570//570 569//569
f 444//444 449//449 566//566
f 566//566 449//449 571//571
f 447//447 569//569 450//450
f 569//569 452//452 450//450
f 569//569 570//570 452//452
f 570//570 572//572 452//452
f 573//573 574//574 575//575
f 573//573 575//575 571//571
f 573//573 571//571 453//453
f 453//453 571//571 449//449
f 576//576 577//577 454//454
f 576//576 454//454 572//572
f 572//572 454//454 452//452
f 576//576 578//578 577//577
f 457//457 574//574 573//573
f 457//457 456//456 574//574
f 456//456 579//579 574//574
f 453//453 457//457 573//573
f 454//454 577//577 458//458
f 577//577 460//460 458//458
f 577//577 578//578 460//460
f 578//578 580//580 460//460
f 581//581 582//582 583//583
f 581//581 583//583 579//579
f 581//581 579//579 462//462
f 462//462 579//579 456//456
f 460//460 580//580 464//464
f 580//580 584//584 464//464
f 585//585 586//586 587//587
f 582//582 585//585 587//587
f 581//581 585//585 582//582
f 581//581 466//466 585//585
f 581//581 467//467 466//466
f 462//462 467//467 581//581
f 588//588 589//589 468//468
f 588//588 468//468 584//584
f 584//584 468//468 464//464
f 588//588 590//590 589//589
f 471//471 586//586 585//585
f 471//471 470//470 586//586
f 470//470 591//591 586//586
f 466//466 471//471 585//585
f 468//468 589//589 473//473
f 589//589 475//475 473//473
f 589//589 590//590 475//475
f 590//590 592//592 475//475
f 470//470 477//477 591//591
f 591//591 477//477 593//593
f 475//475 592//592 594//594
f 479//479 475//475 594//594
f 594//594 481//481 479//479
f 595//595 481//481 594//594
f 596//596 477//477 482//482
f 596//596 597//597 477//477
f 597//597 593//593 477//477
f 482//482 484//484 596//596
f 481//481 595//595 485//485
f 595//595 598//598 485//485
f 599//599 597//597 596//596
f 600//600 597//597 599//599
f 484//484 487//487 599//599
f 596//596 484//484 599//599
f 485//485 598//598 489//489
f 598//598 601//601 489//489
f 602//602 600//600 599//599
f 603//603 600//600 602//602
f 487//487 491//491 602//602
f 599//599 487//487 602//602
f 489//489 601//601 604//604
f 493//493 489//489 604//604
f 604//604 494//494 493//493
f 605//605 494//494 604//604
f 602//602 606//606 603//603
f 606//606 602//602 491//491
f 606//606 491//491 607//607
f 607//607 491//491 496//496
f 494//494 605//605 498//498
f 605//605 608//608 498//498
f 609//609 496//496 499//499
f 609//609 610//610 496//496
f 610//610 607//607 496//496
f 499//499 501//501 609//609
f 498//498 608//608 503//503
f 608//608 611//611 503//503
f 609//609 612//612 610//610
f 613//613 614//614 612//612
f 504//504 613//613 612//612
f 504//504 612//612 609//609
f 504//504 609//609 501//501
f 504//504 506//506 613//613
f 507//507 615//615 508//508
f 616//616 615//615 507//507
f 616//616 507//507 617//617
f 617//617 507//507 509//509
f 611//611 509//509 503//503
f 617//617 509//509 611//611
f 613//613 618//618 614//614
f 619//619 620//620 618//618
f 510//510 619//619 618//618
f 510//510 618//618 613//613
f 510//510 613//613 506//506
f 510//510 512//512 619//619
f 516//516 621//621 515//515
f 622//622 621//621 516//516
f 622//622 516//516 623//623
f 623//623 516//516 517//517
f 615//615 517//517 508//508
f 615//615 624//624 517//517
f 624//624 623//623 517//517
f 616//616 624//624 615//615
f 619//619 625//625 620//620
f 626//626 627//627 625//625
f 518//518 626//626 625//625
f 518//518 625//625 619//619
f 518//518 619//619 512//512
f 518//518 520//520 626//626
f 524//524 628//628 629//629
f 523//523 524//524 629//629
f 621//621 524//524 515//515
f 621//621 630//630 524//524
f 630//630 628//628 524//524
f 622//622 630//630 621//621
f 631//631 627//627 626//626
f 632//632 627//627 631//631
f 520//520 526//526 631//631
f 626//626 520//520 631//631
f 529//529 633//633 528//528
f 529//529 634//634 633//633
f 529//529 523//523 634//634
f 523//523 629//629 634//634
f 631//631 635//635 632//632
f 635//635 631//631 526//526
f 635//635 526//526 636//636
f 636//636 526//526 531//531
f 633//633 637//637 638//638
f 633//633 638//638 528//528
f 528//528 638//638 535//535
f 634//634 637//637 633//633
f 531//531 537//537 636//636
f 636//636 537//537 639//639
f 543//543 640//640 542//542
f 543//543 641//641 640//640
f 543//543 535//535 641//641
f 535//535 638//638 641//641
f 642//642 537//537 544//544
f 642//642 643//643 537//537
f 643//643 639//639 537//537
f 544//544 546//546 642//642
f 640//640 644//644 645//645
f 640//640 645//645 542//542
f 542//542 645//645 550//550
f 641//641 644//644 640//640
f 642//642 646//646 643//643
f 647//647 648//648 646//646
f 551//551 647//647 646//646
f 551//551 646//646 642//642
f 551//551 642//642 546//546
f 551//551 552//552 649//649
f 647//647 551//551 649//649
f 552//552 553//553 650//650
f 649//649 552//552 650//650
f 553//553 554//554 651//651
f 650//650 553//553 651//651
f 554//554 652//652 651//651
f 554//554 550//550 652//652
f 550//550 645//645 652//652
f 647//647 653//653 648//648
f 649//649 653//653 647//647
f 654//654 653//653 649//649
f 650//650 654//654 649//649
f 655//655 654//654 650//650
f 651//651 655//655 650//650
f 656//656 655//655 651//651
f 652//652 656//656 651//651
f 556//556 657//657 658//658
f 555//555 657//657 556//556
f 557//557 556//556 659//659
f 556//556 658//658 659//659
f 558//558 557//557 660//660
f 557//557 659//659 660//660
f 559//559 558//558 661//661
f 558//558 660//660 661//661
f 560//560 559//559 662//662
f 559//559 661//661 662//662
f 561//561 560//560 663//663
f 560//560 662//662 663//663
f 562//562 561//561 664//664
f 561//561 663//663 664//664
f 563//563 562//562 665//665
f 562//562 664//664 665//665
f 665//665 565//565 563//563
f 666//666 565//565 665//665
f 567//567 667//667 668//668
f 566//566 667//667 567//567
f 657//657 555//555 567//567
f 668//668 657//657 567//567
f 565//565 666//666 669//669
f 568//568 565//565 669//669
f 669//669 570//570 568//568
f 670//670 570//570 669//669
f 566//566 571//571 667//667
f 667//667 571//571 671//671
f 570//570 670//670 572//572
f 670//670 672//672 572//572
f 575//575 673//673 674//674
f 574//574 673//673 575//575
f 671//671 571//571 575//575
f 674//674 671//671 575//575
f 572//572 672//672 675//675
f 576//576 572//572 675//675
f 675//675 578//578 576//576
f 676//676 578//578 675//675
f 574//574 579//579 673//673
f 673//673 579//579 677//677
f 578//578 676//676 580//580
f 676//676 678//678 580//580
f 583//583 679//679 680//680
f 582//582 679//679 583//583
f 677//677 579//579 583//583
f 680//680 677//677 583//583
f 681//681 682//682 584//584
f 681//681 584//584 678//678
f 678//678 584//584 580//580
f 681//681 683//683 682//682
f 587//587 684//684 685//685
f 586//586 684//684 587//587
f 679//679 582//582 587//587
f 685//685 679//679 587//587
f 584//584 682//682 588//588
f 682//682 590//590 588//588
f 682//682 683//683 590//590
f 683//683 686//686 590//590
f 586//586 591//591 684//684
f 684//684 591//591 687//687
f 688//688 689//689 592//592
f 688//688 592//592 686//686
f 686//686 592//592 590//590
f 688//688 690//690 689//689
f 591//591 593//593 687//687
f 687//687 593//593 691//691
f 592//592 689//689 594//594
f 689//689 595//595 594//594
f 689//689 690//690 595//595
f 690//690 692//692 595//595
f 593//593 597//597 691//691
f 691//691 597//597 693//693
f 595//595 692//692 598//598
f 692//692 694//694 598//598
f 597//597 600//600 693//693
f 693//693 600//600 695//695
f 598//598 694//694 601//601
f 694//694 696//696 601//601
f 600//600 603//603 695//695
f 695//695 603//603 697//697
f 601//601 696//696 698//698
f 604//604 601//601 698//698
f 698//698 605//605 604//604
f 699//699 605//605 698//698
f 700//700 603//603 606//606
f 700//700 701//701 603//603
f 701//701 697//697 603//603
f 606//606 607//607 700//700
f 605//605 699//699 608//608
f 699//699 702//702 608//608
f 700//700 703//703 701//701
f 703//703 700//700 607//607
f 703//703 607//607 704//704
f 704//704 607//607 610//610
f 705//705 706//706 707//707
f 705//705 702//702 706//706
f 705//705 611//611 702//702
f 611//611 608//608 702//702
f 610//610 708//708 704//704
f 612//612 708//708 610//610
f 708//708 612//612 614//614
f 709//709 708//708 614//614
f 617//617 705//705 707//707
f 617//617 707//707 616//616
f 616//616 707//707 710//710
f 611//611 705//705 617//617
f 614//614 711//711 709//709
f 618//618 711//711 614//614
f 711//711 618//618 620//620
f 712//712 711//711 620//620
f 623//623 713//713 714//714
f 622//622 623//623 714//714
f 624//624 715//715 623//623
f 623//623 715//715 713//713
f 710//710 624//624 616//616
f 715//715 624//624 710//710
f 620//620 716//716 712//712
f 625//625 716//716 620//620
f 716//716 625//625 627//627
f 717//717 716//716 627//627
f 628//628 718//718 629//629
f 719//719 718//718 628//628
f 719//719 628//628 720//720
f 720//720 628//628 630//630
f 714//714 630//630 622//622
f 720//720 630//630 714//714
f 627//627 632//632 717//717
f 717//717 632//632 721//721
f 718//718 722//722 723//723
f 718//718 723//723 629//629
f 629//629 723//723 634//634
f 719//719 722//722 718//718
f 724//724 632//632 635//635
f 724//724 725//725 632//632
f 725//725 721//721 632//632
f 635//635 636//636 724//724
f 637//637 726//726 638//638
f 637//637 727//727 726//726
f 637//637 634//634 727//727
f 634//634 723//723 727//727
f 724//724 728//728 725//725
f 728//728 724//724 636//636
f 728//728 636//636 729//729
f 729//729 636//636 639//639
f 726//726 730//730 731//731
f 726//726 731//731 638//638
f 638//638 731//731 641//641
f 727//727 730//730 726//726
f 639//639 643//643 729//729
f 729//729 643//643 732//732
f 644//644 733//733 645//645
f 644//644 734//734 733//733
f 644//644 641//641 734//734
f 641//641 731//731 734//734
f 643//643 735//735 732//732
f 646//646 735//735 643//643
f 735//735 646//646 648//648
f 736//736 735//735 648//648
f 733//733 737//737 738//738
f 733//733 738//738 645//645
f 645//645 738//738 652//652
f 734//734 737//737 733//733
f 648//648 739//739 736//736
f 653//653 739//739 648//648
f 654//654 740//740 653//653
f 653//653 740//740 739//739
f 655//655 741//741 654//654
f 654//654 741//741 740//740
f 656//656 742//742 655//655
f 655//655 742//742 741//741
f 738//738 656//656 652//652
f 742//742 656//656 738//738
f 658//658 657//657 743//743
f 744//744 658//658 743//743
f 744//744 745//745 658//658
f 745//745 659//659 658//658
f 660//660 659//659 746//746
f 659//659 745//745 746//746
f 661//661 660//660 747//747
f 660//660 746//746 747//747
f 662//662 661//661 748//748
f 661//661 747//747 748//748
f 663//663 662//662 749//749
f 662//662 748//748 749//749
f 664//664 663//663 750//750
f 663//663 749//749 750//750
f 751//751 750//750 752//752
f 751//751 665//665 750//750
f 665//665 664//664 750//750
f 665//665 751//751 666//666
f 668//668 753//753 754//754
f 667//667 753//753 668//668
f 743//743 657//657 668//668
f 743//743 668//668 755//755
f 755//755 668//668 754//754
f 744//744 743//743 755//755
f 751//751 752//752 756//756
f 666//666 751//751 756//756
f 666//666 756//756 669//669
f 669//669 756//756 757//757
f 757//757 670//670 669//669
f 758//758 670//670 757//757
f 667//667 671//671 753//753
f 753//753 671//671 759//759
f 670//670 758//758 672//672
f 758//758 760//760 672//672
f 674//674 761//761 762//762
f 673//673 761//761 674//674
f 759//759 671//671 674//674
f 762//762 759//759 674//674
f 672//672 760//760 763//763
f 675//675 672//672 763//763
f 763//763 676//676 675//675
f 764//764 676//676 763//763
f 765//765 766//766 767//767
f 765//765 767//767 761//761
f 765//765 761//761 677//677
f 677//677 761//761 673//673
f 676//676 764//764 678//678
f 764//764 768//768 678//678
f 680//680 766//766 765//765
f 680//680 679//679 766//766
f 679//679 769//769 766//766
f 677//677 680//680 765//765
f 678//678 768//768 770//770
f 681//681 678//678 770//770
f 770//770 683//683 681//681
f 771//771 683//683 770//770
f 685//685 772//772 773//773
f 684//684 772//772 685//685
f 769//769 679//679 685//685
f 773//773 769//769 685//685
f 683//683 771//771 686//686
f 771//771 774//774 686//686
f 684//684 687//687 772//772
f 772//772 687//687 775//775
f 686//686 774//774 776//776
f 688//688 686//686 776//776
f 776//776 690//690 688//688
f 777//777 690//690 776//776
f 687//687 691//691 775//775
f 775//775 691//691 778//778
f 690//690 777//777 692//692
f 777//777 779//779 692//692
f 691//691 693//693 778//778
f 778//778 693//693 780//780
f 692//692 779//779 694//694
f 779//779 781//781 694//694
f 693//693 695//695 780//780
f 780//780 695//695 782//782
f 694//694 781//781 696//696
f 781//781 783//783 696//696
f 695//695 697//697 782//782
f 782//782 697//697 784//784
f 696//696 783//783 785//785
f 698//698 696//696 785//785
f 785//785 699//699 698//698
f 786//786 699//699 785//785
f 697//697 701//701 784//784
f 784//784 701//701 787//787
f 699//699 786//786 702//702
f 786//786 788//788 702//702
f 701//701 789//789 787//787
f 703//703 789//789 701//701
f 789//789 703//703 704//704
f 790//790 789//789 704//704
f 706//706 791//791 792//792
f 707//707 706//706 792//792
f 788//788 706//706 702//702
f 791//791 706//706 788//788
f 704//704 793//793 790//790
f 708//708 793//793 704//704
f 793//793 708//708 709//709
f 794//794 793//793 709//709
f 707//707 792//792 710//710
f 792//792 795//795 710//710
f 709//709 796//796 794//794
f 711//711 796//796 709//709
f 796//796 711//711 712//712
f 797//797 796//796 712//712
f 713//713 798//798 799//799
f 714//714 713//713 799//799
f 715//715 800//800 713//713
f 713//713 800//800 798//798
f 795//795 715//715 710//710
f 800//800 715//715 795//795
f 712//712 801//801 797//797
f 716//716 801//801 712//712
f 801//801 716//716 717//717
f 802//802 801//801 717//717
f 720//720 803//803 804//804
f 719//719 720//720 804//804
f 799//799 720//720 714//714
f 803//803 720//720 799//799
f 717//717 721//721 802//802
f 802//802 721//721 805//805
f 722//722 806//806 807//807
f 723//723 722//722 807//807
f 804//804 722//722 719//719
f 806//806 722//722 804//804
f 721//721 725//725 805//805
f 805//805 725//725 808//808
f 723//723 807//807 727//727
f 807//807 809//809 727//727
f 725//725 810//810 808//808
f 728//728 810//810 725//725
f 810//810 728//728 729//729
f 811//811 810//810 729//729
f 730//730 812//812 813//813
f 731//731 730//730 813//813
f 809//809 730//730 727//727
f 812//812 730//730 809//809
f 729//729 732//732 811//811
f 811//811 732//732 814//814
f 731//731 813//813 734//734
f 813//813 815//815 734//734
f 732//732 816//816 814//814
f 735//735 816//816 732//732
f 816//816 735//735 736//736
f 817//817 816//816 736//736
f 737//737 818//818 819//819
f 738//738 737//737 819//819
f 815//815 737//737 734//734
f 818//818 737//737 815//815
f 736//736 820//820 817//817
f 739//739 820//820 736//736
f 740//740 821//821 739//739
f 739//739 821//821 820//820
f 741//741 822//822 740//740
f 740//740 822//822 821//821
f 742//742 823//823 741//741
f 741//741 823//823 822//822
f 819//819 742//742 738//738
f 823//823 742//742 819//819
f 745//745 824//824 825//825
f 744//744 824//824 745//745
f 746//746 745//745 826//826
f 745//745 825//825 826//826
f 747//747 746//746 827//827
f 746//746 826//826 827//827
f 748//748 747//747 828//828
f 747//747 827//827 828//828
f 749//749 748//748 829//829
f 748//748 828//828 829//829
f 750//750 749//749 830//830
f 749//749 829//829 830//830
f 830//830 752//752 750//750
f 831//831 752//752 830//830
f 754//754 832//832 833//833
f 753//753 832//832 754//754
f 755//755 754//754 834//834
f 754//754 833//833 834//834
f 824//824 744//744 755//755
f 834//834 824//824 755//755
f 752//752 831//831 835//835
f 756//756 752//752 835//835
f 757//757 756//756 836//836
f 756//756 835//835 836//836
f 836//836 758//758 757//757
f 837//837 758//758 836//836
f 753//753 759//759 832//832
f 832//832 759//759 838//838
f 758//758 837//837 760//760
f 837//837 839//839 760//760
f 762//762 840//840 841//841
f 761//761 840//840 762//762
f 838//838 759//759 762//762
f 841//841 838//838 762//762
f 760//760 839//839 842//842
f 763//763 760//760 842//842
f 842//842 764//764 763//763
f 843//843 764//764 842//842
f 767//767 766//766 844//844
f 767//767 844//844 845//845
f 767//767 845//845 761//761
f 761//761 845//845 840//840
f 764//764 843//843 768//768
f 843//843 846//846 768//768
f 844//844 847//847 848//848
f 844//844 766//766 847//847
f 766//766 769//769 847//847
f 845//845 844//844 848//848
f 768//768 846//846 849//849
f 770//770 768//768 849//849
f 849//849 771//771 770//770
f 850//850 771//771 849//849
f 773//773 851//851 852//852
f 772//772 851//851 773//773
f 847//847 769//769 773//773
f 852//852 847//847 773//773
f 771//771 850//850 774//774
f 850//850 853//853 774//774
f 772//772 775//775 851//851
f 851//851 775//775 854//854
f 774//774 853//853 855//855
f 776//776 774//774 855//855
f 855//855 777//777 776//776
f 856//856 777//777 855//855
f 775//775 778//778 854//854
f 854//854 778//778 857//857
f 777//777 856//856 779//779
f 856//856 858//858 779//779
f 778//778 780//780 857//857
f 857//857 780//780 859//859
f 779//779 858//858 781//781
f 858//858 860//860 781//781
f 780//780 782//782 859//859
f 859//859 782//782 861//861
f 781//781 860//860 783//783
f 860//860 862//862 783//783
f 863//863 784//784 864//864
f 863//863 861//861 784//784
f 861//861 782//782 784//784
f 863//863 864//864 865//865
f 866//866 785//785 783//783
f 866//866 783//783 867//867
f 867//867 783//783 862//862
f 785//785 866//866 786//786
f 864//864 787//787 868//868
f 784//784 787//787 864//864
f 869//869 865//865 864//864
f 868//868 869//869 864//864
f 866//866 867//867 870//870
f 870//870 786//786 866//866
f 870//870 871//871 786//786
f 871//871 788//788 786//786
f 787//787 789//789 868//868
f 790//790 872//872 873//873
f 789//789 790//790 873//873
f 789//789 873//873 869//869
f 789//789 869//869 868//868
f 873//873 872//872 874//874
f 791//791 875//875 876//876
f 792//792 791//791 876//876
f 871//871 791//791 788//788
f 875//875 791//791 871//871
f 790//790 793//793 872//872
f 794//794 877//877 878//878
f 793//793 794//794 878//878
f 793//793 878//878 874//874
f 793//793 874//874 872//872
f 878//878 877//877 879//879
f 792//792 876//876 795//795
f 876//876 880//880 795//795
f 794//794 796//796 877//877
f 877//877 796//796 797//797
f 877//877 797//797 879//879
f 879//879 797//797 881//881
f 798//798 882//882 883//883
f 799//799 798//798 883//883
f 800//800 884//884 798//798
f 798//798 884//884 882//882
f 880//880 800//800 795//795
f 884//884 800//800 880//880
f 797//797 885//885 881//881
f 801//801 885//885 797//797
f 885//885 801//801 802//802
f 886//886 885//885 802//802
f 803//803 887//887 888//888
f 804//804 803//803 888//888
f 883//883 803//803 799//799
f 887//887 803//803 883//883
f 802//802 805//805 886//886
f 886//886 805//805 889//889
f 806//806 890//890 891//891
f 807//807 806//806 891//891
f 888//888 806//806 804//804
f 890//890 806//806 888//888
f 892//892 808//808 893//893
f 892//892 889//889 808//808
f 889//889 805//805 808//808
f 892//892 893//893 894//894
f 807//807 891//891 809//809
f 891//891 895//895 809//809
f 808//808 810//810 893//893
f 893//893 810//810 811//811
f 893//893 811//811 894//894
f 894//894 811//811 896//896
f 812//812 897//897 898//898
f 813//813 812//812 898//898
f 895//895 812//812 809//809
f 897//897 812//812 895//895
f 811//811 814//814 896//896
f 896//896 814//814 899//899
f 813//813 898//898 815//815
f 898//898 900//900 815//815
f 814//814 901//901 899//899
f 816//816 901//901 814//814
f 901//901 816//816 817//817
f 902//902 901//901 817//817
f 818//818 903//903 904//904
f 819//819 818//818 904//904
f 900//900 818//818 815//815
f 903//903 818//818 900//900
f 817//817 905//905 902//902
f 820//820 905//905 817//817
f 821//821 906//906 820//820
f 820//820 906//906 905//905
f 822//822 907//907 821//821
f 821//821 907//907 906//906
f 823//823 908//908 822//822
f 822//822 908//908 907//907
f 904//904 823//823 819//819
f 908//908 823//823 904//904
f 825//825 824//824 909//909
f 910//910 825//825 909//909
f 910//910 911//911 825//825
f 911//911 826//826 825//825
f 827//827 826//826 912//912
f 826//826 911//911 912//912
f 828//828 827//827 913//913
f 827//827 912//912 913//913
f 829//829 828//828 914//914
f 828//828 913//913 914//914
f 830//830 829//829 915//915
f 829//829 914//914 915//915
f 915//915 831//831 830//830
f 916//916 831//831 915//915
f 833//833 832//832 917//917
f 918//918 833//833 917//917
f 918//918 919//919 833//833
f 919//919 834//834 833//833
f 909//909 824//824 834//834
f 909//909 834//834 920//920
f 920//920 834//834 919//919
f 910//910 909//909 920//920
f 831//831 916//916 921//921
f 835//835 831//831 921//921
f 836//836 835//835 922//922
f 835//835 921//921 922//922
f 922//922 837//837 836//836
f 923//923 837//837 922//922
f 917//917 924//924 925//925
f 917//917 832//832 924//924
f 832//832 838//838 924//924
f 918//918 917//917 925//925
f 837//837 923//923 839//839
f 923//923 926//926 839//839
f 841//841 840//840 927//927
f 841//841 927//927 928//928
f 841//841 928//928 838//838
f 838//838 928//928 924//924
f 839//839 926//926 929//929
f 842//842 839//839 929//929
f 929//929 843//843 842//842
f 930//930 843//843 929//929
f 927//927 931//931 932//932
f 927//927 840//840 931//931
f 840//840 845//845 931//931
f 928//928 927//927 932//932
f 843//843 930//930 846//846
f 930//930 933//933 846//846
f 848//848 934//934 935//935
f 847//847 934//934 848//848
f 931//931 845//845 848//848
f 935//935 931//931 848//848
f 936//936 849//849 846//846
f 936//936 846//846 937//937
f 937//937 846//846 933//933
f 849//849 936//936 850//850
f 852//852 851//851 938//938
f 852//852 938//938 939//939
f 852//852 939//939 847//847
f 847//847 939//939 934//934
f 936//936 937//937 940//940
f 940//940 850//850 936//936
f 940//940 941//941 850//850
f 941//941 853//853 850//850
f 938//938 854//854 942//942
f 851//851 854//854 938//938
f 943//943 939//939 938//938
f 942//942 943//943 938//938
f 944//944 855//855 853//853
f 944//944 853//853 945//945
f 945//945 853//853 941//941
f 855//855 944//944 856//856
f 942//942 857//857 946//946
f 854//854 857//857 942//942
f 947//947 943//943 942//942
f 946//946 947//947 942//942
f 944//944 945//945 948//948
f 948//948 856//856 944//944
f 948//948 949//949 856//856
f 949//949 858//858 856//856
f 946//946 859//859 950//950
f 857//857 859//859 946//946
f 951//951 947//947 946//946
f 950//950 951//951 946//946
f 858//858 949//949 860//860
f 949//949 952//952 860//860
f 950//950 861//861 953//953
f 859//859 861//861 950//950
f 954//954 951//951 950//950
f 953//953 954//954 950//950
f 860//860 952//952 862//862
f 952//952 955//955 862//862
f 861//861 863//863 953//953
f 865//865 956//956 957//957
f 863//863 865//865 957//957
f 863//863 957//957 954//954
f 863//863 954//954 953//953
f 957//957 956//956 958//958
f 862//862 955//955 867//867
f 955//955 959//959 867//867
f 956//956 869//869 960//960
f 865//865 869//869 956//956
f 961//961 958//958 956//956
f 960//960 961//961 956//956
f 962//962 870//870 867//867
f 962//962 867//867 963//963
f 963//963 867//867 959//959
f 870//870 962//962 871//871
f 869//869 873//873 960//960
f 874//874 964//964 965//965
f 873//873 874//874 965//965
f 873//873 965//965 961//961
f 873//873 961//961 960//960
f 965//965 964//964 966//966
f 875//875 962//962 963//963
f 875//875 963//963 876//876
f 876//876 963//963 967//967
f 871//871 962//962 875//875
f 874//874 878//878 964//964
f 964//964 878//878 879//879
f 964//964 879//879 966//966
f 966//966 879//879 968//968
f 969//969 970//970 971//971
f 969//969 967//967 970//970
f 969//969 880//880 967//967
f 880//880 876//876 967//967
f 972//972 881//881 973//973
f 972//972 968//968 881//881
f 968//968 879//879 881//881
f 972//972 973//973 974//974
f 975//975 976//976 977//977
f 975//975 883//883 882//882
f 975//975 882//882 976//976
f 976//976 882//882 978//978
f 971//971 884//884 969//969
f 971//971 978//978 884//884
f 978//978 882//882 884//884
f 880//880 969//969 884//884
f 881//881 885//885 973//973
f 886//886 979//979 980//980
f 885//885 886//886 980//980
f 885//885 980//980 974//974
f 885//885 974//974 973//973
f 980//980 979//979 981//981
f 982//982 983//983 984//984
f 977//977 983//983 982//982
f 975//975 977//977 982//982
f 975//975 982//982 888//888
f 975//975 888//888 887//887
f 883//883 975//975 887//887
f 979//979 889//889 985//985
f 886//886 889//889 979//979
f 986//986 981//981 979//979
f 985//985 986//986 979//979
f 987//987 988//988 989//989
f 984//984 988//988 987//987
f 982//982 984//984 987//987
f 982//982 987//987 891//891
f 982//982 891//891 890//890
f 888//888 982//982 890//890
f 889//889 892//892 985//985
f 985//985 892//892 894//894
f 985//985 894//894 986//986
f 986//986 894//894 990//990
f 991//991 987//987 989//989
f 992//992 991//991 989//989
f 891//891 991//991 895//895
f 987//987 991//991 891//891
f 894//894 896//896 990//990
f 990//990 896//896 993//993
f 897//897 991//991 992//992
f 897//897 992//992 898//898
f 898//898 992//992 994//994
f 895//895 991//991 897//897
f 995//995 899//899 996//996
f 995//995 993//993 899//899
f 993//993 896//896 899//899
f 995//995 996//996 997//997
f 998//998 999//999 1000//1000
f 998//998 994//994 999//999
f 998//998 900//900 994//994
f 900//900 898//898 994//994
f 899//899 901//901 996//996
f 902//902 1001//1001 1002//1002
f 901//901 902//902 1002//1002
f 901//901 1002//1002 997//997
f 901//901 997//997 996//996
f 1001//1001 1003//1003 1004//1004
f 1002//1002 1001//1001 1004//1004
f 1003//1003 1005//1005 1006//1006
f 1004//1004 1003//1003 1006//1006
f 1005//1005 1007//1007 1008//1008
f 1006//1006 1005//1005 1008//1008
f 1000//1000 1008//1008 1007//1007
f 998//998 1000//1000 1007//1007
f 998//998 1007//1007 904//904
f 998//998 904//904 903//903
f 900//900 998//998 903//903
f 902//902 905//905 1001//1001
f 906//906 1001//1001 905//905
f 1003//1003 1001//1001 906//906
f 907//907 1003//1003 906//906
f 1005//1005 1003//1003 907//907
f 908//908 1005//1005 907//907
f 1007//1007 1005//1005 908//908
f 904//904 1007//1007 908//908
f 911//911 910//910 1009//1009
f 1010//1010 911//911 1009//1009
f 1010//1010 1011//1011 911//911
f 1011//1011 912//912 911//911
f 913//913 912//912 1012//1012
f 912//912 1011//1011 1012//1012
f 914//914 913//913 1013//1013
f 913//913 1012//1012 1013//1013
f 1014//1014 1013//1013 1015//1015
f 1014//1014 915//915 1013//1013
f 915//915 914//914 1013//1013
f 915//915 1014//1014 916//916
f 919//919 1016//1016 1017//1017
f 918//918 1016//1016 919//919
f 920//920 919//919 1018//1018
f 919//919 1017//1017 1018//1018
f 1009//1009 910//910 920//920
f 1009//1009 920//920 1019//1019
f 1019//1019 920//920 1018//1018
f 1010//1010 1009//1009 1019//1019
f 1014//1014 1015//1015 1020//1020
f 916//916 1014//1014 1020//1020
f 916//916 1020//1020 921//921
f 921//921 1020//1020 1021//1021
f 1022//1022 1021//1021 1023//1023
f 1022//1022 922//922 1021//1021
f 922//922 921//921 1021//1021
f 922//922 1022//1022 923//923
f 925//925 924//924 1024//1024
f 925//925 1024//1024 1025//1025
f 925//925 1025//1025 918//918
f 918//918 1025//1025 1016//1016
f 1022//1022 1023//1023 1026//1026
f 1026//1026 923//923 1022//1022
f 1026//1026 1027//1027 923//923
f 1027//1027 926//926 923//923
f 1024//1024 1028//1028 1029//1029
f 1024//1024 924//924 1028//1028
f 924//924 928//928 1028//1028
f 1025//1025 1024//1024 1029//1029
f 1030//1030 929//929 926//926
f 1030//1030 926//926 1031//1031
f 1031//1031 926//926 1027//1027
f 929//929 1030//1030 930//930
f 932//932 931//931 1032//1032
f 932//932 1032//1032 1033//1033
f 932//932 1033//1033 928//928
f 928//928 1033//1033 1028//1028
f 1034//1034 1030//1030 1031//1031
f 1035//1035 1034//1034 1031//1031
f 930//930 1034//1034 933//933
f 1030//1030 1034//1034 930//930
f 935//935 934//934 1036//1036
f 935//935 1032//1032 931//931
f 935//935 1036//1036 1032//1032
f 1036//1036 1037//1037 1032//1032
f 1038//1038 1033//1033 1032//1032
f 1037//1037 1038//1038 1032//1032
f 1034//1034 1035//1035 1039//1039
f 1039//1039 933//933 1034//1034
f 1039//1039 1040//1040 933//933
f 1040//1040 937//937 933//933
f 1036//1036 939//939 1041//1041
f 934//934 939//939 1036//1036
f 1042//1042 1043//1043 1037//1037
f 1042//1042 1037//1037 1041//1041
f 1041//1041 1037//1037 1036//1036
f 1038//1038 1037//1037 1043//1043
f 1044//1044 940//940 937//937
f 1044//1044 937//937 1045//1045
f 1045//1045 937//937 1040//1040
f 940//940 1044//1044 941//941
f 1041//1041 943//943 1046//1046
f 939//939 943//943 1041//1041
f 1047//1047 1042//1042 1041//1041
f 1046//1046 1047//1047 1041//1041
f 1044//1044 1045//1045 1048//1048
f 1048//1048 941//941 1044//1044
f 1048//1048 1049//1049 941//941
f 1049//1049 945//945 941//941
f 1046//1046 947//947 1050//1050
f 943//943 947//947 1046//1046
f 1051//1051 1047//1047 1046//1046
f 1050//1050 1051//1051 1046//1046
f 1052//1052 948//948 945//945
f 1052//1052 945//945 1053//1053
f 1053//1053 945//945 1049//1049
f 948//948 1052//1052 949//949
f 1050//1050 951//951 1054//1054
f 947//947 951//951 1050//1050
f 1055//1055 1051//1051 1050//1050
f 1054//1054 1055//1055 1050//1050
f 1056//1056 1052//1052 1053//1053
f 1057//1057 1056//1056 1053//1053
f 949//949 1056//1056 952//952
f 1052//1052 1056//1056 949//949
f 1054//1054 954//954 1058//1058
f 951//951 954//954 1054//1054
f 1059//1059 1055//1055 1054//1054
f 1059//1059 1054//1054 1060//1060
f 1060//1060 1054//1054 1058//1058
f 1059//1059 1060//1060 1061//1061
f 1062//1062 1056//1056 1057//1057
f 1063//1063 1062//1062 1057//1057
f 952//952 1062//1062 955//955
f 1056//1056 1062//1062 952//952
f 954//954 957//957 1058//1058
f 958//958 1058//1058 957//957
f 958//958 1064//1064 1058//1058
f 1064//1064 1060//1060 1058//1058
f 1065//1065 1061//1061 1060//1060
f 1064//1064 1065//1065 1060//1060
f 1062//1062 1063//1063 1066//1066
f 1066//1066 955//955 1062//1062
f 1066//1066 1067//1067 955//955
f 1067//1067 959//959 955//955
f 1064//1064 961//961 1068//1068
f 958//958 961//961 1064//1064
f 1069//1069 1065//1065 1064//1064
f 1068//1068 1069//1069 1064//1064
f 959//959 1067//1067 963//963
f 1067//1067 1070//1070 963//963
f 961//961 965//965 1068//1068
f 966//966 1071//1071 1072//1072
f 965//965 966//966 1072//1072
f 965//965 1072//1072 1069//1069
f 965//965 1069//1069 1068//1068
f 1072//1072 1071//1071 1073//1073
f 963//963 1070//1070 967//967
f 1070//1070 1074//1074 967//967
f 1071//1071 968//968 1075//1075
f 966//966 968//968 1071//1071
f 1076//1076 1073//1073 1071//1071
f 1075//1075 1076//1076 1071//1071
f 1077//1077 1078//1078 1079//1079
f 1077//1077 971//971 970//970
f 1077//1077 970//970 1078//1078
f 1078//1078 970//970 1080//1080
f 1074//1074 970//970 967//967
f 1080//1080 970//970 1074//1074
f 968//968 972//972 1075//1075
f 974//974 1081//1081 1082//1082
f 972//972 974//974 1082//1082
f 972//972 1082//1082 1076//1076
f 972//972 1076//1076 1075//1075
f 1082//1082 1081//1081 1083//1083
f 1084//1084 1085//1085 1086//1086
f 1084//1084 1087//1087 1088//1088
f 1085//1085 1084//1084 1088//1088
f 1087//1087 977//977 976//976
f 1087//1087 976//976 1088//1088
f 1088//1088 976//976 1089//1089
f 1079//1079 978//978 1077//1077
f 1079//1079 1089//1089 978//978
f 1089//1089 976//976 978//978
f 971//971 1077//1077 978//978
f 974//974 980//980 1081//1081
f 1081//1081 980//980 981//981
f 1081//1081 981//981 1083//1083
f 1083//1083 981//981 1090//1090
f 1091//1091 1092//1092 1093//1093
f 1086//1086 1092//1092 1091//1091
f 1086//1086 1091//1091 1084//1084
f 1084//1084 1091//1091 1094//1094
f 983//983 1094//1094 984//984
f 983//983 1087//1087 1094//1094
f 1087//1087 1084//1084 1094//1094
f 977//977 1087//1087 983//983
f 1095//1095 986//986 1096//1096
f 1095//1095 1090//1090 986//986
f 1090//1090 981//981 986//986
f 1095//1095 1096//1096 1097//1097
f 1098//1098 1091//1091 1093//1093
f 1099//1099 1098//1098 1093//1093
f 988//988 1098//1098 989//989
f 988//988 1094//1094 1098//1098
f 1094//1094 1091//1091 1098//1098
f 984//984 1094//1094 988//988
f 1096//1096 990//990 1100//1100
f 986//986 990//990 1096//1096
f 1101//1101 1097//1097 1096//1096
f 1100//1100 1101//1101 1096//1096
f 1102//1102 1098//1098 1099//1099
f 1103//1103 1102//1102 1099//1099
f 989//989 1102//1102 992//992
f 1098//1098 1102//1102 989//989
f 1100//1100 993//993 1104//1104
f 990//990 993//993 1100//1100
f 1105//1105 1101//1101 1100//1100
f 1105//1105 1100//1100 1106//1106
f 1106//1106 1100//1100 1104//1104
f 1105//1105 1106//1106 1107//1107
f 1108//1108 1109//1109 1110//1110
f 1103//1103 1109//1109 1108//1108
f 1103//1103 1108//1108 1102//1102
f 1102//1102 1108//1108 1111//1111
f 992//992 1111//1111 994//994
f 1102//1102 1111//1111 992//992
f 993//993 995//995 1104//1104
f 997//997 1104//1104 995//995
f 997//997 1112//1112 1104//1104
f 1112//1112 1106//1106 1104//1104
f 1113//1113 1107//1107 1106//1106
f 1113//1113 1106//1106 1114//1114
f 1114//1114 1106//1106 1112//1112
f 1114//1114 1115//1115 1116//1116
f 1113//1113 1114//1114 1116//1116
f 1110//1110 1116//1116 1115//1115
f 1110//1110 1115//1115 1108//1108
f 1108//1108 1115//1115 1117//1117
f 999//999 1117//1117 1000//1000
f 999//999 1111//1111 1117//1117
f 1111//1111 1108//1108 1117//1117
f 994//994 1111//1111 999//999
f 997//997 1002//1002 1112//1112
f 1004//1004 1112//1112 1002//1002
f 1114//1114 1112//1112 1004//1004
f 1006//1006 1114//1114 1004//1004
f 1115//1115 1114//1114 1006//1006
f 1008//1008 1115//1115 1006//1006
f 1117//1117 1115//1115 1008//1008
f 1000//1000 1117//1117 1008//1008
f 1011//1011 1010//1010 1118//1118
f 1011//1011 1119//1119 1012//1012
f 1118//1118 1119//1119 1011//1011
f 1012//1012 1120//1120 1013//1013
f 1119//1119 1120//1120 1012//1012
f 1013//1013 1120//1120 1015//1015
f 1017//1017 1016//1016 1121//1121
f 1017//1017 1122//1122 1018//1018
f 1121//1121 1122//1122 1017//1017
f 1123//1123 1018//1018 1122//1122
f 1123//1123 1124//1124 1018//1018
f 1124//1124 1019//1019 1018//1018
f 1118//1118 1010//1010 1019//1019
f 1118//1118 1019//1019 1125//1125
f 1125//1125 1019//1019 1124//1124
f 1119//1119 1118//1118 1125//1125
f 1126//1126 1119//1119 1125//1125
f 1120//1120 1119//1119 1126//1126
f 1127//1127 1120//1120 1126//1126
f 1128//1128 1127//1127 1129//1129
f 1020//1020 1127//1127 1128//1128
f 1020//1020 1120//1120 1127//1127
f 1020//1020 1015//1015 1120//1120
f 1020//1020 1130//1130 1021//1021
f 1128//1128 1130//1130 1020//1020
f 1021//1021 1130//1130 1023//1023
f 1121//1121 1025//1025 1131//1131
f 1016//1016 1025//1025 1121//1121
f 1132//1132 1133//1133 1122//1122
f 1132//1132 1122//1122 1131//1131
f 1131//1131 1122//1122 1121//1121
f 1123//1123 1122//1122 1133//1133
f 1128//1128 1129//1129 1134//1134
f 1134//1134 1135//1135 1136//1136
f 1134//1134 1136//1136 1128//1128
f 1128//1128 1136//1136 1130//1130
f 1023//1023 1137//1137 1026//1026
f 1023//1023 1130//1130 1137//1137
f 1130//1130 1136//1136 1137//1137
f 1026//1026 1137//1137 1027//1027
f 1029//1029 1028//1028 1138//1138
f 1029//1029 1138//1138 1139//1139
f 1025//1025 1029//1029 1139//1139
f 1025//1025 1139//1139 1140//1140
f 1025//1025 1140//1140 1131//1131
f 1132//1132 1131//1131 1140//1140
f 1136//1136 1135//1135 1141//1141
f 1141//1141 1142//1142 1143//1143
f 1141//1141 1143//1143 1136//1136
f 1136//1136 1143//1143 1137//1137
f 1027//1027 1143//1143 1031//1031
f 1137//1137 1143//1143 1027//1027
f 1138//1138 1033//1033 1144//1144
f 1028//1028 1033//1033 1138//1138
f 1145//1145 1139//1139 1138//1138
f 1144//1144 1145//1145 1138//1138
f 1146//1146 1143//1143 1142//1142
f 1147//1147 1146//1146 1142//1142
f 1031//1031 1146//1146 1035//1035
f 1143//1143 1146//1146 1031//1031
f 1144//1144 1148//1148 1149//1149
f 1144//1144 1033//1033 1148//1148
f 1033//1033 1038//1038 1148//1148
f 1145//1145 1144//1144 1149//1149
f 1146//1146 1147//1147 1150//1150
f 1151//1151 1150//1150 1152//1152
f 1039//1039 1150//1150 1151//1151
f 1039//1039 1146//1146 1150//1150
f 1039//1039 1035//1035 1146//1146
f 1039//1039 1151//1151 1040//1040
f 1043//1043 1042//1042 1153//1153
f 1043//1043 1153//1153 1154//1154
f 1043//1043 1154//1154 1038//1038
f 1038//1038 1154//1154 1148//1148
f 1155//1155 1151//1151 1152//1152
f 1156//1156 1155//1155 1152//1152
f 1040//1040 1155//1155 1045//1045
f 1151//1151 1155//1155 1040//1040
f 1153//1153 1047//1047 1157//1157
f 1042//1042 1047//1047 1153//1153
f 1158//1158 1154//1154 1153//1153
f 1157//1157 1158//1158 1153//1153
f 1155//1155 1156//1156 1159//1159
f 1160//1160 1159//1159 1161//1161
f 1048//1048 1159//1159 1160//1160
f 1048//1048 1155//1155 1159//1159
f 1048//1048 1045//1045 1155//1155
f 1048//1048 1160//1160 1049//1049
f 1157//1157 1051//1051 1162//1162
f 1047//1047 1051//1051 1157//1157
f 1163//1163 1158//1158 1157//1157
f 1162//1162 1163//1163 1157//1157
f 1164//1164 1160//1160 1161//1161
f 1165//1165 1164//1164 1161//1161
f 1049//1049 1164//1164 1053//1053
f 1160//1160 1164//1164 1049//1049
f 1162//1162 1055//1055 1166//1166
f 1051//1051 1055//1055 1162//1162
f 1167//1167 1163//1163 1162//1162
f 1166//1166 1167//1167 1162//1162
f 1168//1168 1164//1164 1165//1165
f 1169//1169 1168//1168 1165//1165
f 1053//1053 1168//1168 1057//1057
f 1164//1164 1168//1168 1053//1053
f 1055//1055 1059//1059 1166//1166
f 1061//1061 1170//1170 1171//1171
f 1059//1059 1061//1061 1171//1171
f 1059//1059 1171//1171 1167//1167
f 1059//1059 1167//1167 1166//1166
f 1171//1171 1170//1170 1172//1172
f 1173//1173 1168//1168 1169//1169
f 1174//1174 1173//1173 1169//1169
f 1057//1057 1173//1173 1063//1063
f 1168//1168 1173//1173 1057//1057
f 1170//1170 1065//1065 1175//1175
f 1061//1061 1065//1065 1170//1170
f 1176//1176 1172//1172 1170//1170
f 1175//1175 1176//1176 1170//1170
f 1173//1173 1174//1174 1177//1177
f 1178//1178 1177//1177 1179//1179
f 1066//1066 1177//1177 1178//1178
f 1066//1066 1173//1173 1177//1177
f 1066//1066 1063//1063 1173//1173
f 1066//1066 1178//1178 1067//1067
f 1175//1175 1069//1069 1180//1180
f 1065//1065 1069//1069 1175//1175
f 1181//1181 1176//1176 1175//1175
f 1180//1180 1181//1181 1175//1175
f 1182//1182 1178//1178 1179//1179
f 1183//1183 1182//1182 1179//1179
f 1067//1067 1182//1182 1070//1070
f 1178//1178 1182//1182 1067//1067
f 1069//1069 1072//1072 1180//1180
f 1073//1073 1184//1184 1185//1185
f 1072//1072 1073//1073 1185//1185
f 1072//1072 1185//1185 1181//1181
f 1072//1072 1181//1181 1180//1180
f 1185//1185 1184//1184 1186//1186
f 1187//1187 1188//1188 1189//1189
f 1183//1183 1188//1188 1187//1187
f 1183//1183 1187//1187 1182//1182
f 1182//1182 1187//1187 1190//1190
f 1070//1070 1190//1190 1074//1074
f 1182//1182 1190//1190 1070//1070
f 1184//1184 1076//1076 1191//1191
f 1073//1073 1076//1076 1184//1184
f 1192//1192 1186//1186 1184//1184
f 1191//1191 1192//1192 1184//1184
f 1193//1193 1194//1194 1195//1195
f 1193//1193 1196//1196 1197//1197
f 1194//1194 1193//1193 1197//1197
f 1196//1196 1198//1198 1199//1199
f 1197//1197 1196//1196 1199//1199
f 1189//1189 1199//1199 1198//1198
f 1187//1187 1189//1189 1198//1198
f 1187//1187 1198//1198 1079//1079
f 1187//1187 1079//1079 1078//1078
f 1080//1080 1187//1187 1078//1078
f 1190//1190 1187//1187 1080//1080
f 1074//1074 1190//1190 1080//1080
f 1076//1076 1082//1082 1191//1191
f 1083//1083 1200//1200 1201//1201
f 1082//1082 1083//1083 1201//1201
f 1082//1082 1201//1201 1192//1192
f 1082//1082 1192//1192 1191//1191
f 1201//1201 1200//1200 1202//1202
f 1203//1203 1204//1204 1205//1205
f 1203//1203 1206//1206 1207//1207
f 1204//1204 1203//1203 1207//1207
f 1195//1195 1207//1207 1206//1206
f 1193//1193 1195//1195 1206//1206
f 1193//1193 1206//1206 1086//1086
f 1193//1193 1086//1086 1085//1085
f 1088//1088 1193//1193 1085//1085
f 1196//1196 1193//1193 1088//1088
f 1089//1089 1196//1196 1088//1088
f 1198//1198 1196//1196 1089//1089
f 1079//1079 1198//1198 1089//1089
f 1200//1200 1090//1090 1208//1208
f 1083//1083 1090//1090 1200//1200
f 1209//1209 1202//1202 1200//1200
f 1209//1209 1200//1200 1210//1210
f 1210//1210 1200//1200 1208//1208
f 1210//1210 1211//1211 1212//1212
f 1209//1209 1210//1210 1212//1212
f 1211//1211 1213//1213 1214//1214
f 1212//1212 1211//1211 1214//1214
f 1205//1205 1214//1214 1213//1213
f 1205//1205 1213//1213 1203//1203
f 1203//1203 1213//1213 1215//1215
f 1092//1092 1215//1215 1093//1093
f 1092//1092 1206//1206 1215//1215
f 1206//1206 1203//1203 1215//1215
f 1086//1086 1206//1206 1092//1092
f 1090//1090 1095//1095 1208//1208
f 1097//1097 1208//1208 1095//1095
f 1097//1097 1216//1216 1208//1208
f 1216//1216 1210//1210 1208//1208
f 1211//1211 1210//1210 1217//1217
f 1217//1217 1210//1210 1216//1216
f 1213//1213 1211//1211 1218//1218
f 1218//1218 1211//1211 1217//1217
f 1215//1215 1213//1213 1219//1219
f 1219//1219 1213//1213 1218//1218
f 1093//1093 1219//1219 1099//1099
f 1215//1215 1219//1219 1093//1093
f 1216//1216 1101//1101 1220//1220
f 1097//1097 1101//1101 1216//1216
f 1217//1217 1216//1216 1221//1221
f 1221//1221 1216//1216 1220//1220
f 1218//1218 1217//1217 1222//1222
f 1222//1222 1217//1217 1221//1221
f 1219//1219 1218//1218 1223//1223
f 1223//1223 1218//1218 1222//1222
f 1099//1099 1223//1223 1103//1103
f 1219//1219 1223//1223 1099//1099
f 1101//1101 1105//1105 1220//1220
f 1107//1107 1220//1220 1105//1105
f 1107//1107 1224//1224 1220//1220
f 1224//1224 1221//1221 1220//1220
f 1222//1222 1221//1221 1225//1225
f 1225//1225 1221//1221 1224//1224
f 1109//1109 1225//1225 1110//1110
f 1109//1109 1223//1223 1225//1225
f 1223//1223 1222//1222 1225//1225
f 1103//1103 1223//1223 1109//1109
f 1107//1107 1113//1113 1224//1224
f 1116//1116 1224//1224 1113//1113
f 1225//1225 1224//1224 1116//1116
f 1110//1110 1225//1225 1116//1116
f 1124//1124 1123//1123 1226//1226
f 1124//1124 1227//1227 1125//1125
f 1226//1226 1227//1227 1124//1124
f 1125//1125 1228//1228 1126//1126
f 1227//1227 1228//1228 1125//1125
f 1126//1126 1229//1229 1127//1127
f 1228//1228 1229//1229 1126//1126
f 1127//1127 1229//1229 1129//1129
f 1133//1133 1132//1132 1230//1230
f 1133//1133 1226//1226 1123//1123
f 1133//1133 1230//1230 1226//1226
f 1230//1230 1231//1231 1226//1226
f 1227//1227 1226//1226 1232//1232
f 1232//1232 1226//1226 1231//1231
f 1228//1228 1227//1227 1233//1233
f 1233//1233 1227//1227 1232//1232
f 1229//1229 1228//1228 1234//1234
f 1234//1234 1228//1228 1233//1233
f 1129//1129 1235//1235 1134//1134
f 1129//1129 1229//1229 1235//1235
f 1229//1229 1234//1234 1235//1235
f 1134//1134 1235//1235 1135//1135
f 1140//1140 1139//1139 1236//1236
f 1140//1140 1230//1230 1132//1132
f 1140//1140 1236//1236 1230//1230
f 1236//1236 1237//1237 1230//1230
f 1231//1231 1230//1230 1238//1238
f 1238//1238 1230//1230 1237//1237
f 1232//1232 1231//1231 1239//1239
f 1239//1239 1231//1231 1238//1238
f 1233//1233 1232//1232 1240//1240
f 1240//1240 1232//1232 1239//1239
f 1234//1234 1233//1233 1241//1241
f 1241//1241 1233//1233 1240//1240
f 1235//1235 1234//1234 1242//1242
f 1242//1242 1234//1234 1241//1241
f 1135//1135 1243//1243 1141//1141
f 1135//1135 1235//1235 1243//1243
f 1235//1235 1242//1242 1243//1243
f 1141//1141 1243//1243 1142//1142
f 1236//1236 1145//1145 1244//1244
f 1139//1139 1145//1145 1236//1236
f 1245//1245 1246//1246 1237//1237
f 1245//1245 1237//1237 1244//1244
f 1244//1244 1237//1237 1236//1236
f 1238//1238 1237//1237 1246//1246
f 1247//1247 1238//1238 1246//1246
f 1239//1239 1238//1238 1247//1247
f 1248//1248 1239//1239 1247//1247
f 1240//1240 1239//1239 1248//1248
f 1249//1249 1240//1240 1248//1248
f 1241//1241 1240//1240 1249//1249
f 1250//1250 1241//1241 1249//1249
f 1250//1250 1251//1251 1252//1252
f 1250//1250 1252//1252 1241//1241
f 1241//1241 1252//1252 1242//1242
f 1243//1243 1242//1242 1253//1253
f 1253//1253 1242//1242 1252//1252
f 1142//1142 1253//1253 1147//1147
f 1243//1243 1253//1253 1142//1142
f 1149//1149 1148//1148 1254//1254
f 1149//1149 1254//1254 1255//1255
f 1145//1145 1149//1149 1255//1255
f 1145//1145 1255//1255 1256//1256
f 1145//1145 1256//1256 1244//1244
f 1245//1245 1244//1244 1256//1256
f 1252//1252 1251//1251 1257//1257
f 1257//1257 1258//1258 1259//1259
f 1257//1257 1259//1259 1252//1252
f 1252//1252 1259//1259 1253//1253
f 1147//1147 1260//1260 1150//1150
f 1147//1147 1253//1253 1260//1260
f 1253//1253 1259//1259 1260//1260
f 1150//1150 1260//1260 1152//1152
f 1254//1254 1154//1154 1261//1261
f 1148//1148 1154//1154 1254//1254
f 1262//1262 1255//1255 1254//1254
f 1261//1261 1262//1262 1254//1254
f 1259//1259 1258//1258 1263//1263
f 1263//1263 1264//1264 1265//1265
f 1263//1263 1265//1265 1259//1259
f 1259//1259 1265//1265 1260//1260
f 1152//1152 1265//1265 1156//1156
f 1260//1260 1265//1265 1152//1152
f 1261//1261 1158//1158 1266//1266
f 1154//1154 1158//1158 1261//1261
f 1267//1267 1262//1262 1261//1261
f 1266//1266 1267//1267 1261//1261
f 1265//1265 1264//1264 1268//1268
f 1269//1269 1268//1268 1270//1270
f 1159//1159 1268//1268 1269//1269
f 1159//1159 1265//1265 1268//1268
f 1159//1159 1156//1156 1265//1265
f 1159//1159 1269//1269 1161//1161
f 1266//1266 1163//1163 1271//1271
f 1158//1158 1163//1163 1266//1266
f 1272//1272 1267//1267 1266//1266
f 1271//1271 1272//1272 1266//1266
f 1273//1273 1269//1269 1270//1270
f 1274//1274 1273//1273 1270//1270
f 1161//1161 1273//1273 1165//1165
f 1269//1269 1273//1273 1161//1161
f 1271//1271 1167//1167 1275//1275
f 1163//1163 1167//1167 1271//1271
f 1276//1276 1272//1272 1271//1271
f 1275//1275 1276//1276 1271//1271
f 1277//1277 1273//1273 1274//1274
f 1278//1278 1277//1277 1274//1274
f 1165//1165 1277//1277 1169//1169
f 1273//1273 1277//1277 1165//1165
f 1167//1167 1171//1171 1275//1275
f 1275//1275 1171//1171 1172//1172
f 1275//1275 1172//1172 1276//1276
f 1276//1276 1172//1172 1279//1279
f 1280//1280 1277//1277 1278//1278
f 1281//1281 1280//1280 1278//1278
f 1169//1169 1280//1280 1174//1174
f 1277//1277 1280//1280 1169//1169
f 1172//1172 1176//1176 1279//1279
f 1279//1279 1176//1176 1282//1282
f 1283//1283 1280//1280 1281//1281
f 1284//1284 1283//1283 1281//1281
f 1174//1174 1285//1285 1177//1177
f 1174//1174 1280//1280 1285//1285
f 1280//1280 1283//1283 1285//1285
f 1177//1177 1285//1285 1179//1179
f 1286//1286 1181//1181 1287//1287
f 1286//1286 1282//1282 1181//1181
f 1282//1282 1176//1176 1181//1181
f 1286//1286 1287//1287 1288//1288
f 1289//1289 1290//1290 1291//1291
f 1284//1284 1290//1290 1289//1289
f 1284//1284 1289//1289 1283//1283
f 1283//1283 1289//1289 1292//1292
f 1285//1285 1283//1283 1293//1293
f 1293//1293 1283//1283 1292//1292
f 1179//1179 1293//1293 1183//1183
f 1285//1285 1293//1293 1179//1179
f 1181//1181 1185//1185 1287//1287
f 1287//1287 1185//1185 1186//1186
f 1287//1287 1186//1186 1288//1288
f 1288//1288 1186//1186 1294//1294
f 1295//1295 1296//1296 1297//1297
f 1291//1291 1296//1296 1295//1295
f 1291//1291 1295//1295 1289//1289
f 1289//1289 1295//1295 1298//1298
f 1292//1292 1289//1289 1299//1299
f 1299//1299 1289//1289 1298//1298
f 1188//1188 1299//1299 1189//1189
f 1188//1188 1293//1293 1299//1299
f 1293//1293 1292//1292 1299//1299
f 1183//1183 1293//1293 1188//1188
f 1300//1300 1192//1192 1301//1301
f 1300//1300 1294//1294 1192//1192
f 1294//1294 1186//1186 1192//1192
f 1300//1300 1301//1301 1302//1302
f 1303//1303 1304//1304 1305//1305
f 1303//1303 1306//1306 1307//1307
f 1304//1304 1303//1303 1307//1307
f 1297//1297 1307//1307 1306//1306
f 1295//1295 1297//1297 1306//1306
f 1295//1295 1306//1306 1195//1195
f 1295//1295 1195//1195 1194//1194
f 1197//1197 1295//1295 1194//1194
f 1298//1298 1295//1295 1197//1197
f 1199//1199 1298//1298 1197//1197
f 1299//1299 1298//1298 1199//1199
f 1189//1189 1299//1299 1199//1199
f 1192//1192 1201//1201 1301//1301
f 1202//1202 1308//1308 1309//1309
f 1201//1201 1202//1202 1309//1309
f 1201//1201 1309//1309 1302//1302
f 1201//1201 1302//1302 1301//1301
f 1308//1308 1310//1310 1311//1311
f 1309//1309 1308//1308 1311//1311
f 1310//1310 1312//1312 1313//1313
f 1311//1311 1310//1310 1313//1313
f 1305//1305 1313//1313 1312//1312
f 1303//1303 1305//1305 1312//1312
f 1303//1303 1312//1312 1205//1205
f 1303//1303 1205//1205 1204//1204
f 1207//1207 1303//1303 1204//1204
f 1306//1306 1303//1303 1207//1207
f 1195//1195 1306//1306 1207//1207
f 1202//1202 1209//1209 1308//1308
f 1212//1212 1308//1308 1209//1209
f 1310//1310 1308//1308 1212//1212
f 1214//1214 1310//1310 1212//1212
f 1312//1312 1310//1310 1214//1214
f 1205//1205 1312//1312 1214//1214
f 1246//1246 1245//1245 1314//1314
f 1246//1246 1315//1315 1247//1247
f 1314//1314 1315//1315 1246//1246
f 1247//1247 1316//1316 1248//1248
f 1315//1315 1316//1316 1247//1247
f 1248//1248 1317//1317 1249//1249
f 1316//1316 1317//1317 1248//1248
f 1249//1249 1318//1318 1250//1250
f 1317//1317 1318//1318 1249//1249
f 1250//1250 1318//1318 1251//1251
f 1256//1256 1255//1255 1319//1319
f 1256//1256 1314//1314 1245//1245
f 1256//1256 1319//1319 1314//1314
f 1319//1319 1320//1320 1314//1314
f 1315//1315 1314//1314 1321//1321
f 1321//1321 1314//1314 1320//1320
f 1316//1316 1315//1315 1322//1322
f 1322//1322 1315//1315 1321//1321
f 1317//1317 1316//1316 1323//1323
f 1323//1323 1316//1316 1322//1322
f 1318//1318 1317//1317 1324//1324
f 1324//1324 1317//1317 1323//1323
f 1251//1251 1325//1325 1257//1257
f 1251//1251 1318//1318 1325//1325
f 1318//1318 1324//1324 1325//1325
f 1257//1257 1325//1325 1258//1258
f 1319//1319 1262//1262 1326//1326
f 1255//1255 1262//1262 1319//1319
f 1327//1327 1328//1328 1320//1320
f 1327//1327 1320//1320 1326//1326
f 1326//1326 1320//1320 1319//1319
f 1321//1321 1320//1320 1328//1328
f 1329//1329 1321//1321 1328//1328
f 1322//1322 1321//1321 1329//1329
f 1330//1330 1322//1322 1329//1329
f 1323//1323 1322//1322 1330//1330
f 1331//1331 1323//1323 1330//1330
f 1324//1324 1323//1323 1331//1331
f 1332//1332 1324//1324 1331//1331
f 1332//1332 1333//1333 1334//1334
f 1332//1332 1334//1334 1324//1324
f 1324//1324 1334//1334 1325//1325
f 1258//1258 1335//1335 1263//1263
f 1258//1258 1325//1325 1335//1335
f 1325//1325 1334//1334 1335//1335
f 1263//1263 1335//1335 1264//1264
f 1326//1326 1336//1336 1337//1337
f 1326//1326 1262//1262 1336//1336
f 1262//1262 1267//1267 1336//1336
f 1327//1327 1326//1326 1337//1337
f 1334//1334 1333//1333 1338//1338
f 1338//1338 1339//1339 1340//1340
f 1338//1338 1340//1340 1334//1334
f 1334//1334 1340//1340 1335//1335
f 1264//1264 1341//1341 1268//1268
f 1264//1264 1335//1335 1341//1341
f 1335//1335 1340//1340 1341//1341
f 1268//1268 1341//1341 1270//1270
f 1267//1267 1272//1272 1336//1336
f 1336//1336 1272//1272 1342//1342
f 1343//1343 1340//1340 1339//1339
f 1344//1344 1343//1343 1339//1339
f 1341//1341 1340//1340 1345//1345
f 1345//1345 1340//1340 1343//1343
f 1270//1270 1345//1345 1274//1274
f 1341//1341 1345//1345 1270//1270
f 1272//1272 1276//1276 1342//1342
f 1342//1342 1276//1276 1346//1346
f 1343//1343 1344//1344 1347//1347
f 1347//1347 1348//1348 1349//1349
f 1347//1347 1349//1349 1343//1343
f 1343//1343 1349//1349 1345//1345
f 1274//1274 1349//1349 1278//1278
f 1345//1345 1349//1349 1274//1274
f 1276//1276 1279//1279 1346//1346
f 1346//1346 1279//1279 1350//1350
f 1351//1351 1352//1352 1353//1353
f 1348//1348 1352//1352 1351//1351
f 1348//1348 1351//1351 1349//1349
f 1349//1349 1351//1351 1354//1354
f 1278//1278 1354//1354 1281//1281
f 1349//1349 1354//1354 1278//1278
f 1355//1355 1282//1282 1356//1356
f 1355//1355 1350//1350 1282//1282
f 1350//1350 1279//1279 1282//1282
f 1355//1355 1356//1356 1357//1357
f 1358//1358 1351//1351 1353//1353
f 1359//1359 1358//1358 1353//1353
f 1354//1354 1351//1351 1360//1360
f 1360//1360 1351//1351 1358//1358
f 1281//1281 1360//1360 1284//1284
f 1354//1354 1360//1360 1281//1281
f 1282//1282 1286//1286 1356//1356
f 1356//1356 1286//1286 1288//1288
f 1356//1356 1288//1288 1357//1357
f 1357//1357 1288//1288 1361//1361
f 1362//1362 1358//1358 1359//1359
f 1363//1363 1362//1362 1359//1359
f 1290//1290 1362//1362 1291//1291
f 1290//1290 1360//1360 1362//1362
f 1360//1360 1358//1358 1362//1362
f 1284//1284 1360//1360 1290//1290
f 1364//1364 1294//1294 1365//1365
f 1364//1364 1361//1361 1294//1294
f 1361//1361 1288//1288 1294//1294
f 1364//1364 1365//1365 1366//1366
f 1367//1367 1368//1368 1369//1369
f 1363//1363 1368//1368 1367//1367
f 1362//1362 1363//1363 1367//1367
f 1362//1362 1367//1367 1297//1297
f 1362//1362 1297//1297 1296//1296
f 1291//1291 1362//1362 1296//1296
f 1294//1294 1300//1300 1365//1365
f 1302//1302 1370//1370 1371//1371
f 1300//1300 1302//1302 1371//1371
f 1300//1300 1371//1371 1366//1366
f 1300//1300 1366//1366 1365//1365
f 1370//1370 1372//1372 1373//1373
f 1371//1371 1370//1370 1373//1373
f 1372//1372 1374//1374 1375//1375
f 1373//1373 1372//1372 1375//1375
f 1374//1374 1305//1305 1304//1304
f 1374//1374 1304//1304 1375//1375
f 1375//1375 1304//1304 1376//1376
f 1369//1369 1307//1307 1367//1367
f 1369//1369 1376//1376 1307//1307
f 1376//1376 1304//1304 1307//1307
f 1297//1297 1367//1367 1307//1307
f 1302//1302 1309//1309 1370//1370
f 1311//1311 1370//1370 1309//1309
f 1372//1372 1370//1370 1311//1311
f 1313//1313 1372//1372 1311//1311
f 1374//1374 1372//1372 1313//1313
f 1305//1305 1374//1374 1313//1313
f 1328//1328 1327//1327 1377//1377
f 1328//1328 1378//1378 1329//1329
f 1377//1377 1378//1378 1328//1328
f 1329//1329 1379//1379 1330//1330
f 1378//1378 1379//1379 1329//1329
f 1330//1330 1380//1380 1331//1331
f 1379//1379 1380//1380 1330//1330
f 1331//1331 1381//1381 1332//1332
f 1380//1380 1381//1381 1331//1331
f 1332//1332 1381//1381 1333//1333
f 1337//1337 1336//1336 1382//1382
f 1337//1337 1382//1382 1383//1383
f 1327//1327 1337//1337 1383//1383
f 1327//1327 1383//1383 1384//1384
f 1327//1327 1384//1384 1377//1377
f 1378//1378 1377//1377 1384//1384
f 1385//1385 1378//1378 1384//1384
f 1379//1379 1378//1378 1385//1385
f 1386//1386 1379//1379 1385//1385
f 1380//1380 1379//1379 1386//1386
f 1387//1387 1380//1380 1386//1386
f 1387//1387 1388//1388 1389//1389
f 1387//1387 1389//1389 1380//1380
f 1380//1380 1389//1389 1381//1381
f 1333//1333 1390//1390 1338//1338
f 1333//1333 1381//1381 1390//1390
f 1381//1381 1389//1389 1390//1390
f 1338//1338 1390//1390 1339//1339
f 1382//1382 1342//1342 1391//1391
f 1336//1336 1342//1342 1382//1382
f 1392//1392 1383//1383 1382//1382
f 1391//1391 1392//1392 1382//1382
f 1389//1389 1388//1388 1393//1393
f 1393//1393 1394//1394 1395//1395
f 1393//1393 1395//1395 1389//1389
f 1389//1389 1395//1395 1390//1390
f 1339//1339 1395//1395 1344//1344
f 1390//1390 1395//1395 1339//1339
f 1391//1391 1346//1346 1396//1396
f 1342//1342 1346//1346 1391//1391
f 1397//1397 1392//1392 1391//1391
f 1396//1396 1397//1397 1391//1391
f 1398//1398 1395//1395 1394//1394
f 1399//1399 1398//1398 1394//1394
f 1344//1344 1400//1400 1347//1347
f 1344//1344 1395//1395 1400//1400
f 1395//1395 1398//1398 1400//1400
f 1347//1347 1400//1400 1348//1348
f 1396//1396 1350//1350 1401//1401
f 1346//1346 1350//1350 1396//1396
f 1402//1402 1397//1397 1396//1396
f 1401//1401 1402//1402 1396//1396
f 1403//1403 1398//1398 1399//1399
f 1404//1404 1403//1403 1399//1399
f 1352//1352 1403//1403 1353//1353
f 1352//1352 1400//1400 1403//1403
f 1400//1400 1398//1398 1403//1403
f 1348//1348 1400//1400 1352//1352
f 1350//1350 1355//1355 1401//1401
f 1401//1401 1355//1355 1357//1357
f 1401//1401 1357//1357 1402//1402
f 1402//1402 1357//1357 1405//1405
f 1403//1403 1404//1404 1406//1406
f 1406//1406 1353//1353 1403//1403
f 1406//1406 1407//1407 1353//1353
f 1407//1407 1359//1359 1353//1353
f 1408//1408 1361//1361 1409//1409
f 1408//1408 1405//1405 1361//1361
f 1405//1405 1357//1357 1361//1361
f 1408//1408 1409//1409 1410//1410
f 1411//1411 1412//1412 1413//1413
f 1411//1411 1407//1407 1412//1412
f 1411//1411 1363//1363 1407//1407
f 1363//1363 1359//1359 1407//1407
f 1361//1361 1364//1364 1409//1409
f 1366//1366 1414//1414 1415//1415
f 1364//1364 1366//1366 1415//1415
f 1364//1364 1415//1415 1410//1410
f 1364//1364 1410//1410 1409//1409
f 1415//1415 1414//1414 1416//1416
f 1417//1417 1418//1418 1419//1419
f 1413//1413 1418//1418 1417//1417
f 1411//1411 1413//1413 1417//1417
f 1411//1411 1417//1417 1369//1369
f 1411//1411 1369//1369 1368//1368
f 1363//1363 1411//1411 1368//1368
f 1366//1366 1371//1371 1414//1414
f 1414//1414 1420//1420 1416//1416
f 1414//1414 1371//1371 1420//1420
f 1371//1371 1373//1373 1420//1420
f 1375//1375 1421//1421 1373//1373
f 1373//1373 1421//1421 1420//1420
f 1419//1419 1376//1376 1417//1417
f 1419//1419 1421//1421 1376//1376
f 1421//1421 1375//1375 1376//1376
f 1369//1369 1417//1417 1376//1376
f 1384//1384 1383//1383 1422//1422
f 1384//1384 1423//1423 1385//1385
f 1422//1422 1423//1423 1384//1384
f 1385//1385 1424//1424 1386//1386
f 1423//1423 1424//1424 1385//1385
f 1386//1386 1425//1425 1387//1387
f 1424//1424 1425//1425 1386//1386
f 1387//1387 1425//1425 1388//1388
f 1422//1422 1392//1392 1426//1426
f 1383//1383 1392//1392 1422//1422
f 1427//1427 1428//1428 1423//1423
f 1427//1427 1423//1423 1426//1426
f 1426//1426 1423//1423 1422//1422
f 1424//1424 1423//1423 1428//1428
f 1429//1429 1424//1424 1428//1428
f 1429//1429 1430//1430 1431//1431
f 1429//1429 1431//1431 1424//1424
f 1424//1424 1431//1431 1425//1425
f 1388//1388 1432//1432 1393//1393
f 1388//1388 1425//1425 1432//1432
f 1425//1425 1431//1431 1432//1432
f 1393//1393 1432//1432 1394//1394
f 1426//1426 1397//1397 1433//1433
f 1392//1392 1397//1397 1426//1426
f 1434//1434 1427//1427 1426//1426
f 1433//1433 1434//1434 1426//1426
f 1431//1431 1430//1430 1435//1435
f 1435//1435 1436//1436 1437//1437
f 1435//1435 1437//1437 1431//1431
f 1431//1431 1437//1437 1432//1432
f 1394//1394 1437//1437 1399//1399
f 1432//1432 1437//1437 1394//1394
f 1433//1433 1402//1402 1438//1438
f 1397//1397 1402//1402 1433//1433
f 1439//1439 1434//1434 1433//1433
f 1438//1438 1439//1439 1433//1433
f 1440//1440 1437//1437 1436//1436
f 1441//1441 1440//1440 1436//1436
f 1399//1399 1440//1440 1404//1404
f 1437//1437 1440//1440 1399//1399
f 1438//1438 1405//1405 1442//1442
f 1402//1402 1405//1405 1438//1438
f 1443//1443 1439//1439 1438//1438
f 1442//1442 1443//1443 1438//1438
f 1444//1444 1440//1440 1441//1441
f 1445//1445 1444//1444 1441//1441
f 1404//1404 1446//1446 1406//1406
f 1404//1404 1440//1440 1446//1446
f 1440//1440 1444//1444 1446//1446
f 1406//1406 1446//1446 1407//1407
f 1405//1405 1408//1408 1442//1442
f 1410//1410 1447//1447 1448//1448
f 1408//1408 1410//1410 1448//1448
f 1408//1408 1448//1448 1443//1443
f 1408//1408 1443//1443 1442//1442
f 1448//1448 1447//1447 1449//1449
f 1450//1450 1451//1451 1452//1452
f 1445//1445 1451//1451 1450//1450
f 1445//1445 1450//1450 1444//1444
f 1444//1444 1450//1450 1453//1453
f 1412//1412 1453//1453 1413//1413
f 1412//1412 1446//1446 1453//1453
f 1446//1446 1444//1444 1453//1453
f 1407//1407 1446//1446 1412//1412
f 1410//1410 1415//1415 1447//1447
f 1416//1416 1454//1454 1455//1455
f 1415//1415 1416//1416 1455//1455
f 1415//1415 1455//1455 1449//1449
f 1415//1415 1449//1449 1447//1447
f 1452//1452 1455//1455 1454//1454
f 1452//1452 1454//1454 1450//1450
f 1450//1450 1454//1454 1456//1456
f 1418//1418 1456//1456 1419//1419
f 1418//1418 1453//1453 1456//1456
f 1453//1453 1450//1450 1456//1456
f 1413//1413 1453//1453 1418//1418
f 1416//1416 1420//1420 1454//1454
f 1421//1421 1454//1454 1420//1420
f 1456//1456 1454//1454 1421//1421
f 1419//1419 1456//1456 1421//1421
f 1428//1428 1427//1427 1457//1457
f 1428//1428 1458//1458 1429//1429
f 1457//1457 1458//1458 1428//1428
f 1429//1429 1458//1458 1430//1430
f 1457//1457 1434//1434 1459//1459
f 1427//1427 1434//1434 1457//1457
f 1458//1458 1457//1457 1460//1460
f 1460//1460 1457//1457 1459//1459
f 1430//1430 1461//1461 1435//1435
f 1430//1430 1458//1458 1461//1461
f 1458//1458 1460//1460 1461//1461
f 1435//1435 1461//1461 1436//1436
f 1459//1459 1439//1439 1462//1462
f 1434//1434 1439//1439 1459//1459
f 1460//1460 1459//1459 1463//1463
f 1463//1463 1459//1459 1462//1462
f 1461//1461 1460//1460 1464//1464
f 1464//1464 1460//1460 1463//1463
f 1436//1436 1464//1464 1441//1441
f 1461//1461 1464//1464 1436//1436
f 1462//1462 1443//1443 1465//1465
f 1439//1439 1443//1443 1462//1462
f 1463//1463 1462//1462 1466//1466
f 1466//1466 1462//1462 1465//1465
f 1464//1464 1463//1463 1467//1467
f 1467//1467 1463//1463 1466//1466
f 1441//1441 1467//1467 1445//1445
f 1464//1464 1467//1467 1441//1441
f 1443//1443 1448//1448 1465//1465
f 1449//1449 1465//1465 1448//1448
f 1449//1449 1468//1468 1465//1465
f 1468//1468 1466//1466 1465//1465
f 1451//1451 1468//1468 1452//1452
f 1451//1451 1467//1467 1468//1468
f 1467//1467 1466//1466 1468//1468
f 1445//1445 1467//1467 1451//1451
f 1449//1449 1455//1455 1468//1468
f 1452//1452 1468//1468 1455//1455
