# Murti generated mesh: 1222 verts, 2440 faces
o a_chair
v -0.276335 -0.306452 -0.145161
v -0.274194 -0.306452 -0.151624
v -0.274194 -0.311378 -0.145161
v -0.274194 -0.306452 -0.142009
v -0.274194 -0.305607 -0.145161
v -0.250219 -0.338710 -0.177419
v -0.241935 -0.338710 -0.180352
v -0.241935 -0.340808 -0.177419
v -0.241935 -0.339248 -0.145161
v -0.245960 -0.338710 -0.145161
v -0.241935 -0.338710 -0.142313
v -0.265900 -0.306452 -0.177419
v -0.241935 -0.306452 -0.187733
v -0.241935 -0.319214 -0.112903
v -0.253765 -0.306452 -0.112903
v -0.241935 -0.306452 -0.100884
v -0.241935 -0.296230 -0.177419
v -0.241935 -0.293875 -0.145161
v -0.241935 -0.301523 -0.112903
v -0.209677 -0.338710 -0.193661
v -0.209677 -0.346960 -0.177419
v -0.209677 -0.346824 -0.145161
v -0.209677 -0.341632 -0.112903
v -0.221804 -0.338710 -0.112903
v -0.209677 -0.338710 -0.098858
v -0.210873 -0.338710 0.016129
v -0.209677 -0.338710 0.012033
v -0.209677 -0.339186 0.016129
v -0.209677 -0.343092 0.048387
v -0.220303 -0.338710 0.048387
v -0.209677 -0.342525 0.080645
v -0.220000 -0.338710 0.080645
v -0.209677 -0.338934 0.112903
v -0.210170 -0.338710 0.112903
v -0.209677 -0.338710 0.113457
v -0.209677 -0.306452 -0.208135
v -0.209677 -0.330043 -0.080645
v -0.230923 -0.306452 -0.080645
v -0.209677 -0.324576 -0.048387
v -0.224557 -0.306452 -0.048387
v -0.209677 -0.331014 -0.016129
v -0.226131 -0.306452 -0.016129
v -0.230761 -0.306452 0.016129
v -0.234553 -0.306452 0.048387
v -0.234232 -0.306452 0.080645
v -0.227875 -0.306452 0.112903
v -0.209677 -0.306452 0.144278
v -0.214806 -0.274194 -0.177419
v -0.209677 -0.274194 -0.181734
v -0.219221 -0.274194 -0.145161
v -0.214600 -0.274194 -0.112903
v -0.209677 -0.274194 -0.096082
v -0.209677 -0.281291 -0.080645
v -0.209677 -0.285619 -0.048387
v -0.209677 -0.284041 -0.016129
v -0.209677 -0.279428 0.016129
v -0.209677 -0.278340 0.048387
v -0.209677 -0.281888 0.080645
v -0.209677 -0.290576 0.112903
v -0.209677 -0.270768 -0.177419
v -0.209677 -0.267192 -0.145161
v -0.209677 -0.270128 -0.112903
v -0.186824 -0.338710 -0.209677
v -0.177419 -0.338710 -0.214155
v -0.177419 -0.342514 -0.209677
v -0.177419 -0.352776 -0.177419
v -0.177419 -0.351135 -0.145161
v -0.177419 -0.348117 -0.112903
v -0.177419 -0.343459 -0.080645
v -0.196116 -0.338710 -0.080645
v -0.177419 -0.341999 -0.048387
v -0.188724 -0.338710 -0.048387
v -0.177419 -0.343641 -0.016129
v -0.197951 -0.338710 -0.016129
v -0.177419 -0.346410 0.016129
v -0.177419 -0.347650 0.048387
v -0.177419 -0.347637 0.080645
v -0.177419 -0.344699 0.112903
v -0.177419 -0.338710 0.137171
v -0.207908 -0.306452 -0.209677
v -0.177419 -0.306452 -0.225351
v -0.177419 -0.334503 0.145161
v -0.209004 -0.306452 0.145161
v -0.177419 -0.306452 0.170648
v -0.180444 -0.274194 -0.209677
v -0.177419 -0.274194 -0.211848
v -0.206047 -0.274194 -0.080645
v -0.204334 -0.274194 -0.048387
v -0.204677 -0.274194 -0.016129
v -0.206528 -0.274194 0.016129
v -0.206643 -0.274194 0.048387
v -0.203239 -0.274194 0.080645
v -0.193286 -0.274194 0.112903
v -0.177419 -0.274194 0.137627
v -0.177419 -0.280238 0.145161
v -0.177419 -0.271438 -0.209677
v -0.179583 -0.241935 -0.177419
v -0.177419 -0.241935 -0.179928
v -0.188258 -0.241935 -0.145161
v -0.188409 -0.241935 -0.112903
v -0.187279 -0.241935 -0.080645
v -0.186506 -0.241935 -0.048387
v -0.187265 -0.241935 -0.016129
v -0.185789 -0.241935 0.016129
v -0.182686 -0.241935 0.048387
v -0.177419 -0.241935 0.066516
v -0.177419 -0.247819 0.080645
v -0.177419 -0.260010 0.112903
v -0.177419 -0.239470 -0.177419
v -0.177419 -0.226836 -0.145161
v -0.177419 -0.223818 -0.112903
v -0.177419 -0.223101 -0.080645
v -0.177419 -0.223107 -0.048387
v -0.177419 -0.221194 -0.016129
v -0.177419 -0.225785 0.016129
v -0.177419 -0.233494 0.048387
v -0.145161 -0.338710 -0.230957
v -0.145161 -0.353816 -0.209677
v -0.145161 -0.358228 -0.177419
v -0.145161 -0.356402 -0.145161
v -0.145161 -0.353445 -0.112903
v -0.145161 -0.351264 -0.080645
v -0.145161 -0.349467 -0.048387
v -0.145161 -0.350262 -0.016129
v -0.145161 -0.350279 0.016129
v -0.145161 -0.350758 0.048387
v -0.145161 -0.349506 0.080645
v -0.145161 -0.347819 0.112903
v -0.145161 -0.341732 0.145161
v -0.164265 -0.338710 0.145161
v -0.145161 -0.338710 0.151892
v -0.150155 -0.306452 -0.241935
v -0.145161 -0.306452 -0.244964
v -0.145161 -0.314760 -0.241935
v -0.145161 -0.319533 0.177419
v -0.167081 -0.306452 0.177419
v -0.145161 -0.306452 0.186944
v -0.145161 -0.298858 -0.241935
v -0.145161 -0.274194 -0.231938
v -0.171594 -0.274194 0.145161
v -0.145161 -0.274194 0.165666
v -0.145161 -0.290828 0.177419
v -0.151493 -0.241935 -0.209677
v -0.145161 -0.241935 -0.214847
v -0.172992 -0.241935 0.080645
v -0.161687 -0.241935 0.112903
v -0.145161 -0.241935 0.134302
v -0.145161 -0.252561 0.145161
v -0.145161 -0.234547 -0.209677
v -0.156558 -0.209677 -0.177419
v -0.145161 -0.209677 -0.190443
v -0.167132 -0.209677 -0.145161
v -0.170042 -0.209677 -0.112903
v -0.170888 -0.209677 -0.080645
v -0.171293 -0.209677 -0.048387
v -0.171903 -0.209677 -0.016129
v -0.170023 -0.209677 0.016129
v -0.166126 -0.209677 0.048387
v -0.160007 -0.209677 0.080645
v -0.145161 -0.209677 0.110807
v -0.145161 -0.212271 0.112903
v -0.145161 -0.185625 -0.177419
v -0.157689 -0.177419 -0.145161
v -0.145161 -0.177419 -0.170977
v -0.162194 -0.177419 -0.112903
v -0.164333 -0.177419 -0.080645
v -0.164975 -0.177419 -0.048387
v -0.165802 -0.177419 -0.016129
v -0.164874 -0.177419 0.016129
v -0.161934 -0.177419 0.048387
v -0.155296 -0.177419 0.080645
v -0.145161 -0.177419 0.099547
v -0.145161 -0.148731 -0.145161
v -0.154624 -0.145161 -0.112903
v -0.145161 -0.145161 -0.140677
v -0.159278 -0.145161 -0.080645
v -0.161603 -0.145161 -0.048387
v -0.162477 -0.145161 -0.016129
v -0.162277 -0.145161 0.016129
v -0.159401 -0.145161 0.048387
v -0.153180 -0.145161 0.080645
v -0.145161 -0.145161 0.095455
v -0.145161 -0.116206 -0.112903
v -0.154541 -0.112903 -0.080645
v -0.145161 -0.112903 -0.109675
v -0.158477 -0.112903 -0.048387
v -0.160460 -0.112903 -0.016129
v -0.159967 -0.112903 0.016129
v -0.156938 -0.112903 0.048387
v -0.149064 -0.112903 0.080645
v -0.145161 -0.112903 0.088491
v -0.147148 -0.080645 -0.080645
v -0.145161 -0.080645 -0.085410
v -0.153962 -0.080645 -0.048387
v -0.157110 -0.080645 -0.016129
v -0.155867 -0.080645 0.016129
v -0.151219 -0.080645 0.048387
v -0.145161 -0.080645 0.066517
v -0.145161 -0.098848 0.080645
v -0.145161 -0.067932 -0.080645
v -0.151111 -0.048387 -0.048387
v -0.145161 -0.048387 -0.070418
v -0.154498 -0.048387 -0.016129
v -0.152851 -0.048387 0.016129
v -0.145161 -0.048387 0.047686
v -0.145161 -0.049320 0.048387
v -0.149218 -0.016129 -0.048387
v -0.145161 -0.016129 -0.060736
v -0.151955 -0.016129 -0.016129
v -0.148626 -0.016129 0.016129
v -0.145161 -0.016129 0.027706
v -0.151388 0.016129 -0.048387
v -0.145161 0.016129 -0.067908
v -0.153108 0.016129 -0.016129
v -0.150007 0.016129 0.016129
v -0.145161 0.016129 0.030460
v -0.154156 0.048387 -0.048387
v -0.145161 0.048387 -0.075994
v -0.155723 0.048387 -0.016129
v -0.151135 0.048387 0.016129
v -0.145161 0.048387 0.032893
v -0.155298 0.080645 -0.048387
v -0.145161 0.080645 -0.080508
v -0.156196 0.080645 -0.016129
v -0.151280 0.080645 0.016129
v -0.145161 0.080645 0.030455
v -0.152954 0.112903 -0.048387
v -0.145161 0.112903 -0.069536
v -0.152851 0.112903 -0.016129
v -0.145161 0.112903 0.014703
v -0.145161 0.111083 0.016129
v -0.148118 0.145161 -0.048387
v -0.145161 0.145161 -0.055734
v -0.147984 0.145161 -0.016129
v -0.145161 0.145161 -0.005949
v -0.145161 0.160137 -0.048387
v -0.145161 0.163062 -0.016129
v -0.122467 -0.338710 -0.241935
v -0.112903 -0.338710 -0.246128
v -0.112903 -0.342924 -0.241935
v -0.112903 -0.358550 -0.209677
v -0.112903 -0.360687 -0.177419
v -0.112903 -0.357906 -0.145161
v -0.112903 -0.354849 -0.112903
v -0.112903 -0.352820 -0.080645
v -0.112903 -0.351650 -0.048387
v -0.112903 -0.351297 -0.016129
v -0.112903 -0.350681 0.016129
v -0.112903 -0.350152 0.048387
v -0.112903 -0.349018 0.080645
v -0.112903 -0.346820 0.112903
v -0.112903 -0.341626 0.145161
v -0.112903 -0.338710 0.152251
v -0.112903 -0.306452 -0.255367
v -0.112903 -0.322968 0.177419
v -0.112903 -0.306452 0.191672
v -0.122650 -0.274194 -0.241935
v -0.112903 -0.274194 -0.246177
v -0.112911 -0.274194 0.177419
v -0.112903 -0.274194 0.177422
v -0.112903 -0.267641 -0.241935
v -0.112903 -0.241935 -0.226760
v -0.131230 -0.241935 0.145161
v -0.112903 -0.241935 0.155867
v -0.112903 -0.274190 0.177419
v -0.112903 -0.211927 -0.209677
v -0.112903 -0.209677 -0.207939
v -0.143422 -0.209677 0.112903
v -0.112903 -0.209677 0.138897
v -0.112903 -0.221173 0.145161
v -0.138818 -0.177419 -0.177419
v -0.112903 -0.177419 -0.192071
v -0.135726 -0.177419 0.112903
v -0.112903 -0.177419 0.136266
v -0.112903 -0.149036 -0.177419
v -0.142648 -0.145161 -0.145161
v -0.112903 -0.145161 -0.174634
v -0.133901 -0.145161 0.112903
v -0.112903 -0.145161 0.136795
v -0.124647 -0.112903 -0.145161
v -0.112903 -0.112903 -0.156770
v -0.143544 -0.112903 -0.112903
v -0.131933 -0.112903 0.112903
v -0.112903 -0.112903 0.135741
v -0.112903 -0.092076 -0.145161
v -0.131850 -0.080645 -0.112903
v -0.112903 -0.080645 -0.137703
v -0.139545 -0.080645 0.080645
v -0.124176 -0.080645 0.112903
v -0.112903 -0.080645 0.126498
v -0.125342 -0.048387 -0.112903
v -0.112903 -0.048387 -0.126191
v -0.141646 -0.048387 -0.080645
v -0.144929 -0.048387 0.048387
v -0.133196 -0.048387 0.080645
v -0.117290 -0.048387 0.112903
v -0.112903 -0.048387 0.118124
v -0.117256 -0.016129 -0.112903
v -0.112903 -0.016129 -0.116911
v -0.137539 -0.016129 -0.080645
v -0.138468 -0.016129 0.048387
v -0.126967 -0.016129 0.080645
v -0.112903 -0.016129 0.103932
v -0.112903 -0.035014 0.112903
v -0.112903 0.008695 -0.112903
v -0.139591 0.016129 -0.080645
v -0.112903 0.016129 -0.111521
v -0.138051 0.016129 0.048387
v -0.124512 0.016129 0.080645
v -0.112903 0.016129 0.097561
v -0.142771 0.048387 -0.080645
v -0.112903 0.048387 -0.108995
v -0.138319 0.048387 0.048387
v -0.121807 0.048387 0.080645
v -0.112903 0.048387 0.091623
v -0.145086 0.080645 -0.080645
v -0.112903 0.080645 -0.107067
v -0.135772 0.080645 0.048387
v -0.116111 0.080645 0.080645
v -0.112903 0.080645 0.084113
v -0.138551 0.112903 -0.080645
v -0.112903 0.112903 -0.100659
v -0.144677 0.112903 0.016129
v -0.128931 0.112903 0.048387
v -0.112903 0.112903 0.069131
v -0.112903 0.087944 0.080645
v -0.130601 0.145161 -0.080645
v -0.112903 0.145161 -0.093776
v -0.138445 0.145161 0.016129
v -0.122811 0.145161 0.048387
v -0.112903 0.145161 0.059558
v -0.119314 0.177419 -0.080645
v -0.112903 0.177419 -0.085341
v -0.140805 0.177419 -0.048387
v -0.142490 0.177419 -0.016129
v -0.132701 0.177419 0.016129
v -0.115752 0.177419 0.048387
v -0.112903 0.177419 0.051340
v -0.112903 0.189531 -0.080645
v -0.131062 0.209677 -0.048387
v -0.112903 0.209677 -0.070799
v -0.133351 0.209677 -0.016129
v -0.126243 0.209677 0.016129
v -0.112903 0.209677 0.038350
v -0.112903 0.186462 0.048387
v -0.112903 0.236700 -0.048387
v -0.117138 0.241935 -0.016129
v -0.112903 0.241935 -0.033989
v -0.112903 0.241935 -0.003288
v -0.112903 0.232799 0.016129
v -0.112903 0.246351 -0.016129
v -0.080645 -0.338710 -0.251257
v -0.080645 -0.347177 -0.241935
v -0.080645 -0.359412 -0.209677
v -0.080645 -0.359705 -0.177419
v -0.080645 -0.357366 -0.145161
v -0.080645 -0.354540 -0.112903
v -0.080645 -0.353200 -0.080645
v -0.080645 -0.351635 -0.048387
v -0.080645 -0.351513 -0.016129
v -0.080645 -0.350659 0.016129
v -0.080645 -0.350104 0.048387
v -0.080645 -0.347800 0.080645
v -0.080645 -0.346417 0.112903
v -0.080645 -0.341196 0.145161
v -0.080645 -0.338710 0.152554
v -0.080645 -0.306452 -0.260339
v -0.080645 -0.326003 0.177419
v -0.080645 -0.306452 0.193113
v -0.080645 -0.274194 -0.251202
v -0.080645 -0.274194 0.183557
v -0.080645 -0.260049 -0.241935
v -0.080645 -0.241935 -0.229959
v -0.080645 -0.265605 0.177419
v -0.080645 -0.241935 0.162916
v -0.096874 -0.209677 -0.209677
v -0.080645 -0.209677 -0.211216
v -0.102066 -0.209677 0.145161
v -0.080645 -0.209677 0.154792
v -0.080645 -0.207170 -0.209677
v -0.080645 -0.177419 -0.194902
v -0.097993 -0.177419 0.145161
v -0.080645 -0.177419 0.153188
v -0.099685 -0.145161 -0.177419
v -0.080645 -0.145161 -0.180694
v -0.100094 -0.145161 0.145161
v -0.080645 -0.145161 0.154449
v -0.080645 -0.139326 -0.177419
v -0.080645 -0.112903 -0.163792
v -0.098201 -0.112903 0.145161
v -0.080645 -0.112903 0.153459
v -0.096420 -0.080645 -0.145161
v -0.080645 -0.080645 -0.150426
v -0.084220 -0.080645 0.145161
v -0.080645 -0.080645 0.147065
v -0.080645 -0.068002 -0.145161
v -0.080645 -0.048387 -0.136920
v -0.080645 -0.073560 0.145161
v -0.080645 -0.048387 0.138063
v -0.080645 -0.016129 -0.127434
v -0.104349 -0.016129 0.112903
v -0.080645 -0.016129 0.128759
v -0.109860 0.016129 -0.112903
v -0.080645 0.016129 -0.121785
v -0.096045 0.016129 0.112903
v -0.080645 0.016129 0.122341
v -0.100166 0.048387 -0.112903
v -0.080645 0.048387 -0.117468
v -0.084662 0.048387 0.112903
v -0.080645 0.048387 0.115338
v -0.085391 0.080645 -0.112903
v -0.080645 0.080645 -0.113744
v -0.080645 0.054309 0.112903
v -0.080645 0.080645 0.103102
v -0.080645 0.084358 -0.112903
v -0.080645 0.112903 -0.106493
v -0.099503 0.112903 0.080645
v -0.080645 0.112903 0.092187
v -0.080645 0.145161 -0.099856
v -0.082611 0.145161 0.080645
v -0.080645 0.145161 0.081863
v -0.080645 0.177419 -0.094474
v -0.080645 0.149178 0.080645
v -0.080645 0.177419 0.072747
v -0.095674 0.209677 -0.080645
v -0.080645 0.209677 -0.086457
v -0.104778 0.209677 0.048387
v -0.080645 0.209677 0.065256
v -0.080645 0.221263 -0.080645
v -0.107676 0.241935 -0.048387
v -0.080645 0.241935 -0.067560
v -0.105730 0.241935 0.016129
v -0.080827 0.241935 0.048387
v -0.080645 0.241935 0.048528
v -0.080645 0.259143 -0.048387
v -0.080645 0.270423 -0.016129
v -0.080645 0.262618 0.016129
v -0.080645 0.242093 0.048387
v -0.048387 -0.338710 -0.253246
v -0.048387 -0.348250 -0.241935
v -0.048387 -0.356636 -0.209677
v -0.048387 -0.356201 -0.177419
v -0.048387 -0.354251 -0.145161
v -0.048387 -0.351909 -0.112903
v -0.048387 -0.350151 -0.080645
v -0.048387 -0.348979 -0.048387
v -0.048387 -0.348318 -0.016129
v -0.048387 -0.348267 0.016129
v -0.048387 -0.346662 0.048387
v -0.048387 -0.345852 0.080645
v -0.048387 -0.343769 0.112903
v -0.048387 -0.340939 0.145161
v -0.048387 -0.338710 0.151927
v -0.048387 -0.306452 -0.262488
v -0.048387 -0.326303 0.177419
v -0.048387 -0.306452 0.194826
v -0.048387 -0.274194 -0.252258
v -0.048387 -0.274194 0.185101
v -0.048387 -0.260307 -0.241935
v -0.048387 -0.241935 -0.228718
v -0.048387 -0.262299 0.177419
v -0.048387 -0.241935 0.165991
v -0.048387 -0.213355 -0.209677
v -0.069280 -0.209677 -0.209677
v -0.048387 -0.209677 -0.206765
v -0.048387 -0.209677 0.158687
v -0.048387 -0.177419 -0.191582
v -0.048387 -0.177419 0.157486
v -0.048387 -0.149371 -0.177419
v -0.062849 -0.145161 -0.177419
v -0.048387 -0.145161 -0.174857
v -0.048387 -0.145161 0.157928
v -0.048387 -0.112903 -0.162282
v -0.048387 -0.112903 0.157744
v -0.048387 -0.080645 -0.151326
v -0.048387 -0.080645 0.152942
v -0.048387 -0.067003 -0.145161
v -0.048387 -0.048387 -0.136704
v -0.052913 -0.048387 0.145161
v -0.048387 -0.048387 0.146230
v -0.048387 -0.016129 -0.128134
v -0.048387 -0.045136 0.145161
v -0.048387 -0.016129 0.135998
v -0.048387 0.016129 -0.120915
v -0.048387 0.016129 0.129958
v -0.048387 0.048387 -0.115509
v -0.048387 0.048387 0.123533
v -0.048387 0.064001 -0.112903
v -0.073262 0.080645 -0.112903
v -0.048387 0.080645 -0.110077
v -0.049348 0.080645 0.112903
v -0.048387 0.080645 0.113206
v -0.048387 0.112903 -0.104497
v -0.048387 0.081236 0.112903
v -0.048387 0.112903 0.100154
v -0.048387 0.145161 -0.099725
v -0.048387 0.145161 0.092362
v -0.048387 0.177419 -0.095658
v -0.064367 0.177419 0.080645
v -0.048387 0.177419 0.087390
v -0.048387 0.209677 -0.090850
v -0.048387 0.205680 0.080645
v -0.048387 0.209677 0.079411
v -0.048387 0.234738 -0.080645
v -0.048387 0.241935 -0.076485
v -0.048387 0.241935 0.064329
v -0.048694 0.274194 -0.048387
v -0.048387 0.274194 -0.048558
v -0.074322 0.274194 -0.016129
v -0.064017 0.274194 0.016129
v -0.048387 0.274194 0.031886
v -0.048387 0.261947 0.048387
v -0.048387 0.274343 -0.048387
v -0.048387 0.286204 -0.016129
v -0.048387 0.283517 0.016129
v -0.016129 -0.338710 -0.249471
v -0.016129 -0.344492 -0.241935
v -0.016129 -0.353380 -0.209677
v -0.016129 -0.352956 -0.177419
v -0.016129 -0.351148 -0.145161
v -0.016129 -0.348471 -0.112903
v -0.016129 -0.346963 -0.080645
v -0.016129 -0.344995 -0.048387
v -0.016129 -0.344959 -0.016129
v -0.016129 -0.344698 0.016129
v -0.016129 -0.344363 0.048387
v -0.016129 -0.343516 0.080645
v -0.016129 -0.343700 0.112903
v -0.016129 -0.341087 0.145161
v -0.016129 -0.338710 0.156046
v -0.016129 -0.306452 -0.261662
v -0.016129 -0.331437 0.177419
v -0.016129 -0.306452 0.197155
v -0.016129 -0.274194 -0.250707
v -0.016129 -0.274194 0.188771
v -0.016129 -0.263027 -0.241935
v -0.016129 -0.241935 -0.226167
v -0.016129 -0.256620 0.177419
v -0.016129 -0.241935 0.168371
v -0.016129 -0.220259 -0.209677
v -0.016129 -0.209677 -0.201371
v -0.016129 -0.209677 0.161045
v -0.016129 -0.177419 -0.187238
v -0.016129 -0.177419 0.158966
v -0.016129 -0.157269 -0.177419
v -0.016129 -0.145161 -0.171185
v -0.016129 -0.145161 0.158836
v -0.016129 -0.112903 -0.160047
v -0.016129 -0.112903 0.158124
v -0.016129 -0.080645 -0.148915
v -0.016129 -0.080645 0.154699
v -0.016129 -0.072084 -0.145161
v -0.016129 -0.048387 -0.135515
v -0.016129 -0.048387 0.149477
v -0.016129 -0.016129 -0.125664
v -0.016129 -0.033585 0.145161
v -0.016129 -0.016129 0.139607
v -0.016129 0.016129 -0.117507
v -0.016129 0.016129 0.133802
v -0.016129 0.035543 -0.112903
v -0.033849 0.048387 -0.112903
v -0.016129 0.048387 -0.109722
v -0.016129 0.048387 0.128370
v -0.016129 0.080645 -0.104915
v -0.016129 0.080645 0.120199
v -0.016129 0.112903 -0.100702
v -0.016129 0.097571 0.112903
v -0.016129 0.112903 0.106130
v -0.016129 0.145161 -0.097403
v -0.016129 0.145161 0.097668
v -0.016129 0.177419 -0.094876
v -0.016129 0.177419 0.093770
v -0.016129 0.209677 -0.091593
v -0.045301 0.209677 0.080645
v -0.016129 0.209677 0.088934
v -0.016129 0.241746 -0.080645
v -0.016129 0.241935 -0.080546
v -0.016129 0.227943 0.080645
v -0.016129 0.241935 0.072771
v -0.016129 0.274194 -0.055037
v -0.022638 0.274194 0.048387
v -0.016129 0.274194 0.051286
v -0.016129 0.280135 -0.048387
v -0.016129 0.293528 -0.016129
v -0.016129 0.291204 0.016129
v -0.016129 0.277117 0.048387
v 0.016129 -0.338710 -0.251169
v 0.016129 -0.345622 -0.241935
v 0.016129 -0.352677 -0.209677
v 0.016129 -0.352703 -0.177419
v 0.016129 -0.350032 -0.145161
v 0.016129 -0.346812 -0.112903
v 0.016129 -0.343904 -0.080645
v 0.016129 -0.342517 -0.048387
v 0.016129 -0.340846 -0.016129
v 0.016129 -0.340905 0.016129
v 0.016129 -0.341078 0.048387
v 0.016129 -0.342966 0.080645
v 0.016129 -0.343867 0.112903
v 0.016129 -0.343867 0.145161
v 0.016129 -0.338710 0.173426
v 0.016129 -0.306452 -0.263426
v 0.016129 -0.337427 0.177419
v 0.016129 -0.306452 0.205298
v 0.016129 -0.274194 -0.253444
v 0.016129 -0.274194 0.192984
v 0.016129 -0.259454 -0.241935
v 0.016129 -0.241935 -0.228763
v 0.016129 -0.244845 0.177419
v 0.016129 -0.241935 0.175633
v 0.016129 -0.216011 -0.209677
v 0.016129 -0.209677 -0.204440
v 0.016129 -0.209677 0.163627
v 0.016129 -0.177419 -0.188441
v 0.016129 -0.177419 0.160721
v 0.016129 -0.154816 -0.177419
v 0.016129 -0.145161 -0.172406
v 0.016129 -0.145161 0.160035
v 0.016129 -0.112903 -0.161475
v 0.016129 -0.112903 0.158676
v 0.016129 -0.080645 -0.151485
v 0.016129 -0.080645 0.154975
v 0.016129 -0.066799 -0.145161
v 0.016129 -0.048387 -0.136494
v 0.016129 -0.048387 0.149780
v 0.016129 -0.016129 -0.124791
v 0.016129 -0.032023 0.145161
v 0.016129 -0.016129 0.140299
v 0.016129 0.016129 -0.113318
v 0.016129 0.016129 0.134338
v 0.016129 0.017692 -0.112903
v 0.016129 0.048387 -0.105864
v 0.016129 0.048387 0.129126
v 0.016129 0.080645 -0.100950
v 0.016129 0.080645 0.122073
v 0.016129 0.112903 -0.097101
v 0.016129 0.105378 0.112903
v 0.016129 0.112903 0.109562
v 0.016129 0.145161 -0.093571
v 0.016129 0.145161 0.099311
v 0.016129 0.177419 -0.091022
v 0.016129 0.177419 0.094483
v 0.016129 0.209677 -0.087087
v 0.016129 0.209677 0.089572
v 0.016129 0.226841 -0.080645
v 0.016129 0.241935 -0.073713
v 0.016129 0.228778 0.080645
v 0.016129 0.241935 0.072616
v 0.016129 0.274194 -0.049264
v 0.016129 0.274194 0.048743
v 0.016129 0.274993 -0.048387
v 0.016129 0.289274 -0.016129
v 0.016129 0.288687 0.016129
v 0.016129 0.274543 0.048387
v 0.048387 -0.338710 -0.256342
v 0.048387 -0.348853 -0.241935
v 0.048387 -0.355464 -0.209677
v 0.048387 -0.354362 -0.177419
v 0.048387 -0.352120 -0.145161
v 0.048387 -0.348517 -0.112903
v 0.048387 -0.345297 -0.080645
v 0.048387 -0.341254 -0.048387
v 0.048387 -0.340246 -0.016129
v 0.048387 -0.339951 0.016129
v 0.048387 -0.341453 0.048387
v 0.048387 -0.342725 0.080645
v 0.048387 -0.346533 0.112903
v 0.048387 -0.347442 0.145161
v 0.048387 -0.345974 0.177419
v 0.019001 -0.338710 0.177419
v 0.048387 -0.338710 0.195563
v 0.048387 -0.306452 -0.269561
v 0.048387 -0.322173 0.209677
v 0.026898 -0.306452 0.209677
v 0.048387 -0.306452 0.216606
v 0.048387 -0.274194 -0.260227
v 0.048387 -0.292608 0.209677
v 0.048387 -0.274194 0.201486
v 0.048387 -0.245893 -0.241935
v 0.048387 -0.241935 -0.238918
v 0.021766 -0.241935 0.177419
v 0.048387 -0.241935 0.184302
v 0.030241 -0.209677 -0.209677
v 0.048387 -0.209677 -0.215997
v 0.048387 -0.228579 0.177419
v 0.048387 -0.209677 0.168122
v 0.048387 -0.200095 -0.209677
v 0.048387 -0.177419 -0.196035
v 0.048387 -0.177419 0.162030
v 0.033036 -0.145161 -0.177419
v 0.048387 -0.145161 -0.182454
v 0.048387 -0.145161 0.160287
v 0.048387 -0.134846 -0.177419
v 0.048387 -0.112903 -0.167545
v 0.048387 -0.112903 0.158044
v 0.048387 -0.080645 -0.156292
v 0.048387 -0.080645 0.153345
v 0.048387 -0.055020 -0.145161
v 0.048387 -0.048387 -0.141649
v 0.048387 -0.048387 0.146529
v 0.048387 -0.016129 -0.126317
v 0.048387 -0.043747 0.145161
v 0.048387 -0.016129 0.137248
v 0.048387 0.015978 -0.112903
v 0.043874 0.016129 -0.112903
v 0.048387 0.016129 -0.112829
v 0.048387 0.016129 0.132022
v 0.048387 0.048387 -0.103490
v 0.048387 0.048387 0.127068
v 0.048387 0.080645 -0.097104
v 0.048387 0.080645 0.119379
v 0.048387 0.112903 -0.091456
v 0.048387 0.095947 0.112903
v 0.048387 0.112903 0.105090
v 0.048387 0.145161 -0.085364
v 0.048387 0.145161 0.095311
v 0.048387 0.177419 -0.080822
v 0.048387 0.177419 0.088433
v 0.048387 0.178056 -0.080645
v 0.031417 0.209677 -0.080645
v 0.048387 0.209677 -0.071772
v 0.042586 0.209677 0.080645
v 0.048387 0.202457 0.080645
v 0.048387 0.209677 0.077642
v 0.048387 0.241935 -0.057322
v 0.048387 0.241935 0.060201
v 0.048387 0.251121 -0.048387
v 0.017328 0.274194 -0.048387
v 0.043025 0.274194 -0.016129
v 0.048387 0.269970 -0.016129
v 0.043115 0.274194 0.016129
v 0.048387 0.270145 0.016129
v 0.016709 0.274194 0.048387
v 0.048387 0.255310 0.048387
v 0.080645 -0.338710 -0.259612
v 0.080645 -0.352245 -0.241935
v 0.080645 -0.358452 -0.209677
v 0.080645 -0.357374 -0.177419
v 0.080645 -0.354459 -0.145161
v 0.080645 -0.351071 -0.112903
v 0.080645 -0.347182 -0.080645
v 0.080645 -0.343331 -0.048387
v 0.080645 -0.340507 -0.016129
v 0.080645 -0.340424 0.016129
v 0.080645 -0.342041 0.048387
v 0.080645 -0.345107 0.080645
v 0.080645 -0.348255 0.112903
v 0.080645 -0.350264 0.145161
v 0.080645 -0.349202 0.177419
v 0.080645 -0.340717 0.209677
v 0.073336 -0.338710 0.209677
v 0.080645 -0.338710 0.212629
v 0.080645 -0.306452 -0.273306
v 0.080645 -0.306452 0.225824
v 0.080645 -0.274194 -0.264813
v 0.074024 -0.274194 0.209677
v 0.080645 -0.274194 0.211950
v 0.059395 -0.241935 -0.241935
v 0.080645 -0.241935 -0.247190
v 0.080645 -0.271659 0.209677
v 0.080645 -0.241935 0.189620
v 0.080645 -0.235406 -0.241935
v 0.080645 -0.209677 -0.223157
v 0.080645 -0.219541 0.177419
v 0.080645 -0.209677 0.171327
v 0.080645 -0.186239 -0.209677
v 0.080645 -0.177419 -0.203735
v 0.080645 -0.177419 0.162795
v 0.080645 -0.145161 -0.189484
v 0.080645 -0.145161 0.159873
v 0.080645 -0.119146 -0.177419
v 0.080645 -0.112903 -0.174245
v 0.080645 -0.112903 0.156250
v 0.080645 -0.080645 -0.161560
v 0.080645 -0.080645 0.149992
v 0.074734 -0.048387 -0.145161
v 0.080645 -0.048387 -0.145957
v 0.054801 -0.048387 0.145161
v 0.080645 -0.064984 0.145161
v 0.080645 -0.048387 0.139483
v 0.080645 -0.046979 -0.145161
v 0.080645 -0.016129 -0.128150
v 0.080645 -0.016129 0.131903
v 0.080645 0.013787 -0.112903
v 0.080645 0.016129 -0.111575
v 0.080645 0.016129 0.126013
v 0.080645 0.048387 -0.099898
v 0.080645 0.048387 0.120520
v 0.080645 0.080645 -0.090302
v 0.070072 0.080645 0.112903
v 0.080645 0.070581 0.112903
v 0.080645 0.080645 0.108656
v 0.080645 0.108163 -0.080645
v 0.076937 0.112903 -0.080645
v 0.080645 0.112903 -0.078405
v 0.080645 0.112903 0.095762
v 0.058433 0.145161 -0.080645
v 0.080645 0.145161 -0.064902
v 0.080645 0.145161 0.081286
v 0.048674 0.177419 -0.080645
v 0.080645 0.177419 -0.053566
v 0.061675 0.177419 0.080645
v 0.080645 0.146527 0.080645
v 0.080645 0.177419 0.063198
v 0.072238 0.209677 -0.048387
v 0.080645 0.187628 -0.048387
v 0.080645 0.209677 -0.033134
v 0.076601 0.209677 0.048387
v 0.080645 0.201632 0.048387
v 0.080645 0.209677 0.039320
v 0.056748 0.241935 -0.048387
v 0.080645 0.223584 -0.016129
v 0.070173 0.241935 -0.016129
v 0.069949 0.241935 0.016129
v 0.080645 0.224258 0.016129
v 0.060228 0.241935 0.048387
v 0.112903 -0.338710 -0.259803
v 0.112903 -0.353655 -0.241935
v 0.112903 -0.362273 -0.209677
v 0.112903 -0.361535 -0.177419
v 0.112903 -0.358092 -0.145161
v 0.112903 -0.354153 -0.112903
v 0.112903 -0.350737 -0.080645
v 0.112903 -0.347161 -0.048387
v 0.112903 -0.344709 -0.016129
v 0.112903 -0.344261 0.016129
v 0.112903 -0.345579 0.048387
v 0.112903 -0.347641 0.080645
v 0.112903 -0.350824 0.112903
v 0.112903 -0.352425 0.145161
v 0.112903 -0.352069 0.177419
v 0.112903 -0.344800 0.209677
v 0.112903 -0.338710 0.218780
v 0.112903 -0.306452 -0.272801
v 0.112903 -0.306452 0.229861
v 0.112903 -0.274194 -0.264903
v 0.112903 -0.274194 0.216866
v 0.112903 -0.241935 -0.249705
v 0.112903 -0.266313 0.209677
v 0.112903 -0.241935 0.191193
v 0.112903 -0.231844 -0.241935
v 0.112903 -0.209677 -0.224869
v 0.112903 -0.219356 0.177419
v 0.112903 -0.209677 0.170346
v 0.112903 -0.182576 -0.209677
v 0.112903 -0.177419 -0.205951
v 0.112903 -0.177419 0.159727
v 0.112903 -0.145161 -0.189902
v 0.112903 -0.145161 0.152855
v 0.112903 -0.118895 -0.177419
v 0.112903 -0.112903 -0.174093
v 0.112903 -0.112903 0.145674
v 0.112903 -0.080645 -0.160317
v 0.091580 -0.080645 0.145161
v 0.112903 -0.111434 0.145161
v 0.112903 -0.080645 0.134558
v 0.112903 -0.050870 -0.145161
v 0.092975 -0.048387 -0.145161
v 0.112903 -0.048387 -0.143402
v 0.112903 -0.048387 0.126653
v 0.112903 -0.016129 -0.121868
v 0.112903 -0.016129 0.116467
v 0.112903 -0.001373 -0.112903
v 0.112903 0.016129 -0.100379
v 0.104388 0.016129 0.112903
v 0.112903 -0.003781 0.112903
v 0.112903 0.016129 0.105319
v 0.112903 0.048387 -0.083206
v 0.093855 0.048387 0.112903
v 0.112903 0.048387 0.095582
v 0.112903 0.052787 -0.080645
v 0.095563 0.080645 -0.080645
v 0.112903 0.080645 -0.057823
v 0.112903 0.080645 0.081545
v 0.105155 0.112903 -0.048387
v 0.112903 0.093454 -0.048387
v 0.112903 0.112903 -0.030028
v 0.098153 0.112903 0.080645
v 0.112903 0.082125 0.080645
v 0.112903 0.112903 0.053000
v 0.092424 0.145161 -0.048387
v 0.112903 0.123275 -0.016129
v 0.103639 0.145161 -0.016129
v 0.106034 0.145161 0.016129
v 0.112903 0.128531 0.016129
v 0.100312 0.145161 0.048387
v 0.112903 0.117458 0.048387
v 0.081374 0.145161 0.080645
v 0.084457 0.177419 -0.048387
v 0.096183 0.177419 -0.016129
v 0.096982 0.177419 0.016129
v 0.090923 0.177419 0.048387
v 0.087687 0.209677 -0.016129
v 0.088547 0.209677 0.016129
v 0.145161 -0.338710 -0.251468
v 0.145161 -0.348838 -0.241935
v 0.145161 -0.362570 -0.209677
v 0.145161 -0.365906 -0.177419
v 0.145161 -0.361611 -0.145161
v 0.145161 -0.356998 -0.112903
v 0.145161 -0.353455 -0.080645
v 0.145161 -0.350910 -0.048387
v 0.145161 -0.348886 -0.016129
v 0.145161 -0.348407 0.016129
v 0.145161 -0.349003 0.048387
v 0.145161 -0.350590 0.080645
v 0.145161 -0.352376 0.112903
v 0.145161 -0.353944 0.145161
v 0.145161 -0.352363 0.177419
v 0.145161 -0.343033 0.209677
v 0.145161 -0.338710 0.215509
v 0.145161 -0.306452 -0.260257
v 0.145161 -0.306452 0.225601
v 0.145161 -0.274194 -0.255492
v 0.145161 -0.274194 0.211184
v 0.145161 -0.250596 -0.241935
v 0.131763 -0.241935 -0.241935
v 0.145161 -0.241935 -0.235925
v 0.145161 -0.272606 0.209677
v 0.145161 -0.241935 0.186134
v 0.145161 -0.209677 -0.213332
v 0.145161 -0.230700 0.177419
v 0.145161 -0.209677 0.160935
v 0.145161 -0.204409 -0.209677
v 0.145161 -0.177419 -0.191215
v 0.145161 -0.177419 0.145862
v 0.145161 -0.151493 -0.177419
v 0.137971 -0.145161 -0.177419
v 0.145161 -0.145161 -0.172791
v 0.126103 -0.145161 0.145161
v 0.145161 -0.175816 0.145161
v 0.145161 -0.145161 0.132418
v 0.145161 -0.112903 -0.157512
v 0.113636 -0.112903 0.145161
v 0.145161 -0.112903 0.122933
v 0.145161 -0.088134 -0.145161
v 0.139584 -0.080645 -0.145161
v 0.145161 -0.080645 -0.139910
v 0.142002 -0.080645 0.112903
v 0.145161 -0.086873 0.112903
v 0.145161 -0.080645 0.109447
v 0.145161 -0.048387 -0.115246
v 0.128335 -0.048387 0.112903
v 0.145161 -0.048387 0.091068
v 0.145161 -0.045408 -0.112903
v 0.123993 -0.016129 -0.112903
v 0.145161 -0.016129 -0.083277
v 0.138125 -0.016129 0.080645
v 0.145161 -0.031226 0.080645
v 0.145161 -0.016129 0.065019
v 0.116754 -0.016129 0.112903
v 0.128471 0.016129 -0.080645
v 0.145161 -0.013612 -0.080645
v 0.138726 0.016129 -0.048387
v 0.145161 0.004834 -0.048387
v 0.145161 0.016129 -0.023167
v 0.139428 0.016129 0.048387
v 0.145161 0.001868 0.048387
v 0.145161 0.016129 0.021219
v 0.129055 0.016129 0.080645
v 0.114938 0.048387 -0.080645
v 0.127343 0.048387 -0.048387
v 0.145161 0.019845 -0.016129
v 0.134349 0.048387 -0.016129
v 0.135159 0.048387 0.016129
v 0.145161 0.019008 0.016129
v 0.131419 0.048387 0.048387
v 0.122437 0.048387 0.080645
v 0.117258 0.080645 -0.048387
v 0.126090 0.080645 -0.016129
v 0.127354 0.080645 0.016129
v 0.124018 0.080645 0.048387
v 0.113560 0.080645 0.080645
v 0.117334 0.112903 -0.016129
v 0.118924 0.112903 0.016129
v 0.115033 0.112903 0.048387
v 0.162533 -0.338710 -0.241935
v 0.177419 -0.338710 -0.231851
v 0.177419 -0.356547 -0.209677
v 0.177419 -0.364154 -0.177419
v 0.177419 -0.363176 -0.145161
v 0.177419 -0.358800 -0.112903
v 0.177419 -0.355348 -0.080645
v 0.177419 -0.352949 -0.048387
v 0.177419 -0.351929 -0.016129
v 0.177419 -0.351489 0.016129
v 0.177419 -0.351674 0.048387
v 0.177419 -0.351875 0.080645
v 0.177419 -0.353437 0.112903
v 0.177419 -0.353658 0.145161
v 0.177419 -0.350324 0.177419
v 0.158940 -0.338710 0.209677
v 0.177419 -0.338710 0.200066
v 0.177419 -0.306452 -0.243583
v 0.177419 -0.311840 -0.241935
v 0.177419 -0.312953 0.209677
v 0.177419 -0.306452 0.211358
v 0.177419 -0.300873 -0.241935
v 0.166899 -0.274194 -0.241935
v 0.177419 -0.274194 -0.233935
v 0.147712 -0.274194 0.209677
v 0.177419 -0.303814 0.209677
v 0.177419 -0.274194 0.193526
v 0.177419 -0.241935 -0.214699
v 0.158950 -0.241935 0.177419
v 0.177419 -0.256514 0.177419
v 0.177419 -0.241935 0.163736
v 0.177419 -0.236133 -0.209677
v 0.149462 -0.209677 -0.209677
v 0.177419 -0.209677 -0.178025
v 0.165822 -0.209677 0.145161
v 0.177419 -0.221160 0.145161
v 0.177419 -0.209677 0.133361
v 0.158956 -0.177419 -0.177419
v 0.177419 -0.208913 -0.177419
v 0.177419 -0.177419 -0.147077
v 0.145995 -0.177419 0.145161
v 0.177419 -0.177419 0.113831
v 0.164630 -0.145161 -0.145161
v 0.177419 -0.174803 -0.145161
v 0.176774 -0.145161 -0.112903
v 0.177419 -0.146522 -0.112903
v 0.177419 -0.145161 -0.111277
v 0.164162 -0.145161 0.112903
v 0.177419 -0.175750 0.112903
v 0.177419 -0.145161 0.092764
v 0.154935 -0.112903 -0.145161
v 0.167006 -0.112903 -0.112903
v 0.177419 -0.113895 -0.080645
v 0.177049 -0.112903 -0.080645
v 0.177419 -0.112903 -0.079230
v 0.173335 -0.112903 0.080645
v 0.177419 -0.123104 0.080645
v 0.177419 -0.112903 0.070254
v 0.154989 -0.112903 0.112903
v 0.159175 -0.080645 -0.112903
v 0.167777 -0.080645 -0.080645
v 0.177419 -0.093256 -0.048387
v 0.172791 -0.080645 -0.048387
v 0.177419 -0.080645 -0.021939
v 0.172671 -0.080645 0.048387
v 0.177419 -0.092363 0.048387
v 0.177419 -0.080645 0.023991
v 0.162549 -0.080645 0.080645
v 0.146611 -0.048387 -0.112903
v 0.158613 -0.048387 -0.080645
v 0.163477 -0.048387 -0.048387
v 0.177419 -0.078174 -0.016129
v 0.166889 -0.048387 -0.016129
v 0.166146 -0.048387 0.016129
v 0.177419 -0.077316 0.016129
v 0.161557 -0.048387 0.048387
v 0.152130 -0.048387 0.080645
v 0.146328 -0.016129 -0.080645
v 0.154040 -0.016129 -0.048387
v 0.157498 -0.016129 -0.016129
v 0.157174 -0.016129 0.016129
v 0.151576 -0.016129 0.048387
v 0.146638 0.016129 -0.016129
v 0.146196 0.016129 0.016129
v 0.198477 -0.338710 -0.209677
v 0.209677 -0.338710 -0.196571
v 0.209677 -0.353077 -0.177419
v 0.209677 -0.357906 -0.145161
v 0.209677 -0.357635 -0.112903
v 0.209677 -0.355313 -0.080645
v 0.209677 -0.353916 -0.048387
v 0.209677 -0.353184 -0.016129
v 0.209677 -0.352839 0.016129
v 0.209677 -0.352320 0.048387
v 0.209677 -0.351993 0.080645
v 0.209677 -0.351348 0.112903
v 0.209677 -0.347726 0.145161
v 0.201696 -0.338710 0.177419
v 0.209677 -0.338710 0.167378
v 0.179157 -0.306452 -0.241935
v 0.209677 -0.306452 -0.210623
v 0.209677 -0.309142 -0.209677
v 0.209677 -0.321410 0.177419
v 0.179307 -0.306452 0.209677
v 0.209677 -0.306452 0.181986
v 0.198825 -0.274194 -0.209677
v 0.209677 -0.304280 -0.209677
v 0.209677 -0.274194 -0.196380
v 0.194478 -0.274194 0.177419
v 0.209677 -0.299675 0.177419
v 0.209677 -0.274194 0.160033
v 0.182044 -0.241935 -0.209677
v 0.209677 -0.252558 -0.177419
v 0.201733 -0.241935 -0.177419
v 0.209677 -0.241935 -0.164739
v 0.193672 -0.241935 0.145161
v 0.209677 -0.261007 0.145161
v 0.209677 -0.241935 0.125108
v 0.177873 -0.209677 -0.177419
v 0.209677 -0.228652 -0.145161
v 0.193733 -0.209677 -0.145161
v 0.203561 -0.209677 -0.112903
v 0.209677 -0.216546 -0.112903
v 0.209677 -0.209677 -0.097705
v 0.193955 -0.209677 0.112903
v 0.209677 -0.229136 0.112903
v 0.209677 -0.209677 0.088130
v 0.178528 -0.177419 -0.145161
v 0.188584 -0.177419 -0.112903
v 0.209677 -0.199902 -0.080645
v 0.196370 -0.177419 -0.080645
v 0.205059 -0.177419 -0.048387
v 0.209677 -0.184444 -0.048387
v 0.209677 -0.177419 -0.030585
v 0.207122 -0.177419 0.048387
v 0.209677 -0.181283 0.048387
v 0.209677 -0.177419 0.038372
v 0.195388 -0.177419 0.080645
v 0.209677 -0.202153 0.080645
v 0.178221 -0.177419 0.112903
v 0.186739 -0.145161 -0.080645
v 0.193332 -0.145161 -0.048387
v 0.209677 -0.170055 -0.016129
v 0.198256 -0.145161 -0.016129
v 0.199286 -0.145161 0.016129
v 0.209677 -0.167019 0.016129
v 0.194595 -0.145161 0.048387
v 0.185248 -0.145161 0.080645
v 0.184324 -0.112903 -0.048387
v 0.189725 -0.112903 -0.016129
v 0.190140 -0.112903 0.016129
v 0.185250 -0.112903 0.048387
v 0.178504 -0.080645 -0.016129
v 0.179010 -0.080645 0.016129
v 0.224816 -0.338710 -0.177419
v 0.241935 -0.338710 -0.148091
v 0.241935 -0.340609 -0.145161
v 0.241935 -0.348844 -0.112903
v 0.241935 -0.350720 -0.080645
v 0.241935 -0.350868 -0.048387
v 0.241935 -0.351391 -0.016129
v 0.241935 -0.350614 0.016129
v 0.241935 -0.349093 0.048387
v 0.241935 -0.345676 0.080645
v 0.241935 -0.340325 0.112903
v 0.223962 -0.338710 0.145161
v 0.241935 -0.338710 0.116258
v 0.210541 -0.306452 -0.209677
v 0.231263 -0.306452 -0.177419
v 0.241935 -0.306452 -0.159771
v 0.233320 -0.306452 0.145161
v 0.241935 -0.306452 0.132546
v 0.213739 -0.306452 0.177419
v 0.223252 -0.274194 -0.177419
v 0.241935 -0.281602 -0.145161
v 0.238973 -0.274194 -0.145161
v 0.241935 -0.274194 -0.139549
v 0.241152 -0.274194 0.112903
v 0.241935 -0.275843 0.112903
v 0.241935 -0.274194 0.111609
v 0.220662 -0.274194 0.145161
v 0.220064 -0.241935 -0.145161
v 0.241935 -0.258633 -0.112903
v 0.229111 -0.241935 -0.112903
v 0.239055 -0.241935 -0.080645
v 0.241935 -0.245505 -0.080645
v 0.241935 -0.241935 -0.072120
v 0.233426 -0.241935 0.080645
v 0.241935 -0.253303 0.080645
v 0.241935 -0.241935 0.062800
v 0.219348 -0.241935 0.112903
v 0.216050 -0.209677 -0.080645
v 0.241935 -0.233337 -0.048387
v 0.224010 -0.209677 -0.048387
v 0.229243 -0.209677 -0.016129
v 0.241935 -0.225706 -0.016129
v 0.229873 -0.209677 0.016129
v 0.241935 -0.225386 0.016129
v 0.225208 -0.209677 0.048387
v 0.241935 -0.233079 0.048387
v 0.214637 -0.209677 0.080645
v 0.213388 -0.177419 -0.016129
v 0.214848 -0.177419 0.016129
v 0.243772 -0.338710 -0.145161
v 0.255967 -0.338710 -0.112903
v 0.262860 -0.338710 -0.080645
v 0.270940 -0.338710 -0.048387
v 0.271411 -0.338710 -0.016129
v 0.269180 -0.338710 0.016129
v 0.261408 -0.338710 0.048387
v 0.252534 -0.338710 0.080645
v 0.243837 -0.338710 0.112903
v 0.251059 -0.306452 -0.145161
v 0.265065 -0.306452 -0.112903
v 0.274194 -0.306452 -0.088323
v 0.274194 -0.314979 -0.080645
v 0.274194 -0.334081 -0.048387
v 0.274194 -0.335394 -0.016129
v 0.274194 -0.332389 0.016129
v 0.274194 -0.319391 0.048387
v 0.274194 -0.306452 0.061894
v 0.265956 -0.306452 0.080645
v 0.253883 -0.306452 0.112903
v 0.254574 -0.274194 -0.112903
v 0.274194 -0.300199 -0.080645
v 0.263212 -0.274194 -0.080645
v 0.272470 -0.274194 -0.048387
v 0.274194 -0.278310 -0.048387
v 0.274194 -0.274194 -0.039138
v 0.267604 -0.274194 0.048387
v 0.274194 -0.291360 0.048387
v 0.274194 -0.274194 0.024710
v 0.256343 -0.274194 0.080645
v 0.249123 -0.241935 -0.048387
v 0.274194 -0.269633 -0.016129
v 0.254701 -0.241935 -0.016129
v 0.254408 -0.241935 0.016129
v 0.274194 -0.271244 0.016129
v 0.248716 -0.241935 0.048387
v 0.277007 -0.306452 -0.080645
v 0.283388 -0.306452 -0.048387
v 0.286180 -0.306452 -0.016129
v 0.284435 -0.306452 0.016129
v 0.279519 -0.306452 0.048387
v 0.277672 -0.274194 -0.016129
v 0.276428 -0.274194 0.016129
vn -1.000000 0.000000 0.000000
vn -0.546511 0.818954 -0.175046
vn -0.707902 -0.688014 0.159721
vn -0.712098 -0.454532 0.535086
vn -0.350487 0.932060 0.091782
vn -0.780574 -0.619392 -0.084009
vn -0.369189 -0.240341 -0.897739
vn -0.209738 -0.973393 -0.092278
vn -0.225180 -0.969688 0.094861
vn -0.775773 -0.629492 -0.043776
vn -0.558840 -0.716955 0.416741
vn -0.840242 -0.244405 -0.484003
vn -0.482389 0.126114 -0.866831
vn -0.631013 -0.622428 0.463041
vn -0.784654 0.103951 0.611156
vn -0.855619 0.158712 0.492673
vn -0.507079 0.842618 -0.181289
vn -0.547243 0.833284 0.078508
vn -0.566299 0.793923 0.221341
vn -0.434035 -0.466722 -0.770574
vn -0.192777 -0.968036 -0.160447
vn -0.184335 -0.979833 0.077125
vn -0.214597 -0.963704 0.158816
vn -0.525465 -0.756129 0.390071
vn -0.458627 -0.825734 0.328367
vn -0.826314 -0.539987 -0.160056
vn -0.731921 -0.656824 -0.181313
vn -0.202141 -0.975745 -0.084032
vn -0.193014 -0.980478 -0.037540
vn -0.824830 -0.560463 -0.074408
vn -0.213200 -0.974879 0.064471
vn -0.832585 -0.535597 0.141201
vn -0.220025 -0.969063 0.111833
vn -0.814447 -0.453861 0.361505
vn -0.388122 -0.757013 0.525635
vn -0.568817 0.288025 -0.770382
vn -0.662426 -0.682211 0.309485
vn -0.948927 -0.144876 0.280267
vn -0.672095 -0.739457 0.038633
vn -0.998419 0.037485 0.041875
vn -0.716303 -0.684898 -0.133509
vn -0.993397 -0.040619 -0.107300
vn -0.983486 0.131470 -0.124385
vn -0.988168 0.123221 -0.091322
vn -0.980802 0.176258 0.083432
vn -0.941611 0.070072 0.329331
vn -0.794458 0.000740 0.607319
vn -0.596711 0.750451 -0.284181
vn -0.518376 0.556309 -0.649466
vn -0.631444 0.775187 -0.019058
vn -0.668571 0.730434 0.139572
vn -0.705414 0.663169 0.250194
vn -0.783407 0.591146 0.191888
vn -0.842398 0.538836 0.004574
vn -0.819591 0.568624 -0.070264
vn -0.783491 0.618348 -0.061538
vn -0.744159 0.667553 0.024489
vn -0.700421 0.698988 0.144314
vn -0.643594 0.700914 0.307419
vn -0.656772 0.685617 -0.313973
vn -0.739404 0.673261 -0.001248
vn -0.774179 0.623019 0.111777
vn -0.453438 -0.558326 -0.694742
vn -0.429918 -0.332147 -0.839553
vn -0.247378 -0.907021 -0.340759
vn -0.169126 -0.981123 -0.093780
vn -0.154362 -0.985989 0.063231
vn -0.180402 -0.976882 0.114701
vn -0.228686 -0.968035 0.103004
vn -0.417074 -0.898223 0.138728
vn -0.231683 -0.972791 0.000336
vn -0.440056 -0.897053 -0.040568
vn -0.202008 -0.977497 -0.060772
vn -0.354655 -0.926652 -0.124643
vn -0.154721 -0.986590 -0.051973
vn -0.125153 -0.991792 -0.026183
vn -0.111019 -0.992937 0.041845
vn -0.139393 -0.978429 0.152469
vn -0.351984 -0.823923 0.444137
vn -0.491587 -0.090509 -0.866112
vn -0.492895 0.032817 -0.869470
vn -0.409691 -0.670845 0.618159
vn -0.632901 0.000000 0.774233
vn -0.582090 0.071458 0.809978
vn -0.531328 0.468928 -0.705547
vn -0.502681 0.388357 -0.772328
vn -0.851477 0.519859 0.068806
vn -0.882876 0.469477 0.011027
vn -0.874521 0.484857 -0.011275
vn -0.836391 0.548132 0.000735
vn -0.806334 0.590286 0.037254
vn -0.743182 0.646463 0.172531
vn -0.675178 0.684204 0.275680
vn -0.611503 0.670850 0.419552
vn -0.513969 0.603657 0.609454
vn -0.593208 0.571754 -0.566747
vn -0.636272 0.655586 -0.406650
vn -0.628651 0.552389 -0.547416
vn -0.752723 0.650337 -0.102319
vn -0.818818 0.572565 0.041310
vn -0.869619 0.493317 0.020028
vn -0.880600 0.473756 0.009987
vn -0.887804 0.460220 0.001671
vn -0.867979 0.495205 0.037212
vn -0.813035 0.575320 0.089335
vn -0.731576 0.638340 0.239411
vn -0.700934 0.669274 0.246502
vn -0.658538 0.663064 0.355913
vn -0.752522 0.531206 -0.389269
vn -0.843121 0.528123 -0.101159
vn -0.876482 0.481152 -0.016473
vn -0.895874 0.444308 -0.000727
vn -0.903832 0.427625 -0.014992
vn -0.901044 0.432856 0.027501
vn -0.891931 0.443244 0.089405
vn -0.875282 0.451784 0.172544
vn -0.408232 -0.506928 -0.759191
vn -0.211780 -0.924786 -0.316102
vn -0.146010 -0.987175 -0.064544
vn -0.104531 -0.991831 0.073101
vn -0.103923 -0.991482 0.078502
vn -0.133968 -0.988482 0.070394
vn -0.143850 -0.989407 0.019507
vn -0.118904 -0.992813 -0.013593
vn -0.074991 -0.997045 -0.016644
vn -0.043283 -0.999035 0.007431
vn -0.025134 -0.998812 0.041744
vn -0.030774 -0.992129 0.121384
vn -0.075737 -0.971276 0.225579
vn -0.197197 -0.879996 0.432111
vn -0.100542 -0.828632 0.550691
vn -0.514602 -0.227722 -0.826636
vn -0.335473 0.030335 -0.941561
vn -0.409956 -0.357483 -0.839132
vn -0.244915 -0.701890 0.668855
vn -0.450920 0.000000 0.892565
vn -0.216924 -0.000027 0.976189
vn -0.448134 0.334827 -0.828895
vn -0.423062 0.399014 -0.813515
vn -0.521141 0.607399 0.599565
vn -0.413781 0.577237 0.703977
vn -0.337851 0.531180 0.776984
vn -0.616056 0.539601 -0.573851
vn -0.388073 0.453651 -0.802247
vn -0.881658 0.404622 0.242818
vn -0.788076 0.473173 0.393755
vn -0.610355 0.535831 0.583397
vn -0.480111 0.616087 0.624444
vn -0.563350 0.510804 -0.649397
vn -0.786863 0.429020 -0.443608
vn -0.488132 0.447796 -0.749137
vn -0.904443 0.383234 -0.187390
vn -0.947383 0.315050 -0.056644
vn -0.960427 0.277952 -0.017971
vn -0.964385 0.264021 -0.015930
vn -0.967921 0.250702 0.016633
vn -0.967138 0.239531 0.085260
vn -0.947012 0.275418 0.165269
vn -0.902609 0.282279 0.324985
vn -0.847731 0.307376 0.432287
vn -0.636225 0.449310 0.627167
vn -0.769250 0.379296 -0.514188
vn -0.904939 0.317962 -0.282819
vn -0.789612 0.403895 -0.461932
vn -0.968337 0.226808 -0.104315
vn -0.983565 0.175019 -0.044375
vn -0.988535 0.149450 -0.021539
vn -0.989864 0.142016 -0.001066
vn -0.990292 0.123438 0.063918
vn -0.983264 0.105236 0.148717
vn -0.947704 0.101732 0.302503
vn -0.859662 0.126307 0.495002
vn -0.744311 0.462479 -0.481783
vn -0.939240 0.264285 -0.219047
vn -0.879776 0.333797 -0.338488
vn -0.982859 0.153757 -0.101722
vn -0.993601 0.103016 -0.046318
vn -0.996407 0.084255 -0.008663
vn -0.995419 0.080240 0.051990
vn -0.985371 0.085046 0.147683
vn -0.956458 0.088838 0.278022
vn -0.854770 0.075986 0.513414
vn -0.902288 0.302165 -0.307526
vn -0.960823 0.194378 -0.197577
vn -0.892911 0.269005 -0.361036
vn -0.988900 0.119391 -0.088442
vn -0.995633 0.092381 -0.013427
vn -0.992557 0.105413 0.060979
vn -0.982083 0.113698 0.150287
vn -0.954311 0.150032 0.258420
vn -0.866857 0.119367 0.484056
vn -0.953029 0.174503 -0.247558
vn -0.877282 0.235001 -0.418510
vn -0.982400 0.125558 -0.138296
vn -0.994761 0.099987 -0.021303
vn -0.991279 0.108056 0.075436
vn -0.967033 0.162132 0.196366
vn -0.917386 0.224746 0.328470
vn -0.866802 0.260704 0.425073
vn -0.944818 0.148021 -0.292246
vn -0.982912 0.084932 -0.163309
vn -0.947467 0.102585 -0.302955
vn -0.995846 0.089455 -0.016970
vn -0.983288 0.121832 0.135285
vn -0.957945 0.165366 0.234512
vn -0.922640 0.194013 0.333308
vn -0.989205 0.001723 -0.146531
vn -0.939835 -0.011795 -0.341425
vn -0.999844 0.017011 0.004639
vn -0.988037 0.044115 0.147773
vn -0.955553 0.095760 0.278835
vn -0.986741 -0.076211 -0.143294
vn -0.937324 -0.081436 -0.338809
vn -0.998154 -0.055872 0.023793
vn -0.984018 -0.036171 0.174356
vn -0.943045 -0.020958 0.332005
vn -0.985300 -0.053376 -0.162280
vn -0.945121 -0.054634 -0.322121
vn -0.997765 -0.046858 0.047629
vn -0.978319 -0.027648 0.205250
vn -0.932136 -0.006241 0.362055
vn -0.986522 0.023462 -0.161937
vn -0.939411 0.056612 -0.338086
vn -0.998791 0.028490 0.040068
vn -0.974191 0.073551 0.213407
vn -0.907568 0.088000 0.410581
vn -0.982513 0.115950 -0.145682
vn -0.889151 0.168154 -0.425600
vn -0.985362 0.130230 0.110009
vn -0.955069 0.173401 0.240366
vn -0.884861 0.201312 0.420112
vn -0.976233 0.159147 -0.147113
vn -0.856681 0.210339 -0.471015
vn -0.986982 0.156121 0.038634
vn -0.950456 0.161972 0.265328
vn -0.978279 0.197023 -0.064441
vn -0.975601 0.169010 0.140137
vn -0.350398 -0.603415 -0.716318
vn -0.248306 -0.320060 -0.914279
vn -0.119329 -0.875210 -0.468794
vn -0.061689 -0.974359 -0.216378
vn -0.036905 -0.999311 -0.004053
vn -0.020986 -0.996242 0.084037
vn -0.020996 -0.996997 0.074541
vn -0.027143 -0.998261 0.052329
vn -0.031526 -0.999174 0.025627
vn -0.024081 -0.999657 0.010314
vn -0.009023 -0.999853 0.014601
vn 0.010966 -0.999586 0.026603
vn 0.022805 -0.998588 0.047976
vn 0.019099 -0.993596 0.111365
vn 0.013450 -0.977524 0.210394
vn -0.023823 -0.878705 0.476770
vn -0.216810 -0.055486 -0.974636
vn -0.067007 -0.760347 0.646051
vn -0.091068 -0.132326 0.987014
vn -0.373321 0.377122 -0.847591
vn -0.204781 0.329463 -0.921694
vn -0.285275 0.553096 0.782753
vn -0.139688 0.386025 0.911851
vn -0.238630 0.501399 -0.831658
vn -0.197055 0.491495 -0.848293
vn -0.482597 0.495969 0.721883
vn -0.313265 0.484565 0.816738
vn -0.205212 0.538416 0.817310
vn -0.304304 0.520688 -0.797674
vn -0.216371 0.440478 -0.871300
vn -0.699965 0.139555 0.700410
vn -0.592526 0.291948 0.750786
vn -0.455613 0.420359 0.784675
vn -0.526441 0.473693 -0.706028
vn -0.272885 0.426204 -0.862487
vn -0.762122 0.079154 0.642577
vn -0.636701 0.062179 0.768600
vn -0.499906 0.494274 -0.711188
vn -0.714665 0.409179 -0.567297
vn -0.421271 0.440164 -0.792960
vn -0.800930 0.051407 0.596546
vn -0.676477 0.009036 0.736408
vn -0.733820 0.375984 -0.565814
vn -0.324920 0.429838 -0.842417
vn -0.804115 0.371203 -0.464335
vn -0.828763 0.161395 0.535821
vn -0.688041 0.090409 0.720018
vn -0.616966 0.423252 -0.663484
vn -0.829675 0.259821 -0.494098
vn -0.541265 0.313106 -0.780382
vn -0.891119 0.203585 0.405538
vn -0.843554 0.191061 0.501908
vn -0.610356 0.212859 0.762992
vn -0.824418 0.175150 -0.538199
vn -0.467620 0.267895 -0.842356
vn -0.893033 0.148520 -0.424776
vn -0.926409 0.183275 0.328903
vn -0.904784 0.176409 0.387615
vn -0.865209 0.195164 0.461870
vn -0.578866 0.227065 0.783170
vn -0.795080 0.112398 -0.595998
vn -0.329365 0.210140 -0.920521
vn -0.886465 0.075264 -0.456634
vn -0.936313 0.078803 0.342212
vn -0.894821 0.151138 0.420062
vn -0.809599 0.190036 0.555371
vn -0.609011 0.278363 0.742712
vn -0.722471 0.130401 -0.678993
vn -0.832471 -0.019918 -0.553711
vn -0.672362 0.018510 -0.739991
vn -0.916396 0.014973 0.399992
vn -0.892904 0.062563 0.445879
vn -0.767060 0.118448 0.630547
vn -0.749229 -0.033686 -0.661454
vn -0.554972 0.038196 -0.830992
vn -0.885655 0.059447 0.460523
vn -0.872021 0.083770 0.482246
vn -0.639006 0.190348 0.745277
vn -0.664308 0.037994 -0.746493
vn -0.444495 0.135114 -0.885533
vn -0.864529 0.144463 0.481372
vn -0.834377 0.167512 0.525124
vn -0.552557 0.235394 0.799544
vn -0.668113 0.153428 -0.728069
vn -0.429689 0.179591 -0.884938
vn -0.896349 0.178090 0.406007
vn -0.832907 0.192087 0.519007
vn -0.718372 0.249919 0.649217
vn -0.569043 0.311832 0.760889
vn -0.744871 0.214910 -0.631650
vn -0.325444 0.212755 -0.921315
vn -0.911122 0.173465 0.373853
vn -0.855367 0.173081 0.488252
vn -0.624049 0.218286 0.750276
vn -0.739932 0.266425 -0.617672
vn -0.288793 0.235436 -0.927992
vn -0.904145 0.268107 -0.332626
vn -0.962745 0.221005 0.155815
vn -0.910022 0.172108 0.377146
vn -0.862297 0.186528 0.470798
vn -0.583781 0.199590 0.786997
vn -0.621155 0.347168 -0.702596
vn -0.848776 0.394633 -0.351914
vn -0.601237 0.451074 -0.659580
vn -0.935405 0.350557 0.046123
vn -0.888902 0.318355 0.329399
vn -0.783239 0.343871 0.517967
vn -0.630560 0.229709 0.741369
vn -0.633501 0.559604 -0.534341
vn -0.865932 0.499950 0.014539
vn -0.580595 0.788878 -0.201447
vn -0.801785 0.541068 0.253744
vn -0.756384 0.502156 0.419192
vn -0.606301 0.795197 0.007816
vn -0.112498 -0.389459 -0.914147
vn -0.033401 -0.905150 -0.423778
vn 0.015579 -0.978937 -0.203567
vn 0.057880 -0.998120 0.020145
vn 0.056165 -0.995255 0.079460
vn 0.048757 -0.996515 0.067684
vn 0.042806 -0.998002 0.046478
vn 0.042092 -0.998753 0.026865
vn 0.043180 -0.998993 0.012154
vn 0.041562 -0.998798 0.025993
vn 0.046157 -0.998271 0.036400
vn 0.046526 -0.997425 0.054577
vn 0.038940 -0.994835 0.093734
vn 0.010075 -0.980854 0.194482
vn -0.000289 -0.906680 0.421818
vn -0.109170 0.000290 -0.994023
vn -0.032837 -0.779367 0.625707
vn -0.072418 -0.098359 0.992513
vn -0.071750 0.380596 -0.921954
vn -0.093985 0.337890 0.936481
vn -0.072927 0.537426 -0.840151
vn -0.020999 0.530955 -0.847140
vn -0.088362 0.527354 0.845039
vn -0.145063 0.416135 0.897657
vn -0.076868 0.503854 -0.860362
vn 0.001609 0.517494 -0.855685
vn -0.448942 0.109968 0.886768
vn -0.218235 0.213820 0.952184
vn -0.035505 0.452808 -0.890901
vn 0.010870 0.427939 -0.903742
vn -0.469776 0.000586 0.882786
vn -0.242214 0.018687 0.970043
vn -0.147487 0.472448 -0.868931
vn 0.017478 0.432013 -0.901698
vn -0.480507 0.008210 0.876953
vn -0.240164 -0.008874 0.970692
vn -0.049102 0.467725 -0.882509
vn -0.052727 0.421254 -0.905409
vn -0.494748 0.155886 0.854941
vn -0.242403 0.077528 0.967073
vn -0.315974 0.452027 -0.834165
vn -0.090628 0.381064 -0.920096
vn -0.523539 0.232390 0.819696
vn -0.216283 0.185404 0.958565
vn -0.184091 0.390955 -0.901812
vn -0.196630 0.320792 -0.926514
vn -0.261429 0.257582 0.930219
vn -0.397119 0.253854 0.881961
vn -0.132800 0.232048 -0.963596
vn -0.599566 0.181045 0.779579
vn -0.412403 0.233465 0.880578
vn -0.299201 0.118294 -0.946829
vn -0.150099 0.153745 -0.976644
vn -0.594666 0.171995 0.785360
vn -0.347790 0.182090 0.919720
vn -0.269177 0.104616 -0.957392
vn -0.036526 0.131770 -0.990607
vn -0.571196 0.255397 0.780069
vn -0.289992 0.231996 0.928484
vn -0.226064 0.100199 -0.968946
vn 0.056521 0.134174 -0.989345
vn -0.307530 0.337520 0.889666
vn -0.405242 0.298521 0.864098
vn -0.142075 0.220355 -0.965017
vn -0.071068 0.201405 -0.976926
vn -0.554778 0.274491 0.785415
vn -0.385744 0.295240 0.874091
vn -0.096132 0.188087 -0.977436
vn -0.548789 0.258050 0.795136
vn -0.328803 0.233212 0.915151
vn -0.123895 0.186502 -0.974611
vn -0.408597 0.236038 0.881666
vn -0.495586 0.215996 0.841273
vn -0.406400 0.472086 -0.782287
vn -0.174793 0.275620 -0.945241
vn -0.638397 0.421655 0.643938
vn -0.480880 0.288970 0.827799
vn -0.373381 0.504607 -0.778433
vn -0.511007 0.631295 -0.583386
vn -0.319266 0.608751 -0.726286
vn -0.649143 0.631655 0.423822
vn -0.638069 0.591128 0.493393
vn -0.427337 0.404869 0.808371
vn -0.476464 0.794733 -0.376007
vn -0.582768 0.812629 -0.003974
vn -0.552392 0.752646 0.358311
vn -0.426538 0.692203 0.582169
vn -0.001054 -0.431760 -0.901988
vn 0.055251 -0.927686 -0.369249
vn 0.072624 -0.987290 -0.141369
vn 0.099570 -0.994507 0.032288
vn 0.099373 -0.992603 0.069748
vn 0.094648 -0.993430 0.064334
vn 0.098043 -0.994067 0.047096
vn 0.101161 -0.994502 0.027073
vn 0.099389 -0.995005 0.009288
vn 0.089608 -0.995708 0.023145
vn 0.083425 -0.995998 0.032062
vn 0.062231 -0.997230 0.040736
vn 0.037256 -0.996767 0.071181
vn 0.023754 -0.988444 0.149712
vn -0.048220 -0.926690 0.372721
vn 0.000377 -0.005571 -0.999984
vn -0.050307 -0.792901 0.607270
vn -0.068439 -0.155890 0.985401
vn 0.015287 0.408982 -0.912415
vn -0.072818 0.355903 0.931682
vn 0.020315 0.576632 -0.816751
vn 0.068510 0.563135 -0.823520
vn -0.074086 0.516673 0.852972
vn -0.082733 0.348152 0.933780
vn 0.111321 0.558863 -0.821754
vn 0.114263 0.468660 -0.875958
vn 0.123321 0.464594 -0.876895
vn -0.097767 0.132198 0.986390
vn 0.119223 0.423652 -0.897945
vn -0.089500 0.012021 0.995914
vn 0.130285 0.456949 -0.879900
vn 0.152572 0.465356 -0.871875
vn 0.094609 0.399809 -0.911703
vn -0.074906 0.003116 0.997186
vn 0.049677 0.346380 -0.936778
vn -0.082655 0.087598 0.992721
vn 0.035170 0.347158 -0.937147
vn -0.095311 0.161107 0.982324
vn 0.015402 0.404034 -0.914614
vn 0.018245 0.319527 -0.947402
vn -0.234985 0.280800 0.930556
vn -0.121419 0.198603 0.972530
vn 0.028095 0.236247 -0.971287
vn -0.111810 0.295929 0.948643
vn -0.185713 0.236722 0.953663
vn 0.065702 0.190893 -0.979410
vn -0.173425 0.188482 0.966643
vn 0.100251 0.165197 -0.981152
vn -0.177396 0.230942 0.956659
vn 0.131057 0.164663 -0.977604
vn 0.110545 0.200598 -0.973417
vn 0.129373 0.171215 -0.976703
vn -0.279247 0.348921 0.894581
vn -0.201980 0.286683 0.936492
vn 0.085732 0.160306 -0.983337
vn -0.184842 0.380680 0.906044
vn -0.231681 0.300274 0.925289
vn 0.038455 0.134840 -0.990121
vn -0.222321 0.201048 0.954019
vn -0.014685 0.144640 -0.989375
vn -0.405024 0.232089 0.884358
vn -0.253545 0.168010 0.952621
vn -0.058056 0.239661 -0.969119
vn -0.311566 0.222323 0.923850
vn -0.360446 0.352408 0.863648
vn -0.150486 0.436544 -0.887008
vn -0.154191 0.623071 -0.766816
vn -0.299742 0.497384 0.814103
vn -0.378835 0.803921 -0.458470
vn -0.151672 0.643690 -0.750106
vn -0.428578 0.886955 -0.172135
vn -0.492540 0.843247 0.215263
vn -0.426806 0.746953 0.509802
vn -0.404603 0.684938 0.605934
vn -0.251348 0.903095 -0.348200
vn -0.320336 0.945091 -0.064710
vn -0.312712 0.904528 0.289898
vn 0.034707 -0.453387 -0.890638
vn 0.027834 -0.941217 -0.336654
vn 0.060999 -0.989691 -0.129583
vn 0.058587 -0.997520 0.039012
vn 0.068594 -0.994994 0.072682
vn 0.083997 -0.994008 0.069953
vn 0.094561 -0.994167 0.051872
vn 0.103864 -0.993969 0.035192
vn 0.116585 -0.993162 0.006137
vn 0.109725 -0.993947 0.005493
vn 0.078734 -0.996838 0.010709
vn 0.040808 -0.999147 0.006369
vn -0.003304 -0.999352 0.035841
vn -0.032720 -0.992341 0.119113
vn -0.095519 -0.961978 0.255881
vn -0.010447 -0.023242 -0.999675
vn -0.108063 -0.786371 0.608229
vn -0.148751 -0.221559 0.963735
vn -0.031504 0.414192 -0.909644
vn -0.137937 0.378467 0.915279
vn 0.012164 0.600165 -0.799784
vn -0.024996 0.599970 -0.799632
vn -0.136239 0.510259 0.849161
vn -0.117671 0.329212 0.936895
vn 0.040823 0.593985 -0.803440
vn 0.047974 0.464621 -0.884209
vn -0.094498 0.162469 0.982178
vn 0.006784 0.424770 -0.905276
vn -0.051352 0.035495 0.998050
vn 0.064131 0.449566 -0.890942
vn 0.037098 0.371588 -0.927656
vn -0.032780 0.013187 0.999376
vn 0.013696 0.324587 -0.945757
vn -0.024827 0.074348 0.996923
vn -0.019627 0.339291 -0.940477
vn -0.040192 0.141593 0.989109
vn 0.015393 0.393460 -0.919213
vn 0.008207 0.326856 -0.945038
vn -0.044155 0.191663 0.980467
vn 0.045253 0.272777 -0.961012
vn -0.044544 0.288781 0.956358
vn -0.083007 0.228886 0.969908
vn 0.102636 0.243719 -0.964400
vn -0.072461 0.176789 0.981578
vn 0.149187 0.231938 -0.961222
vn 0.174026 0.184724 -0.967260
vn 0.138559 0.180125 -0.973836
vn -0.094004 0.214690 0.972148
vn 0.131272 0.144582 -0.980747
vn -0.104969 0.278580 0.954660
vn 0.107477 0.120560 -0.986871
vn -0.120736 0.384440 0.915220
vn -0.151687 0.301768 0.941237
vn 0.085509 0.098612 -0.991445
vn -0.119114 0.200674 0.972390
vn 0.063433 0.097385 -0.993223
vn -0.096758 0.136291 0.985932
vn 0.078396 0.212438 -0.974025
vn -0.276427 0.415774 0.866441
vn -0.129495 0.224033 0.965940
vn 0.011802 0.352521 -0.935730
vn -0.003453 0.608507 -0.793541
vn -0.093596 0.451990 0.887099
vn -0.150320 0.503756 0.850667
vn 0.043336 0.633018 -0.772923
vn -0.336695 0.772596 0.538267
vn -0.096822 0.582377 0.807132
vn 0.028107 0.900588 -0.433764
vn -0.047876 0.984294 -0.169922
vn -0.075304 0.965885 0.247783
vn -0.096222 0.895852 0.433809
vn -0.078211 -0.472894 -0.877641
vn -0.072897 -0.942896 -0.325013
vn -0.035701 -0.992998 -0.112606
vn -0.021662 -0.998922 0.041063
vn -0.017467 -0.995926 0.088463
vn -0.001895 -0.995629 0.093377
vn 0.032205 -0.996824 0.072836
vn 0.057395 -0.997251 0.046858
vn 0.066275 -0.997633 0.018322
vn 0.068205 -0.997633 -0.008796
vn 0.050826 -0.998367 -0.026097
vn 0.011360 -0.998964 -0.044071
vn -0.044843 -0.998882 -0.014943
vn -0.104998 -0.990867 0.084601
vn -0.172911 -0.967347 0.185313
vn -0.121507 -0.034930 -0.991976
vn -0.264598 -0.692587 0.671052
vn -0.288435 -0.108938 0.951282
vn -0.160864 0.410124 -0.897731
vn -0.188079 0.430115 0.882965
vn -0.128317 0.601909 -0.788188
vn -0.190398 0.581896 -0.790662
vn -0.198114 0.461497 0.864738
vn -0.155215 0.349491 0.923994
vn -0.108007 0.601563 -0.791490
vn -0.150005 0.462445 -0.873867
vn -0.096306 0.193138 0.976434
vn -0.155382 0.427002 -0.890800
vn -0.060822 0.068973 0.995763
vn -0.079237 0.443878 -0.892577
vn -0.125247 0.353244 -0.927109
vn -0.024592 0.033785 0.999126
vn -0.102919 0.310386 -0.945023
vn -0.001894 0.081301 0.996688
vn -0.128279 0.341289 -0.931164
vn 0.015535 0.141721 0.989785
vn -0.087649 0.407481 -0.908998
vn -0.066675 0.359159 -0.930892
vn 0.039719 0.208306 0.977257
vn -0.011027 0.339412 -0.940573
vn 0.060066 0.279657 0.958219
vn 0.018136 0.220447 0.975230
vn 0.031609 0.349432 -0.936428
vn 0.029801 0.168015 0.985334
vn 0.089788 0.227526 -0.969624
vn 0.085364 0.195343 -0.977013
vn 0.015454 0.190950 0.981478
vn 0.109753 0.142926 -0.983629
vn 0.010254 0.279121 0.960201
vn 0.133025 0.120498 -0.983760
vn 0.040732 0.376037 0.925709
vn -0.014909 0.316424 0.948501
vn 0.169978 0.105178 -0.979819
vn 0.042660 0.220682 0.974412
vn 0.205230 0.104536 -0.973115
vn 0.071409 0.158696 0.984742
vn 0.244844 0.188792 -0.951004
vn 0.125787 0.279911 0.951750
vn 0.203916 0.352088 -0.913484
vn 0.293248 0.512790 -0.806878
vn 0.169486 0.467548 0.867568
vn 0.162770 0.539553 0.826068
vn 0.294355 0.592617 -0.749774
vn 0.178945 0.592427 0.785499
vn 0.152803 0.874577 -0.460181
vn 0.273757 0.931323 -0.240195
vn 0.284130 0.945974 0.156214
vn 0.193923 0.897834 0.395332
vn -0.123577 -0.522307 -0.843756
vn -0.090833 -0.933466 -0.346972
vn -0.091193 -0.992016 -0.087114
vn -0.074455 -0.996006 0.049289
vn -0.067078 -0.993579 0.091115
vn -0.064032 -0.992260 0.106394
vn -0.053013 -0.992610 0.109160
vn -0.016913 -0.997134 0.073744
vn 0.007570 -0.999718 0.022528
vn 0.005026 -0.999764 -0.021126
vn -0.017304 -0.998821 -0.045351
vn -0.032837 -0.996395 -0.078227
vn -0.058458 -0.996266 -0.063537
vn -0.096097 -0.995309 0.011204
vn -0.156379 -0.970261 0.184766
vn -0.239971 -0.905612 0.349686
vn -0.323678 -0.770785 0.548746
vn -0.151970 -0.058535 -0.986650
vn -0.370971 -0.555380 0.744267
vn -0.318930 0.159497 0.934262
vn -0.294498 -0.013038 0.955563
vn -0.159031 0.398956 -0.903074
vn -0.280952 0.408968 0.868223
vn -0.232990 0.443031 0.865702
vn -0.213399 0.563054 -0.798392
vn -0.208747 0.572783 -0.792682
vn -0.228473 0.442908 0.866968
vn -0.195237 0.457918 0.867291
vn -0.269759 0.568963 -0.776860
vn -0.222295 0.549912 -0.805097
vn -0.152717 0.459214 0.875100
vn -0.118832 0.266659 0.956437
vn -0.251528 0.510973 -0.821973
vn -0.222385 0.440234 -0.869907
vn -0.038950 0.127435 0.991082
vn -0.264845 0.427701 -0.864251
vn -0.215465 0.399650 -0.890985
vn 0.000979 0.063184 0.998001
vn -0.233431 0.405084 -0.883978
vn -0.186742 0.341181 -0.921262
vn 0.035393 0.108861 0.993427
vn -0.146179 0.372211 -0.916565
vn 0.076140 0.174895 0.981639
vn -0.132543 0.412556 -0.901238
vn -0.093048 0.424651 -0.900563
vn 0.107480 0.228674 0.967552
vn -0.024908 0.403468 -0.914654
vn 0.152870 0.273682 0.949594
vn 0.127840 0.216079 0.967971
vn 0.019924 0.385601 -0.922451
vn 0.013143 0.226222 -0.973987
vn 0.050842 0.282988 -0.957775
vn 0.121755 0.159260 0.979700
vn 0.085097 0.240033 -0.967028
vn 0.130288 0.190205 0.973061
vn 0.153056 0.188039 -0.970162
vn 0.157074 0.294289 0.942720
vn 0.247784 0.186866 -0.950623
vn 0.209776 0.404434 0.890184
vn 0.196831 0.333536 0.921960
vn 0.303398 0.146930 -0.941468
vn 0.248365 0.254109 0.934742
vn 0.318598 0.125987 -0.939480
vn 0.309429 0.220717 0.924953
vn 0.565485 0.238062 -0.789654
vn 0.416646 0.298991 -0.858493
vn 0.570363 0.293335 -0.767229
vn 0.317275 0.339891 0.885330
vn 0.472474 0.279599 0.835819
vn 0.560905 0.393770 0.728238
vn 0.506779 0.444275 -0.738780
vn 0.391725 0.515337 0.762220
vn 0.558161 0.683478 -0.470440
vn 0.508834 0.759259 -0.405726
vn 0.504046 0.853526 -0.132024
vn 0.691099 0.669263 -0.272892
vn 0.485892 0.834951 0.258393
vn 0.763882 0.637918 0.097701
vn 0.445238 0.746220 0.494892
vn 0.608022 0.687376 0.397269
vn -0.062822 -0.558045 -0.827429
vn -0.069557 -0.919639 -0.386557
vn -0.108366 -0.990676 -0.082568
vn -0.107471 -0.992131 0.064236
vn -0.092364 -0.991067 0.096201
vn -0.087804 -0.990007 0.110344
vn -0.088261 -0.989565 0.113891
vn -0.091615 -0.990602 0.101564
vn -0.076396 -0.996375 0.037431
vn -0.064020 -0.997726 -0.021089
vn -0.057951 -0.996099 -0.066543
vn -0.066710 -0.993998 -0.086702
vn -0.067433 -0.994448 -0.080782
vn -0.074983 -0.997105 -0.012611
vn -0.097191 -0.985134 0.141648
vn -0.137798 -0.944507 0.298193
vn -0.333578 -0.540761 0.772207
vn -0.214734 -0.460418 0.861339
vn -0.057915 -0.072374 -0.995695
vn -0.198121 -0.058976 0.978402
vn -0.051327 0.348863 -0.935767
vn -0.259855 0.498229 0.827190
vn -0.190655 0.398789 0.897005
vn -0.198928 0.553744 -0.808576
vn -0.092163 0.500433 -0.860856
vn -0.088331 0.592117 0.800996
vn -0.130461 0.506566 0.852274
vn -0.129666 0.593931 -0.793998
vn -0.113989 0.550413 -0.827074
vn -0.053566 0.509625 0.858728
vn -0.043968 0.312786 0.948805
vn -0.157728 0.512811 -0.843888
vn -0.149548 0.429691 -0.890506
vn 0.030489 0.179191 0.983342
vn -0.081447 0.419199 -0.904234
vn 0.100739 0.113401 0.988429
vn -0.132975 0.420841 -0.897335
vn -0.104962 0.370701 -0.922802
vn 0.176223 0.158826 0.971453
vn -0.044836 0.399404 -0.915678
vn 0.204651 0.218770 0.954074
vn -0.107225 0.414446 -0.903735
vn -0.025166 0.440152 -0.897570
vn 0.196974 0.300386 0.933257
vn 0.325947 0.298425 0.897051
vn 0.286714 0.247943 0.925375
vn -0.068812 0.482034 -0.873446
vn 0.048538 0.481677 -0.875004
vn 0.291614 0.204474 0.934426
vn 0.065910 0.433182 -0.898893
vn 0.175296 0.367560 -0.913330
vn 0.331755 0.170385 0.927851
vn 0.275291 0.310731 -0.909759
vn 0.280321 0.227850 0.932472
vn 0.354108 0.270989 -0.895083
vn 0.286865 0.344675 0.893816
vn 0.530831 0.333730 0.779001
vn 0.492170 0.340421 0.801175
vn 0.591381 0.354547 -0.724268
vn 0.440852 0.251114 -0.861737
vn 0.729922 0.278274 -0.624322
vn 0.455157 0.329483 0.827208
vn 0.559184 0.239512 -0.793692
vn 0.681495 0.276794 -0.677458
vn 0.404976 0.293652 0.865889
vn 0.633219 0.193370 -0.749427
vn 0.657753 0.239558 -0.714125
vn 0.613225 0.347959 0.709140
vn 0.690831 0.355697 0.629470
vn 0.687846 0.362613 0.628792
vn 0.764200 0.365488 -0.531429
vn 0.696317 0.261963 -0.668220
vn 0.844460 0.352329 -0.403425
vn 0.733975 0.391313 0.555116
vn 0.842960 0.361962 0.397999
vn 0.826995 0.464591 0.316598
vn 0.773956 0.499448 -0.389287
vn 0.851988 0.477124 -0.215567
vn 0.824238 0.541385 -0.165931
vn 0.813593 0.549875 0.188955
vn 0.868369 0.489908 0.076970
vn 0.754663 0.443255 0.483745
vn 0.069048 -0.551876 -0.831063
vn 0.047896 -0.893484 -0.446535
vn -0.071631 -0.989016 -0.129289
vn -0.124789 -0.989694 0.070241
vn -0.108723 -0.987544 0.113740
vn -0.093067 -0.989495 0.110631
vn -0.099074 -0.989589 0.104396
vn -0.116951 -0.988904 0.091610
vn -0.126621 -0.990856 0.046606
vn -0.120984 -0.992587 -0.011553
vn -0.106254 -0.993024 -0.051128
vn -0.082423 -0.993482 -0.078745
vn -0.063234 -0.995292 -0.073446
vn -0.052739 -0.998495 -0.015057
vn -0.034372 -0.990753 0.131250
vn -0.050227 -0.952448 0.300532
vn -0.055748 -0.463637 0.884269
vn 0.174457 -0.053326 -0.983220
vn -0.006200 0.039282 0.999209
vn 0.138289 0.330784 -0.933519
vn 0.037632 0.443927 0.895272
vn 0.158424 0.472463 -0.866995
vn 0.047340 0.618931 0.784018
vn 0.009595 0.552377 0.833540
vn 0.030094 0.604953 -0.795693
vn 0.188511 0.547873 -0.815046
vn 0.127366 0.563971 0.815913
vn 0.121143 0.366198 0.922618
vn 0.078079 0.507657 -0.858014
vn 0.172023 0.467373 -0.867162
vn 0.243126 0.256083 0.935581
vn 0.240508 0.433299 -0.868566
vn 0.322669 0.192945 0.926637
vn 0.124060 0.432090 -0.893256
vn 0.252099 0.395475 -0.883202
vn 0.323098 0.207203 0.923404
vn 0.254469 0.412190 -0.874840
vn 0.413459 0.287500 0.863942
vn 0.430156 0.294112 0.853501
vn 0.503535 0.254523 0.825633
vn 0.257469 0.446664 -0.856855
vn 0.068379 0.489575 -0.869276
vn 0.423847 0.511390 -0.747552
vn 0.468095 0.230975 0.852958
vn 0.411829 0.496830 -0.763909
vn 0.455262 0.220390 0.862650
vn 0.449677 0.496960 -0.742173
vn 0.535921 0.412124 -0.736847
vn 0.522332 0.202636 0.828316
vn 0.760657 0.233908 0.605548
vn 0.761279 0.198068 0.617433
vn 0.530778 0.346276 -0.773542
vn 0.571180 0.227137 0.788773
vn 0.684244 0.275296 0.675294
vn 0.653919 0.403497 -0.639985
vn 0.655710 0.381973 -0.651262
vn 0.752502 0.400668 -0.522691
vn 0.618183 0.304553 0.724635
vn 0.820850 0.324908 -0.469724
vn 0.787209 0.337565 -0.516092
vn 0.882134 0.342126 -0.323712
vn 0.755995 0.373541 0.537531
vn 0.816566 0.383010 0.431883
vn 0.818801 0.382816 0.427804
vn 0.878420 0.260895 -0.400390
vn 0.897723 0.392481 -0.200132
vn 0.934630 0.306353 -0.180595
vn 0.942394 0.321563 0.092147
vn 0.925930 0.377690 0.001803
vn 0.865236 0.348396 0.360537
vn 0.907311 0.390025 0.157057
vn 0.772291 0.331944 0.541646
vn 0.897203 0.245524 -0.367077
vn 0.953860 0.238066 -0.182966
vn 0.965951 0.254106 0.048664
vn 0.902141 0.288574 0.320729
vn 0.928035 0.324166 -0.183489
vn 0.941162 0.318902 0.111875
vn 0.326950 -0.403917 -0.854374
vn 0.239876 -0.827332 -0.507918
vn 0.089745 -0.963872 -0.250793
vn -0.036652 -0.999152 0.018770
vn -0.083406 -0.987888 0.130850
vn -0.075199 -0.989776 0.121200
vn -0.072382 -0.993096 0.092310
vn -0.089001 -0.993533 0.070499
vn -0.109155 -0.993198 0.040534
vn -0.109409 -0.993997 0.000154
vn -0.090617 -0.995425 -0.030280
vn -0.066674 -0.996346 -0.053384
vn -0.040671 -0.997812 -0.052127
vn -0.010235 -0.999906 0.009092
vn 0.012099 -0.990606 0.136210
vn 0.070145 -0.939607 0.334990
vn 0.228651 -0.338110 0.912907
vn 0.387746 -0.000853 -0.921766
vn 0.253740 0.128660 0.958678
vn 0.381944 0.293300 -0.876410
vn 0.260091 0.439338 0.859846
vn 0.398029 0.472709 -0.786205
vn 0.322848 0.569736 -0.755758
vn 0.425054 0.510705 -0.747335
vn 0.137536 0.607506 0.782317
vn 0.200573 0.580639 0.789068
vn 0.400623 0.535670 -0.743343
vn 0.288987 0.589330 0.754438
vn 0.382934 0.458520 0.801948
vn 0.474930 0.487017 -0.732978
vn 0.509366 0.436890 -0.741400
vn 0.400747 0.300343 0.865561
vn 0.633297 0.417626 -0.651555
vn 0.431051 0.422324 -0.797394
vn 0.662114 0.354839 -0.660071
vn 0.516892 0.261227 0.815219
vn 0.529261 0.326383 0.783171
vn 0.616875 0.245427 0.747817
vn 0.573418 0.342887 -0.744056
vn 0.552927 0.250162 0.794790
vn 0.591299 0.258239 0.763988
vn 0.571127 0.369835 -0.732828
vn 0.490293 0.424495 -0.761194
vn 0.727745 0.416116 -0.545193
vn 0.574979 0.273004 0.771277
vn 0.776088 0.294865 0.557443
vn 0.788871 0.295785 0.538696
vn 0.654378 0.444000 -0.612089
vn 0.707011 0.279008 0.649839
vn 0.756491 0.331636 0.563683
vn 0.676726 0.481143 -0.557264
vn 0.668850 0.489960 -0.559088
vn 0.713090 0.502079 -0.489305
vn 0.828926 0.294411 0.475610
vn 0.843055 0.355755 0.403357
vn 0.862438 0.349386 0.366238
vn 0.772755 0.251367 0.582807
vn 0.836369 0.387224 -0.388001
vn 0.775469 0.439522 -0.453286
vn 0.901516 0.360710 -0.239076
vn 0.868532 0.436923 -0.233987
vn 0.889370 0.415100 -0.191609
vn 0.929552 0.268495 0.252673
vn 0.907591 0.341163 0.244716
vn 0.923112 0.332778 0.192675
vn 0.867509 0.218100 0.447058
vn 0.872669 0.327021 -0.362636
vn 0.912350 0.305124 -0.272979
vn 0.927792 0.357029 -0.108312
vn 0.949370 0.296638 -0.103454
vn 0.961577 0.262513 0.080352
vn 0.940817 0.338817 0.008196
vn 0.949105 0.233604 0.211257
vn 0.901076 0.211724 0.378463
vn 0.910933 0.283060 -0.300129
vn 0.955274 0.259348 -0.142092
vn 0.967928 0.248617 0.036135
vn 0.953023 0.239753 0.185112
vn 0.913364 0.242759 0.326856
vn 0.942517 0.296652 -0.153814
vn 0.957593 0.287373 0.020815
vn 0.943538 0.273946 0.186251
vn 0.473085 -0.395061 -0.787475
vn 0.601714 -0.451852 -0.658613
vn 0.370579 -0.833984 -0.408830
vn 0.186426 -0.976506 -0.108078
vn 0.053105 -0.995493 0.078566
vn -0.014392 -0.993155 0.115915
vn -0.033357 -0.995770 0.085610
vn -0.047209 -0.997524 0.052130
vn -0.061785 -0.997717 0.027268
vn -0.064731 -0.997872 0.007784
vn -0.050747 -0.998697 -0.005371
vn -0.017488 -0.999581 -0.023079
vn 0.034620 -0.999361 -0.008930
vn 0.070332 -0.997108 0.028788
vn 0.182968 -0.952856 0.242050
vn 0.347027 -0.632550 0.692425
vn 0.495946 -0.567395 0.657343
vn 0.470755 -0.081721 -0.878471
vn 0.650858 -0.261193 -0.712854
vn 0.565796 -0.274892 0.777373
vn 0.410307 0.067882 0.909418
vn 0.634619 0.215866 -0.742065
vn 0.525067 0.360577 -0.770901
vn 0.638443 0.336579 -0.692174
vn 0.418103 0.520566 0.744446
vn 0.442868 0.433759 0.784679
vn 0.484388 0.503955 0.715121
vn 0.555792 0.451954 -0.697735
vn 0.456059 0.568954 0.684326
vn 0.524481 0.577641 0.625500
vn 0.568012 0.557994 0.604983
vn 0.590908 0.598978 -0.540420
vn 0.590407 0.600360 -0.539432
vn 0.611778 0.596520 -0.519511
vn 0.550710 0.492906 0.673619
vn 0.621839 0.536876 0.570158
vn 0.669301 0.437697 0.600381
vn 0.735264 0.413070 -0.537364
vn 0.705302 0.425287 -0.567168
vn 0.771006 0.428878 -0.470759
vn 0.650570 0.342506 0.677826
vn 0.663946 0.346763 0.662519
vn 0.847830 0.299239 -0.437767
vn 0.818365 0.360216 -0.447799
vn 0.906960 0.280605 -0.314140
vn 0.884831 0.351882 -0.305374
vn 0.911113 0.303058 -0.279336
vn 0.750071 0.276944 0.600579
vn 0.785058 0.339957 0.517797
vn 0.791979 0.317190 0.521690
vn 0.863497 0.272426 -0.424450
vn 0.916309 0.256436 -0.307601
vn 0.917856 0.279605 -0.281711
vn 0.929266 0.281263 -0.239490
vn 0.931515 0.297813 -0.208778
vn 0.853762 0.288503 0.433424
vn 0.867034 0.315373 0.385735
vn 0.879242 0.345047 0.328445
vn 0.793077 0.255408 0.552988
vn 0.894930 0.287132 -0.341549
vn 0.942689 0.263087 -0.205240
vn 0.924669 0.331409 -0.187497
vn 0.943490 0.296897 -0.147240
vn 0.927607 0.337031 -0.161105
vn 0.914174 0.325052 0.242131
vn 0.904902 0.353609 0.236882
vn 0.914137 0.366093 0.174152
vn 0.862911 0.290906 0.413230
vn 0.875812 0.343201 -0.339363
vn 0.920850 0.308771 -0.238109
vn 0.953203 0.276069 -0.123246
vn 0.937746 0.336836 -0.084704
vn 0.951696 0.303619 -0.045721
vn 0.943505 0.312540 0.110080
vn 0.934103 0.356381 0.021082
vn 0.930844 0.304364 0.202218
vn 0.884930 0.301142 0.355264
vn 0.897196 0.354606 -0.263239
vn 0.931862 0.327412 -0.156315
vn 0.952881 0.299916 -0.045485
vn 0.953685 0.291451 0.074432
vn 0.927712 0.305614 0.214359
vn 0.942407 0.329960 -0.054727
vn 0.942733 0.323513 0.081203
vn 0.659514 -0.448778 -0.603025
vn 0.661929 -0.507881 -0.551278
vn 0.474140 -0.834029 -0.282111
vn 0.317347 -0.944934 -0.079938
vn 0.151924 -0.987613 0.039227
vn 0.069322 -0.996062 0.055281
vn 0.030928 -0.999020 0.031656
vn 0.012065 -0.999719 0.020406
vn 0.019227 -0.999634 0.019050
vn 0.052232 -0.998312 0.025404
vn 0.116781 -0.992491 0.036386
vn 0.159637 -0.986255 0.042637
vn 0.282193 -0.945027 0.165198
vn 0.572755 -0.583369 0.575875
vn 0.738479 -0.471037 0.482466
vn 0.714674 0.000000 -0.699457
vn 0.708057 -0.163989 -0.686850
vn 0.726812 -0.265591 -0.633408
vn 0.682934 -0.258778 0.683107
vn 0.659603 0.219292 0.718913
vn 0.667813 0.214981 0.712608
vn 0.727986 0.370657 -0.576758
vn 0.718346 0.239832 -0.653039
vn 0.746237 0.350192 -0.566124
vn 0.629277 0.473111 0.616584
vn 0.707678 0.401669 0.581252
vn 0.675095 0.493290 0.548554
vn 0.741765 0.474042 -0.474414
vn 0.709337 0.485546 -0.510966
vn 0.732892 0.520022 -0.438687
vn 0.746886 0.523245 -0.410336
vn 0.649032 0.540483 0.535384
vn 0.658865 0.550657 0.512517
vn 0.659865 0.532189 0.530427
vn 0.765386 0.497066 -0.408792
vn 0.728834 0.603253 -0.323861
vn 0.803999 0.496002 -0.327974
vn 0.847722 0.462524 -0.259691
vn 0.758598 0.608285 -0.233492
vn 0.763721 0.580014 -0.283399
vn 0.725246 0.468019 0.504951
vn 0.691487 0.546830 0.472041
vn 0.733880 0.496253 0.463846
vn 0.865935 0.379064 -0.326294
vn 0.896333 0.361988 -0.256029
vn 0.819844 0.503124 -0.273352
vn 0.894254 0.381366 -0.234244
vn 0.901544 0.381024 -0.205033
vn 0.837722 0.499563 -0.220589
vn 0.848947 0.485538 -0.208667
vn 0.890192 0.376840 0.256028
vn 0.845556 0.472001 0.249500
vn 0.874740 0.438731 0.205779
vn 0.833555 0.374181 0.406418
vn 0.820735 0.476477 0.315222
vn 0.804749 0.341329 0.485668
vn 0.931035 0.284330 -0.228760
vn 0.940007 0.289613 -0.180306
vn 0.897291 0.421215 -0.132084
vn 0.938663 0.332888 -0.089981
vn 0.937420 0.334044 0.098277
vn 0.902127 0.430732 0.025216
vn 0.927565 0.314466 0.201827
vn 0.884908 0.300605 0.355772
vn 0.938493 0.294649 -0.180038
vn 0.952283 0.293444 -0.083948
vn 0.955629 0.290810 0.046935
vn 0.930428 0.301926 0.207714
vn 0.937735 0.336115 -0.087634
vn 0.939557 0.336286 0.064374
vn 0.798672 -0.303044 -0.519893
vn 0.794020 -0.388199 -0.467796
vn 0.502674 -0.842101 -0.195410
vn 0.416187 -0.903296 -0.104135
vn 0.307342 -0.951320 -0.023035
vn 0.250550 -0.968104 -0.000334
vn 0.233302 -0.972344 0.010847
vn 0.230272 -0.972290 0.040345
vn 0.240933 -0.968121 0.068501
vn 0.252192 -0.962530 0.099671
vn 0.329832 -0.934281 0.135384
vn 0.778622 -0.396730 0.486162
vn 0.815944 -0.269966 0.511227
vn 0.830675 0.068203 -0.552564
vn 0.855500 0.087457 -0.510364
vn 0.855001 -0.045208 -0.516652
vn 0.845610 0.049166 0.531532
vn 0.841843 0.038132 0.538374
vn 0.845698 -0.009582 0.533576
vn 0.813852 0.346634 -0.466358
vn 0.816925 0.302673 -0.490940
vn 0.827101 0.427728 -0.364627
vn 0.817179 0.422527 -0.392033
vn 0.775488 0.440084 0.452708
vn 0.837247 0.327635 0.437804
vn 0.761914 0.532586 0.368562
vn 0.758145 0.412135 0.505332
vn 0.794688 0.523985 -0.306449
vn 0.748119 0.593413 -0.296947
vn 0.784544 0.565228 -0.254965
vn 0.785816 0.576751 -0.223275
vn 0.772183 0.592058 -0.230653
vn 0.770867 0.591390 -0.236689
vn 0.790149 0.512905 0.335549
vn 0.761555 0.540426 0.357734
vn 0.754575 0.553800 0.352025
vn 0.746487 0.513402 0.423292
vn 0.802243 0.549300 -0.233830
vn 0.774002 0.605206 -0.186134
vn 0.824181 0.536426 -0.181582
vn 0.862471 0.502320 -0.061795
vn 0.782876 0.615060 -0.093841
vn 0.857484 0.509479 0.071782
vn 0.791498 0.609549 0.044509
vn 0.836066 0.495959 0.234559
vn 0.791068 0.586781 0.172914
vn 0.796151 0.499601 0.341385
vn 0.886775 0.449645 -0.106997
vn 0.894714 0.441667 0.066470
vn 0.885789 -0.235364 -0.399977
vn 0.846742 -0.469813 -0.249608
vn 0.784555 -0.585420 -0.204344
vn 0.579700 -0.809372 -0.094149
vn 0.450112 -0.892969 0.002491
vn 0.475610 -0.877605 0.060039
vn 0.691422 -0.693363 0.202939
vn 0.817538 -0.523629 0.239675
vn 0.853751 -0.457817 0.248019
vn 0.893856 0.113132 -0.433847
vn 0.943410 -0.009385 -0.331496
vn 0.897289 -0.264070 -0.353750
vn 0.898155 -0.372757 -0.233172
vn 0.920723 -0.377386 -0.099239
vn 0.907230 -0.419921 0.024508
vn 0.885982 -0.445137 0.129954
vn 0.831516 -0.471409 0.293862
vn 0.911844 0.132947 0.388415
vn 0.931957 -0.088454 0.351615
vn 0.919355 -0.009299 0.393319
vn 0.848177 0.429466 -0.310089
vn 0.880155 0.376793 -0.288713
vn 0.843489 0.476159 -0.248594
vn 0.805694 0.567737 -0.168913
vn 0.913333 0.344757 -0.216714
vn 0.922104 0.360561 -0.140427
vn 0.863394 0.426509 0.269518
vn 0.901590 0.330800 0.278761
vn 0.842903 0.487925 0.226813
vn 0.851992 0.395518 0.343038
vn 0.786049 0.589115 -0.187270
vn 0.812252 0.581317 -0.048143
vn 0.808849 0.585406 -0.055344
vn 0.820963 0.559111 0.115823
vn 0.820265 0.570602 0.039732
vn 0.815835 0.519232 0.254581
vn 0.957888 0.189659 -0.215594
vn 0.988734 0.042614 -0.143490
vn 0.998985 -0.044635 -0.006121
vn 0.989669 -0.112058 0.089430
vn 0.980471 -0.022368 0.195390
vn 0.947468 0.315850 -0.050420
vn 0.956167 0.273057 0.105758
f 1//1 2//2 3//3
f 3//3 4//4 1//1
f 1//1 5//5 2//2
f 4//4 5//5 1//1
f 6//6 7//7 8//8
f 6//6 9//9 10//10
f 8//8 9//9 6//6
f 9//9 11//11 10//10
f 12//12 7//7 6//6
f 13//13 7//7 12//12
f 3//3 2//2 12//12
f 3//3 12//12 10//10
f 10//10 12//12 6//6
f 4//4 14//14 15//15
f 3//3 14//14 4//4
f 3//3 11//11 14//14
f 3//3 10//10 11//11
f 14//14 16//16 15//15
f 12//12 17//17 13//13
f 2//2 17//17 12//12
f 2//2 5//5 17//17
f 5//5 18//18 17//17
f 15//15 5//5 4//4
f 15//15 19//19 5//5
f 19//19 18//18 5//5
f 16//16 19//19 15//15
f 8//8 20//20 21//21
f 7//7 20//20 8//8
f 9//9 8//8 22//22
f 8//8 21//21 22//22
f 11//11 23//23 24//24
f 11//11 9//9 23//23
f 9//9 22//22 23//23
f 23//23 25//25 24//24
f 26//26 27//27 28//28
f 26//26 29//29 30//30
f 28//28 29//29 26//26
f 30//30 31//31 32//32
f 29//29 31//31 30//30
f 32//32 33//33 34//34
f 31//31 33//33 32//32
f 33//33 35//35 34//34
f 7//7 13//13 20//20
f 20//20 13//13 36//36
f 11//11 24//24 14//14
f 16//16 37//37 38//38
f 14//14 37//37 16//16
f 14//14 25//25 37//37
f 14//14 24//24 25//25
f 38//38 39//39 40//40
f 37//37 39//39 38//38
f 40//40 41//41 42//42
f 39//39 41//41 40//40
f 27//27 42//42 41//41
f 27//27 26//26 42//42
f 26//26 43//43 42//42
f 30//30 44//44 26//26
f 44//44 43//43 26//26
f 32//32 45//45 30//30
f 45//45 44//44 30//30
f 34//34 46//46 32//32
f 46//46 45//45 32//32
f 47//47 34//34 35//35
f 46//46 34//34 47//47
f 48//48 13//13 17//17
f 48//48 49//49 13//13
f 49//49 36//36 13//13
f 17//17 18//18 50//50
f 48//48 17//17 50//50
f 18//18 19//19 51//51
f 50//50 18//18 51//51
f 19//19 52//52 51//51
f 16//16 52//52 19//19
f 16//16 53//53 52//52
f 16//16 38//38 53//53
f 40//40 53//53 38//38
f 54//54 53//53 40//40
f 42//42 54//54 40//40
f 55//55 54//54 42//42
f 43//43 55//55 42//42
f 56//56 55//55 43//43
f 44//44 56//56 43//43
f 57//57 56//56 44//44
f 45//45 57//57 44//44
f 58//58 57//57 45//45
f 46//46 58//58 45//45
f 59//59 58//58 46//46
f 47//47 59//59 46//46
f 48//48 60//60 49//49
f 50//50 60//60 48//48
f 61//61 60//60 50//50
f 51//51 61//61 50//50
f 62//62 61//61 51//51
f 52//52 62//62 51//51
f 63//63 64//64 65//65
f 63//63 21//21 20//20
f 63//63 65//65 21//21
f 65//65 66//66 21//21
f 22//22 21//21 67//67
f 21//21 66//66 67//67
f 23//23 22//22 68//68
f 22//22 67//67 68//68
f 25//25 69//69 70//70
f 25//25 23//23 69//69
f 23//23 68//68 69//69
f 70//70 71//71 72//72
f 69//69 71//71 70//70
f 72//72 73//73 74//74
f 71//71 73//73 72//72
f 74//74 28//28 27//27
f 74//74 73//73 28//28
f 73//73 75//75 28//28
f 29//29 28//28 76//76
f 28//28 75//75 76//76
f 31//31 29//29 77//77
f 29//29 76//76 77//77
f 33//33 31//31 78//78
f 31//31 77//77 78//78
f 78//78 35//35 33//33
f 79//79 35//35 78//78
f 80//80 64//64 63//63
f 81//81 64//64 80//80
f 20//20 36//36 80//80
f 63//63 20//20 80//80
f 25//25 70//70 37//37
f 39//39 37//37 70//70
f 72//72 39//39 70//70
f 41//41 39//39 72//72
f 74//74 41//41 72//72
f 27//27 41//41 74//74
f 82//82 83//83 47//47
f 82//82 47//47 79//79
f 79//79 47//47 35//35
f 82//82 84//84 83//83
f 85//85 81//81 80//80
f 86//86 81//81 85//85
f 36//36 49//49 85//85
f 80//80 36//36 85//85
f 53//53 87//87 52//52
f 53//53 54//54 88//88
f 87//87 53//53 88//88
f 54//54 55//55 89//89
f 88//88 54//54 89//89
f 55//55 56//56 90//90
f 89//89 55//55 90//90
f 56//56 57//57 91//91
f 90//90 56//56 91//91
f 57//57 58//58 92//92
f 91//91 57//57 92//92
f 58//58 59//59 93//93
f 92//92 58//58 93//93
f 59//59 94//94 93//93
f 47//47 94//94 59//59
f 47//47 95//95 94//94
f 47//47 83//83 95//95
f 84//84 95//95 83//83
f 85//85 96//96 86//86
f 97//97 98//98 96//96
f 60//60 97//97 96//96
f 60//60 96//96 85//85
f 60//60 85//85 49//49
f 60//60 61//61 99//99
f 97//97 60//60 99//99
f 61//61 62//62 100//100
f 99//99 61//61 100//100
f 62//62 52//52 87//87
f 62//62 87//87 100//100
f 100//100 87//87 101//101
f 88//88 102//102 87//87
f 102//102 101//101 87//87
f 89//89 103//103 88//88
f 103//103 102//102 88//88
f 90//90 104//104 89//89
f 104//104 103//103 89//89
f 91//91 105//105 90//90
f 105//105 104//104 90//90
f 106//106 92//92 107//107
f 106//106 105//105 92//92
f 105//105 91//91 92//92
f 93//93 107//107 92//92
f 108//108 107//107 93//93
f 94//94 108//108 93//93
f 97//97 109//109 98//98
f 99//99 109//109 97//97
f 110//110 109//109 99//99
f 100//100 110//110 99//99
f 111//111 110//110 100//100
f 101//101 111//111 100//100
f 112//112 111//111 101//101
f 102//102 112//112 101//101
f 113//113 112//112 102//102
f 103//103 113//113 102//102
f 114//114 113//113 103//103
f 104//104 114//114 103//103
f 115//115 114//114 104//104
f 105//105 115//115 104//104
f 116//116 115//115 105//105
f 106//106 116//116 105//105
f 65//65 117//117 118//118
f 64//64 117//117 65//65
f 66//66 65//65 119//119
f 65//65 118//118 119//119
f 67//67 66//66 120//120
f 66//66 119//119 120//120
f 68//68 67//67 121//121
f 67//67 120//120 121//121
f 69//69 68//68 122//122
f 68//68 121//121 122//122
f 71//71 69//69 123//123
f 69//69 122//122 123//123
f 73//73 71//71 124//124
f 71//71 123//123 124//124
f 75//75 73//73 125//125
f 73//73 124//124 125//125
f 76//76 75//75 126//126
f 75//75 125//125 126//126
f 77//77 76//76 127//127
f 76//76 126//126 127//127
f 78//78 77//77 128//128
f 77//77 127//127 128//128
f 79//79 129//129 130//130
f 79//79 78//78 129//129
f 78//78 128//128 129//129
f 129//129 131//131 130//130
f 132//132 133//133 134//134
f 132//132 134//134 117//117
f 132//132 117//117 81//81
f 81//81 117//117 64//64
f 79//79 130//130 82//82
f 84//84 135//135 136//136
f 82//82 135//135 84//84
f 82//82 131//131 135//135
f 82//82 130//130 131//131
f 135//135 137//137 136//136
f 132//132 138//138 133//133
f 138//138 132//132 81//81
f 138//138 81//81 139//139
f 139//139 81//81 86//86
f 95//95 140//140 94//94
f 95//95 141//141 140//140
f 84//84 141//141 95//95
f 84//84 142//142 141//141
f 84//84 136//136 142//142
f 137//137 142//142 136//136
f 143//143 86//86 96//96
f 143//143 144//144 86//86
f 144//144 139//139 86//86
f 96//96 98//98 143//143
f 107//107 145//145 106//106
f 107//107 108//108 146//146
f 145//145 107//107 146//146
f 108//108 147//147 146//146
f 94//94 147//147 108//108
f 94//94 148//148 147//147
f 94//94 140//140 148//148
f 141//141 148//148 140//140
f 143//143 149//149 144//144
f 150//150 151//151 149//149
f 109//109 150//150 149//149
f 109//109 149//149 143//143
f 109//109 143//143 98//98
f 109//109 110//110 152//152
f 150//150 109//109 152//152
f 110//110 111//111 153//153
f 152//152 110//110 153//153
f 111//111 112//112 154//154
f 153//153 111//111 154//154
f 112//112 113//113 155//155
f 154//154 112//112 155//155
f 113//113 114//114 156//156
f 155//155 113//113 156//156
f 114//114 115//115 157//157
f 156//156 114//114 157//157
f 115//115 116//116 158//158
f 157//157 115//115 158//158
f 116//116 106//106 145//145
f 116//116 145//145 158//158
f 158//158 145//145 159//159
f 160//160 146//146 161//161
f 160//160 159//159 146//146
f 159//159 145//145 146//146
f 147//147 161//161 146//146
f 150//150 162//162 151//151
f 162//162 163//163 164//164
f 162//162 150//150 163//163
f 150//150 152//152 163//163
f 153//153 165//165 152//152
f 165//165 163//163 152//152
f 154//154 166//166 153//153
f 166//166 165//165 153//153
f 155//155 167//167 154//154
f 167//167 166//166 154//154
f 156//156 168//168 155//155
f 168//168 167//167 155//155
f 157//157 169//169 156//156
f 169//169 168//168 156//156
f 158//158 170//170 157//157
f 170//170 169//169 157//157
f 159//159 171//171 158//158
f 171//171 170//170 158//158
f 172//172 159//159 160//160
f 171//171 159//159 172//172
f 163//163 173//173 164//164
f 173//173 174//174 175//175
f 173//173 163//163 174//174
f 163//163 165//165 174//174
f 166//166 176//176 165//165
f 176//176 174//174 165//165
f 167//167 177//177 166//166
f 177//177 176//176 166//166
f 168//168 178//178 167//167
f 178//178 177//177 167//167
f 169//169 179//179 168//168
f 179//179 178//178 168//168
f 170//170 180//180 169//169
f 180//180 179//179 169//169
f 171//171 181//181 170//170
f 181//181 180//180 170//170
f 182//182 171//171 172//172
f 181//181 171//171 182//182
f 174//174 183//183 175//175
f 183//183 184//184 185//185
f 183//183 174//174 184//184
f 174//174 176//176 184//184
f 177//177 186//186 176//176
f 186//186 184//184 176//176
f 178//178 187//187 177//177
f 187//187 186//186 177//177
f 179//179 188//188 178//178
f 188//188 187//187 178//178
f 180//180 189//189 179//179
f 189//189 188//188 179//179
f 181//181 190//190 180//180
f 190//190 189//189 180//180
f 191//191 181//181 182//182
f 190//190 181//181 191//191
f 192//192 185//185 184//184
f 193//193 185//185 192//192
f 186//186 194//194 184//184
f 194//194 192//192 184//184
f 187//187 195//195 186//186
f 195//195 194//194 186//186
f 188//188 196//196 187//187
f 196//196 195//195 187//187
f 189//189 197//197 188//188
f 197//197 196//196 188//188
f 198//198 190//190 199//199
f 198//198 197//197 190//190
f 197//197 189//189 190//190
f 191//191 199//199 190//190
f 192//192 200//200 193//193
f 200//200 201//201 202//202
f 200//200 192//192 201//201
f 192//192 194//194 201//201
f 195//195 203//203 194//194
f 203//203 201//201 194//194
f 196//196 204//204 195//195
f 204//204 203//203 195//195
f 205//205 197//197 206//206
f 205//205 204//204 197//197
f 204//204 196//196 197//197
f 198//198 206//206 197//197
f 207//207 202//202 201//201
f 208//208 202//202 207//207
f 203//203 209//209 201//201
f 209//209 207//207 201//201
f 204//204 210//210 203//203
f 210//210 209//209 203//203
f 211//211 204//204 205//205
f 210//210 204//204 211//211
f 212//212 208//208 207//207
f 213//213 208//208 212//212
f 209//209 214//214 207//207
f 214//214 212//212 207//207
f 210//210 215//215 209//209
f 215//215 214//214 209//209
f 216//216 210//210 211//211
f 215//215 210//210 216//216
f 217//217 213//213 212//212
f 218//218 213//213 217//217
f 214//214 219//219 212//212
f 219//219 217//217 212//212
f 215//215 220//220 214//214
f 220//220 219//219 214//214
f 221//221 215//215 216//216
f 220//220 215//215 221//221
f 222//222 218//218 217//217
f 223//223 218//218 222//222
f 219//219 224//224 217//217
f 224//224 222//222 217//217
f 220//220 225//225 219//219
f 225//225 224//224 219//219
f 226//226 220//220 221//221
f 225//225 220//220 226//226
f 227//227 223//223 222//222
f 228//228 223//223 227//227
f 224//224 229//229 222//222
f 229//229 227//227 222//222
f 230//230 225//225 231//231
f 230//230 229//229 225//225
f 229//229 224//224 225//225
f 226//226 231//231 225//225
f 232//232 228//228 227//227
f 233//233 228//228 232//232
f 229//229 234//234 227//227
f 234//234 232//232 227//227
f 235//235 229//229 230//230
f 234//234 229//229 235//235
f 232//232 236//236 233//233
f 234//234 236//236 232//232
f 237//237 236//236 234//234
f 235//235 237//237 234//234
f 238//238 239//239 240//240
f 238//238 118//118 117//117
f 238//238 240//240 118//118
f 240//240 241//241 118//118
f 119//119 118//118 242//242
f 118//118 241//241 242//242
f 120//120 119//119 243//243
f 119//119 242//242 243//243
f 121//121 120//120 244//244
f 120//120 243//243 244//244
f 122//122 121//121 245//245
f 121//121 244//244 245//245
f 123//123 122//122 246//246
f 122//122 245//245 246//246
f 124//124 123//123 247//247
f 123//123 246//246 247//247
f 125//125 124//124 248//248
f 124//124 247//247 248//248
f 126//126 125//125 249//249
f 125//125 248//248 249//249
f 127//127 126//126 250//250
f 126//126 249//249 250//250
f 128//128 127//127 251//251
f 127//127 250//250 251//251
f 129//129 128//128 252//252
f 128//128 251//251 252//252
f 252//252 131//131 129//129
f 253//253 131//131 252//252
f 134//134 239//239 238//238
f 134//134 133//133 239//239
f 133//133 254//254 239//239
f 117//117 134//134 238//238
f 131//131 253//253 255//255
f 135//135 131//131 255//255
f 255//255 137//137 135//135
f 256//256 137//137 255//255
f 257//257 133//133 138//138
f 257//257 258//258 133//133
f 258//258 254//254 133//133
f 138//138 139//139 257//257
f 142//142 259//259 141//141
f 142//142 260//260 259//259
f 142//142 137//137 260//260
f 137//137 256//256 260//260
f 257//257 261//261 258//258
f 261//261 257//257 139//139
f 261//261 139//139 262//262
f 262//262 139//139 144//144
f 148//148 263//263 147//147
f 148//148 264//264 263//263
f 141//141 264//264 148//148
f 141//141 265//265 264//264
f 141//141 259//259 265//265
f 260//260 265//265 259//259
f 144//144 266//266 262//262
f 149//149 266//266 144//144
f 266//266 149//149 151//151
f 267//267 266//266 151//151
f 161//161 268//268 160//160
f 161//161 269//269 268//268
f 147//147 269//269 161//161
f 147//147 270//270 269//269
f 147//147 263//263 270//270
f 264//264 270//270 263//263
f 271//271 151//151 162//162
f 271//271 272//272 151//151
f 272//272 267//267 151//151
f 162//162 164//164 271//271
f 268//268 273//273 172//172
f 160//160 268//268 172//172
f 274//274 268//268 269//269
f 273//273 268//268 274//274
f 271//271 275//275 272//272
f 276//276 277//277 275//275
f 173//173 276//276 275//275
f 173//173 275//275 271//271
f 173//173 271//271 164//164
f 173//173 175//175 276//276
f 273//273 278//278 182//182
f 172//172 273//273 182//182
f 279//279 273//273 274//274
f 278//278 273//273 279//279
f 280//280 277//277 276//276
f 281//281 277//277 280//280
f 175//175 183//183 282//282
f 175//175 282//282 276//276
f 276//276 282//282 280//280
f 183//183 185//185 282//282
f 278//278 283//283 191//191
f 182//182 278//278 191//191
f 284//284 278//278 279//279
f 283//283 278//278 284//284
f 280//280 285//285 281//281
f 285//285 286//286 287//287
f 285//285 280//280 286//286
f 280//280 282//282 286//286
f 185//185 193//193 286//286
f 282//282 185//185 286//286
f 199//199 288//288 198//198
f 199//199 191//191 283//283
f 199//199 283//283 288//288
f 288//288 283//283 289//289
f 290//290 283//283 284//284
f 289//289 283//283 290//290
f 291//291 287//287 286//286
f 292//292 287//287 291//291
f 193//193 200//200 293//293
f 193//193 293//293 286//286
f 286//286 293//293 291//291
f 200//200 202//202 293//293
f 206//206 294//294 205//205
f 206//206 198//198 288//288
f 206//206 288//288 294//294
f 294//294 288//288 295//295
f 289//289 296//296 288//288
f 296//296 295//295 288//288
f 297//297 289//289 290//290
f 296//296 289//289 297//297
f 298//298 292//292 291//291
f 299//299 292//292 298//298
f 293//293 300//300 291//291
f 300//300 298//298 291//291
f 202//202 208//208 300//300
f 293//293 202//202 300//300
f 294//294 301//301 211//211
f 205//205 294//294 211//211
f 295//295 302//302 294//294
f 302//302 301//301 294//294
f 303//303 296//296 304//304
f 303//303 302//302 296//296
f 302//302 295//295 296//296
f 297//297 304//304 296//296
f 298//298 305//305 299//299
f 305//305 306//306 307//307
f 305//305 298//298 306//306
f 298//298 300//300 306//306
f 208//208 213//213 306//306
f 300//300 208//208 306//306
f 301//301 308//308 216//216
f 211//211 301//301 216//216
f 302//302 309//309 301//301
f 309//309 308//308 301//301
f 310//310 302//302 303//303
f 309//309 302//302 310//310
f 311//311 307//307 306//306
f 312//312 307//307 311//311
f 213//213 218//218 311//311
f 306//306 213//213 311//311
f 308//308 313//313 221//221
f 216//216 308//308 221//221
f 309//309 314//314 308//308
f 314//314 313//313 308//308
f 315//315 309//309 310//310
f 314//314 309//309 315//315
f 316//316 312//312 311//311
f 317//317 312//312 316//316
f 218//218 223//223 316//316
f 311//311 218//218 316//316
f 313//313 318//318 226//226
f 221//221 313//313 226//226
f 314//314 319//319 313//313
f 319//319 318//318 313//313
f 320//320 314//314 315//315
f 319//319 314//314 320//320
f 321//321 317//317 316//316
f 322//322 317//317 321//321
f 223//223 228//228 321//321
f 316//316 223//223 321//321
f 231//231 323//323 230//230
f 231//231 226//226 318//318
f 231//231 318//318 323//323
f 323//323 318//318 324//324
f 325//325 319//319 326//326
f 325//325 324//324 319//319
f 324//324 318//318 319//319
f 320//320 326//326 319//319
f 327//327 322//322 321//321
f 328//328 322//322 327//327
f 228//228 233//233 327//327
f 321//321 228//228 327//327
f 323//323 329//329 235//235
f 230//230 323//323 235//235
f 324//324 330//330 323//323
f 330//330 329//329 323//323
f 331//331 324//324 325//325
f 330//330 324//324 331//331
f 332//332 328//328 327//327
f 333//333 328//328 332//332
f 233//233 236//236 334//334
f 233//233 334//334 327//327
f 327//327 334//334 332//332
f 236//236 237//237 335//335
f 334//334 236//236 335//335
f 237//237 235//235 329//329
f 237//237 329//329 335//335
f 335//335 329//329 336//336
f 330//330 337//337 329//329
f 337//337 336//336 329//329
f 338//338 330//330 331//331
f 337//337 330//330 338//338
f 332//332 339//339 333//333
f 339//339 340//340 341//341
f 339//339 332//332 340//340
f 332//332 334//334 340//340
f 335//335 342//342 334//334
f 342//342 340//340 334//334
f 336//336 343//343 335//335
f 343//343 342//342 335//335
f 344//344 337//337 345//345
f 344//344 343//343 337//337
f 343//343 336//336 337//337
f 338//338 345//345 337//337
f 340//340 346//346 341//341
f 346//346 347//347 348//348
f 346//346 340//340 347//347
f 340//340 342//342 347//347
f 349//349 343//343 350//350
f 349//349 347//347 343//343
f 347//347 342//342 343//343
f 344//344 350//350 343//343
f 347//347 351//351 348//348
f 349//349 351//351 347//347
f 240//240 352//352 353//353
f 239//239 352//352 240//240
f 241//241 240//240 354//354
f 240//240 353//353 354//354
f 242//242 241//241 355//355
f 241//241 354//354 355//355
f 243//243 242//242 356//356
f 242//242 355//355 356//356
f 244//244 243//243 357//357
f 243//243 356//356 357//357
f 245//245 244//244 358//358
f 244//244 357//357 358//358
f 246//246 245//245 359//359
f 245//245 358//358 359//359
f 247//247 246//246 360//360
f 246//246 359//359 360//360
f 248//248 247//247 361//361
f 247//247 360//360 361//361
f 249//249 248//248 362//362
f 248//248 361//361 362//362
f 250//250 249//249 363//363
f 249//249 362//362 363//363
f 251//251 250//250 364//364
f 250//250 363//363 364//364
f 252//252 251//251 365//365
f 251//251 364//364 365//365
f 365//365 253//253 252//252
f 366//366 253//253 365//365
f 239//239 254//254 352//352
f 352//352 254//254 367//367
f 253//253 366//366 368//368
f 255//255 253//253 368//368
f 368//368 256//256 255//255
f 369//369 256//256 368//368
f 254//254 258//258 367//367
f 367//367 258//258 370//370
f 256//256 369//369 260//260
f 369//369 371//371 260//260
f 258//258 372//372 370//370
f 261//261 372//372 258//258
f 372//372 261//261 262//262
f 373//373 372//372 262//262
f 265//265 374//374 375//375
f 264//264 265//265 375//375
f 371//371 265//265 260//260
f 374//374 265//265 371//371
f 376//376 262//262 266//266
f 376//376 377//377 262//262
f 377//377 373//373 262//262
f 266//266 267//267 376//376
f 270//270 378//378 269//269
f 270//270 379//379 378//378
f 270//270 264//264 379//379
f 264//264 375//375 379//379
f 376//376 380//380 377//377
f 380//380 376//376 267//267
f 380//380 267//267 381//381
f 381//381 267//267 272//272
f 378//378 382//382 274//274
f 269//269 378//378 274//274
f 383//383 378//378 379//379
f 382//382 378//378 383//383
f 384//384 272//272 275//275
f 384//384 385//385 272//272
f 385//385 381//381 272//272
f 275//275 277//277 384//384
f 382//382 386//386 279//279
f 274//274 382//382 279//279
f 387//387 382//382 383//383
f 386//386 382//382 387//387
f 384//384 388//388 385//385
f 388//388 384//384 277//277
f 388//388 277//277 389//389
f 389//389 277//277 281//281
f 386//386 390//390 284//284
f 279//279 386//386 284//284
f 391//391 386//386 387//387
f 390//390 386//386 391//391
f 392//392 281//281 285//285
f 392//392 393//393 281//281
f 393//393 389//389 281//281
f 285//285 287//287 392//392
f 390//390 394//394 290//290
f 284//284 390//390 290//290
f 395//395 390//390 391//391
f 394//394 390//390 395//395
f 392//392 396//396 393//393
f 396//396 392//392 287//287
f 396//396 287//287 397//397
f 397//397 287//287 292//292
f 394//394 398//398 399//399
f 394//394 399//399 290//290
f 290//290 399//399 297//297
f 395//395 398//398 394//394
f 292//292 299//299 397//397
f 397//397 299//299 400//400
f 304//304 401//401 303//303
f 304//304 402//402 401//401
f 304//304 297//297 402//402
f 297//297 399//399 402//402
f 403//403 299//299 305//305
f 403//403 404//404 299//299
f 404//404 400//400 299//299
f 305//305 307//307 403//403
f 401//401 405//405 310//310
f 303//303 401//401 310//310
f 406//406 401//401 402//402
f 405//405 401//401 406//406
f 407//407 404//404 403//403
f 408//408 404//404 407//407
f 307//307 312//312 407//407
f 403//403 307//307 407//407
f 405//405 409//409 315//315
f 310//310 405//405 315//315
f 410//410 405//405 406//406
f 409//409 405//405 410//410
f 411//411 408//408 407//407
f 412//412 408//408 411//411
f 312//312 317//317 411//411
f 407//407 312//312 411//411
f 409//409 413//413 414//414
f 409//409 414//414 315//315
f 315//315 414//414 320//320
f 410//410 413//413 409//409
f 411//411 415//415 412//412
f 415//415 411//411 317//317
f 415//415 317//317 416//416
f 416//416 317//317 322//322
f 326//326 417//417 325//325
f 326//326 418//418 417//417
f 326//326 320//320 418//418
f 320//320 414//414 418//418
f 322//322 328//328 416//416
f 416//416 328//328 419//419
f 417//417 420//420 331//331
f 325//325 417//417 331//331
f 421//421 417//417 418//418
f 420//420 417//417 421//421
f 328//328 333//333 419//419
f 419//419 333//333 422//422
f 420//420 423//423 424//424
f 420//420 424//424 331//331
f 331//331 424//424 338//338
f 421//421 423//423 420//420
f 425//425 333//333 339//339
f 425//425 426//426 333//333
f 426//426 422//422 333//333
f 339//339 341//341 425//425
f 345//345 427//427 344//344
f 345//345 428//428 427//427
f 345//345 338//338 428//428
f 338//338 424//424 428//428
f 425//425 429//429 426//426
f 430//430 431//431 429//429
f 346//346 430//430 429//429
f 346//346 429//429 425//425
f 346//346 425//425 341//341
f 346//346 348//348 430//430
f 350//350 432//432 349//349
f 350//350 344//344 427//427
f 350//350 427//427 432//432
f 432//432 427//427 433//433
f 434//434 427//427 428//428
f 433//433 427//427 434//434
f 430//430 435//435 431//431
f 348//348 435//435 430//430
f 348//348 351//351 435//435
f 351//351 436//436 435//435
f 432//432 351//351 349//349
f 432//432 437//437 351//351
f 437//437 436//436 351//351
f 433//433 437//437 432//432
f 438//438 437//437 433//433
f 434//434 438//438 433//433
f 353//353 439//439 440//440
f 352//352 439//439 353//353
f 354//354 353//353 441//441
f 353//353 440//440 441//441
f 355//355 354//354 442//442
f 354//354 441//441 442//442
f 356//356 355//355 443//443
f 355//355 442//442 443//443
f 357//357 356//356 444//444
f 356//356 443//443 444//444
f 358//358 357//357 445//445
f 357//357 444//444 445//445
f 359//359 358//358 446//446
f 358//358 445//445 446//446
f 360//360 359//359 447//447
f 359//359 446//446 447//447
f 361//361 360//360 448//448
f 360//360 447//447 448//448
f 362//362 361//361 449//449
f 361//361 448//448 449//449
f 363//363 362//362 450//450
f 362//362 449//449 450//450
f 364//364 363//363 451//451
f 363//363 450//450 451//451
f 365//365 364//364 452//452
f 364//364 451//451 452//452
f 452//452 366//366 365//365
f 453//453 366//366 452//452
f 352//352 367//367 439//439
f 439//439 367//367 454//454
f 366//366 453//453 455//455
f 368//368 366//366 455//455
f 455//455 369//369 368//368
f 456//456 369//369 455//455
f 367//367 370//370 454//454
f 454//454 370//370 457//457
f 369//369 456//456 371//371
f 456//456 458//458 371//371
f 370//370 459//459 457//457
f 372//372 459//459 370//370
f 459//459 372//372 373//373
f 460//460 459//459 373//373
f 374//374 461//461 462//462
f 375//375 374//374 462//462
f 458//458 374//374 371//371
f 461//461 374//374 458//458
f 463//463 377//377 464//464
f 463//463 460//460 377//377
f 460//460 373//373 377//377
f 463//463 464//464 465//465
f 375//375 462//462 379//379
f 462//462 466//466 379//379
f 377//377 380//380 464//464
f 464//464 380//380 381//381
f 464//464 381//381 465//465
f 465//465 381//381 467//467
f 379//379 466//466 383//383
f 466//466 468//468 383//383
f 469//469 385//385 470//470
f 469//469 467//467 385//385
f 467//467 381//381 385//385
f 469//469 470//470 471//471
f 383//383 468//468 387//387
f 468//468 472//472 387//387
f 385//385 388//388 470//470
f 470//470 388//388 389//389
f 470//470 389//389 471//471
f 471//471 389//389 473//473
f 387//387 472//472 391//391
f 472//472 474//474 391//391
f 389//389 393//393 473//473
f 473//473 393//393 475//475
f 391//391 474//474 395//395
f 474//474 476//476 395//395
f 393//393 477//477 475//475
f 396//396 477//477 393//393
f 477//477 396//396 397//397
f 478//478 477//477 397//397
f 398//398 479//479 399//399
f 398//398 480//480 479//479
f 398//398 395//395 480//480
f 395//395 476//476 480//480
f 397//397 400//400 478//478
f 478//478 400//400 481//481
f 479//479 482//482 483//483
f 479//479 483//483 399//399
f 399//399 483//483 402//402
f 480//480 482//482 479//479
f 400//400 404//404 481//481
f 481//481 404//404 484//484
f 402//402 483//483 406//406
f 483//483 485//485 406//406
f 404//404 408//408 484//484
f 484//484 408//408 486//486
f 406//406 485//485 410//410
f 485//485 487//487 410//410
f 488//488 412//412 489//489
f 488//488 486//486 412//412
f 486//486 408//408 412//412
f 488//488 489//489 490//490
f 413//413 491//491 414//414
f 413//413 492//492 491//491
f 413//413 410//410 492//492
f 410//410 487//487 492//492
f 412//412 415//415 489//489
f 489//489 415//415 416//416
f 489//489 416//416 490//490
f 490//490 416//416 493//493
f 491//491 494//494 495//495
f 491//491 495//495 414//414
f 414//414 495//495 418//418
f 492//492 494//494 491//491
f 416//416 419//419 493//493
f 493//493 419//419 496//496
f 418//418 495//495 421//421
f 495//495 497//497 421//421
f 419//419 422//422 496//496
f 496//496 422//422 498//498
f 423//423 499//499 424//424
f 423//423 500//500 499//499
f 423//423 421//421 500//500
f 421//421 497//497 500//500
f 422//422 426//426 498//498
f 498//498 426//426 501//501
f 499//499 502//502 503//503
f 499//499 503//503 424//424
f 424//424 503//503 428//428
f 500//500 502//502 499//499
f 426//426 504//504 501//501
f 429//429 504//504 426//426
f 504//504 429//429 431//431
f 505//505 504//504 431//431
f 428//428 503//503 434//434
f 503//503 506//506 434//434
f 507//507 431//431 435//435
f 507//507 508//508 431//431
f 508//508 505//505 431//431
f 435//435 436//436 509//509
f 507//507 435//435 509//509
f 436//436 437//437 510//510
f 509//509 436//436 510//510
f 511//511 510//510 437//437
f 511//511 437//437 512//512
f 512//512 437//437 438//438
f 506//506 438//438 434//434
f 512//512 438//438 506//506
f 507//507 513//513 508//508
f 509//509 513//513 507//507
f 514//514 513//513 509//509
f 510//510 514//514 509//509
f 515//515 514//514 510//510
f 511//511 515//515 510//510
f 440//440 516//516 517//517
f 439//439 516//516 440//440
f 441//441 440//440 518//518
f 440//440 517//517 518//518
f 442//442 441//441 519//519
f 441//441 518//518 519//519
f 443//443 442//442 520//520
f 442//442 519//519 520//520
f 444//444 443//443 521//521
f 443//443 520//520 521//521
f 445//445 444//444 522//522
f 444//444 521//521 522//522
f 446//446 445//445 523//523
f 445//445 522//522 523//523
f 447//447 446//446 524//524
f 446//446 523//523 524//524
f 448//448 447//447 525//525
f 447//447 524//524 525//525
f 449//449 448//448 526//526
f 448//448 525//525 526//526
f 450//450 449//449 527//527
f 449//449 526//526 527//527
f 451//451 450//450 528//528
f 450//450 527//527 528//528
f 452//452 451//451 529//529
f 451//451 528//528 529//529
f 529//529 453//453 452//452
f 530//530 453//453 529//529
f 439//439 454//454 516//516
f 516//516 454//454 531//531
f 453//453 530//530 532//532
f 455//455 453//453 532//532
f 532//532 456//456 455//455
f 533//533 456//456 532//532
f 454//454 457//457 531//531
f 531//531 457//457 534//534
f 456//456 533//533 458//458
f 533//533 535//535 458//458
f 457//457 536//536 534//534
f 459//459 536//536 457//457
f 536//536 459//459 460//460
f 537//537 536//536 460//460
f 461//461 538//538 539//539
f 462//462 461//461 539//539
f 535//535 461//461 458//458
f 538//538 461//461 535//535
f 460//460 540//540 537//537
f 463//463 540//540 460//460
f 540//540 463//463 465//465
f 541//541 540//540 465//465
f 462//462 539//539 466//466
f 539//539 542//542 466//466
f 465//465 467//467 541//541
f 541//541 467//467 543//543
f 466//466 542//542 468//468
f 542//542 544//544 468//468
f 467//467 545//545 543//543
f 469//469 545//545 467//467
f 545//545 469//469 471//471
f 546//546 545//545 471//471
f 468//468 544//544 472//472
f 544//544 547//547 472//472
f 471//471 473//473 546//546
f 546//546 473//473 548//548
f 472//472 547//547 474//474
f 547//547 549//549 474//474
f 473//473 475//475 548//548
f 548//548 475//475 550//550
f 474//474 549//549 476//476
f 549//549 551//551 476//476
f 475//475 552//552 550//550
f 477//477 552//552 475//475
f 552//552 477//477 478//478
f 553//553 552//552 478//478
f 476//476 551//551 480//480
f 551//551 554//554 480//480
f 478//478 481//481 553//553
f 553//553 481//481 555//555
f 482//482 556//556 557//557
f 483//483 482//482 557//557
f 554//554 482//482 480//480
f 556//556 482//482 554//554
f 481//481 484//484 555//555
f 555//555 484//484 558//558
f 483//483 557//557 485//485
f 557//557 559//559 485//485
f 560//560 486//486 561//561
f 560//560 558//558 486//486
f 558//558 484//484 486//486
f 560//560 561//561 562//562
f 485//485 559//559 487//487
f 559//559 563//563 487//487
f 486//486 488//488 561//561
f 561//561 488//488 490//490
f 561//561 490//490 562//562
f 562//562 490//490 564//564
f 487//487 563//563 492//492
f 563//563 565//565 492//492
f 490//490 493//493 564//564
f 564//564 493//493 566//566
f 494//494 567//567 568//568
f 495//495 494//494 568//568
f 565//565 494//494 492//492
f 567//567 494//494 565//565
f 493//493 496//496 566//566
f 566//566 496//496 569//569
f 495//495 568//568 497//497
f 568//568 570//570 497//497
f 496//496 498//498 569//569
f 569//569 498//498 571//571
f 497//497 570//570 500//500
f 570//570 572//572 500//500
f 498//498 501//501 571//571
f 571//571 501//501 573//573
f 502//502 574//574 503//503
f 502//502 575//575 574//574
f 502//502 500//500 575//575
f 500//500 572//572 575//575
f 501//501 576//576 573//573
f 504//504 576//576 501//501
f 576//576 504//504 505//505
f 577//577 576//576 505//505
f 574//574 578//578 579//579
f 574//574 579//579 503//503
f 503//503 579//579 506//506
f 575//575 578//578 574//574
f 505//505 508//508 577//577
f 577//577 508//508 580//580
f 512//512 581//581 511//511
f 512//512 582//582 581//581
f 512//512 506//506 582//582
f 506//506 579//579 582//582
f 508//508 583//583 580//580
f 513//513 583//583 508//508
f 514//514 584//584 513//513
f 513//513 584//584 583//583
f 515//515 585//585 514//514
f 514//514 585//585 584//584
f 581//581 515//515 511//511
f 581//581 586//586 515//515
f 586//586 585//585 515//515
f 582//582 586//586 581//581
f 517//517 587//587 588//588
f 516//516 587//587 517//517
f 518//518 517//517 589//589
f 517//517 588//588 589//589
f 519//519 518//518 590//590
f 518//518 589//589 590//590
f 520//520 519//519 591//591
f 519//519 590//590 591//591
f 521//521 520//520 592//592
f 520//520 591//591 592//592
f 522//522 521//521 593//593
f 521//521 592//592 593//593
f 523//523 522//522 594//594
f 522//522 593//593 594//594
f 524//524 523//523 595//595
f 523//523 594//594 595//595
f 525//525 524//524 596//596
f 524//524 595//595 596//596
f 526//526 525//525 597//597
f 525//525 596//596 597//597
f 527//527 526//526 598//598
f 526//526 597//597 598//598
f 528//528 527//527 599//599
f 527//527 598//598 599//599
f 529//529 528//528 600//600
f 528//528 599//599 600//600
f 600//600 530//530 529//529
f 601//601 530//530 600//600
f 516//516 531//531 587//587
f 587//587 531//531 602//602
f 530//530 601//601 603//603
f 532//532 530//530 603//603
f 603//603 533//533 532//532
f 604//604 533//533 603//603
f 531//531 534//534 602//602
f 602//602 534//534 605//605
f 533//533 604//604 535//535
f 604//604 606//606 535//535
f 534//534 607//607 605//605
f 536//536 607//607 534//534
f 607//607 536//536 537//537
f 608//608 607//607 537//537
f 538//538 609//609 610//610
f 539//539 538//538 610//610
f 606//606 538//538 535//535
f 609//609 538//538 606//606
f 537//537 611//611 608//608
f 540//540 611//611 537//537
f 611//611 540//540 541//541
f 612//612 611//611 541//541
f 539//539 610//610 542//542
f 610//610 613//613 542//542
f 541//541 543//543 612//612
f 612//612 543//543 614//614
f 542//542 613//613 544//544
f 613//613 615//615 544//544
f 543//543 616//616 614//614
f 545//545 616//616 543//543
f 616//616 545//545 546//546
f 617//617 616//616 546//546
f 544//544 615//615 547//547
f 615//615 618//618 547//547
f 546//546 548//548 617//617
f 617//617 548//548 619//619
f 547//547 618//618 549//549
f 618//618 620//620 549//549
f 548//548 550//550 619//619
f 619//619 550//550 621//621
f 549//549 620//620 551//551
f 620//620 622//622 551//551
f 550//550 623//623 621//621
f 552//552 623//623 550//550
f 623//623 552//552 553//553
f 624//624 623//623 553//553
f 551//551 622//622 554//554
f 622//622 625//625 554//554
f 553//553 555//555 624//624
f 624//624 555//555 626//626
f 556//556 627//627 628//628
f 557//557 556//556 628//628
f 625//625 556//556 554//554
f 627//627 556//556 625//625
f 555//555 558//558 626//626
f 626//626 558//558 629//629
f 557//557 628//628 559//559
f 628//628 630//630 559//559
f 558//558 631//631 629//629
f 560//560 631//631 558//558
f 631//631 560//560 562//562
f 632//632 631//631 562//562
f 559//559 630//630 563//563
f 630//630 633//633 563//563
f 562//562 564//564 632//632
f 632//632 564//564 634//634
f 563//563 633//633 565//565
f 633//633 635//635 565//565
f 564//564 566//566 634//634
f 634//634 566//566 636//636
f 567//567 637//637 638//638
f 568//568 567//567 638//638
f 635//635 567//567 565//565
f 637//637 567//567 635//635
f 566//566 569//569 636//636
f 636//636 569//569 639//639
f 568//568 638//638 570//570
f 638//638 640//640 570//570
f 569//569 571//571 639//639
f 639//639 571//571 641//641
f 570//570 640//640 572//572
f 640//640 642//642 572//572
f 571//571 573//573 641//641
f 641//641 573//573 643//643
f 572//572 642//642 575//575
f 642//642 644//644 575//575
f 573//573 645//645 643//643
f 576//576 645//645 573//573
f 645//645 576//576 577//577
f 646//646 645//645 577//577
f 578//578 647//647 648//648
f 579//579 578//578 648//648
f 644//644 578//578 575//575
f 647//647 578//578 644//644
f 577//577 580//580 646//646
f 646//646 580//580 649//649
f 579//579 648//648 582//582
f 648//648 650//650 582//582
f 580//580 651//651 649//649
f 583//583 651//651 580//580
f 584//584 652//652 583//583
f 583//583 652//652 651//651
f 585//585 653//653 584//584
f 584//584 653//653 652//652
f 586//586 654//654 585//585
f 585//585 654//654 653//653
f 650//650 586//586 582//582
f 654//654 586//586 650//650
f 588//588 655//655 656//656
f 587//587 655//655 588//588
f 589//589 588//588 657//657
f 588//588 656//656 657//657
f 590//590 589//589 658//658
f 589//589 657//657 658//658
f 591//591 590//590 659//659
f 590//590 658//658 659//659
f 592//592 591//591 660//660
f 591//591 659//659 660//660
f 593//593 592//592 661//661
f 592//592 660//660 661//661
f 594//594 593//593 662//662
f 593//593 661//661 662//662
f 595//595 594//594 663//663
f 594//594 662//662 663//663
f 596//596 595//595 664//664
f 595//595 663//663 664//664
f 597//597 596//596 665//665
f 596//596 664//664 665//665
f 598//598 597//597 666//666
f 597//597 665//665 666//666
f 599//599 598//598 667//667
f 598//598 666//666 667//667
f 600//600 599//599 668//668
f 599//599 667//667 668//668
f 601//601 669//669 670//670
f 601//601 600//600 669//669
f 600//600 668//668 669//669
f 669//669 671//671 670//670
f 587//587 602//602 655//655
f 655//655 602//602 672//672
f 601//601 670//670 603//603
f 604//604 673//673 674//674
f 603//603 673//673 604//604
f 603//603 671//671 673//673
f 603//603 670//670 671//671
f 673//673 675//675 674//674
f 602//602 605//605 672//672
f 672//672 605//605 676//676
f 674//674 677//677 678//678
f 674//674 678//678 604//604
f 604//604 678//678 606//606
f 675//675 677//677 674//674
f 605//605 679//679 676//676
f 607//607 679//679 605//605
f 679//679 607//607 608//608
f 680//680 679//679 608//608
f 609//609 681//681 610//610
f 609//609 682//682 681//681
f 609//609 606//606 682//682
f 606//606 678//678 682//682
f 683//683 608//608 611//611
f 683//683 684//684 608//608
f 684//684 680//680 608//608
f 611//611 612//612 683//683
f 681//681 685//685 686//686
f 681//681 686//686 610//610
f 610//610 686//686 613//613
f 682//682 685//685 681//681
f 683//683 687//687 684//684
f 687//687 683//683 612//612
f 687//687 612//612 688//688
f 688//688 612//612 614//614
f 613//613 686//686 615//615
f 686//686 689//689 615//615
f 690//690 614//614 616//616
f 690//690 691//691 614//614
f 691//691 688//688 614//614
f 616//616 617//617 690//690
f 615//615 689//689 618//618
f 689//689 692//692 618//618
f 690//690 693//693 691//691
f 693//693 690//690 617//617
f 693//693 617//617 694//694
f 694//694 617//617 619//619
f 618//618 692//692 620//620
f 692//692 695//695 620//620
f 619//619 621//621 694//694
f 694//694 621//621 696//696
f 620//620 695//695 622//622
f 695//695 697//697 622//622
f 621//621 698//698 696//696
f 623//623 698//698 621//621
f 698//698 623//623 624//624
f 699//699 698//698 624//624
f 622//622 697//697 625//625
f 697//697 700//700 625//625
f 624//624 626//626 699//699
f 699//699 626//626 701//701
f 627//627 702//702 703//703
f 628//628 627//627 703//703
f 700//700 627//627 625//625
f 702//702 627//627 700//700
f 704//704 629//629 705//705
f 704//704 701//701 629//629
f 701//701 626//626 629//629
f 704//704 705//705 706//706
f 628//628 703//703 630//630
f 703//703 707//707 630//630
f 629//629 631//631 705//705
f 705//705 631//631 632//632
f 705//705 632//632 706//706
f 706//706 632//632 708//708
f 630//630 707//707 633//633
f 707//707 709//709 633//633
f 632//632 634//634 708//708
f 708//708 634//634 710//710
f 633//633 709//709 635//635
f 709//709 711//711 635//635
f 634//634 636//636 710//710
f 710//710 636//636 712//712
f 637//637 713//713 714//714
f 638//638 637//637 714//714
f 711//711 637//637 635//635
f 713//713 637//637 711//711
f 636//636 639//639 712//712
f 712//712 639//639 715//715
f 638//638 714//714 640//640
f 714//714 716//716 640//640
f 639//639 641//641 715//715
f 715//715 641//641 717//717
f 640//640 716//716 642//642
f 716//716 718//718 642//642
f 719//719 643//643 720//720
f 719//719 717//717 643//643
f 717//717 641//641 643//643
f 719//719 720//720 721//721
f 722//722 723//723 724//724
f 722//722 718//718 723//723
f 722//722 644//644 718//718
f 644//644 642//642 718//718
f 643//643 645//645 720//720
f 720//720 645//645 646//646
f 720//720 646//646 721//721
f 721//721 646//646 725//725
f 647//647 722//722 724//724
f 647//647 724//724 648//648
f 648//648 724//724 726//726
f 644//644 722//722 647//647
f 727//727 649//649 728//728
f 727//727 725//725 649//649
f 725//725 646//646 649//649
f 728//728 729//729 730//730
f 727//727 728//728 730//730
f 729//729 731//731 732//732
f 730//730 729//729 732//732
f 731//731 733//733 734//734
f 732//732 731//731 734//734
f 733//733 726//726 734//734
f 733//733 650//650 726//726
f 650//650 648//648 726//726
f 649//649 651//651 728//728
f 652//652 728//728 651//651
f 729//729 728//728 652//652
f 653//653 729//729 652//652
f 731//731 729//729 653//653
f 654//654 731//731 653//653
f 733//733 731//731 654//654
f 650//650 733//733 654//654
f 656//656 735//735 736//736
f 655//655 735//735 656//656
f 657//657 656//656 737//737
f 656//656 736//736 737//737
f 658//658 657//657 738//738
f 657//657 737//737 738//738
f 659//659 658//658 739//739
f 658//658 738//738 739//739
f 660//660 659//659 740//740
f 659//659 739//739 740//740
f 661//661 660//660 741//741
f 660//660 740//740 741//741
f 662//662 661//661 742//742
f 661//661 741//741 742//742
f 663//663 662//662 743//743
f 662//662 742//742 743//743
f 664//664 663//663 744//744
f 663//663 743//743 744//744
f 665//665 664//664 745//745
f 664//664 744//744 745//745
f 666//666 665//665 746//746
f 665//665 745//745 746//746
f 667//667 666//666 747//747
f 666//666 746//746 747//747
f 668//668 667//667 748//748
f 667//667 747//747 748//748
f 669//669 668//668 749//749
f 668//668 748//748 749//749
f 671//671 750//750 751//751
f 671//671 669//669 750//750
f 669//669 749//749 750//750
f 750//750 752//752 751//751
f 655//655 672//672 735//735
f 735//735 672//672 753//753
f 671//671 751//751 673//673
f 751//751 675//675 673//673
f 751//751 752//752 675//675
f 752//752 754//754 675//675
f 672//672 676//676 753//753
f 753//753 676//676 755//755
f 677//677 756//756 678//678
f 677//677 757//757 756//756
f 677//677 675//675 757//757
f 675//675 754//754 757//757
f 758//758 676//676 679//679
f 758//758 759//759 676//676
f 759//759 755//755 676//676
f 679//679 680//680 758//758
f 756//756 760//760 761//761
f 756//756 761//761 678//678
f 678//678 761//761 682//682
f 757//757 760//760 756//756
f 758//758 762//762 759//759
f 762//762 758//758 680//680
f 762//762 680//680 763//763
f 763//763 680//680 684//684
f 685//685 764//764 765//765
f 686//686 685//685 765//765
f 761//761 685//685 682//682
f 764//764 685//685 761//761
f 684//684 766//766 763//763
f 687//687 766//766 684//684
f 766//766 687//687 688//688
f 767//767 766//766 688//688
f 686//686 765//765 689//689
f 765//765 768//768 689//689
f 688//688 691//691 767//767
f 767//767 691//691 769//769
f 689//689 768//768 692//692
f 768//768 770//770 692//692
f 691//691 771//771 769//769
f 693//693 771//771 691//691
f 771//771 693//693 694//694
f 772//772 771//771 694//694
f 692//692 770//770 695//695
f 770//770 773//773 695//695
f 694//694 696//696 772//772
f 772//772 696//696 774//774
f 695//695 773//773 697//697
f 773//773 775//775 697//697
f 776//776 696//696 698//698
f 776//776 777//777 696//696
f 777//777 774//774 696//696
f 698//698 699//699 776//776
f 778//778 779//779 780//780
f 778//778 775//775 779//779
f 778//778 700//700 775//775
f 700//700 697//697 775//775
f 776//776 781//781 777//777
f 781//781 776//776 699//699
f 781//781 699//699 782//782
f 782//782 699//699 701//701
f 702//702 778//778 780//780
f 702//702 780//780 703//703
f 703//703 780//780 783//783
f 700//700 778//778 702//702
f 701//701 784//784 782//782
f 704//704 784//784 701//701
f 784//784 704//704 706//706
f 785//785 784//784 706//706
f 703//703 783//783 707//707
f 783//783 786//786 707//707
f 706//706 708//708 785//785
f 785//785 708//708 787//787
f 707//707 786//786 709//709
f 786//786 788//788 709//709
f 708//708 710//710 787//787
f 787//787 710//710 789//789
f 790//790 791//791 792//792
f 790//790 788//788 791//791
f 790//790 711//711 788//788
f 711//711 709//709 788//788
f 793//793 712//712 794//794
f 793//793 789//789 712//712
f 789//789 710//710 712//712
f 793//793 794//794 795//795
f 713//713 790//790 792//792
f 713//713 792//792 714//714
f 714//714 792//792 796//796
f 711//711 790//790 713//713
f 794//794 715//715 797//797
f 712//712 715//715 794//794
f 798//798 795//795 794//794
f 797//797 798//798 794//794
f 714//714 796//796 716//716
f 796//796 799//799 716//716
f 797//797 717//717 800//800
f 715//715 717//717 797//797
f 801//801 798//798 797//797
f 800//800 801//801 797//797
f 802//802 803//803 804//804
f 802//802 799//799 803//803
f 802//802 718//718 799//799
f 718//718 716//716 799//799
f 717//717 719//719 800//800
f 721//721 805//805 806//806
f 719//719 721//721 806//806
f 719//719 806//806 801//801
f 719//719 801//801 800//800
f 806//806 805//805 807//807
f 808//808 809//809 810//810
f 804//804 809//809 808//808
f 802//802 804//804 808//808
f 802//802 808//808 724//724
f 802//802 724//724 723//723
f 718//718 802//802 723//723
f 805//805 725//725 811//811
f 721//721 725//725 805//805
f 812//812 807//807 805//805
f 812//812 805//805 813//813
f 813//813 805//805 811//811
f 813//813 814//814 815//815
f 812//812 813//813 815//815
f 810//810 815//815 814//814
f 810//810 814//814 808//808
f 808//808 814//814 816//816
f 724//724 816//816 726//726
f 808//808 816//816 724//724
f 725//725 727//727 811//811
f 730//730 811//811 727//727
f 813//813 811//811 730//730
f 732//732 813//813 730//730
f 814//814 813//813 732//732
f 734//734 814//814 732//732
f 816//816 814//814 734//734
f 726//726 816//816 734//734
f 736//736 817//817 818//818
f 735//735 817//817 736//736
f 737//737 736//736 819//819
f 736//736 818//818 819//819
f 738//738 737//737 820//820
f 737//737 819//819 820//820
f 739//739 738//738 821//821
f 738//738 820//820 821//821
f 740//740 739//739 822//822
f 739//739 821//821 822//822
f 741//741 740//740 823//823
f 740//740 822//822 823//823
f 742//742 741//741 824//824
f 741//741 823//823 824//824
f 743//743 742//742 825//825
f 742//742 824//824 825//825
f 744//744 743//743 826//826
f 743//743 825//825 826//826
f 745//745 744//744 827//827
f 744//744 826//826 827//827
f 746//746 745//745 828//828
f 745//745 827//827 828//828
f 747//747 746//746 829//829
f 746//746 828//828 829//829
f 748//748 747//747 830//830
f 747//747 829//829 830//830
f 749//749 748//748 831//831
f 748//748 830//830 831//831
f 750//750 749//749 832//832
f 749//749 831//831 832//832
f 832//832 752//752 750//750
f 833//833 752//752 832//832
f 735//735 753//753 817//817
f 817//817 753//753 834//834
f 752//752 833//833 754//754
f 833//833 835//835 754//754
f 753//753 755//755 834//834
f 834//834 755//755 836//836
f 754//754 835//835 757//757
f 835//835 837//837 757//757
f 755//755 759//759 836//836
f 836//836 759//759 838//838
f 760//760 839//839 840//840
f 761//761 760//760 840//840
f 837//837 760//760 757//757
f 839//839 760//760 837//837
f 759//759 841//841 838//838
f 762//762 841//841 759//759
f 841//841 762//762 763//763
f 842//842 841//841 763//763
f 764//764 843//843 844//844
f 765//765 764//764 844//844
f 840//840 764//764 761//761
f 843//843 764//764 840//840
f 763//763 845//845 842//842
f 766//766 845//845 763//763
f 845//845 766//766 767//767
f 846//846 845//845 767//767
f 765//765 844//844 768//768
f 844//844 847//847 768//768
f 767//767 769//769 846//846
f 846//846 769//769 848//848
f 768//768 847//847 770//770
f 847//847 849//849 770//770
f 769//769 850//850 848//848
f 771//771 850//850 769//769
f 850//850 771//771 772//772
f 851//851 850//850 772//772
f 770//770 849//849 773//773
f 849//849 852//852 773//773
f 772//772 774//774 851//851
f 851//851 774//774 853//853
f 854//854 855//855 856//856
f 854//854 852//852 855//855
f 854//854 775//775 852//852
f 775//775 773//773 852//852
f 857//857 777//777 858//858
f 857//857 853//853 777//777
f 853//853 774//774 777//777
f 857//857 858//858 859//859
f 779//779 854//854 856//856
f 779//779 856//856 780//780
f 780//780 856//856 860//860
f 775//775 854//854 779//779
f 777//777 781//781 858//858
f 858//858 781//781 782//782
f 858//858 782//782 859//859
f 859//859 782//782 861//861
f 780//780 860//860 783//783
f 860//860 862//862 783//783
f 782//782 863//863 861//861
f 784//784 863//863 782//782
f 863//863 784//784 785//785
f 864//864 863//863 785//785
f 865//865 866//866 867//867
f 865//865 862//862 866//866
f 865//865 786//786 862//862
f 786//786 783//783 862//862
f 785//785 787//787 864//864
f 864//864 787//787 868//868
f 869//869 865//865 867//867
f 870//870 869//869 867//867
f 786//786 869//869 788//788
f 865//865 869//869 786//786
f 871//871 789//789 872//872
f 871//871 868//868 789//789
f 868//868 787//787 789//789
f 871//871 872//872 873//873
f 791//791 869//869 870//870
f 791//791 870//870 792//792
f 792//792 870//870 874//874
f 788//788 869//869 791//791
f 789//789 793//793 872//872
f 795//795 875//875 876//876
f 793//793 795//795 876//876
f 793//793 876//876 873//873
f 793//793 873//873 872//872
f 876//876 875//875 877//877
f 878//878 879//879 880//880
f 878//878 874//874 879//879
f 878//878 796//796 874//874
f 796//796 792//792 874//874
f 875//875 798//798 881//881
f 795//795 798//798 875//875
f 882//882 877//877 875//875
f 882//882 875//875 883//883
f 883//883 875//875 881//881
f 883//883 884//884 885//885
f 882//882 883//883 885//885
f 884//884 886//886 887//887
f 885//885 884//884 887//887
f 880//880 887//887 886//886
f 880//880 886//886 878//878
f 878//878 886//886 888//888
f 796//796 888//888 799//799
f 878//878 888//888 796//796
f 881//881 801//801 889//889
f 798//798 801//801 881//881
f 883//883 881//881 890//890
f 890//890 881//881 889//889
f 884//884 883//883 891//891
f 891//891 883//883 890//890
f 886//886 884//884 892//892
f 892//892 884//884 891//891
f 803//803 892//892 804//804
f 803//803 888//888 892//892
f 888//888 886//886 892//892
f 799//799 888//888 803//803
f 801//801 806//806 889//889
f 807//807 889//889 806//806
f 807//807 893//893 889//889
f 893//893 890//890 889//889
f 891//891 890//890 894//894
f 894//894 890//890 893//893
f 809//809 894//894 810//810
f 809//809 892//892 894//894
f 892//892 891//891 894//894
f 804//804 892//892 809//809
f 807//807 812//812 893//893
f 815//815 893//893 812//812
f 894//894 893//893 815//815
f 810//810 894//894 815//815
f 818//818 895//895 896//896
f 817//817 895//895 818//818
f 819//819 818//818 897//897
f 818//818 896//896 897//897
f 820//820 819//819 898//898
f 819//819 897//897 898//898
f 821//821 820//820 899//899
f 820//820 898//898 899//899
f 822//822 821//821 900//900
f 821//821 899//899 900//900
f 823//823 822//822 901//901
f 822//822 900//900 901//901
f 824//824 823//823 902//902
f 823//823 901//901 902//902
f 825//825 824//824 903//903
f 824//824 902//902 903//903
f 826//826 825//825 904//904
f 825//825 903//903 904//904
f 827//827 826//826 905//905
f 826//826 904//904 905//905
f 828//828 827//827 906//906
f 827//827 905//905 906//906
f 829//829 828//828 907//907
f 828//828 906//906 907//907
f 830//830 829//829 908//908
f 829//829 907//907 908//908
f 831//831 830//830 909//909
f 830//830 908//908 909//909
f 832//832 831//831 910//910
f 831//831 909//909 910//910
f 910//910 833//833 832//832
f 911//911 833//833 910//910
f 817//817 834//834 895//895
f 895//895 834//834 912//912
f 833//833 911//911 835//835
f 911//911 913//913 835//835
f 834//834 836//836 912//912
f 912//912 836//836 914//914
f 835//835 913//913 837//837
f 913//913 915//915 837//837
f 916//916 838//838 917//917
f 916//916 914//914 838//838
f 914//914 836//836 838//838
f 916//916 917//917 918//918
f 839//839 919//919 920//920
f 840//840 839//839 920//920
f 915//915 839//839 837//837
f 919//919 839//839 915//915
f 838//838 841//841 917//917
f 917//917 841//841 842//842
f 917//917 842//842 918//918
f 918//918 842//842 921//921
f 843//843 922//922 923//923
f 844//844 843//843 923//923
f 920//920 843//843 840//840
f 922//922 843//843 920//920
f 842//842 924//924 921//921
f 845//845 924//924 842//842
f 924//924 845//845 846//846
f 925//925 924//924 846//846
f 844//844 923//923 847//847
f 923//923 926//926 847//847
f 927//927 848//848 928//928
f 927//927 925//925 848//848
f 925//925 846//846 848//848
f 927//927 928//928 929//929
f 930//930 931//931 932//932
f 930//930 926//926 931//931
f 930//930 849//849 926//926
f 849//849 847//847 926//926
f 848//848 850//850 928//928
f 928//928 850//850 851//851
f 928//928 851//851 929//929
f 929//929 851//851 933//933
f 934//934 930//930 932//932
f 935//935 934//934 932//932
f 849//849 934//934 852//852
f 930//930 934//934 849//849
f 936//936 853//853 937//937
f 936//936 933//933 853//853
f 933//933 851//851 853//853
f 936//936 937//937 938//938
f 939//939 940//940 941//941
f 935//935 940//940 939//939
f 934//934 935//935 939//939
f 934//934 939//939 856//856
f 934//934 856//856 855//855
f 852//852 934//934 855//855
f 853//853 857//857 937//937
f 937//937 857//857 859//859
f 937//937 859//859 938//938
f 938//938 859//859 942//942
f 943//943 939//939 941//941
f 944//944 943//943 941//941
f 856//856 943//943 860//860
f 939//939 943//943 856//856
f 945//945 861//861 946//946
f 945//945 942//942 861//861
f 942//942 859//859 861//861
f 945//945 946//946 947//947
f 948//948 949//949 950//950
f 944//944 949//949 948//948
f 944//944 948//948 943//943
f 943//943 948//948 951//951
f 860//860 951//951 862//862
f 943//943 951//951 860//860
f 861//861 863//863 946//946
f 864//864 952//952 953//953
f 863//863 864//864 953//953
f 863//863 953//953 947//947
f 863//863 947//947 946//946
f 952//952 954//954 955//955
f 953//953 952//952 955//955
f 955//955 954//954 956//956
f 957//957 958//958 959//959
f 950//950 958//958 957//957
f 950//950 957//957 948//948
f 948//948 957//957 960//960
f 866//866 960//960 867//867
f 866//866 951//951 960//960
f 951//951 948//948 960//960
f 862//862 951//951 866//866
f 952//952 868//868 961//961
f 864//864 868//868 952//952
f 954//954 952//952 962//962
f 962//962 952//952 961//961
f 963//963 956//956 954//954
f 963//963 954//954 964//964
f 964//964 954//954 962//962
f 964//964 965//965 966//966
f 963//963 964//964 966//966
f 959//959 966//966 965//965
f 959//959 965//965 957//957
f 957//957 965//965 967//967
f 960//960 957//957 968//968
f 968//968 957//957 967//967
f 867//867 968//968 870//870
f 960//960 968//968 867//867
f 868//868 871//871 961//961
f 873//873 961//961 871//871
f 873//873 969//969 961//961
f 969//969 962//962 961//961
f 964//964 962//962 970//970
f 970//970 962//962 969//969
f 965//965 964//964 971//971
f 971//971 964//964 970//970
f 967//967 965//965 972//972
f 972//972 965//965 971//971
f 968//968 967//967 973//973
f 973//973 967//967 972//972
f 870//870 973//973 874//874
f 968//968 973//973 870//870
f 873//873 876//876 969//969
f 877//877 969//969 876//876
f 877//877 974//974 969//969
f 974//974 970//970 969//969
f 971//971 970//970 975//975
f 975//975 970//970 974//974
f 972//972 971//971 976//976
f 976//976 971//971 975//975
f 879//879 976//976 880//880
f 879//879 973//973 976//976
f 973//973 972//972 976//976
f 874//874 973//973 879//879
f 877//877 882//882 974//974
f 885//885 974//974 882//882
f 975//975 974//974 885//885
f 887//887 975//975 885//885
f 976//976 975//975 887//887
f 880//880 976//976 887//887
f 896//896 895//895 977//977
f 978//978 896//896 977//977
f 978//978 979//979 896//896
f 979//979 897//897 896//896
f 898//898 897//897 980//980
f 897//897 979//979 980//980
f 899//899 898//898 981//981
f 898//898 980//980 981//981
f 900//900 899//899 982//982
f 899//899 981//981 982//982
f 901//901 900//900 983//983
f 900//900 982//982 983//983
f 902//902 901//901 984//984
f 901//901 983//983 984//984
f 903//903 902//902 985//985
f 902//902 984//984 985//985
f 904//904 903//903 986//986
f 903//903 985//985 986//986
f 905//905 904//904 987//987
f 904//904 986//986 987//987
f 906//906 905//905 988//988
f 905//905 987//987 988//988
f 907//907 906//906 989//989
f 906//906 988//988 989//989
f 908//908 907//907 990//990
f 907//907 989//989 990//990
f 909//909 908//908 991//991
f 908//908 990//990 991//991
f 992//992 991//991 993//993
f 992//992 910//910 991//991
f 910//910 909//909 991//991
f 910//910 992//992 911//911
f 977//977 994//994 995//995
f 977//977 895//895 994//994
f 895//895 912//912 994//994
f 978//978 977//977 995//995
f 992//992 993//993 996//996
f 996//996 911//911 992//992
f 996//996 997//997 911//911
f 997//997 913//913 911//911
f 998//998 914//914 999//999
f 998//998 994//994 914//914
f 994//994 912//912 914//914
f 998//998 999//999 1000//1000
f 1001//1001 1002//1002 1003//1003
f 1001//1001 997//997 1002//1002
f 1001//1001 915//915 997//997
f 915//915 913//913 997//997
f 914//914 916//916 999//999
f 999//999 916//916 918//918
f 999//999 918//918 1000//1000
f 1000//1000 918//918 1004//1004
f 1005//1005 1006//1006 1007//1007
f 1003//1003 1006//1006 1005//1005
f 1001//1001 1003//1003 1005//1005
f 1001//1001 1005//1005 920//920
f 1001//1001 920//920 919//919
f 915//915 1001//1001 919//919
f 1008//1008 921//921 1009//1009
f 1008//1008 1004//1004 921//921
f 1004//1004 918//918 921//921
f 1008//1008 1009//1009 1010//1010
f 1011//1011 1012//1012 1013//1013
f 1007//1007 1012//1012 1011//1011
f 1005//1005 1007//1007 1011//1011
f 1005//1005 1011//1011 923//923
f 1005//1005 923//923 922//922
f 920//920 1005//1005 922//922
f 921//921 924//924 1009//1009
f 925//925 1014//1014 1015//1015
f 924//924 925//925 1015//1015
f 924//924 1015//1015 1010//1010
f 924//924 1010//1010 1009//1009
f 1015//1015 1014//1014 1016//1016
f 1017//1017 1011//1011 1013//1013
f 1018//1018 1017//1017 1013//1013
f 923//923 1017//1017 926//926
f 1011//1011 1017//1017 923//923
f 925//925 927//927 1014//1014
f 929//929 1019//1019 1020//1020
f 927//927 929//929 1020//1020
f 927//927 1020//1020 1016//1016
f 927//927 1016//1016 1014//1014
f 1019//1019 1021//1021 1022//1022
f 1020//1020 1019//1019 1022//1022
f 1022//1022 1021//1021 1023//1023
f 1024//1024 1025//1025 1026//1026
f 1018//1018 1025//1025 1024//1024
f 1017//1017 1018//1018 1024//1024
f 1017//1017 1024//1024 932//932
f 1017//1017 932//932 931//931
f 926//926 1017//1017 931//931
f 1019//1019 933//933 1027//1027
f 929//929 933//933 1019//1019
f 1021//1021 1019//1019 1028//1028
f 1028//1028 1019//1019 1027//1027
f 1029//1029 1023//1023 1021//1021
f 1029//1029 1021//1021 1030//1030
f 1030//1030 1021//1021 1028//1028
f 1029//1029 1030//1030 1031//1031
f 1032//1032 1033//1033 1034//1034
f 1026//1026 1033//1033 1032//1032
f 1026//1026 1032//1032 1024//1024
f 1024//1024 1032//1032 1035//1035
f 932//932 1035//1035 935//935
f 1024//1024 1035//1035 932//932
f 933//933 936//936 1027//1027
f 938//938 1027//1027 936//936
f 938//938 1036//1036 1027//1027
f 1036//1036 1028//1028 1027//1027
f 1030//1030 1028//1028 1037//1037
f 1037//1037 1028//1028 1036//1036
f 1038//1038 1031//1031 1030//1030
f 1038//1038 1030//1030 1039//1039
f 1039//1039 1030//1030 1037//1037
f 1038//1038 1039//1039 1040//1040
f 1041//1041 1042//1042 1043//1043
f 1034//1034 1042//1042 1041//1041
f 1034//1034 1041//1041 1032//1032
f 1032//1032 1041//1041 1044//1044
f 940//940 1044//1044 941//941
f 940//940 1035//1035 1044//1044
f 1035//1035 1032//1032 1044//1044
f 935//935 1035//1035 940//940
f 1036//1036 942//942 1045//1045
f 938//938 942//942 1036//1036
f 1037//1037 1036//1036 1046//1046
f 1046//1046 1036//1036 1045//1045
f 1039//1039 1037//1037 1047//1047
f 1047//1047 1037//1037 1046//1046
f 1048//1048 1040//1040 1039//1039
f 1048//1048 1039//1039 1049//1049
f 1049//1049 1039//1039 1047//1047
f 1049//1049 1050//1050 1051//1051
f 1048//1048 1049//1049 1051//1051
f 1043//1043 1051//1051 1050//1050
f 1043//1043 1050//1050 1041//1041
f 1041//1041 1050//1050 1052//1052
f 1044//1044 1041//1041 1053//1053
f 1053//1053 1041//1041 1052//1052
f 941//941 1053//1053 944//944
f 1044//1044 1053//1053 941//941
f 942//942 945//945 1045//1045
f 947//947 1045//1045 945//945
f 947//947 1054//1054 1045//1045
f 1054//1054 1046//1046 1045//1045
f 1047//1047 1046//1046 1055//1055
f 1055//1055 1046//1046 1054//1054
f 1049//1049 1047//1047 1056//1056
f 1056//1056 1047//1047 1055//1055
f 1050//1050 1049//1049 1057//1057
f 1057//1057 1049//1049 1056//1056
f 1052//1052 1050//1050 1058//1058
f 1058//1058 1050//1050 1057//1057
f 949//949 1058//1058 950//950
f 949//949 1053//1053 1058//1058
f 1053//1053 1052//1052 1058//1058
f 944//944 1053//1053 949//949
f 947//947 953//953 1054//1054
f 955//955 1054//1054 953//953
f 1055//1055 1054//1054 955//955
f 956//956 1055//1055 955//955
f 956//956 1059//1059 1055//1055
f 1059//1059 1056//1056 1055//1055
f 1057//1057 1056//1056 1060//1060
f 1060//1060 1056//1056 1059//1059
f 958//958 1060//1060 959//959
f 958//958 1058//1058 1060//1060
f 1058//1058 1057//1057 1060//1060
f 950//950 1058//1058 958//958
f 956//956 963//963 1059//1059
f 966//966 1059//1059 963//963
f 1060//1060 1059//1059 966//966
f 959//959 1060//1060 966//966
f 979//979 978//978 1061//1061
f 1062//1062 979//979 1061//1061
f 1062//1062 1063//1063 979//979
f 1063//1063 980//980 979//979
f 981//981 980//980 1064//1064
f 980//980 1063//1063 1064//1064
f 982//982 981//981 1065//1065
f 981//981 1064//1064 1065//1065
f 983//983 982//982 1066//1066
f 982//982 1065//1065 1066//1066
f 984//984 983//983 1067//1067
f 983//983 1066//1066 1067//1067
f 985//985 984//984 1068//1068
f 984//984 1067//1067 1068//1068
f 986//986 985//985 1069//1069
f 985//985 1068//1068 1069//1069
f 987//987 986//986 1070//1070
f 986//986 1069//1069 1070//1070
f 988//988 987//987 1071//1071
f 987//987 1070//1070 1071//1071
f 989//989 988//988 1072//1072
f 988//988 1071//1071 1072//1072
f 990//990 989//989 1073//1073
f 989//989 1072//1072 1073//1073
f 1074//1074 1073//1073 1075//1075
f 1074//1074 991//991 1073//1073
f 991//991 990//990 1073//1073
f 991//991 1074//1074 993//993
f 995//995 994//994 1076//1076
f 995//995 1076//1076 1077//1077
f 978//978 995//995 1077//1077
f 978//978 1077//1077 1078//1078
f 978//978 1078//1078 1061//1061
f 1062//1062 1061//1061 1078//1078
f 1074//1074 1075//1075 1079//1079
f 1080//1080 1079//1079 1081//1081
f 996//996 1079//1079 1080//1080
f 996//996 1074//1074 1079//1079
f 996//996 993//993 1074//1074
f 996//996 1080//1080 997//997
f 994//994 998//998 1076//1076
f 1000//1000 1082//1082 1083//1083
f 998//998 1000//1000 1083//1083
f 998//998 1083//1083 1077//1077
f 998//998 1077//1077 1076//1076
f 1083//1083 1082//1082 1084//1084
f 1085//1085 1086//1086 1087//1087
f 1081//1081 1086//1086 1085//1085
f 1080//1080 1081//1081 1085//1085
f 1080//1080 1085//1085 1003//1003
f 1080//1080 1003//1003 1002//1002
f 997//997 1080//1080 1002//1002
f 1082//1082 1004//1004 1088//1088
f 1000//1000 1004//1004 1082//1082
f 1089//1089 1084//1084 1082//1082
f 1089//1089 1082//1082 1090//1090
f 1090//1090 1082//1082 1088//1088
f 1089//1089 1090//1090 1091//1091
f 1092//1092 1093//1093 1094//1094
f 1087//1087 1093//1093 1092//1092
f 1085//1085 1087//1087 1092//1092
f 1085//1085 1092//1092 1007//1007
f 1085//1085 1007//1007 1006//1006
f 1003//1003 1085//1085 1006//1006
f 1004//1004 1008//1008 1088//1088
f 1010//1010 1088//1088 1008//1008
f 1010//1010 1095//1095 1088//1088
f 1095//1095 1090//1090 1088//1088
f 1096//1096 1091//1091 1090//1090
f 1096//1096 1090//1090 1097//1097
f 1097//1097 1090//1090 1095//1095
f 1097//1097 1098//1098 1099//1099
f 1096//1096 1097//1097 1099//1099
f 1099//1099 1098//1098 1100//1100
f 1101//1101 1102//1102 1103//1103
f 1094//1094 1102//1102 1101//1101
f 1092//1092 1094//1094 1101//1101
f 1092//1092 1101//1101 1013//1013
f 1092//1092 1013//1013 1012//1012
f 1007//1007 1092//1092 1012//1012
f 1010//1010 1015//1015 1095//1095
f 1016//1016 1095//1095 1015//1015
f 1016//1016 1104//1104 1095//1095
f 1104//1104 1097//1097 1095//1095
f 1098//1098 1097//1097 1105//1105
f 1105//1105 1097//1097 1104//1104
f 1106//1106 1100//1100 1098//1098
f 1106//1106 1098//1098 1107//1107
f 1107//1107 1098//1098 1105//1105
f 1107//1107 1108//1108 1109//1109
f 1106//1106 1107//1107 1109//1109
f 1109//1109 1108//1108 1110//1110
f 1111//1111 1112//1112 1113//1113
f 1111//1111 1114//1114 1115//1115
f 1112//1112 1111//1111 1115//1115
f 1103//1103 1115//1115 1114//1114
f 1103//1103 1114//1114 1101//1101
f 1101//1101 1114//1114 1116//1116
f 1013//1013 1116//1116 1018//1018
f 1101//1101 1116//1116 1013//1013
f 1016//1016 1020//1020 1104//1104
f 1022//1022 1104//1104 1020//1020
f 1105//1105 1104//1104 1022//1022
f 1023//1023 1105//1105 1022//1022
f 1023//1023 1117//1117 1105//1105
f 1117//1117 1107//1107 1105//1105
f 1108//1108 1107//1107 1118//1118
f 1118//1118 1107//1107 1117//1117
f 1119//1119 1110//1110 1108//1108
f 1119//1119 1108//1108 1120//1120
f 1120//1120 1108//1108 1118//1118
f 1120//1120 1121//1121 1122//1122
f 1119//1119 1120//1120 1122//1122
f 1113//1113 1122//1122 1121//1121
f 1113//1113 1121//1121 1111//1111
f 1111//1111 1121//1121 1123//1123
f 1114//1114 1111//1111 1124//1124
f 1124//1124 1111//1111 1123//1123
f 1025//1025 1124//1124 1026//1026
f 1025//1025 1116//1116 1124//1124
f 1116//1116 1114//1114 1124//1124
f 1018//1018 1116//1116 1025//1025
f 1023//1023 1029//1029 1117//1117
f 1031//1031 1117//1117 1029//1029
f 1031//1031 1125//1125 1117//1117
f 1125//1125 1118//1118 1117//1117
f 1120//1120 1118//1118 1126//1126
f 1126//1126 1118//1118 1125//1125
f 1121//1121 1120//1120 1127//1127
f 1127//1127 1120//1120 1126//1126
f 1123//1123 1121//1121 1128//1128
f 1128//1128 1121//1121 1127//1127
f 1033//1033 1128//1128 1034//1034
f 1033//1033 1124//1124 1128//1128
f 1124//1124 1123//1123 1128//1128
f 1026//1026 1124//1124 1033//1033
f 1031//1031 1038//1038 1125//1125
f 1040//1040 1125//1125 1038//1038
f 1040//1040 1129//1129 1125//1125
f 1129//1129 1126//1126 1125//1125
f 1127//1127 1126//1126 1130//1130
f 1130//1130 1126//1126 1129//1129
f 1042//1042 1130//1130 1043//1043
f 1042//1042 1128//1128 1130//1130
f 1128//1128 1127//1127 1130//1130
f 1034//1034 1128//1128 1042//1042
f 1040//1040 1048//1048 1129//1129
f 1051//1051 1129//1129 1048//1048
f 1130//1130 1129//1129 1051//1051
f 1043//1043 1130//1130 1051//1051
f 1063//1063 1062//1062 1131//1131
f 1132//1132 1063//1063 1131//1131
f 1132//1132 1133//1133 1063//1063
f 1133//1133 1064//1064 1063//1063
f 1065//1065 1064//1064 1134//1134
f 1064//1064 1133//1133 1134//1134
f 1066//1066 1065//1065 1135//1135
f 1065//1065 1134//1134 1135//1135
f 1067//1067 1066//1066 1136//1136
f 1066//1066 1135//1135 1136//1136
f 1068//1068 1067//1067 1137//1137
f 1067//1067 1136//1136 1137//1137
f 1069//1069 1068//1068 1138//1138
f 1068//1068 1137//1137 1138//1138
f 1070//1070 1069//1069 1139//1139
f 1069//1069 1138//1138 1139//1139
f 1071//1071 1070//1070 1140//1140
f 1070//1070 1139//1139 1140//1140
f 1072//1072 1071//1071 1141//1141
f 1071//1071 1140//1140 1141//1141
f 1142//1142 1141//1141 1143//1143
f 1142//1142 1073//1073 1141//1141
f 1073//1073 1072//1072 1141//1141
f 1073//1073 1142//1142 1075//1075
f 1078//1078 1077//1077 1144//1144
f 1078//1078 1131//1131 1062//1062
f 1078//1078 1144//1144 1131//1131
f 1144//1144 1145//1145 1131//1131
f 1146//1146 1132//1132 1131//1131
f 1145//1145 1146//1146 1131//1131
f 1147//1147 1142//1142 1143//1143
f 1148//1148 1147//1147 1143//1143
f 1075//1075 1149//1149 1079//1079
f 1075//1075 1142//1142 1149//1149
f 1142//1142 1147//1147 1149//1149
f 1079//1079 1149//1149 1081//1081
f 1077//1077 1083//1083 1144//1144
f 1084//1084 1144//1144 1083//1083
f 1084//1084 1150//1150 1144//1144
f 1150//1150 1145//1145 1144//1144
f 1151//1151 1146//1146 1145//1145
f 1151//1151 1145//1145 1152//1152
f 1152//1152 1145//1145 1150//1150
f 1151//1151 1152//1152 1153//1153
f 1154//1154 1155//1155 1156//1156
f 1148//1148 1155//1155 1154//1154
f 1148//1148 1154//1154 1147//1147
f 1147//1147 1154//1154 1157//1157
f 1086//1086 1157//1157 1087//1087
f 1086//1086 1149//1149 1157//1157
f 1149//1149 1147//1147 1157//1157
f 1081//1081 1149//1149 1086//1086
f 1084//1084 1089//1089 1150//1150
f 1091//1091 1150//1150 1089//1089
f 1091//1091 1158//1158 1150//1150
f 1158//1158 1152//1152 1150//1150
f 1159//1159 1153//1153 1152//1152
f 1159//1159 1152//1152 1160//1160
f 1160//1160 1152//1152 1158//1158
f 1160//1160 1161//1161 1162//1162
f 1159//1159 1160//1160 1162//1162
f 1162//1162 1161//1161 1163//1163
f 1164//1164 1165//1165 1166//1166
f 1156//1156 1165//1165 1164//1164
f 1156//1156 1164//1164 1154//1154
f 1154//1154 1164//1164 1167//1167
f 1093//1093 1167//1167 1094//1094
f 1093//1093 1157//1157 1167//1167
f 1157//1157 1154//1154 1167//1167
f 1087//1087 1157//1157 1093//1093
f 1091//1091 1096//1096 1158//1158
f 1099//1099 1158//1158 1096//1096
f 1160//1160 1158//1158 1099//1099
f 1100//1100 1160//1160 1099//1099
f 1100//1100 1168//1168 1160//1160
f 1168//1168 1161//1161 1160//1160
f 1169//1169 1163//1163 1161//1161
f 1169//1169 1161//1161 1170//1170
f 1170//1170 1161//1161 1168//1168
f 1170//1170 1171//1171 1172//1172
f 1169//1169 1170//1170 1172//1172
f 1171//1171 1173//1173 1174//1174
f 1172//1172 1171//1171 1174//1174
f 1173//1173 1175//1175 1176//1176
f 1174//1174 1173//1173 1176//1176
f 1166//1166 1176//1176 1175//1175
f 1166//1166 1175//1175 1164//1164
f 1164//1164 1175//1175 1177//1177
f 1102//1102 1177//1177 1103//1103
f 1102//1102 1167//1167 1177//1177
f 1167//1167 1164//1164 1177//1177
f 1094//1094 1167//1167 1102//1102
f 1100//1100 1106//1106 1168//1168
f 1109//1109 1168//1168 1106//1106
f 1170//1170 1168//1168 1109//1109
f 1110//1110 1170//1170 1109//1109
f 1110//1110 1178//1178 1170//1170
f 1178//1178 1171//1171 1170//1170
f 1173//1173 1171//1171 1179//1179
f 1179//1179 1171//1171 1178//1178
f 1112//1112 1179//1179 1113//1113
f 1112//1112 1175//1175 1179//1179
f 1175//1175 1173//1173 1179//1179
f 1115//1115 1175//1175 1112//1112
f 1177//1177 1175//1175 1115//1115
f 1103//1103 1177//1177 1115//1115
f 1110//1110 1119//1119 1178//1178
f 1122//1122 1178//1178 1119//1119
f 1179//1179 1178//1178 1122//1122
f 1113//1113 1179//1179 1122//1122
f 1133//1133 1132//1132 1180//1180
f 1133//1133 1181//1181 1134//1134
f 1180//1180 1181//1181 1133//1133
f 1134//1134 1182//1182 1135//1135
f 1181//1181 1182//1182 1134//1134
f 1135//1135 1183//1183 1136//1136
f 1182//1182 1183//1183 1135//1135
f 1136//1136 1184//1184 1137//1137
f 1183//1183 1184//1184 1136//1136
f 1137//1137 1185//1185 1138//1138
f 1184//1184 1185//1185 1137//1137
f 1138//1138 1186//1186 1139//1139
f 1185//1185 1186//1186 1138//1138
f 1139//1139 1187//1187 1140//1140
f 1186//1186 1187//1187 1139//1139
f 1140//1140 1188//1188 1141//1141
f 1187//1187 1188//1188 1140//1140
f 1141//1141 1188//1188 1143//1143
f 1180//1180 1146//1146 1189//1189
f 1132//1132 1146//1146 1180//1180
f 1181//1181 1180//1180 1190//1190
f 1190//1190 1180//1180 1189//1189
f 1191//1191 1192//1192 1182//1182
f 1191//1191 1182//1182 1190//1190
f 1190//1190 1182//1182 1181//1181
f 1183//1183 1182//1182 1192//1192
f 1193//1193 1183//1183 1192//1192
f 1184//1184 1183//1183 1193//1193
f 1194//1194 1184//1184 1193//1193
f 1185//1185 1184//1184 1194//1194
f 1195//1195 1185//1185 1194//1194
f 1186//1186 1185//1185 1195//1195
f 1196//1196 1186//1186 1195//1195
f 1196//1196 1197//1197 1198//1198
f 1196//1196 1198//1198 1186//1186
f 1186//1186 1198//1198 1187//1187
f 1188//1188 1187//1187 1199//1199
f 1199//1199 1187//1187 1198//1198
f 1143//1143 1199//1199 1148//1148
f 1188//1188 1199//1199 1143//1143
f 1146//1146 1151//1151 1189//1189
f 1153//1153 1189//1189 1151//1151
f 1153//1153 1200//1200 1189//1189
f 1200//1200 1190//1190 1189//1189
f 1201//1201 1191//1191 1190//1190
f 1201//1201 1190//1190 1202//1202
f 1202//1202 1190//1190 1200//1200
f 1202//1202 1203//1203 1204//1204
f 1201//1201 1202//1202 1204//1204
f 1204//1204 1203//1203 1205//1205
f 1206//1206 1207//1207 1208//1208
f 1197//1197 1207//1207 1206//1206
f 1197//1197 1206//1206 1198//1198
f 1198//1198 1206//1206 1209//1209
f 1155//1155 1209//1209 1156//1156
f 1155//1155 1199//1199 1209//1209
f 1199//1199 1198//1198 1209//1209
f 1148//1148 1199//1199 1155//1155
f 1153//1153 1159//1159 1200//1200
f 1162//1162 1200//1200 1159//1159
f 1202//1202 1200//1200 1162//1162
f 1163//1163 1202//1202 1162//1162
f 1163//1163 1210//1210 1202//1202
f 1210//1210 1203//1203 1202//1202
f 1211//1211 1205//1205 1203//1203
f 1211//1211 1203//1203 1212//1212
f 1212//1212 1203//1203 1210//1210
f 1212//1212 1213//1213 1214//1214
f 1211//1211 1212//1212 1214//1214
f 1208//1208 1214//1214 1213//1213
f 1208//1208 1213//1213 1206//1206
f 1206//1206 1213//1213 1215//1215
f 1165//1165 1215//1215 1166//1166
f 1165//1165 1209//1209 1215//1215
f 1209//1209 1206//1206 1215//1215
f 1156//1156 1209//1209 1165//1165
f 1163//1163 1169//1169 1210//1210
f 1172//1172 1210//1210 1169//1169
f 1212//1212 1210//1210 1172//1172
f 1174//1174 1212//1212 1172//1172
f 1213//1213 1212//1212 1174//1174
f 1176//1176 1213//1213 1174//1174
f 1215//1215 1213//1213 1176//1176
f 1166//1166 1215//1215 1176//1176
f 1192//1192 1191//1191 1216//1216
f 1192//1192 1217//1217 1193//1193
f 1216//1216 1217//1217 1192//1192
f 1193//1193 1218//1218 1194//1194
f 1217//1217 1218//1218 1193//1193
f 1194//1194 1219//1219 1195//1195
f 1218//1218 1219//1219 1194//1194
f 1195//1195 1220//1220 1196//1196
f 1219//1219 1220//1220 1195//1195
f 1196//1196 1220//1220 1197//1197
f 1191//1191 1201//1201 1216//1216
f 1204//1204 1216//1216 1201//1201
f 1217//1217 1216//1216 1204//1204
f 1205//1205 1217//1217 1204//1204
f 1205//1205 1221//1221 1217//1217
f 1221//1221 1218//1218 1217//1217
f 1219//1219 1218//1218 1222//1222
f 1222//1222 1218//1218 1221//1221
f 1207//1207 1222//1222 1208//1208
f 1207//1207 1220//1220 1222//1222
f 1220//1220 1219//1219 1222//1222
f 1197//1197 1220//1220 1207//1207
f 1205//1205 1211//1211 1221//1221
f 1214//1214 1221//1221 1211//1211
f 1222//1222 1221//1221 1214//1214
f 1208//1208 1222//1222 1214//1214
