# Murti generated mesh: 2050 verts, 4096 faces
o a_pyramid
v -0.308534 -0.209677 -0.016129
v -0.306452 -0.209677 -0.027357
v -0.306452 -0.214494 -0.016129
v -0.306452 -0.225096 0.016129
v -0.312632 -0.209677 0.016129
v -0.306452 -0.233109 0.048387
v -0.316456 -0.209677 0.048387
v -0.306452 -0.235897 0.080645
v -0.317471 -0.209677 0.080645
v -0.306452 -0.233908 0.112903
v -0.317719 -0.209677 0.112903
v -0.306452 -0.227755 0.145161
v -0.315159 -0.209677 0.145161
v -0.306452 -0.216087 0.177419
v -0.309995 -0.209677 0.177419
v -0.306452 -0.209677 0.184581
v -0.308290 -0.177419 -0.048387
v -0.306452 -0.177419 -0.058751
v -0.306452 -0.187849 -0.048387
v -0.313399 -0.177419 -0.016129
v -0.317456 -0.177419 0.016129
v -0.319868 -0.177419 0.048387
v -0.321385 -0.177419 0.080645
v -0.321343 -0.177419 0.112903
v -0.320281 -0.177419 0.145161
v -0.316246 -0.177419 0.177419
v -0.306452 -0.177419 0.201507
v -0.310839 -0.145161 -0.048387
v -0.306452 -0.145161 -0.076306
v -0.315334 -0.145161 -0.016129
v -0.319289 -0.145161 0.016129
v -0.321705 -0.145161 0.048387
v -0.322963 -0.145161 0.080645
v -0.322987 -0.145161 0.112903
v -0.321960 -0.145161 0.145161
v -0.318518 -0.145161 0.177419
v -0.306452 -0.145161 0.208769
v -0.307594 -0.112903 -0.080645
v -0.306452 -0.112903 -0.093991
v -0.306452 -0.132361 -0.080645
v -0.312060 -0.112903 -0.048387
v -0.316611 -0.112903 -0.016129
v -0.320320 -0.112903 0.016129
v -0.322365 -0.112903 0.048387
v -0.323380 -0.112903 0.080645
v -0.323368 -0.112903 0.112903
v -0.322349 -0.112903 0.145161
v -0.318715 -0.112903 0.177419
v -0.306452 -0.112903 0.207342
v -0.307137 -0.080645 -0.080645
v -0.306452 -0.080645 -0.092356
v -0.311689 -0.080645 -0.048387
v -0.316138 -0.080645 -0.016129
v -0.319797 -0.080645 0.016129
v -0.321797 -0.080645 0.048387
v -0.322852 -0.080645 0.080645
v -0.322891 -0.080645 0.112903
v -0.321261 -0.080645 0.145161
v -0.317513 -0.080645 0.177419
v -0.306452 -0.080645 0.202847
v -0.306452 -0.075060 -0.080645
v -0.307741 -0.048387 -0.048387
v -0.306452 -0.048387 -0.057637
v -0.313664 -0.048387 -0.016129
v -0.317547 -0.048387 0.016129
v -0.319698 -0.048387 0.048387
v -0.320728 -0.048387 0.080645
v -0.320669 -0.048387 0.112903
v -0.319486 -0.048387 0.145161
v -0.315368 -0.048387 0.177419
v -0.306452 -0.048387 0.197174
v -0.306452 -0.043238 -0.048387
v -0.306452 -0.018313 -0.016129
v -0.312585 -0.016129 0.016129
v -0.306452 -0.016129 -0.013547
v -0.315615 -0.016129 0.048387
v -0.317227 -0.016129 0.080645
v -0.317337 -0.016129 0.112903
v -0.316204 -0.016129 0.145161
v -0.311714 -0.016129 0.177419
v -0.306452 -0.016129 0.188437
v -0.308411 0.016129 0.016129
v -0.306452 0.016129 0.006543
v -0.312515 0.016129 0.048387
v -0.314301 0.016129 0.080645
v -0.315224 0.016129 0.112903
v -0.314269 0.016129 0.145161
v -0.309790 0.016129 0.177419
v -0.306452 0.016129 0.184413
v -0.306452 0.030106 0.016129
v -0.308960 0.048387 0.048387
v -0.306452 0.048387 0.032154
v -0.311429 0.048387 0.080645
v -0.313262 0.048387 0.112903
v -0.311788 0.048387 0.145161
v -0.308275 0.048387 0.177419
v -0.306452 0.048387 0.181300
v -0.307597 0.080645 0.048387
v -0.306452 0.080645 0.040267
v -0.310190 0.080645 0.080645
v -0.312733 0.080645 0.112903
v -0.312783 0.080645 0.145161
v -0.310542 0.080645 0.177419
v -0.306452 0.080645 0.188431
v -0.306452 0.096157 0.048387
v -0.308418 0.112903 0.080645
v -0.306452 0.112903 0.060629
v -0.311981 0.112903 0.112903
v -0.313653 0.112903 0.145161
v -0.314210 0.112903 0.177419
v -0.306452 0.112903 0.209007
v -0.306452 0.140241 0.080645
v -0.311613 0.145161 0.112903
v -0.306452 0.145161 0.082542
v -0.315661 0.145161 0.145161
v -0.317743 0.145161 0.177419
v -0.306452 0.113494 0.209677
v -0.315413 0.145161 0.209677
v -0.306452 0.145161 0.234392
v -0.309345 0.177419 0.112903
v -0.306452 0.177419 0.101933
v -0.315089 0.177419 0.145161
v -0.320020 0.177419 0.177419
v -0.320406 0.177419 0.209677
v -0.306452 0.152799 0.241935
v -0.315839 0.177419 0.241935
v -0.306452 0.177419 0.257441
v -0.306452 0.188707 0.112903
v -0.310960 0.209677 0.145161
v -0.306452 0.209677 0.130305
v -0.318464 0.209677 0.177419
v -0.321265 0.209677 0.209677
v -0.319085 0.209677 0.241935
v -0.306452 0.209677 0.271005
v -0.306452 0.219491 0.145161
v -0.308629 0.241935 0.177419
v -0.306452 0.241935 0.172287
v -0.313940 0.241935 0.209677
v -0.313002 0.241935 0.241935
v -0.306452 0.241935 0.258299
v -0.306452 0.245013 0.177419
v -0.306452 0.253862 0.209677
v -0.306452 0.252917 0.241935
v -0.279823 -0.241935 -0.080645
v -0.274194 -0.241935 -0.109055
v -0.274194 -0.246677 -0.080645
v -0.274194 -0.251290 -0.048387
v -0.285520 -0.241935 -0.048387
v -0.274194 -0.255393 -0.016129
v -0.290895 -0.241935 -0.016129
v -0.274194 -0.259042 0.016129
v -0.296536 -0.241935 0.016129
v -0.274194 -0.260907 0.048387
v -0.300235 -0.241935 0.048387
v -0.274194 -0.261621 0.080645
v -0.302033 -0.241935 0.080645
v -0.274194 -0.260068 0.112903
v -0.300065 -0.241935 0.112903
v -0.274194 -0.256689 0.145161
v -0.295449 -0.241935 0.145161
v -0.274194 -0.249279 0.177419
v -0.284765 -0.241935 0.177419
v -0.274194 -0.241935 0.190878
v -0.275176 -0.209677 -0.177419
v -0.274194 -0.209677 -0.179074
v -0.274194 -0.211367 -0.177419
v -0.274194 -0.228705 -0.145161
v -0.285101 -0.209677 -0.145161
v -0.274194 -0.240865 -0.112903
v -0.291447 -0.209677 -0.112903
v -0.296757 -0.209677 -0.080645
v -0.301888 -0.209677 -0.048387
v -0.274194 -0.227804 0.209677
v -0.290363 -0.209677 0.209677
v -0.274194 -0.209677 0.224740
v -0.284608 -0.177419 -0.177419
v -0.274194 -0.177419 -0.196379
v -0.292559 -0.177419 -0.145161
v -0.298031 -0.177419 -0.112903
v -0.302142 -0.177419 -0.080645
v -0.301384 -0.177419 0.209677
v -0.274194 -0.177419 0.235586
v -0.289976 -0.145161 -0.177419
v -0.274194 -0.145161 -0.209474
v -0.296353 -0.145161 -0.145161
v -0.301476 -0.145161 -0.112903
v -0.305628 -0.145161 -0.080645
v -0.305896 -0.145161 0.209677
v -0.274194 -0.145161 0.241339
v -0.282995 -0.112903 -0.209677
v -0.274194 -0.112903 -0.221945
v -0.274194 -0.144748 -0.209677
v -0.295049 -0.112903 -0.177419
v -0.300592 -0.112903 -0.145161
v -0.304712 -0.112903 -0.112903
v -0.304984 -0.112903 0.209677
v -0.274194 -0.130063 0.241935
v -0.274951 -0.112903 0.241935
v -0.274194 -0.112903 0.242542
v -0.289892 -0.080645 -0.209677
v -0.274194 -0.080645 -0.233533
v -0.299410 -0.080645 -0.177419
v -0.302923 -0.080645 -0.145161
v -0.305206 -0.080645 -0.112903
v -0.302447 -0.080645 0.209677
v -0.274697 -0.080645 0.241935
v -0.274194 -0.080645 0.242367
v -0.290974 -0.048387 -0.209677
v -0.274194 -0.048387 -0.239332
v -0.298246 -0.048387 -0.177419
v -0.300697 -0.048387 -0.145161
v -0.301408 -0.048387 -0.112903
v -0.303243 -0.048387 -0.080645
v -0.299509 -0.048387 0.209677
v -0.274194 -0.048387 0.240044
v -0.274194 -0.074332 0.241935
v -0.286628 -0.016129 -0.209677
v -0.274194 -0.016129 -0.232357
v -0.292850 -0.016129 -0.177419
v -0.293626 -0.016129 -0.145161
v -0.294948 -0.016129 -0.112903
v -0.296089 -0.016129 -0.080645
v -0.300266 -0.016129 -0.048387
v -0.305821 -0.016129 -0.016129
v -0.296246 -0.016129 0.209677
v -0.274194 -0.016129 0.237329
v -0.281954 0.016129 -0.209677
v -0.274194 0.016129 -0.226015
v -0.287415 0.016129 -0.177419
v -0.288980 0.016129 -0.145161
v -0.290199 0.016129 -0.112903
v -0.292627 0.016129 -0.080645
v -0.296031 0.016129 -0.048387
v -0.301874 0.016129 -0.016129
v -0.295092 0.016129 0.209677
v -0.274194 0.016129 0.238948
v -0.277989 0.048387 -0.209677
v -0.274194 0.048387 -0.218208
v -0.283250 0.048387 -0.177419
v -0.284722 0.048387 -0.145161
v -0.286902 0.048387 -0.112903
v -0.289775 0.048387 -0.080645
v -0.293959 0.048387 -0.048387
v -0.298921 0.048387 -0.016129
v -0.303884 0.048387 0.016129
v -0.294949 0.048387 0.209677
v -0.274194 0.045154 0.241935
v -0.274511 0.048387 0.241935
v -0.274194 0.048387 0.242248
v -0.274194 0.076090 -0.209677
v -0.279835 0.080645 -0.177419
v -0.274194 0.080645 -0.206684
v -0.282108 0.080645 -0.145161
v -0.284964 0.080645 -0.112903
v -0.288709 0.080645 -0.080645
v -0.293202 0.080645 -0.048387
v -0.298756 0.080645 -0.016129
v -0.303013 0.080645 0.016129
v -0.298361 0.080645 0.209677
v -0.282339 0.080645 0.241935
v -0.274194 0.080645 0.250134
v -0.274576 0.112903 -0.177419
v -0.274194 0.112903 -0.179431
v -0.276550 0.112903 -0.145161
v -0.281874 0.112903 -0.112903
v -0.286084 0.112903 -0.080645
v -0.292149 0.112903 -0.048387
v -0.296709 0.112903 -0.016129
v -0.301247 0.112903 0.016129
v -0.305124 0.112903 0.048387
v -0.306224 0.112903 0.209677
v -0.289774 0.112903 0.241935
v -0.274194 0.112903 0.258537
v -0.274194 0.114055 -0.177419
v -0.274194 0.121658 -0.145161
v -0.274450 0.145161 -0.112903
v -0.274194 0.145161 -0.114079
v -0.282082 0.145161 -0.080645
v -0.288705 0.145161 -0.048387
v -0.294407 0.145161 -0.016129
v -0.298457 0.145161 0.016129
v -0.301780 0.145161 0.048387
v -0.306046 0.145161 0.080645
v -0.302651 0.145161 0.241935
v -0.274194 0.140948 0.274194
v -0.277103 0.145161 0.274194
v -0.274194 0.145161 0.276751
v -0.274194 0.145760 -0.112903
v -0.274194 0.165070 -0.080645
v -0.280330 0.177419 -0.048387
v -0.274194 0.177419 -0.065734
v -0.287554 0.177419 -0.016129
v -0.292010 0.177419 0.016129
v -0.295791 0.177419 0.048387
v -0.300365 0.177419 0.080645
v -0.293267 0.177419 0.274194
v -0.274194 0.177419 0.289861
v -0.274194 0.189505 -0.048387
v -0.274194 0.207286 -0.016129
v -0.280991 0.209677 0.016129
v -0.274194 0.209677 -0.011467
v -0.285306 0.209677 0.048387
v -0.291402 0.209677 0.080645
v -0.300250 0.209677 0.112903
v -0.304159 0.209677 0.274194
v -0.274194 0.209677 0.297735
v -0.274194 0.218939 0.016129
v -0.274194 0.224103 0.048387
v -0.274194 0.233985 0.080645
v -0.279589 0.241935 0.112903
v -0.274194 0.241935 0.099335
v -0.292845 0.241935 0.145161
v -0.296404 0.241935 0.274194
v -0.274194 0.241935 0.291629
v -0.274194 0.246717 0.112903
v -0.274194 0.257891 0.145161
v -0.274194 0.270456 0.177419
v -0.281640 0.274194 0.209677
v -0.274194 0.274194 0.191262
v -0.283174 0.274194 0.241935
v -0.274194 0.274194 0.256232
v -0.274194 0.264378 0.274194
v -0.274194 0.278612 0.209677
v -0.274194 0.279709 0.241935
v -0.257109 -0.241935 -0.145161
v -0.241935 -0.241935 -0.170590
v -0.241935 -0.248134 -0.145161
v -0.241935 -0.252998 -0.112903
v -0.272664 -0.241935 -0.112903
v -0.241935 -0.256793 -0.080645
v -0.241935 -0.260820 -0.048387
v -0.241935 -0.263768 -0.016129
v -0.241935 -0.267088 0.016129
v -0.241935 -0.269591 0.048387
v -0.241935 -0.270087 0.080645
v -0.241935 -0.266896 0.112903
v -0.241935 -0.262412 0.145161
v -0.241935 -0.255429 0.177419
v -0.241935 -0.241935 0.204752
v -0.245589 -0.209677 -0.209677
v -0.241935 -0.209677 -0.212703
v -0.241935 -0.213458 -0.209677
v -0.241935 -0.239130 -0.177419
v -0.241935 -0.238220 0.209677
v -0.241935 -0.209677 0.233528
v -0.262772 -0.177419 -0.209677
v -0.241935 -0.177419 -0.227196
v -0.241935 -0.193208 0.241935
v -0.260063 -0.177419 0.241935
v -0.241935 -0.177419 0.248450
v -0.274027 -0.145161 -0.209677
v -0.241935 -0.145161 -0.236811
v -0.273150 -0.145161 0.241935
v -0.241935 -0.145161 0.254135
v -0.252305 -0.112903 -0.241935
v -0.241935 -0.112903 -0.248098
v -0.241935 -0.132899 -0.241935
v -0.241935 -0.112903 0.256800
v -0.265768 -0.080645 -0.241935
v -0.241935 -0.080645 -0.256047
v -0.241935 -0.080645 0.257877
v -0.271960 -0.048387 -0.241935
v -0.241935 -0.048387 -0.259628
v -0.271955 -0.048387 0.241935
v -0.241935 -0.048387 0.259019
v -0.266858 -0.016129 -0.241935
v -0.241935 -0.016129 -0.258546
v -0.268932 -0.016129 0.241935
v -0.241935 -0.016129 0.259187
v -0.264481 0.016129 -0.241935
v -0.241935 0.016129 -0.258646
v -0.271116 0.016129 0.241935
v -0.241935 0.016129 0.261547
v -0.261601 0.048387 -0.241935
v -0.241935 0.048387 -0.258290
v -0.241935 0.048387 0.265112
v -0.261190 0.080645 -0.241935
v -0.241935 0.080645 -0.260782
v -0.273504 0.080645 -0.209677
v -0.241935 0.080297 0.274194
v -0.242078 0.080645 0.274194
v -0.241935 0.080645 0.274310
v -0.257791 0.112903 -0.241935
v -0.241935 0.112903 -0.259487
v -0.268237 0.112903 -0.209677
v -0.255581 0.112903 0.274194
v -0.241935 0.112903 0.284178
v -0.249145 0.145161 -0.241935
v -0.241935 0.145161 -0.251461
v -0.258470 0.145161 -0.209677
v -0.263607 0.145161 -0.177419
v -0.267260 0.145161 -0.145161
v -0.241935 0.145161 0.293923
v -0.241935 0.156880 -0.241935
v -0.241935 0.171757 -0.209677
v -0.242056 0.177419 -0.177419
v -0.241935 0.177419 -0.178245
v -0.247901 0.177419 -0.145161
v -0.256172 0.177419 -0.112903
v -0.267262 0.177419 -0.080645
v -0.241935 0.177419 0.304865
v -0.241935 0.177535 -0.177419
v -0.241935 0.183266 -0.145161
v -0.241935 0.191166 -0.112903
v -0.241935 0.204884 -0.080645
v -0.257301 0.209677 -0.048387
v -0.241935 0.209677 -0.072089
v -0.272306 0.209677 -0.016129
v -0.241935 0.183319 0.306452
v -0.256324 0.209677 0.306452
v -0.241935 0.209677 0.312846
v -0.241935 0.220299 -0.048387
v -0.241935 0.231183 -0.016129
v -0.241935 0.238186 0.016129
v -0.246055 0.241935 0.048387
v -0.241935 0.241935 0.035481
v -0.261036 0.241935 0.080645
v -0.241935 0.239274 0.306452
v -0.241935 0.241935 0.305624
v -0.241935 0.244038 0.048387
v -0.241935 0.250258 0.080645
v -0.241935 0.257245 0.112903
v -0.241935 0.265192 0.145161
v -0.256256 0.274194 0.177419
v -0.241935 0.274194 0.170745
v -0.249277 0.274194 0.274194
v -0.241935 0.274194 0.277460
v -0.241935 0.276744 0.177419
v -0.241935 0.284010 0.209677
v -0.241935 0.284552 0.241935
v -0.241935 0.276368 0.274194
v -0.209677 -0.241935 -0.157068
v -0.209677 -0.244816 -0.145161
v -0.209677 -0.250473 -0.112903
v -0.209677 -0.254281 -0.080645
v -0.209677 -0.258490 -0.048387
v -0.209677 -0.261478 -0.016129
v -0.209677 -0.264892 0.016129
v -0.209677 -0.266338 0.048387
v -0.209677 -0.266399 0.080645
v -0.209677 -0.263014 0.112903
v -0.209677 -0.258402 0.145161
v -0.209677 -0.249724 0.177419
v -0.209677 -0.241935 0.191958
v -0.209677 -0.209677 -0.213936
v -0.209677 -0.214270 -0.209677
v -0.209677 -0.235140 -0.177419
v -0.209677 -0.230185 0.209677
v -0.209677 -0.209677 0.229031
v -0.209677 -0.177419 -0.231698
v -0.209677 -0.187992 0.241935
v -0.209677 -0.177419 0.247306
v -0.226254 -0.145161 -0.241935
v -0.209677 -0.145161 -0.245927
v -0.209677 -0.156168 -0.241935
v -0.209677 -0.145161 0.256972
v -0.209677 -0.112903 -0.256182
v -0.209677 -0.112903 0.261628
v -0.209677 -0.080645 -0.264847
v -0.209677 -0.080645 0.267017
v -0.209677 -0.048387 -0.270467
v -0.209677 -0.048387 0.270175
v -0.209677 -0.016129 -0.271395
v -0.209677 -0.022560 0.274194
v -0.211398 -0.016129 0.274194
v -0.209677 -0.016129 0.275252
v -0.209677 0.016129 -0.273716
v -0.219175 0.016129 0.274194
v -0.209677 0.016129 0.279852
v -0.213928 0.048387 -0.274194
v -0.209677 0.048387 -0.276318
v -0.209677 0.021512 -0.274194
v -0.228498 0.048387 0.274194
v -0.209677 0.048387 0.285198
v -0.220522 0.080645 -0.274194
v -0.209677 0.080645 -0.279454
v -0.209677 0.080645 0.289529
v -0.222396 0.112903 -0.274194
v -0.209677 0.112903 -0.281080
v -0.209677 0.112903 0.294929
v -0.217039 0.145161 -0.274194
v -0.209677 0.145161 -0.278589
v -0.209677 0.145161 0.306108
v -0.209677 0.157074 -0.274194
v -0.225686 0.177419 -0.241935
v -0.209677 0.177419 -0.260934
v -0.236983 0.177419 -0.209677
v -0.209677 0.146168 0.306452
v -0.237791 0.177419 0.306452
v -0.209677 0.177419 0.315293
v -0.209677 0.189555 -0.241935
v -0.209677 0.195564 -0.209677
v -0.209677 0.198115 -0.177419
v -0.209677 0.200921 -0.145161
v -0.209677 0.207692 -0.112903
v -0.232797 0.209677 -0.080645
v -0.209677 0.209677 -0.107408
v -0.209677 0.209677 0.317745
v -0.209677 0.217622 -0.080645
v -0.209677 0.227975 -0.048387
v -0.209677 0.236481 -0.016129
v -0.217152 0.241935 0.016129
v -0.209677 0.241935 0.011253
v -0.234239 0.241935 0.306452
v -0.209677 0.241935 0.308717
v -0.209677 0.242874 0.016129
v -0.209677 0.246504 0.048387
v -0.209677 0.251392 0.080645
v -0.209677 0.256727 0.112903
v -0.209677 0.262462 0.145161
v -0.223057 0.274194 0.177419
v -0.209677 0.272366 0.177419
v -0.209677 0.274194 0.184171
v -0.209677 0.245200 0.306452
v -0.209677 0.274194 0.275536
v -0.209677 0.280353 0.209677
v -0.209677 0.282447 0.241935
v -0.209677 0.275042 0.274194
v -0.203193 -0.241935 -0.145161
v -0.191024 -0.241935 -0.112903
v -0.177845 -0.241935 -0.080645
v -0.177419 -0.241935 -0.079570
v -0.177419 -0.247442 -0.048387
v -0.177419 -0.251773 -0.016129
v -0.177419 -0.255100 0.016129
v -0.177419 -0.257165 0.048387
v -0.177419 -0.257432 0.080645
v -0.177419 -0.253742 0.112903
v -0.177419 -0.247193 0.145161
v -0.193028 -0.241935 0.177419
v -0.177419 -0.241935 0.158058
v -0.201017 -0.209677 -0.209677
v -0.177419 -0.209677 -0.193783
v -0.177419 -0.219410 -0.177419
v -0.177419 -0.229172 -0.145161
v -0.177419 -0.234370 -0.112903
v -0.177419 -0.241704 -0.080645
v -0.177419 -0.233141 0.177419
v -0.177419 -0.214494 0.209677
v -0.177419 -0.209677 0.214819
v -0.177419 -0.177419 -0.226400
v -0.177419 -0.197643 -0.209677
v -0.188755 -0.177419 0.241935
v -0.177419 -0.177419 0.238345
v -0.177419 -0.145161 -0.246543
v -0.177419 -0.154000 -0.241935
v -0.177419 -0.172422 0.241935
v -0.177419 -0.145161 0.255937
v -0.177419 -0.112903 -0.259622
v -0.177419 -0.112903 0.265459
v -0.177419 -0.080645 -0.273177
v -0.177419 -0.089426 0.274194
v -0.187399 -0.080645 0.274194
v -0.177419 -0.080645 0.277684
v -0.199629 -0.048387 -0.274194
v -0.177419 -0.048387 -0.281155
v -0.177419 -0.077277 -0.274194
v -0.200832 -0.048387 0.274194
v -0.177419 -0.048387 0.283312
v -0.203104 -0.016129 -0.274194
v -0.177419 -0.016129 -0.282722
v -0.177419 -0.016129 0.286495
v -0.208721 0.016129 -0.274194
v -0.177419 0.016129 -0.284973
v -0.177419 0.016129 0.290176
v -0.177419 0.048387 -0.286515
v -0.177419 0.048387 0.293481
v -0.177419 0.080645 -0.289776
v -0.177419 0.080645 0.298667
v -0.177419 0.112903 -0.291364
v -0.177419 0.112903 0.305687
v -0.177419 0.145161 -0.292449
v -0.177419 0.115362 0.306452
v -0.208582 0.145161 0.306452
v -0.177419 0.145161 0.314506
v -0.196298 0.177419 -0.274194
v -0.177419 0.177419 -0.284818
v -0.177419 0.177419 0.318625
v -0.177419 0.192324 -0.274194
v -0.178643 0.209677 -0.241935
v -0.177419 0.209677 -0.243676
v -0.182186 0.209677 -0.209677
v -0.184251 0.209677 -0.177419
v -0.185515 0.209677 -0.145161
v -0.202798 0.209677 -0.112903
v -0.177419 0.209677 0.318174
v -0.177419 0.210386 -0.241935
v -0.177419 0.212058 -0.209677
v -0.177419 0.212468 -0.177419
v -0.177419 0.212309 -0.145161
v -0.177419 0.215389 -0.112903
v -0.177419 0.221045 -0.080645
v -0.177419 0.229076 -0.048387
v -0.177419 0.236493 -0.016129
v -0.177419 0.241935 0.014195
v -0.177419 0.241935 0.307420
v -0.177419 0.242287 0.016129
v -0.177419 0.245484 0.048387
v -0.177419 0.249749 0.080645
v -0.177419 0.254613 0.112903
v -0.177419 0.259380 0.145161
v -0.177419 0.264884 0.177419
v -0.181256 0.274194 0.209677
v -0.177419 0.273238 0.209677
v -0.177419 0.274194 0.226274
v -0.204789 0.274194 0.274194
v -0.177419 0.269123 0.274194
v -0.177419 0.274194 0.247453
v -0.177419 0.243157 0.306452
v -0.177419 0.275108 0.241935
v -0.169525 -0.241935 -0.048387
v -0.163085 -0.241935 -0.016129
v -0.158241 -0.241935 0.016129
v -0.153946 -0.241935 0.048387
v -0.152964 -0.241935 0.080645
v -0.158818 -0.241935 0.112903
v -0.169581 -0.241935 0.145161
v -0.163432 -0.209677 -0.177419
v -0.150231 -0.209677 -0.145161
v -0.145161 -0.209677 -0.126636
v -0.145161 -0.212537 -0.112903
v -0.145161 -0.218470 -0.080645
v -0.145161 -0.223382 -0.048387
v -0.145161 -0.227643 -0.016129
v -0.145161 -0.231536 0.016129
v -0.145161 -0.234879 0.048387
v -0.145161 -0.235839 0.080645
v -0.145161 -0.231665 0.112903
v -0.145161 -0.224676 0.145161
v -0.145161 -0.211317 0.177419
v -0.170633 -0.209677 0.209677
v -0.145161 -0.209677 0.179954
v -0.145161 -0.177419 -0.212155
v -0.145161 -0.179674 -0.209677
v -0.145161 -0.196003 -0.177419
v -0.145161 -0.205518 -0.145161
v -0.145161 -0.191358 0.209677
v -0.145161 -0.177419 0.224520
v -0.145161 -0.145161 -0.243058
v -0.145161 -0.146761 -0.241935
v -0.145161 -0.160180 0.241935
v -0.145161 -0.145161 0.253217
v -0.145161 -0.112903 -0.263091
v -0.145161 -0.112903 0.268518
v -0.174092 -0.080645 -0.274194
v -0.145161 -0.080645 -0.281299
v -0.145161 -0.094176 -0.274194
v -0.145161 -0.103075 0.274194
v -0.145161 -0.080645 0.284553
v -0.145161 -0.048387 -0.288271
v -0.145161 -0.048387 0.289208
v -0.145161 -0.016129 -0.289832
v -0.145161 -0.016129 0.292714
v -0.145161 0.016129 -0.291770
v -0.145161 0.016129 0.296318
v -0.145161 0.048387 -0.293457
v -0.145161 0.048387 0.301610
v -0.145161 0.080645 -0.298155
v -0.145161 0.071121 0.306452
v -0.151531 0.080645 0.306452
v -0.145161 0.080645 0.308664
v -0.145161 0.112903 -0.301324
v -0.174389 0.112903 0.306452
v -0.145161 0.112903 0.313008
v -0.145161 0.145161 -0.305849
v -0.145161 0.145161 0.317453
v -0.145161 0.177419 -0.299408
v -0.145161 0.177419 0.318158
v -0.158642 0.209677 -0.274194
v -0.145161 0.209677 -0.284412
v -0.145161 0.209677 0.315697
v -0.145161 0.218503 -0.274194
v -0.145161 0.224992 -0.241935
v -0.145161 0.224366 -0.209677
v -0.145161 0.222057 -0.177419
v -0.145161 0.220643 -0.145161
v -0.145161 0.220899 -0.112903
v -0.145161 0.223917 -0.080645
v -0.145161 0.229518 -0.048387
v -0.145161 0.235315 -0.016129
v -0.172429 0.241935 0.016129
v -0.145161 0.240014 0.016129
v -0.145161 0.241935 0.039667
v -0.173259 0.241935 0.306452
v -0.145161 0.230736 0.306452
v -0.145161 0.241935 0.298921
v -0.145161 0.242624 0.048387
v -0.145161 0.247156 0.080645
v -0.145161 0.251996 0.112903
v -0.145161 0.256294 0.145161
v -0.145161 0.260809 0.177419
v -0.145161 0.265009 0.209677
v -0.173789 0.274194 0.241935
v -0.145161 0.267219 0.241935
v -0.145161 0.261310 0.274194
v -0.141617 -0.209677 -0.112903
v -0.134821 -0.209677 -0.080645
v -0.129637 -0.209677 -0.048387
v -0.125563 -0.209677 -0.016129
v -0.121051 -0.209677 0.016129
v -0.115160 -0.209677 0.048387
v -0.112903 -0.209677 0.064565
v -0.112903 -0.211855 0.080645
v -0.114062 -0.209677 0.112903
v -0.112903 -0.209677 0.102917
v -0.123191 -0.209677 0.145161
v -0.142765 -0.209677 0.177419
v -0.140179 -0.177419 -0.209677
v -0.112903 -0.177419 -0.185034
v -0.112903 -0.180618 -0.177419
v -0.112903 -0.186887 -0.145161
v -0.112903 -0.189574 -0.112903
v -0.112903 -0.192212 -0.080645
v -0.112903 -0.195543 -0.048387
v -0.112903 -0.198260 -0.016129
v -0.112903 -0.202396 0.016129
v -0.112903 -0.207670 0.048387
v -0.112903 -0.208775 0.112903
v -0.112903 -0.202656 0.145161
v -0.112903 -0.192454 0.177419
v -0.112903 -0.178191 0.209677
v -0.112903 -0.177419 0.210666
v -0.132999 -0.145161 -0.241935
v -0.112903 -0.145161 -0.239425
v -0.112903 -0.167474 -0.209677
v -0.112903 -0.155258 0.241935
v -0.112903 -0.145161 0.251414
v -0.112903 -0.112903 -0.266519
v -0.112903 -0.143069 -0.241935
v -0.112903 -0.113161 0.274194
v -0.113830 -0.112903 0.274194
v -0.112903 -0.112903 0.274379
v -0.112903 -0.080645 -0.287315
v -0.112903 -0.103236 -0.274194
v -0.112903 -0.080645 0.289001
v -0.112903 -0.048387 -0.293401
v -0.112903 -0.048387 0.294499
v -0.112903 -0.016129 -0.295883
v -0.112903 -0.016129 0.298715
v -0.112903 0.016129 -0.298276
v -0.112903 0.016129 0.304881
v -0.112903 0.048387 -0.302045
v -0.112903 0.024755 0.306452
v -0.127379 0.048387 0.306452
v -0.112903 0.048387 0.310499
v -0.119598 0.080645 -0.306452
v -0.112903 0.080645 -0.308890
v -0.112903 0.069510 -0.306452
v -0.112903 0.080645 0.314236
v -0.133243 0.112903 -0.306452
v -0.112903 0.112903 -0.314035
v -0.112903 0.112903 0.315891
v -0.143838 0.145161 -0.306452
v -0.112903 0.145161 -0.316649
v -0.112903 0.145161 0.317093
v -0.130957 0.177419 -0.306452
v -0.112903 0.177419 -0.313745
v -0.112903 0.177419 0.315195
v -0.112903 0.199845 -0.306452
v -0.112903 0.209677 -0.301560
v -0.112903 0.209677 0.309392
v -0.112903 0.232278 -0.274194
v -0.112903 0.235756 -0.241935
v -0.112903 0.232609 -0.209677
v -0.112903 0.228959 -0.177419
v -0.112903 0.226380 -0.145161
v -0.112903 0.225593 -0.112903
v -0.112903 0.227029 -0.080645
v -0.112903 0.231126 -0.048387
v -0.112903 0.236144 -0.016129
v -0.112903 0.239997 0.016129
v -0.112903 0.241935 0.031620
v -0.112903 0.215818 0.306452
v -0.112903 0.241935 0.289402
v -0.112903 0.243910 0.048387
v -0.112903 0.248060 0.080645
v -0.112903 0.252629 0.112903
v -0.112903 0.256220 0.145161
v -0.112903 0.259308 0.177419
v -0.112903 0.262318 0.209677
v -0.112903 0.262079 0.241935
v -0.112903 0.254311 0.274194
v -0.110422 -0.209677 0.080645
v -0.106264 -0.177419 -0.177419
v -0.094628 -0.177419 -0.145161
v -0.094058 -0.177419 -0.112903
v -0.092009 -0.177419 -0.080645
v -0.090680 -0.177419 -0.048387
v -0.087478 -0.177419 -0.016129
v -0.082990 -0.177419 0.016129
v -0.080645 -0.177419 0.023908
v -0.080645 -0.183728 0.048387
v -0.080645 -0.188896 0.080645
v -0.080645 -0.191242 0.112903
v -0.080645 -0.189006 0.145161
v -0.080645 -0.181792 0.177419
v -0.110488 -0.177419 0.209677
v -0.080645 -0.177419 0.188116
v -0.080645 -0.145161 -0.236921
v -0.080645 -0.160955 -0.209677
v -0.080645 -0.167582 -0.177419
v -0.080645 -0.170854 -0.145161
v -0.080645 -0.169933 -0.112903
v -0.080645 -0.170326 -0.080645
v -0.080645 -0.170413 -0.048387
v -0.080645 -0.172464 -0.016129
v -0.080645 -0.175618 0.016129
v -0.080645 -0.169829 0.209677
v -0.080645 -0.154054 0.241935
v -0.080645 -0.145161 0.251182
v -0.080645 -0.112903 -0.271968
v -0.080645 -0.141819 -0.241935
v -0.080645 -0.118996 0.274194
v -0.080645 -0.112903 0.278748
v -0.080645 -0.080645 -0.291532
v -0.080645 -0.110484 -0.274194
v -0.080645 -0.080645 0.292575
v -0.080645 -0.048387 -0.299762
v -0.080645 -0.048387 0.298226
v -0.080645 -0.016129 -0.304495
v -0.080645 -0.016129 0.303527
v -0.087945 0.016129 -0.306452
v -0.080645 0.016129 -0.309209
v -0.080645 -0.003119 -0.306452
v -0.080645 -0.000850 0.306452
v -0.102671 0.016129 0.306452
v -0.080645 0.016129 0.309635
v -0.101625 0.048387 -0.306452
v -0.080645 0.048387 -0.313780
v -0.080645 0.048387 0.313880
v -0.080645 0.080645 -0.318457
v -0.080645 0.080645 0.315391
v -0.080645 0.112903 -0.320944
v -0.080645 0.112903 0.315121
v -0.080645 0.145161 -0.323740
v -0.080645 0.145161 0.314870
v -0.080645 0.177419 -0.321793
v -0.080645 0.177419 0.309927
v -0.104616 0.209677 -0.306452
v -0.080645 0.209677 -0.315900
v -0.103068 0.209677 0.306452
v -0.080645 0.188793 0.306452
v -0.080645 0.209677 0.299270
v -0.080645 0.224477 -0.306452
v -0.094475 0.241935 -0.274194
v -0.080645 0.241935 -0.285309
v -0.099467 0.241935 -0.241935
v -0.089672 0.241935 -0.209677
v -0.080645 0.241935 -0.191737
v -0.080645 0.238776 -0.177419
v -0.080645 0.233583 -0.145161
v -0.080645 0.231852 -0.112903
v -0.080645 0.231617 -0.080645
v -0.080645 0.235467 -0.048387
v -0.080645 0.239120 -0.016129
v -0.093413 0.241935 0.016129
v -0.080645 0.241935 0.006132
v -0.080645 0.241935 0.277948
v -0.080645 0.248181 -0.274194
v -0.080645 0.249470 -0.241935
v -0.080645 0.245714 -0.209677
v -0.080645 0.243201 0.016129
v -0.080645 0.246363 0.048387
v -0.080645 0.250538 0.080645
v -0.080645 0.254371 0.112903
v -0.080645 0.256860 0.145161
v -0.080645 0.259197 0.177419
v -0.080645 0.259722 0.209677
v -0.080645 0.257360 0.241935
v -0.080645 0.245181 0.274194
v -0.071106 -0.177419 0.048387
v -0.056885 -0.177419 0.080645
v -0.048387 -0.177419 0.105295
v -0.048387 -0.178784 0.112903
v -0.048387 -0.180391 0.145161
v -0.062400 -0.177419 0.177419
v -0.048387 -0.177419 0.160643
v -0.048387 -0.145161 -0.233393
v -0.048387 -0.156969 -0.209677
v -0.048387 -0.161803 -0.177419
v -0.048387 -0.162784 -0.145161
v -0.048387 -0.160855 -0.112903
v -0.048387 -0.159620 -0.080645
v -0.048387 -0.158660 -0.048387
v -0.048387 -0.159211 -0.016129
v -0.048387 -0.161563 0.016129
v -0.048387 -0.166550 0.048387
v -0.048387 -0.173627 0.080645
v -0.048387 -0.174438 0.177419
v -0.048387 -0.166696 0.209677
v -0.048387 -0.153246 0.241935
v -0.048387 -0.145161 0.251155
v -0.057439 -0.112903 -0.274194
v -0.048387 -0.112903 -0.274984
v -0.048387 -0.113768 -0.274194
v -0.048387 -0.140381 -0.241935
v -0.048387 -0.122075 0.274194
v -0.048387 -0.112903 0.281380
v -0.048387 -0.080645 -0.294651
v -0.048387 -0.080645 0.294375
v -0.048387 -0.048387 -0.304532
v -0.048387 -0.048387 0.300549
v -0.070841 -0.016129 -0.306452
v -0.048387 -0.016129 -0.310607
v -0.048387 -0.038891 -0.306452
v -0.048387 -0.016129 0.306327
v -0.048387 0.016129 -0.315294
v -0.048387 -0.015425 0.306452
v -0.048387 0.016129 0.311266
v -0.048387 0.048387 -0.318862
v -0.048387 0.048387 0.313860
v -0.048387 0.080645 -0.322134
v -0.048387 0.080645 0.314371
v -0.048387 0.112903 -0.324976
v -0.048387 0.112903 0.313194
v -0.048387 0.145161 -0.328509
v -0.048387 0.145161 0.310031
v -0.048387 0.177419 -0.327376
v -0.066965 0.177419 0.306452
v -0.048387 0.159431 0.306452
v -0.048387 0.177419 0.301499
v -0.048387 0.209677 -0.322578
v -0.048387 0.209677 0.290655
v -0.048387 0.236915 -0.306452
v -0.048387 0.241935 -0.300440
v -0.071939 0.241935 -0.177419
v -0.052266 0.241935 -0.145161
v -0.048387 0.241935 -0.133517
v -0.048387 0.239497 -0.112903
v -0.048387 0.237950 -0.080645
v -0.048387 0.240798 -0.048387
v -0.062714 0.241935 -0.016129
v -0.048387 0.241935 -0.037822
v -0.071601 0.241935 0.274194
v -0.048387 0.232561 0.274194
v -0.048387 0.241935 0.261859
v -0.048387 0.255681 -0.274194
v -0.048387 0.256579 -0.241935
v -0.048387 0.253496 -0.209677
v -0.048387 0.249362 -0.177419
v -0.048387 0.243277 -0.145161
v -0.048387 0.244176 -0.016129
v -0.048387 0.247209 0.016129
v -0.048387 0.249907 0.048387
v -0.048387 0.253238 0.080645
v -0.048387 0.256527 0.112903
v -0.048387 0.258407 0.145161
v -0.048387 0.258909 0.177419
v -0.048387 0.258225 0.209677
v -0.048387 0.252665 0.241935
v -0.041680 -0.177419 0.112903
v -0.027312 -0.177419 0.145161
v -0.016129 -0.145161 -0.227359
v -0.016129 -0.153971 -0.209677
v -0.016129 -0.158253 -0.177419
v -0.016129 -0.158042 -0.145161
v -0.016129 -0.155785 -0.112903
v -0.016129 -0.153157 -0.080645
v -0.016129 -0.151502 -0.048387
v -0.016129 -0.151029 -0.016129
v -0.016129 -0.154366 0.016129
v -0.016129 -0.160589 0.048387
v -0.016129 -0.166340 0.080645
v -0.016129 -0.173087 0.112903
v -0.016129 -0.175955 0.145161
v -0.016129 -0.173735 0.177419
v -0.016129 -0.166733 0.209677
v -0.016129 -0.154862 0.241935
v -0.016129 -0.145161 0.252925
v -0.023761 -0.112903 -0.274194
v -0.016129 -0.112903 -0.273901
v -0.016129 -0.137652 -0.241935
v -0.016129 -0.123664 0.274194
v -0.016129 -0.112903 0.282497
v -0.016129 -0.080645 -0.293878
v -0.016129 -0.112616 -0.274194
v -0.016129 -0.080645 0.294959
v -0.016129 -0.048387 -0.305321
v -0.016129 -0.048387 0.301490
v -0.016129 -0.016129 -0.312492
v -0.016129 -0.044059 -0.306452
v -0.016129 -0.017492 0.306452
v -0.037421 -0.016129 0.306452
v -0.016129 -0.016129 0.306689
v -0.016129 0.016129 -0.317090
v -0.016129 0.016129 0.310675
v -0.016129 0.048387 -0.320548
v -0.016129 0.048387 0.313102
v -0.016129 0.080645 -0.324344
v -0.016129 0.080645 0.312841
v -0.016129 0.112903 -0.327397
v -0.016129 0.112903 0.309407
v -0.016129 0.145161 -0.332605
v -0.026440 0.145161 0.306452
v -0.016129 0.133417 0.306452
v -0.016129 0.145161 0.304601
v -0.016129 0.177419 -0.331219
v -0.016129 0.177419 0.295346
v -0.016129 0.209677 -0.326827
v -0.016129 0.209677 0.283551
v -0.032108 0.241935 -0.306452
v -0.016129 0.241935 -0.310365
v -0.038632 0.241935 -0.112903
v -0.026371 0.241935 -0.080645
v -0.042618 0.241935 -0.048387
v -0.016129 0.222306 0.274194
v -0.016129 0.241935 0.249143
v -0.016129 0.246132 -0.306452
v -0.016129 0.260796 -0.274194
v -0.016129 0.260390 -0.241935
v -0.016129 0.257333 -0.209677
v -0.016129 0.253955 -0.177419
v -0.016129 0.249614 -0.145161
v -0.016129 0.247021 -0.112903
v -0.016129 0.243822 -0.080645
v -0.016129 0.246587 -0.048387
v -0.016129 0.248323 -0.016129
v -0.016129 0.250919 0.016129
v -0.016129 0.252836 0.048387
v -0.016129 0.255491 0.080645
v -0.016129 0.258281 0.112903
v -0.016129 0.258931 0.145161
v -0.016129 0.258593 0.177419
v -0.016129 0.255255 0.209677
v -0.016129 0.246469 0.241935
v 0.006572 -0.177419 0.145161
v 0.016129 -0.177419 0.141566
v 0.016129 -0.178087 0.145161
v 0.016129 -0.177419 0.161207
v 0.016129 -0.145161 -0.225426
v 0.016129 -0.152768 -0.209677
v 0.016129 -0.158175 -0.177419
v 0.016129 -0.157467 -0.145161
v 0.016129 -0.154769 -0.112903
v 0.016129 -0.151418 -0.080645
v 0.016129 -0.149224 -0.048387
v 0.016129 -0.148117 -0.016129
v 0.016129 -0.151545 0.016129
v 0.016129 -0.158730 0.048387
v 0.016129 -0.165570 0.080645
v 0.016129 -0.172839 0.112903
v 0.016129 -0.176757 0.177419
v 0.016129 -0.170244 0.209677
v 0.016129 -0.157606 0.241935
v 0.016129 -0.145161 0.255849
v 0.016129 -0.112903 -0.271435
v 0.016129 -0.137065 -0.241935
v 0.016129 -0.125517 0.274194
v 0.016129 -0.112903 0.283447
v 0.016129 -0.080645 -0.293037
v 0.016129 -0.110094 -0.274194
v 0.016129 -0.080645 0.294447
v 0.016129 -0.048387 -0.304042
v 0.016129 -0.048387 0.300479
v 0.016129 -0.016129 -0.312714
v 0.016129 -0.040418 -0.306452
v -0.008634 -0.016129 0.306452
v 0.016129 -0.016129 0.305659
v 0.016129 0.016129 -0.317972
v 0.016129 -0.010947 0.306452
v 0.016129 0.016129 0.310149
v 0.016129 0.048387 -0.321659
v 0.016129 0.048387 0.311738
v 0.016129 0.080645 -0.325359
v 0.016129 0.080645 0.310777
v 0.016129 0.112903 -0.329216
v 0.012382 0.112903 0.306452
v 0.016129 0.110405 0.306452
v 0.016129 0.112903 0.306027
v 0.016129 0.145161 -0.335377
v 0.016129 0.145161 0.299918
v 0.016129 0.177419 -0.334224
v 0.016129 0.177419 0.290649
v 0.016129 0.209677 -0.329301
v 0.016129 0.209677 0.275318
v 0.016129 0.241935 -0.314126
v 0.011584 0.241935 0.241935
v 0.016129 0.241039 0.241935
v 0.016129 0.241935 0.240240
v 0.016129 0.211125 0.274194
v 0.016129 0.250255 -0.306452
v 0.016129 0.262406 -0.274194
v 0.016129 0.262368 -0.241935
v 0.016129 0.259101 -0.209677
v 0.016129 0.256522 -0.177419
v 0.016129 0.253220 -0.145161
v 0.016129 0.251115 -0.112903
v 0.016129 0.249320 -0.080645
v 0.016129 0.250586 -0.048387
v 0.016129 0.251832 -0.016129
v 0.016129 0.253817 0.016129
v 0.016129 0.255669 0.048387
v 0.016129 0.257977 0.080645
v 0.016129 0.259435 0.112903
v 0.016129 0.259548 0.145161
v 0.016129 0.257592 0.177419
v 0.016129 0.253119 0.209677
v 0.048387 -0.177419 0.113220
v 0.048387 -0.182825 0.145161
v 0.048387 -0.183658 0.177419
v 0.019068 -0.177419 0.177419
v 0.048387 -0.177419 0.207791
v 0.048387 -0.145161 -0.228121
v 0.048387 -0.154760 -0.209677
v 0.048387 -0.159702 -0.177419
v 0.048387 -0.159727 -0.145161
v 0.048387 -0.157272 -0.112903
v 0.048387 -0.154274 -0.080645
v 0.048387 -0.151978 -0.048387
v 0.048387 -0.151083 -0.016129
v 0.048387 -0.154163 0.016129
v 0.048387 -0.160565 0.048387
v 0.048387 -0.167346 0.080645
v 0.048387 -0.177363 0.112903
v 0.048387 -0.176981 0.209677
v 0.048387 -0.163647 0.241935
v 0.048387 -0.145161 0.260834
v 0.048387 -0.112903 -0.270707
v 0.048387 -0.137461 -0.241935
v 0.048387 -0.129105 0.274194
v 0.048387 -0.112903 0.284581
v 0.048387 -0.080645 -0.291728
v 0.048387 -0.109261 -0.274194
v 0.048387 -0.080645 0.294346
v 0.048387 -0.048387 -0.302553
v 0.048387 -0.048387 0.299085
v 0.048387 -0.016129 -0.312500
v 0.048387 -0.036648 -0.306452
v 0.048387 -0.016129 0.303930
v 0.048387 0.016129 -0.318187
v 0.048387 0.000863 0.306452
v 0.048387 0.016129 0.308648
v 0.048387 0.048387 -0.321958
v 0.048387 0.048387 0.310902
v 0.048387 0.080645 -0.326134
v 0.048387 0.080645 0.308432
v 0.048387 0.112903 -0.329893
v 0.048387 0.091609 0.306452
v 0.048387 0.112903 0.302494
v 0.048387 0.145161 -0.336928
v 0.048387 0.145161 0.296761
v 0.048387 0.177419 -0.335630
v 0.048387 0.177419 0.287128
v 0.048387 0.209677 -0.330721
v 0.021470 0.209677 0.274194
v 0.048387 0.201260 0.274194
v 0.048387 0.209677 0.267915
v 0.048387 0.241935 -0.315504
v 0.048387 0.233263 0.241935
v 0.048387 0.241935 0.225673
v 0.048387 0.251175 -0.306452
v 0.048387 0.263383 -0.274194
v 0.048387 0.262616 -0.241935
v 0.048387 0.259909 -0.209677
v 0.048387 0.257386 -0.177419
v 0.048387 0.254944 -0.145161
v 0.048387 0.253409 -0.112903
v 0.048387 0.251852 -0.080645
v 0.048387 0.253431 -0.048387
v 0.048387 0.254150 -0.016129
v 0.048387 0.255546 0.016129
v 0.048387 0.256981 0.048387
v 0.048387 0.258378 0.080645
v 0.048387 0.259380 0.112903
v 0.048387 0.257872 0.145161
v 0.048387 0.255348 0.177419
v 0.048387 0.248909 0.209677
v 0.048639 -0.177419 0.112903
v 0.080645 -0.177419 0.093399
v 0.080645 -0.184013 0.112903
v 0.080645 -0.189641 0.145161
v 0.080645 -0.190744 0.177419
v 0.080645 -0.186910 0.209677
v 0.049685 -0.177419 0.209677
v 0.080645 -0.177419 0.231808
v 0.080645 -0.145161 -0.236358
v 0.080645 -0.159048 -0.209677
v 0.080645 -0.164930 -0.177419
v 0.080645 -0.164361 -0.145161
v 0.080645 -0.161903 -0.112903
v 0.080645 -0.158845 -0.080645
v 0.080645 -0.157065 -0.048387
v 0.080645 -0.156203 -0.016129
v 0.080645 -0.158795 0.016129
v 0.080645 -0.164373 0.048387
v 0.080645 -0.173087 0.080645
v 0.080645 -0.172210 0.241935
v 0.080645 -0.145161 0.268674
v 0.080645 -0.112903 -0.272069
v 0.080645 -0.141693 -0.241935
v 0.080645 -0.137950 0.274194
v 0.080645 -0.112903 0.287002
v 0.080645 -0.080645 -0.292187
v 0.080645 -0.110613 -0.274194
v 0.080645 -0.080645 0.294055
v 0.080645 -0.048387 -0.302674
v 0.080645 -0.048387 0.297991
v 0.080645 -0.016129 -0.312676
v 0.080645 -0.037043 -0.306452
v 0.080645 -0.016129 0.301575
v 0.080645 0.016129 -0.318685
v 0.076640 0.016129 0.306452
v 0.080645 0.016129 0.306113
v 0.080645 0.048387 -0.322270
v 0.080645 0.022013 0.306452
v 0.080645 0.048387 0.307913
v 0.080645 0.080645 -0.325942
v 0.069470 0.080645 0.306452
v 0.080645 0.067008 0.306452
v 0.080645 0.080645 0.305336
v 0.080645 0.112903 -0.329793
v 0.080645 0.112903 0.299680
v 0.080645 0.145161 -0.336043
v 0.080645 0.145161 0.293864
v 0.080645 0.177419 -0.335402
v 0.080645 0.177419 0.283102
v 0.080645 0.209677 -0.330656
v 0.080645 0.192268 0.274194
v 0.080645 0.209677 0.261134
v 0.080645 0.241935 -0.315435
v 0.080645 0.227306 0.241935
v 0.080645 0.241935 0.212535
v 0.080645 0.251457 -0.306452
v 0.080645 0.263171 -0.274194
v 0.080645 0.263250 -0.241935
v 0.080645 0.260165 -0.209677
v 0.080645 0.258334 -0.177419
v 0.080645 0.255995 -0.145161
v 0.080645 0.254782 -0.112903
v 0.080645 0.253434 -0.080645
v 0.080645 0.254640 -0.048387
v 0.080645 0.254790 -0.016129
v 0.080645 0.255793 0.016129
v 0.080645 0.256114 0.048387
v 0.080645 0.257265 0.080645
v 0.080645 0.256986 0.112903
v 0.080645 0.255027 0.145161
v 0.080645 0.251194 0.177419
v 0.080645 0.243266 0.209677
v 0.094925 -0.177419 0.080645
v 0.112903 -0.177419 0.062934
v 0.112903 -0.182958 0.080645
v 0.112903 -0.191820 0.112903
v 0.112903 -0.196955 0.145161
v 0.112903 -0.199820 0.177419
v 0.112903 -0.197560 0.209677
v 0.112903 -0.189437 0.241935
v 0.089700 -0.177419 0.241935
v 0.112903 -0.177419 0.256640
v 0.097038 -0.145161 -0.241935
v 0.112903 -0.145161 -0.245503
v 0.112903 -0.148720 -0.241935
v 0.112903 -0.166748 -0.209677
v 0.112903 -0.172985 -0.177419
v 0.112903 -0.173517 -0.145161
v 0.112903 -0.169881 -0.112903
v 0.112903 -0.166734 -0.080645
v 0.112903 -0.164229 -0.048387
v 0.112903 -0.163918 -0.016129
v 0.112903 -0.165942 0.016129
v 0.112903 -0.172987 0.048387
v 0.112903 -0.157331 0.274194
v 0.092465 -0.145161 0.274194
v 0.112903 -0.145161 0.281499
v 0.098858 -0.112903 -0.274194
v 0.112903 -0.112903 -0.275601
v 0.112903 -0.114671 -0.274194
v 0.112903 -0.112903 0.291364
v 0.112903 -0.080645 -0.292726
v 0.112903 -0.080645 0.296655
v 0.112903 -0.048387 -0.303752
v 0.112903 -0.048387 0.299958
v 0.112903 -0.016129 -0.313387
v 0.112903 -0.040388 -0.306452
v 0.112903 -0.016129 0.302755
v 0.112903 0.016129 -0.318563
v 0.112903 0.015513 0.306452
v 0.106800 0.016129 0.306452
v 0.112903 0.016129 0.306529
v 0.112903 0.048387 -0.321583
v 0.112903 0.048387 0.307178
v 0.112903 0.080645 -0.325004
v 0.112903 0.057433 0.306452
v 0.112903 0.080645 0.304577
v 0.112903 0.112903 -0.327674
v 0.112903 0.112903 0.297910
v 0.112903 0.145161 -0.332566
v 0.112903 0.145161 0.292596
v 0.112903 0.177419 -0.332306
v 0.112903 0.177419 0.280876
v 0.112903 0.209677 -0.328894
v 0.112903 0.188283 0.274194
v 0.112903 0.209677 0.257416
v 0.112903 0.241935 -0.314339
v 0.086577 0.241935 0.209677
v 0.112903 0.236037 0.209677
v 0.112903 0.241935 0.189690
v 0.112903 0.222635 0.241935
v 0.112903 0.250132 -0.306452
v 0.112903 0.263338 -0.274194
v 0.112903 0.262965 -0.241935
v 0.112903 0.260559 -0.209677
v 0.112903 0.258118 -0.177419
v 0.112903 0.256129 -0.145161
v 0.112903 0.254699 -0.112903
v 0.112903 0.253086 -0.080645
v 0.112903 0.253811 -0.048387
v 0.112903 0.253374 -0.016129
v 0.112903 0.253593 0.016129
v 0.112903 0.253145 0.048387
v 0.112903 0.253341 0.080645
v 0.112903 0.252571 0.112903
v 0.112903 0.249878 0.145161
v 0.112903 0.245337 0.177419
v 0.137034 -0.209677 0.177419
v 0.145161 -0.209677 0.156747
v 0.145161 -0.213097 0.177419
v 0.145161 -0.213291 0.209677
v 0.137892 -0.209677 0.209677
v 0.145161 -0.209677 0.225596
v 0.145135 -0.177419 -0.209677
v 0.145161 -0.177419 -0.209695
v 0.145161 -0.177429 -0.209677
v 0.145161 -0.186726 -0.177419
v 0.123205 -0.177419 -0.177419
v 0.145161 -0.186355 -0.145161
v 0.122471 -0.177419 -0.145161
v 0.145161 -0.184609 -0.112903
v 0.129958 -0.177419 -0.112903
v 0.145161 -0.180012 -0.080645
v 0.139797 -0.177419 -0.080645
v 0.145161 -0.178130 -0.048387
v 0.143919 -0.177419 -0.048387
v 0.145161 -0.177419 -0.036661
v 0.139403 -0.177419 0.016129
v 0.145161 -0.177419 -0.007146
v 0.145161 -0.180503 0.016129
v 0.145161 -0.187040 0.048387
v 0.122799 -0.177419 0.048387
v 0.145161 -0.194025 0.080645
v 0.145161 -0.200642 0.112903
v 0.145161 -0.207658 0.145161
v 0.145161 -0.205171 0.241935
v 0.145161 -0.181270 0.274194
v 0.139528 -0.177419 0.274194
v 0.145161 -0.177419 0.277164
v 0.145161 -0.145161 -0.253174
v 0.145161 -0.157854 -0.241935
v 0.145161 -0.176223 -0.016129
v 0.145161 -0.145161 0.290949
v 0.145161 -0.112903 -0.278319
v 0.145161 -0.118697 -0.274194
v 0.145161 -0.112903 0.296615
v 0.145161 -0.080645 -0.293676
v 0.145161 -0.080645 0.300413
v 0.145161 -0.048387 -0.303793
v 0.145161 -0.048387 0.302932
v 0.145161 -0.016129 -0.313126
v 0.145161 -0.040184 -0.306452
v 0.145161 -0.016129 0.305292
v 0.145161 0.016129 -0.317756
v 0.145161 -0.005024 0.306452
v 0.145161 0.016129 0.308572
v 0.145161 0.048387 -0.320423
v 0.145161 0.048387 0.307630
v 0.145161 0.080645 -0.322935
v 0.145161 0.061932 0.306452
v 0.145161 0.080645 0.304769
v 0.145161 0.112903 -0.324796
v 0.145161 0.112903 0.298207
v 0.145161 0.145161 -0.328450
v 0.145161 0.145161 0.293164
v 0.145161 0.177419 -0.328849
v 0.145161 0.177419 0.281132
v 0.145161 0.209677 -0.326232
v 0.145161 0.188400 0.274194
v 0.145161 0.209677 0.256091
v 0.145161 0.241935 -0.312920
v 0.139463 0.241935 0.177419
v 0.145161 0.241104 0.177419
v 0.145161 0.241935 0.171827
v 0.145161 0.233558 0.209677
v 0.145161 0.221179 0.241935
v 0.145161 0.249151 -0.306452
v 0.145161 0.262542 -0.274194
v 0.145161 0.263384 -0.241935
v 0.145161 0.260672 -0.209677
v 0.145161 0.258516 -0.177419
v 0.145161 0.256229 -0.145161
v 0.145161 0.254685 -0.112903
v 0.145161 0.253103 -0.080645
v 0.145161 0.253010 -0.048387
v 0.145161 0.251760 -0.016129
v 0.145161 0.251163 0.016129
v 0.145161 0.250380 0.048387
v 0.145161 0.250160 0.080645
v 0.145161 0.248753 0.112903
v 0.145161 0.245423 0.145161
v 0.170954 -0.209677 0.112903
v 0.177419 -0.209677 0.104617
v 0.177419 -0.212130 0.112903
v 0.177419 -0.218630 0.145161
v 0.150045 -0.209677 0.145161
v 0.177419 -0.222612 0.177419
v 0.177419 -0.222908 0.209677
v 0.177419 -0.219425 0.241935
v 0.153407 -0.209677 0.241935
v 0.177419 -0.209677 0.260231
v 0.177419 -0.177419 -0.224109
v 0.177419 -0.186466 -0.209677
v 0.177419 -0.193980 -0.177419
v 0.177419 -0.194236 -0.145161
v 0.177419 -0.192526 -0.112903
v 0.177419 -0.190536 -0.080645
v 0.177419 -0.189196 -0.048387
v 0.177419 -0.189480 -0.016129
v 0.147642 -0.177419 -0.016129
v 0.177419 -0.191963 0.016129
v 0.177419 -0.197086 0.048387
v 0.177419 -0.203033 0.080645
v 0.177419 -0.198963 0.274194
v 0.177419 -0.177419 0.289133
v 0.177419 -0.145161 -0.257703
v 0.177419 -0.164423 -0.241935
v 0.177419 -0.145161 0.299082
v 0.177419 -0.112903 -0.280301
v 0.177419 -0.122451 -0.274194
v 0.177419 -0.112903 0.303400
v 0.177419 -0.080645 -0.293789
v 0.177419 -0.087522 0.306452
v 0.173846 -0.080645 0.306452
v 0.177419 -0.080645 0.307286
v 0.177419 -0.048387 -0.303168
v 0.175321 -0.048387 0.306452
v 0.177419 -0.048387 0.306712
v 0.177419 -0.016129 -0.311890
v 0.177419 -0.037086 -0.306452
v 0.155704 -0.016129 0.306452
v 0.177419 -0.016129 0.308744
v 0.177419 0.016129 -0.315830
v 0.177419 0.016129 0.310421
v 0.177419 0.048387 -0.317770
v 0.177419 0.048387 0.309737
v 0.177419 0.080645 -0.320062
v 0.177419 0.074014 0.306452
v 0.177419 0.080645 0.305511
v 0.177419 0.112903 -0.321214
v 0.177419 0.112903 0.299210
v 0.177419 0.145161 -0.324280
v 0.177419 0.145161 0.295115
v 0.177419 0.177419 -0.324581
v 0.177419 0.177419 0.285553
v 0.177419 0.209677 -0.322928
v 0.177419 0.196169 0.274194
v 0.177419 0.209677 0.262084
v 0.177419 0.241935 -0.310349
v 0.177419 0.239696 0.177419
v 0.177419 0.241935 0.152212
v 0.177419 0.234099 0.209677
v 0.177419 0.224459 0.241935
v 0.177419 0.246270 -0.306452
v 0.177419 0.262348 -0.274194
v 0.177419 0.263048 -0.241935
v 0.177419 0.260948 -0.209677
v 0.177419 0.258203 -0.177419
v 0.177419 0.256100 -0.145161
v 0.177419 0.254028 -0.112903
v 0.177419 0.251909 -0.080645
v 0.177419 0.251436 -0.048387
v 0.177419 0.249507 -0.016129
v 0.177419 0.248266 0.016129
v 0.177419 0.246730 0.048387
v 0.177419 0.246683 0.080645
v 0.177419 0.245442 0.112903
v 0.177419 0.242516 0.145161
v 0.207229 -0.209677 0.080645
v 0.209677 -0.209677 0.078169
v 0.209677 -0.210287 0.080645
v 0.209677 -0.218049 0.112903
v 0.209677 -0.222267 0.145161
v 0.209677 -0.225862 0.177419
v 0.209677 -0.227062 0.209677
v 0.209677 -0.224547 0.241935
v 0.209677 -0.211045 0.274194
v 0.205519 -0.209677 0.274194
v 0.209677 -0.209677 0.275711
v 0.209677 -0.177419 -0.225762
v 0.209677 -0.188009 -0.209677
v 0.209677 -0.196124 -0.177419
v 0.209677 -0.196165 -0.145161
v 0.209677 -0.194065 -0.112903
v 0.209677 -0.192954 -0.080645
v 0.209677 -0.192771 -0.048387
v 0.209677 -0.194114 -0.016129
v 0.209677 -0.196948 0.016129
v 0.209677 -0.202981 0.048387
v 0.209677 -0.177419 0.295586
v 0.209677 -0.145161 -0.256629
v 0.209677 -0.164378 -0.241935
v 0.209677 -0.145161 0.305268
v 0.209677 -0.112903 -0.278203
v 0.209677 -0.119439 -0.274194
v 0.209677 -0.132893 0.306452
v 0.197890 -0.112903 0.306452
v 0.209677 -0.112903 0.308212
v 0.209677 -0.080645 -0.292204
v 0.209677 -0.080645 0.309297
v 0.209677 -0.048387 -0.299723
v 0.209677 -0.048387 0.307573
v 0.209677 -0.016129 -0.307418
v 0.209677 -0.019847 -0.306452
v 0.209677 -0.016129 0.308638
v 0.209677 0.016129 -0.311681
v 0.209677 0.016129 0.309423
v 0.209677 0.048387 -0.313513
v 0.209677 0.048387 0.308426
v 0.209677 0.080645 -0.315220
v 0.209677 0.065990 0.306452
v 0.209677 0.080645 0.304713
v 0.209677 0.112903 -0.316100
v 0.209677 0.112903 0.299838
v 0.209677 0.145161 -0.318852
v 0.209677 0.145161 0.296518
v 0.209677 0.177419 -0.319685
v 0.209677 0.177419 0.288773
v 0.209677 0.209677 -0.318154
v 0.209677 0.203550 0.274194
v 0.209677 0.209677 0.268392
v 0.209677 0.239306 -0.306452
v 0.201513 0.241935 -0.306452
v 0.209677 0.241935 -0.304487
v 0.208406 0.241935 0.080645
v 0.209677 0.241677 0.080645
v 0.209677 0.241935 0.054763
v 0.203418 0.241935 0.112903
v 0.209677 0.240863 0.112903
v 0.183613 0.241935 0.145161
v 0.209677 0.239147 0.145161
v 0.209677 0.238042 0.177419
v 0.209677 0.235142 0.209677
v 0.209677 0.227605 0.241935
v 0.209677 0.260347 -0.274194
v 0.209677 0.263366 -0.241935
v 0.209677 0.260803 -0.209677
v 0.209677 0.258514 -0.177419
v 0.209677 0.256130 -0.145161
v 0.209677 0.253887 -0.112903
v 0.209677 0.251180 -0.080645
v 0.209677 0.249738 -0.048387
v 0.209677 0.247019 -0.016129
v 0.209677 0.244714 0.016129
v 0.209677 0.241989 0.048387
v 0.241935 -0.209677 0.077336
v 0.241935 -0.210568 0.080645
v 0.241935 -0.218151 0.112903
v 0.241935 -0.222655 0.145161
v 0.241935 -0.226205 0.177419
v 0.241935 -0.227215 0.209677
v 0.241935 -0.224997 0.241935
v 0.241935 -0.212497 0.274194
v 0.241935 -0.209677 0.277361
v 0.241935 -0.177419 -0.212576
v 0.241935 -0.179419 -0.209677
v 0.241935 -0.187517 -0.177419
v 0.241935 -0.188427 -0.145161
v 0.241935 -0.187626 -0.112903
v 0.241935 -0.187870 -0.080645
v 0.241935 -0.188949 -0.048387
v 0.241935 -0.192368 -0.016129
v 0.241935 -0.196578 0.016129
v 0.241935 -0.202616 0.048387
v 0.241935 -0.177419 0.296516
v 0.241935 -0.145161 -0.248598
v 0.241935 -0.153877 -0.241935
v 0.241935 -0.145161 0.304565
v 0.225576 -0.112903 -0.274194
v 0.241935 -0.112903 -0.269048
v 0.229889 -0.112903 0.306452
v 0.241935 -0.112903 0.305310
v 0.241935 -0.080645 -0.286431
v 0.241935 -0.105647 -0.274194
v 0.227989 -0.080645 0.306452
v 0.241935 -0.080645 0.304128
v 0.241935 -0.048387 -0.294006
v 0.214919 -0.048387 0.306452
v 0.241935 -0.048387 0.301028
v 0.213059 -0.016129 -0.306452
v 0.241935 -0.016129 -0.298782
v 0.218086 -0.016129 0.306452
v 0.241935 -0.016129 0.300490
v 0.227206 0.016129 -0.306452
v 0.241935 0.016129 -0.301585
v 0.220538 0.016129 0.306452
v 0.241935 0.016129 0.300622
v 0.230257 0.048387 -0.306452
v 0.241935 0.048387 -0.301713
v 0.217082 0.048387 0.306452
v 0.241935 0.048387 0.299953
v 0.234640 0.080645 -0.306452
v 0.241935 0.080645 -0.303068
v 0.241935 0.080645 0.297577
v 0.235550 0.112903 -0.306452
v 0.241935 0.112903 -0.303231
v 0.241935 0.112903 0.294335
v 0.241935 0.145161 -0.308410
v 0.241935 0.132702 -0.306452
v 0.241935 0.145161 0.292475
v 0.241935 0.177419 -0.309481
v 0.241935 0.177419 0.286909
v 0.241935 0.209677 -0.309062
v 0.241935 0.203677 0.274194
v 0.241935 0.209677 0.268635
v 0.241935 0.216509 -0.306452
v 0.241935 0.241935 -0.291839
v 0.228500 0.241935 -0.016129
v 0.241935 0.236710 -0.016129
v 0.241935 0.241935 -0.045383
v 0.218345 0.241935 0.016129
v 0.241935 0.231928 0.016129
v 0.209835 0.241935 0.048387
v 0.241935 0.227954 0.048387
v 0.241935 0.226245 0.080645
v 0.241935 0.227451 0.112903
v 0.241935 0.229060 0.145161
v 0.241935 0.231697 0.177419
v 0.241935 0.230849 0.209677
v 0.241935 0.226518 0.241935
v 0.241935 0.254731 -0.274194
v 0.241935 0.259657 -0.241935
v 0.241935 0.258214 -0.209677
v 0.241935 0.255399 -0.177419
v 0.241935 0.253283 -0.145161
v 0.241935 0.250260 -0.112903
v 0.241935 0.246451 -0.080645
v 0.241935 0.242348 -0.048387
v 0.251941 -0.209677 0.080645
v 0.274194 -0.209677 0.088870
v 0.274194 -0.215096 0.112903
v 0.274194 -0.219976 0.145161
v 0.274194 -0.223139 0.177419
v 0.274194 -0.223596 0.209677
v 0.274194 -0.219941 0.241935
v 0.256040 -0.209677 0.274194
v 0.274194 -0.209677 0.266586
v 0.245884 -0.177419 -0.209677
v 0.264599 -0.177419 -0.177419
v 0.270010 -0.177419 -0.145161
v 0.270801 -0.177419 -0.112903
v 0.274194 -0.177419 -0.097798
v 0.274194 -0.178933 -0.080645
v 0.274194 -0.182682 -0.048387
v 0.274194 -0.187970 -0.016129
v 0.274194 -0.193613 0.016129
v 0.274194 -0.200327 0.048387
v 0.274194 -0.207568 0.080645
v 0.274194 -0.204356 0.274194
v 0.274194 -0.177419 0.292650
v 0.256658 -0.145161 -0.241935
v 0.274194 -0.145161 -0.229262
v 0.274194 -0.160983 -0.209677
v 0.274194 -0.172245 -0.177419
v 0.274194 -0.175428 -0.145161
v 0.274194 -0.175971 -0.112903
v 0.274194 -0.145161 0.299880
v 0.274194 -0.112903 -0.254344
v 0.274194 -0.132122 -0.241935
v 0.274194 -0.112903 0.298632
v 0.274194 -0.080645 -0.274372
v 0.274194 -0.080969 -0.274194
v 0.274194 -0.080645 0.296060
v 0.274194 -0.048387 -0.285302
v 0.274194 -0.048387 0.292177
v 0.274194 -0.016129 -0.290069
v 0.274194 -0.016129 0.290241
v 0.274194 0.016129 -0.291128
v 0.274194 0.016129 0.288539
v 0.274194 0.048387 -0.290536
v 0.274194 0.048387 0.285849
v 0.274194 0.080645 -0.289248
v 0.274194 0.080645 0.282514
v 0.274194 0.112903 -0.288274
v 0.274194 0.112903 0.277311
v 0.245734 0.145161 -0.306452
v 0.274194 0.145161 -0.289540
v 0.274194 0.145161 0.275065
v 0.248187 0.177419 -0.306452
v 0.274194 0.177419 -0.290691
v 0.263738 0.177419 0.274194
v 0.274194 0.148822 0.274194
v 0.274194 0.177419 0.259895
v 0.247015 0.209677 -0.306452
v 0.274194 0.209677 -0.287423
v 0.271247 0.209677 -0.016129
v 0.274194 0.205767 -0.016129
v 0.274194 0.209677 -0.023801
v 0.262999 0.209677 0.016129
v 0.274194 0.194133 0.016129
v 0.257466 0.209677 0.048387
v 0.274194 0.183095 0.048387
v 0.256060 0.209677 0.080645
v 0.274194 0.181291 0.080645
v 0.256913 0.209677 0.112903
v 0.274194 0.181235 0.112903
v 0.260630 0.209677 0.145161
v 0.274194 0.189145 0.145161
v 0.264241 0.209677 0.177419
v 0.274194 0.194188 0.177419
v 0.268831 0.209677 0.209677
v 0.274194 0.202193 0.209677
v 0.265096 0.209677 0.241935
v 0.274194 0.196219 0.241935
v 0.267209 0.241935 -0.274194
v 0.274194 0.233861 -0.274194
v 0.274194 0.241935 -0.263296
v 0.264971 0.241935 -0.112903
v 0.274194 0.236431 -0.112903
v 0.274194 0.241935 -0.138012
v 0.252642 0.241935 -0.080645
v 0.274194 0.228286 -0.080645
v 0.242734 0.241935 -0.048387
v 0.274194 0.219089 -0.048387
v 0.274194 0.248976 -0.241935
v 0.274194 0.248675 -0.209677
v 0.274194 0.246139 -0.177419
v 0.274194 0.243111 -0.145161
v 0.288834 -0.209677 0.112903
v 0.300046 -0.209677 0.145161
v 0.306024 -0.209677 0.177419
v 0.302936 -0.209677 0.209677
v 0.294526 -0.209677 0.241935
v 0.277043 -0.177419 -0.080645
v 0.285204 -0.177419 -0.048387
v 0.302233 -0.177419 -0.016129
v 0.306452 -0.177419 -0.008285
v 0.306452 -0.183291 0.016129
v 0.306452 -0.191226 0.048387
v 0.306452 -0.196367 0.080645
v 0.306452 -0.201783 0.112903
v 0.306452 -0.205922 0.145161
v 0.306452 -0.209362 0.177419
v 0.306452 -0.206654 0.209677
v 0.306452 -0.198940 0.241935
v 0.304257 -0.177419 0.274194
v 0.306452 -0.177419 0.271341
v 0.289506 -0.145161 -0.209677
v 0.302150 -0.145161 -0.177419
v 0.306452 -0.145161 -0.158633
v 0.306452 -0.148500 -0.145161
v 0.306452 -0.154237 -0.112903
v 0.306452 -0.160240 -0.080645
v 0.306452 -0.165886 -0.048387
v 0.306452 -0.175223 -0.016129
v 0.306452 -0.169960 0.274194
v 0.306452 -0.145161 0.279672
v 0.288692 -0.112903 -0.241935
v 0.306452 -0.112903 -0.214566
v 0.306452 -0.118021 -0.209677
v 0.306452 -0.138630 -0.177419
v 0.306452 -0.112903 0.277464
v 0.274455 -0.080645 -0.274194
v 0.305823 -0.080645 -0.241935
v 0.306452 -0.080645 -0.240950
v 0.302027 -0.080645 0.274194
v 0.306452 -0.099974 0.274194
v 0.306452 -0.080645 0.267910
v 0.290440 -0.048387 -0.274194
v 0.306452 -0.048387 -0.254484
v 0.306452 -0.078799 -0.241935
v 0.296088 -0.048387 0.274194
v 0.306452 -0.048387 0.258401
v 0.296708 -0.016129 -0.274194
v 0.306452 -0.016129 -0.260949
v 0.291850 -0.016129 0.274194
v 0.306452 -0.016129 0.248018
v 0.297598 0.016129 -0.274194
v 0.306452 0.016129 -0.261312
v 0.305297 0.016129 0.241935
v 0.306452 0.008257 0.241935
v 0.306452 0.016129 0.239778
v 0.289336 0.016129 0.274194
v 0.294688 0.048387 -0.274194
v 0.306452 0.048387 -0.254160
v 0.299801 0.048387 0.241935
v 0.306452 0.048387 0.226988
v 0.285957 0.048387 0.274194
v 0.291520 0.080645 -0.274194
v 0.306452 0.080645 -0.246226
v 0.304898 0.080645 0.209677
v 0.306452 0.075537 0.209677
v 0.306452 0.080645 0.203878
v 0.295824 0.080645 0.241935
v 0.282300 0.080645 0.274194
v 0.289547 0.112903 -0.274194
v 0.306452 0.098239 -0.241935
v 0.304547 0.112903 -0.241935
v 0.306452 0.112903 -0.234354
v 0.304964 0.112903 0.048387
v 0.306452 0.110639 0.048387
v 0.306452 0.112903 0.032346
v 0.303460 0.112903 0.080645
v 0.306452 0.108242 0.080645
v 0.302359 0.112903 0.112903
v 0.306452 0.106466 0.112903
v 0.302102 0.112903 0.145161
v 0.306452 0.104937 0.145161
v 0.298643 0.112903 0.177419
v 0.306452 0.094816 0.177419
v 0.296630 0.112903 0.209677
v 0.290543 0.112903 0.241935
v 0.277168 0.112903 0.274194
v 0.289750 0.145161 -0.274194
v 0.304342 0.145161 -0.241935
v 0.306452 0.145161 -0.230349
v 0.303738 0.145161 -0.048387
v 0.306452 0.138628 -0.048387
v 0.306452 0.145161 -0.060331
v 0.297713 0.145161 -0.016129
v 0.306452 0.124162 -0.016129
v 0.293961 0.145161 0.016129
v 0.306452 0.115875 0.016129
v 0.290963 0.145161 0.048387
v 0.289602 0.145161 0.080645
v 0.290060 0.145161 0.112903
v 0.291426 0.145161 0.145161
v 0.291383 0.145161 0.177419
v 0.291021 0.145161 0.209677
v 0.287703 0.145161 0.241935
v 0.274993 0.145161 0.274194
v 0.290283 0.177419 -0.274194
v 0.303441 0.177419 -0.241935
v 0.306452 0.177419 -0.225904
v 0.301642 0.177419 -0.080645
v 0.306452 0.161518 -0.080645
v 0.306452 0.177419 -0.107139
v 0.294516 0.177419 -0.048387
v 0.287796 0.177419 -0.016129
v 0.282933 0.177419 0.016129
v 0.277249 0.177419 0.048387
v 0.276293 0.177419 0.080645
v 0.276183 0.177419 0.112903
v 0.279976 0.177419 0.145161
v 0.281635 0.177419 0.177419
v 0.284302 0.177419 0.209677
v 0.281328 0.177419 0.241935
v 0.286198 0.209677 -0.274194
v 0.299210 0.209677 -0.241935
v 0.306452 0.189845 -0.209677
v 0.301560 0.209677 -0.209677
v 0.301169 0.209677 -0.177419
v 0.306452 0.190340 -0.177419
v 0.299249 0.209677 -0.145161
v 0.306452 0.189805 -0.145161
v 0.295051 0.209677 -0.112903
v 0.306452 0.180182 -0.112903
v 0.288596 0.209677 -0.080645
v 0.281275 0.209677 -0.048387
v 0.283286 0.241935 -0.241935
v 0.283511 0.241935 -0.209677
v 0.280110 0.241935 -0.177419
v 0.275881 0.241935 -0.145161
v 0.316657 -0.177419 0.016129
v 0.332039 -0.177419 0.048387
v 0.336536 -0.177419 0.080645
v 0.338710 -0.177419 0.101722
v 0.338710 -0.178358 0.112903
v 0.333667 -0.177419 0.145161
v 0.338710 -0.177419 0.117345
v 0.330828 -0.177419 0.177419
v 0.325659 -0.177419 0.209677
v 0.319823 -0.177419 0.241935
v 0.309181 -0.145161 -0.145161
v 0.315438 -0.145161 -0.112903
v 0.323358 -0.145161 -0.080645
v 0.334425 -0.145161 -0.048387
v 0.338710 -0.145161 -0.037570
v 0.338710 -0.152950 -0.016129
v 0.338710 -0.161568 0.016129
v 0.338710 -0.172102 0.048387
v 0.338710 -0.175346 0.080645
v 0.338710 -0.168533 0.145161
v 0.338710 -0.155422 0.177419
v 0.338710 -0.145161 0.189140
v 0.333094 -0.145161 0.209677
v 0.324393 -0.145161 0.241935
v 0.310983 -0.145161 0.274194
v 0.309073 -0.112903 -0.209677
v 0.319204 -0.112903 -0.177419
v 0.326938 -0.112903 -0.145161
v 0.333978 -0.112903 -0.112903
v 0.338710 -0.112903 -0.099057
v 0.338710 -0.122966 -0.080645
v 0.338710 -0.139738 -0.048387
v 0.331753 -0.112903 0.209677
v 0.338710 -0.112903 0.190061
v 0.322322 -0.112903 0.241935
v 0.309172 -0.112903 0.274194
v 0.320752 -0.080645 -0.209677
v 0.328267 -0.080645 -0.177419
v 0.336145 -0.080645 -0.145161
v 0.338710 -0.080645 -0.136029
v 0.338710 -0.100227 -0.112903
v 0.329040 -0.080645 0.209677
v 0.338710 -0.080645 0.184252
v 0.319466 -0.080645 0.241935
v 0.314428 -0.048387 -0.241935
v 0.324667 -0.048387 -0.209677
v 0.330718 -0.048387 -0.177419
v 0.338710 -0.048387 -0.145920
v 0.338710 -0.051010 -0.145161
v 0.335146 -0.048387 0.177419
v 0.338710 -0.066249 0.177419
v 0.338710 -0.048387 0.170148
v 0.324690 -0.048387 0.209677
v 0.315043 -0.048387 0.241935
v 0.317511 -0.016129 -0.241935
v 0.326048 -0.016129 -0.209677
v 0.331728 -0.016129 -0.177419
v 0.338710 -0.038915 -0.145161
v 0.338219 -0.016129 -0.145161
v 0.338710 -0.016129 -0.143242
v 0.329425 -0.016129 0.177419
v 0.338710 -0.016129 0.155939
v 0.321682 -0.016129 0.209677
v 0.309788 -0.016129 0.241935
v 0.316794 0.016129 -0.241935
v 0.324393 0.016129 -0.209677
v 0.328720 0.016129 -0.177419
v 0.335270 0.016129 -0.145161
v 0.338710 0.016129 -0.125672
v 0.334129 0.016129 0.145161
v 0.338710 0.001139 0.145161
v 0.338710 0.016129 0.131677
v 0.324651 0.016129 0.177419
v 0.318002 0.016129 0.209677
v 0.312765 0.048387 -0.241935
v 0.320746 0.048387 -0.209677
v 0.324205 0.048387 -0.177419
v 0.328215 0.048387 -0.145161
v 0.338710 0.024160 -0.112903
v 0.332379 0.048387 -0.112903
v 0.335057 0.048387 -0.080645
v 0.338710 0.037980 -0.080645
v 0.338538 0.048387 -0.048387
v 0.338710 0.047968 -0.048387
v 0.337683 0.048387 -0.016129
v 0.338710 0.046317 -0.016129
v 0.338473 0.048387 0.016129
v 0.338710 0.047921 0.016129
v 0.336891 0.048387 0.048387
v 0.338710 0.044978 0.048387
v 0.335382 0.048387 0.080645
v 0.338710 0.041617 0.080645
v 0.330530 0.048387 0.112903
v 0.338710 0.029761 0.112903
v 0.325468 0.048387 0.145161
v 0.319805 0.048387 0.177419
v 0.313385 0.048387 0.209677
v 0.308629 0.080645 -0.241935
v 0.315674 0.080645 -0.209677
v 0.318982 0.080645 -0.177419
v 0.322245 0.080645 -0.145161
v 0.324187 0.080645 -0.112903
v 0.325067 0.080645 -0.080645
v 0.325110 0.080645 -0.048387
v 0.323665 0.080645 -0.016129
v 0.322422 0.080645 0.016129
v 0.321844 0.080645 0.048387
v 0.320997 0.080645 0.080645
v 0.319966 0.080645 0.112903
v 0.317414 0.080645 0.145161
v 0.312502 0.080645 0.177419
v 0.311614 0.112903 -0.209677
v 0.314245 0.112903 -0.177419
v 0.317123 0.112903 -0.145161
v 0.318194 0.112903 -0.112903
v 0.317608 0.112903 -0.080645
v 0.315379 0.112903 -0.048387
v 0.311277 0.112903 -0.016129
v 0.307967 0.112903 0.016129
v 0.309645 0.145161 -0.209677
v 0.311895 0.145161 -0.177419
v 0.313930 0.145161 -0.145161
v 0.313955 0.145161 -0.112903
v 0.310651 0.145161 -0.080645
v 0.308987 0.177419 -0.209677
v 0.309369 0.177419 -0.177419
v 0.310142 0.177419 -0.145161
v 0.307419 0.177419 -0.112903
v 0.339519 -0.177419 0.112903
v 0.346060 -0.145161 -0.016129
v 0.353732 -0.145161 0.016129
v 0.359405 -0.145161 0.048387
v 0.358649 -0.145161 0.080645
v 0.354764 -0.145161 0.112903
v 0.348491 -0.145161 0.145161
v 0.341833 -0.145161 0.177419
v 0.344756 -0.112903 -0.080645
v 0.354362 -0.112903 -0.048387
v 0.362842 -0.112903 -0.016129
v 0.368068 -0.112903 0.016129
v 0.370968 -0.112903 0.040245
v 0.370968 -0.115367 0.048387
v 0.370968 -0.112903 0.055745
v 0.367983 -0.112903 0.080645
v 0.360530 -0.112903 0.112903
v 0.352295 -0.112903 0.145161
v 0.343295 -0.112903 0.177419
v 0.344828 -0.080645 -0.112903
v 0.352881 -0.080645 -0.080645
v 0.360783 -0.080645 -0.048387
v 0.369030 -0.080645 -0.016129
v 0.370968 -0.080645 -0.000466
v 0.370968 -0.094437 0.016129
v 0.369967 -0.080645 0.080645
v 0.370968 -0.080645 0.074890
v 0.361753 -0.080645 0.112903
v 0.352600 -0.080645 0.145161
v 0.341675 -0.080645 0.177419
v 0.338924 -0.048387 -0.145161
v 0.346037 -0.048387 -0.112903
v 0.353148 -0.048387 -0.080645
v 0.358973 -0.048387 -0.048387
v 0.364847 -0.048387 -0.016129
v 0.370968 -0.069710 0.016129
v 0.367430 -0.048387 0.016129
v 0.369557 -0.048387 0.048387
v 0.370968 -0.055979 0.048387
v 0.364593 -0.048387 0.080645
v 0.358071 -0.048387 0.112903
v 0.349336 -0.048387 0.145161
v 0.345692 -0.016129 -0.112903
v 0.351160 -0.016129 -0.080645
v 0.355793 -0.016129 -0.048387
v 0.359081 -0.016129 -0.016129
v 0.360720 -0.016129 0.016129
v 0.361413 -0.016129 0.048387
v 0.358277 -0.016129 0.080645
v 0.352640 -0.016129 0.112903
v 0.344010 -0.016129 0.145161
v 0.341030 0.016129 -0.112903
v 0.346146 0.016129 -0.080645
v 0.349536 0.016129 -0.048387
v 0.351259 0.016129 -0.016129
v 0.351736 0.016129 0.016129
v 0.351920 0.016129 0.048387
v 0.349693 0.016129 0.080645
v 0.345118 0.016129 0.112903
v 0.371772 -0.112903 0.048387
v 0.372687 -0.080645 0.016129
v 0.374948 -0.080645 0.048387
vn -0.971981 -0.191067 -0.136920
vn -0.956821 -0.218974 -0.191164
vn -0.862737 -0.474851 -0.173782
vn -0.881059 -0.453681 -0.133826
vn -0.968053 -0.227038 -0.106431
vn -0.890662 -0.446729 -0.084581
vn -0.969222 -0.238317 -0.061756
vn -0.899068 -0.437553 -0.014971
vn -0.968245 -0.249854 -0.008666
vn -0.884836 -0.463982 0.042264
vn -0.965371 -0.257794 0.040026
vn -0.854788 -0.504115 0.123308
vn -0.958801 -0.257712 0.119520
vn -0.753352 -0.570062 0.327858
vn -0.937437 -0.224798 0.265851
vn -0.768848 -0.417351 0.484448
vn -0.981920 -0.106625 -0.156409
vn -0.979121 -0.104473 -0.174378
vn -0.961880 -0.193382 -0.193364
vn -0.986167 -0.094367 -0.136267
vn -0.989762 -0.102357 -0.099472
vn -0.994008 -0.086786 -0.066455
vn -0.996374 -0.082567 -0.020531
vn -0.996429 -0.083028 0.015373
vn -0.991534 -0.099882 0.082973
vn -0.961608 -0.123949 0.244839
vn -0.874484 -0.190715 0.445989
vn -0.987876 -0.055929 -0.144820
vn -0.984782 -0.071432 -0.158433
vn -0.989989 -0.051180 -0.131543
vn -0.994384 -0.042768 -0.096805
vn -0.997758 -0.037342 -0.055541
vn -0.999265 -0.032051 -0.021005
vn -0.999392 -0.031070 0.015834
vn -0.997055 -0.030792 0.070237
vn -0.969725 -0.030744 0.242254
vn -0.922709 -0.048838 0.382390
vn -0.990812 -0.016048 -0.134294
vn -0.996869 -0.014186 -0.077787
vn -0.993005 -0.061881 -0.100557
vn -0.990396 -0.007522 -0.138058
vn -0.991902 -0.011809 -0.126455
vn -0.995916 -0.008876 -0.089848
vn -0.998769 -0.003552 -0.049484
vn -0.999854 0.000194 -0.017062
vn -0.999811 0.004456 0.018944
vn -0.997299 0.011431 0.072555
vn -0.969018 0.016442 0.246442
vn -0.923650 0.022479 0.382577
vn -0.991062 0.056731 -0.120740
vn -0.996309 0.061897 -0.059483
vn -0.987687 0.059034 -0.144879
vn -0.991043 0.043598 -0.126225
vn -0.995217 0.041742 -0.088327
vn -0.998030 0.041149 -0.047365
vn -0.998996 0.041766 -0.016225
vn -0.998955 0.039736 0.022592
vn -0.995726 0.042939 0.081766
vn -0.968487 0.049996 0.243994
vn -0.909342 0.056821 0.412151
vn -0.986061 0.119031 -0.116254
vn -0.979157 0.129504 -0.156461
vn -0.975034 0.176777 -0.134378
vn -0.976653 0.148623 -0.155114
vn -0.989594 0.107273 -0.095901
vn -0.994341 0.093064 -0.051240
vn -0.996179 0.085859 -0.015993
vn -0.996211 0.084998 0.018419
vn -0.992931 0.082028 0.085785
vn -0.969469 0.082594 0.230886
vn -0.896896 0.087091 0.433581
vn -0.959381 0.227115 -0.167352
vn -0.954611 0.230798 -0.188284
vn -0.979437 0.147552 -0.137592
vn -0.971361 0.127694 -0.200380
vn -0.991175 0.113969 -0.067704
vn -0.994807 0.097921 -0.027744
vn -0.996338 0.084042 0.015752
vn -0.992973 0.080498 0.086743
vn -0.974124 0.086585 0.208772
vn -0.896689 0.089148 0.433591
vn -0.980110 0.123251 -0.155546
vn -0.971848 0.129269 -0.196978
vn -0.990619 0.104183 -0.088435
vn -0.995281 0.085661 -0.045577
vn -0.997529 0.069873 0.007351
vn -0.994757 0.064036 0.079740
vn -0.980736 0.053858 0.187765
vn -0.906381 0.043730 0.420192
vn -0.976989 0.136040 -0.164274
vn -0.991294 0.080061 -0.104529
vn -0.987114 0.057146 -0.149467
vn -0.995773 0.063315 -0.066537
vn -0.999334 0.035417 -0.008740
vn -0.997599 0.013747 0.067882
vn -0.986394 0.006266 0.164278
vn -0.919514 -0.011588 0.392888
vn -0.993657 0.050864 -0.100296
vn -0.988426 0.055673 -0.141119
vn -0.995597 0.041860 -0.083865
vn -0.998879 0.015134 -0.044859
vn -0.998998 -0.035440 0.027346
vn -0.983479 -0.090927 0.156527
vn -0.923785 -0.131124 0.359761
vn -0.991282 0.074078 -0.108965
vn -0.992421 0.053429 -0.110665
vn -0.991947 0.074873 -0.102157
vn -0.996084 0.010313 -0.087805
vn -0.998451 -0.044041 -0.033994
vn -0.987372 -0.124492 0.097975
vn -0.940895 -0.168948 0.293552
vn -0.987271 0.071107 -0.142264
vn -0.988603 0.041232 -0.144786
vn -0.969875 0.114452 -0.215041
vn -0.994983 -0.024579 -0.096978
vn -0.995400 -0.095781 -0.002293
vn -0.924898 -0.262449 0.275108
vn -0.957624 -0.213454 0.193374
vn -0.889577 -0.289615 0.353236
vn -0.974474 0.113962 -0.193425
vn -0.940057 0.213512 -0.265905
vn -0.983625 0.067222 -0.167223
vn -0.996762 -0.008898 -0.079917
vn -0.993883 -0.088467 0.066106
vn -0.854832 -0.334861 0.396397
vn -0.934248 -0.186225 0.304141
vn -0.779817 -0.291794 0.553843
vn -0.923295 0.251239 -0.290527
vn -0.948522 0.215500 -0.232092
vn -0.866535 0.395850 -0.304005
vn -0.972801 0.172075 -0.155073
vn -0.994393 0.105691 -0.003541
vn -0.972060 0.040383 0.231234
vn -0.877176 -0.069011 0.475184
vn -0.818424 0.453795 -0.352494
vn -0.922074 0.322939 -0.213283
vn -0.716934 0.595212 -0.362945
vn -0.945310 0.318187 -0.071734
vn -0.949683 0.294001 0.108006
vn -0.795582 0.427824 0.428970
vn -0.647332 0.721151 -0.246784
vn -0.690611 0.715863 -0.102940
vn -0.706158 0.671500 0.224562
vn -0.843073 -0.517254 -0.147228
vn -0.823572 -0.543407 -0.162597
vn -0.336528 -0.932750 -0.129333
vn -0.374409 -0.920165 -0.114515
vn -0.794366 -0.592293 -0.134801
vn -0.393942 -0.912843 -0.107368
vn -0.786380 -0.601156 -0.142189
vn -0.415073 -0.906149 -0.081295
vn -0.699984 -0.707918 -0.094207
vn -0.426881 -0.903527 -0.037567
vn -0.642667 -0.764804 -0.045325
vn -0.417813 -0.908338 0.018817
vn -0.625557 -0.780047 0.014307
vn -0.391677 -0.916978 0.075764
vn -0.641146 -0.763621 0.076253
vn -0.363056 -0.919135 0.152909
vn -0.674368 -0.716690 0.177715
vn -0.368250 -0.890848 0.266049
vn -0.680303 -0.661165 0.316304
vn -0.401883 -0.764889 0.503424
vn -0.913573 -0.307912 -0.265660
vn -0.736064 -0.333723 -0.588930
vn -0.589989 -0.665138 -0.457717
vn -0.685778 -0.659080 -0.308741
vn -0.918606 -0.335132 -0.209401
vn -0.795040 -0.570028 -0.207313
vn -0.926427 -0.340344 -0.160932
vn -0.934186 -0.323173 -0.151177
vn -0.913117 -0.372104 -0.166603
vn -0.510611 -0.643206 0.570581
vn -0.715893 -0.337604 0.611163
vn -0.346701 -0.483927 0.803501
vn -0.934050 -0.190580 -0.302042
vn -0.829989 -0.222839 -0.511332
vn -0.962131 -0.175890 -0.208247
vn -0.976297 -0.156383 -0.149630
vn -0.975038 -0.158077 -0.155925
vn -0.712189 -0.156878 0.684234
vn -0.531974 -0.255852 0.807182
vn -0.933046 -0.167865 -0.318192
vn -0.876909 -0.208992 -0.432843
vn -0.976328 -0.124443 -0.176911
vn -0.983662 -0.104635 -0.146497
vn -0.985592 -0.099731 -0.136611
vn -0.719778 -0.035226 0.693310
vn -0.661398 -0.105046 0.742642
vn -0.900873 -0.183234 -0.393514
vn -0.727906 -0.236705 -0.643525
vn -0.791987 -0.220168 -0.569458
vn -0.964545 -0.126776 -0.231474
vn -0.985210 -0.095215 -0.142459
vn -0.989508 -0.074936 -0.123524
vn -0.752159 0.031335 0.658236
vn -0.699953 -0.029756 0.713569
vn -0.724720 0.003512 0.689034
vn -0.395030 -0.032986 0.918076
vn -0.916595 -0.092847 -0.388888
vn -0.814995 -0.122090 -0.566460
vn -0.977205 -0.055873 -0.204813
vn -0.995769 -0.003975 -0.091809
vn -0.996282 0.037113 -0.077750
vn -0.787836 0.068239 0.612093
vn -0.752288 0.045403 0.657268
vn -0.432385 -0.013796 0.901583
vn -0.930943 0.045727 -0.362289
vn -0.857593 0.046647 -0.512209
vn -0.983727 0.097126 -0.151152
vn -0.989337 0.134011 -0.057031
vn -0.987348 0.152502 -0.043437
vn -0.981219 0.170594 -0.090039
vn -0.799410 0.071807 0.596479
vn -0.759521 0.052240 0.648382
vn -0.509098 0.046810 0.859435
vn -0.936423 0.133142 -0.324632
vn -0.856954 0.103621 -0.504869
vn -0.981052 0.155380 -0.115729
vn -0.984492 0.170804 -0.040009
vn -0.984985 0.167690 -0.041043
vn -0.983453 0.162220 -0.080659
vn -0.973886 0.171218 -0.149097
vn -0.970693 0.168004 -0.171842
vn -0.843410 0.039111 0.535845
vn -0.761819 0.032878 0.646955
vn -0.953107 0.122952 -0.276531
vn -0.879120 0.098388 -0.466334
vn -0.983540 0.142958 -0.110504
vn -0.989789 0.135714 -0.043587
vn -0.990936 0.120771 -0.058823
vn -0.991217 0.099597 -0.087003
vn -0.985306 0.096868 -0.140670
vn -0.977765 0.112828 -0.176762
vn -0.869117 0.005435 0.494577
vn -0.788693 -0.023150 0.614352
vn -0.964171 0.117066 -0.238053
vn -0.884442 0.123235 -0.450084
vn -0.987916 0.110962 -0.108209
vn -0.992981 0.101825 -0.060162
vn -0.993700 0.081080 -0.077371
vn -0.992298 0.060951 -0.107842
vn -0.989261 0.044333 -0.139273
vn -0.987155 0.046810 -0.152753
vn -0.983285 0.079013 -0.164035
vn -0.890301 -0.080289 0.448238
vn -0.799978 -0.063140 0.596698
vn -0.822666 -0.108626 0.558051
vn -0.568949 -0.118304 0.813819
vn -0.962127 0.131361 -0.238862
vn -0.982862 0.138203 -0.121993
vn -0.969062 0.157170 -0.190306
vn -0.989323 0.116791 -0.087177
vn -0.991854 0.078384 -0.100406
vn -0.990093 0.053063 -0.130002
vn -0.988497 0.034383 -0.147280
vn -0.988247 0.035462 -0.148695
vn -0.989755 0.039537 -0.137196
vn -0.894294 -0.167951 0.414766
vn -0.826315 -0.169451 0.537112
vn -0.600009 -0.202499 0.773940
vn -0.979084 0.162673 -0.122198
vn -0.952251 0.241145 -0.187263
vn -0.974970 0.190738 -0.114248
vn -0.976694 0.154354 -0.149146
vn -0.982485 0.100453 -0.156949
vn -0.984580 0.070815 -0.159961
vn -0.987812 0.064005 -0.141885
vn -0.989411 0.074141 -0.124779
vn -0.988692 0.083439 -0.124605
vn -0.855725 -0.281144 0.434388
vn -0.803997 -0.270890 0.529347
vn -0.641412 -0.259605 0.721938
vn -0.950133 0.299114 -0.088190
vn -0.952040 0.274096 -0.135981
vn -0.954826 0.226323 -0.192576
vn -0.892727 0.403633 -0.200297
vn -0.952454 0.223921 -0.206619
vn -0.966652 0.172276 -0.189485
vn -0.979196 0.142677 -0.144288
vn -0.983744 0.136039 -0.117225
vn -0.983154 0.137853 -0.120024
vn -0.983569 0.127306 -0.128002
vn -0.770915 -0.340650 0.538189
vn -0.631587 -0.384809 0.673068
vn -0.703260 -0.332059 0.628619
vn -0.481543 -0.317372 0.816940
vn -0.857783 0.440889 -0.264243
vn -0.876612 0.390624 -0.281005
vn -0.921132 0.310084 -0.235296
vn -0.830422 0.444110 -0.336401
vn -0.934164 0.306770 -0.182291
vn -0.958090 0.258740 -0.122955
vn -0.961964 0.240340 -0.129854
vn -0.956591 0.219165 -0.192096
vn -0.682134 -0.283975 0.673834
vn -0.487554 -0.274316 0.828879
vn -0.772071 0.543908 -0.328741
vn -0.884447 0.409409 -0.223913
vn -0.906779 0.391032 -0.157627
vn -0.626988 0.738498 -0.248004
vn -0.902980 0.408433 -0.133450
vn -0.878183 0.432528 -0.204240
vn -0.869517 0.407326 -0.279332
vn -0.667049 0.042755 0.743786
vn -0.518585 -0.046131 0.853781
vn -0.603151 0.777689 -0.177222
vn -0.625061 0.760311 -0.176712
vn -0.718805 0.649801 -0.247141
vn -0.787553 0.551681 -0.274605
vn -0.465610 0.832730 -0.299615
vn -0.746951 0.583534 -0.318673
vn -0.668629 0.366275 0.647130
vn -0.459929 0.381599 0.801778
vn -0.373672 0.890009 -0.261254
vn -0.454647 0.830951 -0.320651
vn -0.476004 0.832613 -0.283152
vn -0.605418 0.785324 -0.129363
vn -0.253251 0.939231 -0.231752
vn -0.625537 0.777425 0.065677
vn -0.537599 0.740303 0.403657
vn -0.483642 0.662568 0.571921
vn -0.224230 0.968760 -0.105946
vn -0.229442 0.960824 0.155476
vn -0.450034 -0.863496 -0.227691
vn -0.237080 -0.924000 -0.300028
vn -0.010805 -0.981951 -0.188826
vn -0.147059 -0.979488 -0.137759
vn -0.342746 -0.925664 -0.160221
vn -0.078994 -0.989409 -0.121782
vn -0.113384 -0.987448 -0.109954
vn -0.099727 -0.989716 -0.102547
vn -0.086267 -0.992566 -0.085853
vn -0.078330 -0.996093 -0.040780
vn -0.073916 -0.996400 0.041508
vn -0.053060 -0.992478 0.110323
vn -0.023117 -0.983787 0.177847
vn -0.055664 -0.945928 0.319565
vn 0.057746 -0.871957 0.486164
vn -0.663564 -0.394043 -0.635934
vn -0.313673 -0.406023 -0.858344
vn -0.206595 -0.770535 -0.602989
vn -0.324849 -0.803802 -0.498373
vn -0.098230 -0.683366 0.723438
vn -0.054549 -0.546713 0.835541
vn -0.667141 -0.309217 -0.677723
vn -0.367575 -0.339660 -0.865748
vn -0.155534 -0.422867 0.892744
vn -0.361862 -0.205349 0.909334
vn -0.079827 -0.273458 0.958566
vn -0.641421 -0.259743 -0.721882
vn -0.468999 -0.304081 -0.829201
vn -0.366845 -0.089158 0.926000
vn -0.228561 -0.137072 0.963831
vn -0.613312 -0.281098 -0.738127
vn -0.327875 -0.253055 -0.910199
vn -0.321902 -0.299640 -0.898107
vn -0.279820 -0.059234 0.958223
vn -0.580902 -0.196975 -0.789781
vn -0.374285 -0.167857 -0.911995
vn -0.317633 -0.057663 0.946459
vn -0.545751 -0.041913 -0.836898
vn -0.412910 -0.039139 -0.909931
vn -0.526734 0.031896 0.849431
vn -0.394898 -0.020117 0.918505
vn -0.599327 0.062366 -0.798071
vn -0.455109 0.010764 -0.890371
vn -0.565206 -0.014659 0.824820
vn -0.463432 -0.038315 0.885304
vn -0.685967 0.050123 -0.725905
vn -0.498004 -0.002290 -0.867172
vn -0.572869 -0.050694 0.818078
vn -0.524117 -0.073679 0.848453
vn -0.797839 0.058495 -0.600026
vn -0.553095 -0.040166 -0.832149
vn -0.558931 -0.164090 0.812816
vn -0.849271 0.055088 -0.525076
vn -0.638227 -0.003391 -0.769841
vn -0.918646 0.101404 -0.381846
vn -0.573432 -0.224491 0.787895
vn -0.594913 -0.228672 0.770576
vn -0.437136 -0.198697 0.877172
vn -0.867930 0.167792 -0.467487
vn -0.680445 0.116409 -0.723494
vn -0.943942 0.215824 -0.249786
vn -0.590325 -0.322181 0.740078
vn -0.413198 -0.255954 0.873931
vn -0.853271 0.280356 -0.439692
vn -0.682254 0.271006 -0.679033
vn -0.888405 0.412314 -0.201827
vn -0.890356 0.434110 -0.137167
vn -0.896094 0.417505 -0.150682
vn -0.381952 -0.296923 0.875185
vn -0.731798 0.525435 -0.434038
vn -0.819425 0.545721 -0.175305
vn -0.829605 0.543634 -0.127347
vn -0.591616 0.800747 -0.093787
vn -0.822346 0.547719 -0.154113
vn -0.800150 0.556695 -0.223273
vn -0.749610 0.585117 -0.309391
vn -0.384787 -0.270726 0.882409
vn -0.530574 0.841751 -0.099733
vn -0.523550 0.832940 -0.179182
vn -0.575429 0.773571 -0.265462
vn -0.614519 0.700903 -0.362079
vn -0.650004 0.673211 -0.352536
vn -0.407932 0.831668 -0.376723
vn -0.616468 0.733454 -0.286377
vn -0.405991 -0.227389 0.885136
vn -0.427090 0.012761 0.904119
vn -0.217074 0.035245 0.975519
vn -0.346296 0.887793 -0.303154
vn -0.408962 0.877159 -0.251678
vn -0.376106 0.908865 -0.180300
vn -0.517249 0.831998 -0.200579
vn -0.180770 0.968413 -0.171749
vn -0.466661 0.850849 -0.241420
vn -0.194745 0.212535 0.957551
vn -0.243336 0.503227 0.829186
vn -0.137844 0.977741 -0.158181
vn -0.176481 0.962034 -0.208194
vn -0.104116 0.971186 -0.214377
vn -0.096293 0.947967 -0.303458
vn -0.178786 0.933866 -0.309725
vn 0.036915 0.940730 -0.337141
vn -0.288310 0.858924 0.423234
vn -0.167534 0.648824 0.742267
vn -0.030779 0.971738 -0.234046
vn -0.008488 0.993989 -0.109148
vn -0.048980 0.992642 0.110742
vn -0.070959 0.956570 0.282736
vn 0.148304 -0.949683 -0.275876
vn 0.227260 -0.957078 -0.179874
vn 0.219739 -0.964802 -0.144471
vn 0.217826 -0.967622 -0.127513
vn 0.196099 -0.973879 -0.114478
vn 0.182565 -0.978450 -0.096466
vn 0.179578 -0.980761 -0.076543
vn 0.182859 -0.982701 -0.029364
vn 0.191614 -0.980203 0.049852
vn 0.206485 -0.969914 0.128959
vn 0.204529 -0.961197 0.185114
vn 0.227046 -0.920707 0.317408
vn 0.317052 -0.806904 0.498381
vn 0.031471 -0.497666 -0.866798
vn 0.221917 -0.810094 -0.542679
vn 0.251111 -0.858548 -0.447033
vn 0.270377 -0.732174 0.625154
vn 0.243041 -0.588418 0.771165
vn -0.055152 -0.426107 -0.902990
vn 0.121270 -0.462969 0.878040
vn 0.058825 -0.324614 0.944016
vn -0.266921 -0.384212 -0.883818
vn -0.145488 -0.303620 -0.941620
vn -0.002420 -0.457163 -0.889379
vn -0.051257 -0.190318 0.980384
vn -0.158444 -0.287313 -0.944641
vn -0.128654 -0.155300 0.979454
vn -0.237110 -0.223275 -0.945477
vn -0.263499 -0.148692 0.953131
vn -0.321571 -0.088152 -0.942773
vn -0.358172 -0.088936 0.929410
vn -0.388949 -0.033996 -0.920632
vn -0.434935 -0.135732 0.890173
vn -0.465847 -0.096073 0.879634
vn -0.342532 -0.118275 0.932032
vn -0.445454 -0.043799 -0.894233
vn -0.501444 -0.126544 0.855886
vn -0.349455 -0.132710 0.927507
vn -0.486393 -0.088098 -0.869287
vn -0.332318 -0.073256 -0.940318
vn -0.343248 -0.071840 -0.936493
vn -0.519633 -0.184746 0.834177
vn -0.364633 -0.139622 0.920624
vn -0.495510 -0.066926 -0.866020
vn -0.344311 -0.071533 -0.936127
vn -0.325799 -0.165983 0.930755
vn -0.538431 0.023021 -0.842355
vn -0.354087 0.002512 -0.935209
vn -0.306412 -0.237755 0.921729
vn -0.608662 0.224985 -0.760863
vn -0.398619 0.134752 -0.907163
vn -0.323191 -0.307126 0.895110
vn -0.632464 0.425934 -0.646969
vn -0.668812 0.596442 -0.443788
vn -0.614463 0.555939 -0.559792
vn -0.628752 0.757126 -0.177291
vn -0.296073 -0.267820 0.916850
vn -0.296573 -0.244521 0.923176
vn -0.195408 -0.170535 0.965781
vn -0.529574 0.801680 -0.277238
vn -0.498171 0.861791 -0.095617
vn -0.462856 0.884200 -0.062884
vn -0.440160 0.887334 -0.137469
vn -0.434773 0.861942 -0.260822
vn -0.353763 0.879837 -0.317394
vn -0.261059 0.924195 -0.278768
vn -0.086099 0.083729 0.992762
vn -0.179860 0.942887 -0.280382
vn -0.104312 0.957754 -0.268004
vn -0.117505 0.963674 -0.239844
vn -0.141689 0.971331 -0.190896
vn -0.004906 0.982436 -0.186536
vn -0.090718 0.694821 0.713438
vn -0.049411 0.283660 0.957651
vn -0.025701 0.992533 -0.119240
vn -0.007678 0.991363 -0.130921
vn 0.003393 0.986983 -0.160786
vn 0.036678 0.984347 -0.172379
vn 0.098306 0.969603 -0.224066
vn 0.126128 0.957560 -0.259172
vn 0.164108 0.944033 -0.286129
vn 0.186752 0.953077 -0.238259
vn 0.040971 0.737722 0.673861
vn -0.006161 0.705213 0.708969
vn 0.162760 0.976490 -0.141337
vn 0.138173 0.988480 0.061768
vn 0.111724 0.966880 0.229478
vn 0.433744 -0.875043 -0.214863
vn 0.437234 -0.884275 -0.163964
vn 0.401171 -0.904274 -0.146118
vn 0.405440 -0.900246 -0.158671
vn 0.396923 -0.908134 -0.133209
vn 0.398904 -0.911414 -0.100999
vn 0.406532 -0.910077 -0.080568
vn 0.402966 -0.914644 -0.032336
vn 0.391140 -0.919215 0.045323
vn 0.365897 -0.920349 0.138117
vn 0.348555 -0.910802 0.221247
vn 0.417050 -0.823599 0.384389
vn 0.513701 -0.785285 0.345598
vn 0.347115 -0.663364 -0.662918
vn 0.426747 -0.748702 -0.507279
vn 0.458298 -0.813602 -0.357793
vn 0.502734 -0.841158 -0.199279
vn 0.544638 -0.823677 -0.157876
vn 0.583234 -0.797869 -0.152456
vn 0.477793 -0.775432 0.412819
vn 0.419471 -0.743802 0.520387
vn 0.363828 -0.590154 0.720658
vn 0.223285 -0.539184 -0.812050
vn 0.423935 -0.707282 -0.565714
vn 0.246100 -0.490592 0.835915
vn 0.309896 -0.576744 0.755864
vn 0.003582 -0.367780 -0.929906
vn 0.160897 -0.584840 -0.795031
vn 0.197614 -0.464792 0.863086
vn 0.067225 -0.342814 0.936995
vn -0.088451 -0.388439 -0.917220
vn -0.102573 -0.318845 0.942240
vn -0.212254 -0.315430 -0.924907
vn -0.221774 -0.343194 0.912707
vn -0.337907 -0.160591 0.927378
vn -0.216063 -0.274338 0.937046
vn -0.313895 -0.138697 -0.939273
vn -0.255739 -0.132427 -0.957633
vn -0.259789 -0.228945 -0.938133
vn -0.373809 -0.143888 0.916277
vn -0.265389 -0.130848 0.955221
vn -0.325415 -0.044505 -0.944524
vn -0.263873 -0.055244 -0.962974
vn -0.253968 -0.108425 0.961116
vn -0.329692 -0.061451 -0.942087
vn -0.264207 -0.059545 -0.962626
vn -0.236466 -0.114270 0.964897
vn -0.255997 -0.071869 -0.964002
vn -0.239078 -0.132231 0.961955
vn -0.270772 -0.079413 -0.959362
vn -0.276106 -0.177426 0.944609
vn -0.308171 -0.029600 -0.950871
vn -0.296536 -0.242286 0.923777
vn -0.370760 0.049266 -0.927421
vn -0.242847 -0.257247 0.935334
vn -0.242479 -0.259662 0.934762
vn -0.163417 -0.194459 0.967202
vn -0.523210 0.531263 -0.666341
vn -0.418554 0.316478 -0.851266
vn -0.046931 -0.054076 0.997433
vn -0.531750 0.685642 -0.497128
vn -0.526657 0.810411 -0.256645
vn -0.583871 0.727076 -0.361186
vn -0.484524 0.871255 -0.078426
vn -0.422930 0.905495 -0.034773
vn -0.356933 0.930356 -0.083882
vn -0.276218 0.948145 -0.157239
vn 0.029806 0.172444 0.984568
vn -0.400010 0.913431 -0.075075
vn -0.346241 0.938143 -0.002159
vn -0.288558 0.957428 0.008134
vn -0.232765 0.971301 -0.048942
vn -0.158253 0.975552 -0.152494
vn -0.078905 0.976680 -0.199675
vn -0.026751 0.971359 -0.236106
vn 0.017428 0.979585 -0.200275
vn 0.042641 0.983354 -0.176628
vn 0.063524 0.343766 0.936904
vn 0.051079 0.993102 -0.105544
vn 0.056038 0.991401 -0.118253
vn 0.061799 0.987815 -0.142835
vn 0.072323 0.986449 -0.147271
vn 0.094095 0.983200 -0.156412
vn 0.171275 0.963000 -0.208075
vn 0.213527 0.967634 -0.134500
vn 0.236007 0.956203 -0.173139
vn 0.237630 0.969769 -0.055504
vn 0.161499 0.849310 0.502583
vn 0.170178 0.873146 0.456788
vn 0.184059 0.966656 0.178040
vn 0.132572 0.771065 0.622803
vn 0.216628 0.975286 0.043472
vn 0.592772 -0.794069 -0.134443
vn 0.595327 -0.796633 -0.104695
vn 0.590763 -0.802298 -0.085542
vn 0.574905 -0.816531 -0.052558
vn 0.560188 -0.828018 0.024006
vn 0.557286 -0.820291 0.128665
vn 0.557143 -0.804718 0.204992
vn 0.556156 -0.745617 -0.367078
vn 0.575522 -0.788068 -0.218455
vn 0.587194 -0.792918 -0.162739
vn 0.572770 -0.806819 -0.144835
vn 0.593360 -0.792287 -0.142143
vn 0.621629 -0.774685 -0.115935
vn 0.650083 -0.753934 -0.094744
vn 0.647109 -0.756723 -0.092843
vn 0.626243 -0.777214 -0.061301
vn 0.599791 -0.798602 0.049857
vn 0.577837 -0.804654 0.136518
vn 0.546850 -0.789773 0.277873
vn 0.519418 -0.761805 0.387115
vn 0.514181 -0.715024 0.473666
vn 0.481057 -0.746902 0.459045
vn 0.229533 -0.675060 -0.701148
vn 0.408352 -0.812426 -0.416189
vn 0.473769 -0.817627 -0.327154
vn 0.529234 -0.831891 -0.166939
vn 0.424489 -0.755366 0.499231
vn 0.287191 -0.685112 0.669435
vn -0.007422 -0.499971 -0.866010
vn 0.121719 -0.688062 -0.715371
vn 0.158950 -0.604713 0.780421
vn 0.032400 -0.466047 0.884166
vn -0.114940 -0.489183 -0.864575
vn -0.073318 -0.485541 0.871134
vn -0.228500 -0.462312 -0.856771
vn -0.203962 -0.270609 -0.940835
vn -0.163445 -0.502658 -0.848894
vn -0.147943 -0.411319 0.899405
vn -0.162052 -0.274588 0.947808
vn -0.189304 -0.124388 -0.974008
vn -0.166935 -0.126325 0.977842
vn -0.193532 -0.059359 -0.979297
vn -0.181099 -0.111648 0.977107
vn -0.200120 -0.056530 -0.978139
vn -0.217423 -0.136141 0.966537
vn -0.229818 -0.099039 -0.968181
vn -0.254928 -0.167459 0.952349
vn -0.282586 -0.119167 -0.951811
vn -0.278508 -0.200918 0.939183
vn -0.259969 -0.175104 0.949608
vn -0.205283 -0.144614 0.967960
vn -0.339232 -0.090764 -0.936314
vn -0.215264 -0.206094 0.954561
vn -0.149439 -0.142858 0.978396
vn -0.398326 0.099814 -0.911797
vn -0.039057 -0.080390 0.995998
vn -0.416601 0.314018 -0.853133
vn 0.050019 0.030227 0.998291
vn -0.551621 0.651347 -0.521020
vn -0.400535 0.538817 -0.741113
vn 0.125942 0.228288 0.965413
vn -0.393194 0.886124 -0.245322
vn -0.343033 0.937998 -0.049885
vn -0.307560 0.950747 0.038550
vn -0.254635 0.965846 0.047977
vn -0.214084 0.976677 0.016462
vn -0.162134 0.985160 -0.056317
vn -0.097201 0.985727 -0.137458
vn -0.039595 0.982508 -0.181964
vn 0.001388 0.986390 -0.164417
vn 0.069528 0.993859 -0.086077
vn 0.034386 0.990615 -0.132289
vn 0.006432 0.995487 -0.094677
vn 0.184531 0.460259 0.868395
vn 0.207715 0.474541 0.855374
vn 0.192448 0.714329 0.672828
vn 0.026686 0.992467 -0.119572
vn 0.028658 0.989594 -0.141003
vn 0.033944 0.990025 -0.136739
vn 0.053395 0.990031 -0.130335
vn 0.086369 0.987432 -0.132355
vn 0.157533 0.981787 -0.106195
vn 0.238392 0.965778 0.102185
vn 0.210937 0.973997 0.082676
vn 0.197352 0.858716 0.472926
vn 0.574955 -0.805445 -0.143822
vn 0.611714 -0.784299 -0.103349
vn 0.643380 -0.759893 -0.092868
vn 0.664365 -0.742381 -0.086538
vn 0.667857 -0.737270 -0.101982
vn 0.651988 -0.751647 -0.099697
vn 0.642829 -0.759932 -0.096303
vn 0.601051 -0.798731 0.027698
vn 0.575028 -0.809446 0.118906
vn 0.579784 -0.811966 0.067539
vn 0.554872 -0.802288 0.220115
vn 0.509070 -0.805703 0.302805
vn 0.326060 -0.862140 -0.387813
vn 0.343189 -0.866921 -0.361483
vn 0.414965 -0.867554 -0.274143
vn 0.477664 -0.868026 -0.135532
vn 0.558935 -0.824263 -0.090457
vn 0.611987 -0.787836 -0.069182
vn 0.638974 -0.765907 -0.071407
vn 0.644123 -0.760322 -0.083761
vn 0.627374 -0.766707 -0.136246
vn 0.587952 -0.800277 -0.117766
vn 0.473772 -0.878036 0.067764
vn 0.413722 -0.879761 0.234211
vn 0.377627 -0.851566 0.363638
vn 0.313467 -0.837225 0.448099
vn 0.223630 -0.795226 0.563565
vn 0.069267 -0.638673 -0.766354
vn 0.135865 -0.756757 -0.639421
vn 0.226643 -0.865769 -0.446180
vn 0.131359 -0.777845 0.614575
vn -0.036908 -0.594296 0.803399
vn -0.070906 -0.589723 -0.804487
vn -0.015695 -0.682457 -0.730757
vn -0.125451 -0.575237 0.808309
vn -0.139466 -0.442019 0.886097
vn -0.122894 -0.429475 0.894678
vn -0.147805 -0.316348 -0.937058
vn -0.128409 -0.529791 -0.838351
vn -0.126068 -0.288017 0.949291
vn -0.167744 -0.135837 -0.976427
vn -0.139736 -0.144671 0.979563
vn -0.212270 -0.082614 -0.973713
vn -0.170663 -0.149288 0.973954
vn -0.257689 -0.092975 -0.961744
vn -0.208467 -0.176924 0.961894
vn -0.286937 -0.146075 -0.946747
vn -0.235746 -0.165469 0.957624
vn -0.262978 -0.187978 0.946312
vn -0.152580 -0.140972 0.978185
vn -0.310595 -0.162245 -0.936593
vn -0.305466 -0.152551 -0.939903
vn -0.335803 -0.188644 -0.922849
vn -0.100984 -0.085208 0.991233
vn -0.347190 -0.126082 -0.929281
vn -0.276551 -0.104877 -0.955259
vn -0.025908 -0.051011 0.998362
vn -0.334060 -0.024875 -0.942223
vn -0.266111 0.003726 -0.963935
vn 0.045932 0.004845 0.998933
vn -0.368526 0.176346 -0.912738
vn -0.284258 0.157541 -0.945716
vn 0.127184 0.116060 0.985066
vn -0.403480 0.336695 -0.850788
vn -0.396521 0.555760 -0.730685
vn 0.188445 0.254864 0.948437
vn -0.398060 0.814397 -0.422262
vn -0.361599 0.931966 -0.026178
vn -0.303399 0.947510 0.100868
vn -0.243667 0.964743 0.099489
vn -0.197489 0.979031 0.049966
vn -0.164262 0.986394 -0.006722
vn -0.124733 0.987959 -0.091539
vn -0.091623 0.985903 -0.140000
vn -0.056464 0.987938 -0.144188
vn -0.042946 0.991856 -0.119907
vn -0.063273 0.990740 -0.120125
vn 0.257320 0.510353 0.820565
vn 0.239339 0.626515 0.741752
vn -0.064318 0.991011 -0.117304
vn -0.050086 0.989986 -0.131980
vn -0.032262 0.992101 -0.121225
vn -0.008499 0.994672 -0.102742
vn 0.030320 0.995601 -0.088658
vn 0.086382 0.995539 -0.037957
vn 0.159444 0.978431 0.131342
vn 0.209750 0.914726 0.345371
vn 0.578678 -0.815004 -0.030005
vn 0.362411 -0.900108 -0.241794
vn 0.420604 -0.902481 -0.092844
vn 0.496096 -0.867925 -0.024374
vn 0.547755 -0.835926 -0.034522
vn 0.597027 -0.800825 -0.047314
vn 0.619726 -0.781695 -0.069952
vn 0.629154 -0.770518 -0.102309
vn 0.608636 -0.768866 -0.195978
vn 0.567406 -0.808279 -0.157275
vn 0.500997 -0.861811 -0.079265
vn 0.391354 -0.920181 -0.010422
vn 0.355419 -0.923661 0.143275
vn 0.293414 -0.915147 0.276433
vn 0.245705 -0.905211 0.346730
vn 0.220331 -0.915580 0.336404
vn 0.083728 -0.836391 -0.541701
vn 0.141171 -0.934006 -0.328183
vn 0.257077 -0.953224 -0.158979
vn 0.314877 -0.949071 -0.010817
vn 0.353020 -0.935556 0.010622
vn 0.386947 -0.922102 0.000166
vn 0.410648 -0.911353 -0.028340
vn 0.419441 -0.904963 -0.071495
vn 0.414733 -0.900369 -0.131650
vn 0.116984 -0.907562 0.403295
vn 0.024192 -0.841039 0.540434
vn -0.012042 -0.690769 0.722975
vn -0.063951 -0.682002 -0.728549
vn 0.004629 -0.756077 -0.654467
vn -0.059587 -0.626889 0.776826
vn -0.094998 -0.442195 0.891874
vn -0.111184 -0.389480 -0.914300
vn -0.087865 -0.516022 -0.852057
vn -0.084430 -0.283539 0.955237
vn -0.169791 -0.191249 -0.966745
vn -0.094928 -0.163831 0.981911
vn -0.237140 -0.126665 -0.963183
vn -0.112379 -0.174063 0.978301
vn -0.318920 -0.131909 -0.938558
vn -0.227638 -0.138947 -0.963781
vn -0.216678 -0.138807 -0.966325
vn -0.114152 -0.185764 0.975941
vn -0.142260 -0.174186 0.974383
vn -0.086642 -0.150635 0.984785
vn -0.330689 -0.141958 -0.933002
vn -0.231577 -0.140186 -0.962663
vn -0.048862 -0.091691 0.994588
vn -0.193711 -0.114496 -0.974355
vn 0.002683 -0.024005 0.999708
vn -0.165795 -0.081362 -0.982798
vn 0.044580 0.005255 0.998992
vn -0.181866 -0.011823 -0.983252
vn 0.109138 0.079092 0.990875
vn -0.193768 0.101715 -0.975760
vn 0.183206 0.189985 0.964542
vn -0.386814 0.530561 -0.754241
vn -0.230748 0.303383 -0.924507
vn 0.277520 0.320693 0.905615
vn 0.261492 0.304270 0.915992
vn 0.260579 0.446941 0.855770
vn -0.353213 0.675126 -0.647646
vn -0.434893 0.831873 -0.344754
vn -0.281670 0.796470 -0.535068
vn -0.408654 0.912677 -0.004694
vn -0.379277 0.916940 0.123980
vn -0.362031 0.911834 0.193632
vn -0.302044 0.941094 0.152026
vn -0.252818 0.962498 0.098390
vn -0.208796 0.977447 0.031643
vn -0.169924 0.983718 -0.058517
vn -0.145775 0.982451 -0.116360
vn -0.121762 0.985053 -0.121836
vn -0.098041 0.987369 -0.124458
vn -0.137957 0.982621 -0.124196
vn 0.251621 0.593689 0.764343
vn -0.279547 0.954008 -0.108265
vn -0.273472 0.960336 0.054479
vn -0.271905 0.952016 0.140473
vn -0.108451 0.989185 -0.098750
vn -0.090168 0.989778 -0.110494
vn -0.076534 0.989825 -0.119951
vn -0.060667 0.993337 -0.097989
vn -0.030018 0.997038 -0.070805
vn 0.008542 0.999083 -0.041956
vn 0.066934 0.997242 0.032071
vn 0.129577 0.975579 0.177355
vn 0.199356 0.911439 0.359910
vn 0.459464 -0.866711 -0.194176
vn 0.436912 -0.883100 -0.171005
vn 0.388122 -0.909202 -0.150711
vn 0.311244 -0.947909 -0.067794
vn 0.252129 -0.963887 0.085749
vn 0.218805 -0.948745 0.228051
vn 0.155762 -0.971667 0.177771
vn 0.077096 -0.877081 -0.474115
vn 0.102288 -0.956291 -0.273943
vn 0.139493 -0.985948 -0.091917
vn 0.185187 -0.982693 0.004465
vn 0.215799 -0.975169 0.049761
vn 0.252715 -0.967128 0.028247
vn 0.281172 -0.959639 0.005976
vn 0.303797 -0.951147 -0.055012
vn 0.301696 -0.946124 -0.117593
vn 0.301268 -0.937543 -0.173925
vn 0.229707 -0.955440 -0.185388
vn 0.074752 -0.975247 0.208100
vn 0.026882 -0.947471 0.318709
vn 0.014831 -0.878247 0.477978
vn -0.024376 -0.718808 0.694781
vn -0.067180 -0.714629 -0.696270
vn -0.025837 -0.519227 -0.854246
vn 0.031781 -0.771376 -0.635585
vn 0.055939 -0.806078 -0.589160
vn -0.037038 -0.672374 0.739284
vn -0.049927 -0.444121 0.894575
vn -0.054057 -0.384649 -0.921479
vn -0.040681 -0.279764 0.959207
vn -0.081440 -0.255770 -0.963301
vn -0.050299 -0.181337 0.982134
vn -0.186107 -0.171645 -0.967420
vn -0.130450 -0.152381 -0.979675
vn -0.078644 -0.196391 -0.977367
vn -0.042093 -0.170486 0.984461
vn -0.115632 -0.130637 -0.984664
vn -0.058993 -0.165966 0.984365
vn -0.012194 -0.119219 0.992793
vn -0.097131 -0.111474 -0.989009
vn 0.016338 -0.052357 0.998495
vn -0.089597 -0.094818 -0.991454
vn 0.040188 0.009621 0.999146
vn -0.101735 -0.095158 -0.990250
vn 0.091377 0.063491 0.993790
vn -0.131674 -0.041241 -0.990435
vn 0.156593 0.145814 0.976840
vn -0.150578 0.097289 -0.983799
vn 0.240351 0.257572 0.935889
vn 0.193617 0.252882 0.947926
vn 0.210219 0.293588 0.932531
vn -0.155901 0.324426 -0.932975
vn 0.216050 0.443369 0.869912
vn -0.220022 0.605138 -0.765113
vn -0.216311 0.846008 -0.487319
vn -0.305114 0.933296 0.189377
vn -0.294202 0.942277 0.159871
vn -0.275822 0.955129 0.107936
vn -0.232384 0.970350 0.066477
vn -0.196758 0.980306 -0.016900
vn -0.170331 0.979911 -0.103742
vn -0.154431 0.981688 -0.111529
vn -0.169017 0.980472 -0.100540
vn 0.274350 0.649859 0.708812
vn 0.225044 0.673537 0.704062
vn 0.241225 0.825287 0.510599
vn -0.180667 0.952250 -0.246127
vn -0.168865 0.985144 0.031239
vn -0.176600 0.978227 0.109014
vn -0.211772 0.965115 0.153968
vn -0.206974 0.970191 0.126063
vn -0.134138 0.987011 -0.088409
vn -0.112759 0.990222 -0.082130
vn -0.098342 0.990936 -0.091515
vn -0.077893 0.991573 -0.103517
vn -0.056806 0.995472 -0.076220
vn -0.030868 0.998886 -0.035690
vn 0.013590 0.999883 0.007051
vn 0.078963 0.991198 0.106258
vn 0.155068 0.947959 0.278077
vn 0.170599 -0.978725 -0.113988
vn 0.151477 -0.988242 -0.020798
vn 0.063953 -0.889495 -0.452447
vn 0.045960 -0.965600 -0.255937
vn 0.055756 -0.996445 -0.063161
vn 0.078241 -0.996346 0.034254
vn 0.095643 -0.992420 0.077173
vn 0.121580 -0.990681 0.061396
vn 0.144339 -0.989001 0.032307
vn 0.163746 -0.985264 -0.049421
vn 0.151927 -0.977732 -0.144767
vn 0.119081 -0.976346 -0.180467
vn 0.112313 -0.973761 -0.197929
vn 0.110749 -0.983452 -0.143377
vn -0.006255 -0.999978 0.002183
vn -0.049864 -0.987010 0.152727
vn -0.045166 -0.956765 0.287336
vn -0.044074 -0.891624 0.450626
vn -0.050049 -0.714623 0.697717
vn 0.025500 -0.531044 -0.846960
vn 0.036781 -0.789536 -0.612600
vn 0.038917 -0.810885 -0.583911
vn -0.035958 -0.678003 0.734179
vn -0.026582 -0.437831 0.898664
vn 0.015867 -0.429854 -0.902759
vn 0.031734 -0.539872 -0.841149
vn -0.010115 -0.274063 0.961659
vn 0.008996 -0.314443 -0.949234
vn 0.005810 -0.176373 0.984306
vn -0.035902 -0.169135 -0.984939
vn -0.001917 -0.231374 -0.972863
vn -0.003097 -0.159146 0.987250
vn -0.010595 -0.152151 0.988300
vn 0.014706 -0.131703 0.991180
vn -0.037192 -0.127694 -0.991116
vn 0.018460 -0.095166 0.995290
vn -0.044548 -0.110123 -0.992919
vn 0.032518 -0.033197 0.998920
vn -0.051223 -0.103875 -0.993271
vn 0.063548 0.049070 0.996772
vn -0.069517 -0.122311 -0.990054
vn 0.109784 0.120004 0.986685
vn -0.099509 -0.065000 -0.992911
vn 0.161387 0.175045 0.971243
vn 0.120638 0.147014 0.981750
vn 0.153451 0.236768 0.959372
vn -0.106001 0.089571 -0.990324
vn 0.162525 0.301948 0.939369
vn -0.097518 0.276405 -0.956081
vn 0.188687 0.447079 0.874367
vn -0.189550 0.570890 -0.798847
vn -0.111403 0.486978 -0.866280
vn -0.225738 0.969316 0.097307
vn -0.195229 0.980554 0.019991
vn -0.177006 0.980230 -0.088419
vn 0.214243 0.712988 0.667644
vn 0.196967 0.801283 0.564934
vn -0.126143 0.893449 -0.431089
vn -0.093772 0.980428 -0.173113
vn -0.094836 0.994347 0.047753
vn -0.090083 0.991400 0.094922
vn -0.110978 0.986954 0.116647
vn -0.145127 0.983049 0.112043
vn -0.170904 0.981776 0.083117
vn -0.160764 0.986772 -0.020860
vn -0.136590 0.988278 -0.068190
vn -0.111947 0.991556 -0.065465
vn -0.103515 0.992069 -0.071302
vn -0.090936 0.993206 -0.072610
vn -0.069675 0.994312 -0.080550
vn -0.044775 0.997591 -0.052986
vn -0.015680 0.999873 -0.002829
vn 0.021891 0.998054 0.058381
vn 0.064367 0.986212 0.152455
vn 0.125596 0.948899 0.289509
vn -0.065770 -0.997665 0.018432
vn -0.101384 -0.982025 -0.159209
vn -0.152416 -0.985932 -0.068604
vn -0.177967 -0.983234 0.039744
vn 0.005134 -0.896857 -0.442291
vn -0.023009 -0.963577 -0.266438
vn -0.020377 -0.997295 -0.070621
vn -0.029887 -0.998357 0.048892
vn -0.027029 -0.995641 0.089265
vn -0.020454 -0.996386 0.082438
vn -0.011250 -0.998821 0.047233
vn -0.002309 -0.999296 -0.037433
vn 0.007570 -0.987413 -0.157982
vn 0.005522 -0.978222 -0.207489
vn -0.023558 -0.974866 -0.221544
vn -0.048138 -0.983255 -0.175764
vn -0.119090 -0.984288 0.130367
vn -0.144628 -0.946980 0.286901
vn -0.109922 -0.878561 0.464810
vn -0.092857 -0.697008 0.711025
vn 0.026213 -0.774482 -0.632053
vn 0.001111 -0.811938 -0.583743
vn -0.053715 -0.657954 0.751140
vn -0.023299 -0.416616 0.908784
vn 0.033230 -0.435434 -0.899607
vn 0.030037 -0.552719 -0.832826
vn 0.005511 -0.251806 0.967762
vn 0.039620 -0.314307 -0.948494
vn 0.030023 -0.165996 0.985669
vn -0.001204 -0.190788 -0.981630
vn 0.026552 -0.271328 -0.962121
vn 0.031033 -0.157927 0.986963
vn 0.041805 -0.154526 0.987104
vn -0.015804 -0.138310 -0.990263
vn 0.039916 -0.137707 0.989668
vn 0.033960 -0.096154 0.994787
vn -0.020784 -0.114646 -0.993189
vn 0.041120 -0.016770 0.999013
vn -0.029237 -0.114632 -0.992978
vn 0.066500 0.087636 0.993930
vn -0.043586 -0.148046 -0.988020
vn 0.102077 0.143721 0.984340
vn 0.090184 0.161801 0.982694
vn 0.121379 0.178859 0.976359
vn -0.063366 -0.080511 -0.994738
vn 0.119363 0.228367 0.966230
vn -0.065958 0.091589 -0.993610
vn 0.133845 0.339726 0.930952
vn -0.063659 0.302508 -0.951019
vn 0.171237 0.459732 0.871392
vn -0.057570 0.494684 -0.867164
vn 0.154089 0.794988 0.586728
vn 0.208197 0.749939 0.627890
vn 0.152502 0.926151 0.344946
vn 0.196727 0.718104 0.667552
vn -0.059459 0.894913 -0.442262
vn -0.048329 0.980003 -0.193024
vn -0.035423 0.998114 0.050136
vn -0.041104 0.995200 0.088809
vn -0.053194 0.994490 0.090336
vn -0.079646 0.993137 0.085645
vn -0.097089 0.993384 0.061339
vn -0.117982 0.992921 0.013727
vn -0.110307 0.992938 -0.043654
vn -0.089333 0.994780 -0.049310
vn -0.072397 0.995557 -0.060201
vn -0.059654 0.996420 -0.059899
vn -0.044062 0.997364 -0.057659
vn -0.015533 0.999618 -0.022844
vn 0.016557 0.999450 0.028721
vn 0.051763 0.993561 0.100783
vn 0.100809 0.966430 0.236327
vn -0.141737 -0.976540 -0.162109
vn -0.186169 -0.977673 -0.097448
vn -0.213372 -0.973661 0.080353
vn -0.207858 -0.967135 0.146442
vn -0.249044 -0.948507 0.195732
vn -0.064394 -0.885455 -0.460242
vn -0.110556 -0.950727 -0.289647
vn -0.103177 -0.991778 -0.075702
vn -0.102433 -0.993886 0.041215
vn -0.107983 -0.990489 0.085271
vn -0.114818 -0.990127 0.080407
vn -0.121195 -0.991451 0.048349
vn -0.120777 -0.992226 -0.030014
vn -0.108144 -0.983913 -0.142194
vn -0.098668 -0.972210 -0.212304
vn -0.100929 -0.965030 -0.241930
vn -0.127878 -0.952896 -0.275021
vn -0.212241 -0.925430 0.313901
vn -0.180926 -0.844266 0.504461
vn -0.155886 -0.675166 0.721006
vn -0.006617 -0.757613 -0.652671
vn -0.052955 -0.779560 -0.624084
vn -0.102578 -0.609812 0.785880
vn -0.052319 -0.383340 0.922124
vn 0.017648 -0.426680 -0.904231
vn -0.007488 -0.540424 -0.841359
vn -0.001217 -0.212505 0.977159
vn 0.012503 -0.313562 -0.949486
vn 0.035751 -0.144509 0.988857
vn 0.003499 -0.210991 -0.977482
vn 0.008727 -0.295144 -0.955413
vn 0.059799 -0.138785 0.988516
vn -0.009727 -0.146239 -0.989201
vn 0.058554 -0.142076 0.988122
vn 0.060489 -0.075791 0.995287
vn -0.012814 -0.118906 -0.992823
vn 0.061840 0.008616 0.998049
vn -0.011058 -0.120008 -0.992711
vn 0.083913 0.105268 0.990897
vn -0.012818 -0.161118 -0.986852
vn 0.100002 0.180762 0.978430
vn 0.095514 0.177590 0.979458
vn -0.013584 -0.085297 -0.996263
vn 0.092331 0.229377 0.968948
vn -0.014876 0.092473 -0.995604
vn 0.110869 0.373212 0.921098
vn -0.019046 0.296818 -0.954744
vn 0.162177 0.509778 0.844882
vn 0.145675 0.524796 0.838670
vn 0.156771 0.702131 0.694576
vn -0.011755 0.503623 -0.863844
vn 0.165328 0.782853 0.599840
vn 0.165845 0.899906 0.403318
vn -0.012214 0.889514 -0.456745
vn -0.015680 0.983820 -0.178471
vn -0.015465 0.998530 0.051953
vn -0.017120 0.996639 0.080105
vn -0.028246 0.996672 0.076464
vn -0.040118 0.997128 0.064236
vn -0.054825 0.997261 0.049654
vn -0.060507 0.998164 0.002816
vn -0.058149 0.997827 -0.030991
vn -0.046449 0.998361 -0.033425
vn -0.027872 0.998766 -0.041118
vn -0.007771 0.998969 -0.044732
vn 0.012943 0.999295 -0.035247
vn 0.037918 0.999250 0.007809
vn 0.068181 0.995829 0.060629
vn 0.102330 0.984638 0.141480
vn 0.128171 0.962617 0.238624
vn -0.196797 -0.954891 -0.222383
vn -0.218123 -0.924313 -0.313158
vn -0.222775 -0.951407 -0.212596
vn -0.224443 -0.969532 -0.098143
vn -0.248994 -0.967892 0.034450
vn -0.301316 -0.927619 0.220753
vn -0.284975 -0.876268 0.388514
vn -0.359653 -0.850966 0.382763
vn -0.126330 -0.873831 -0.469532
vn -0.186321 -0.926056 -0.328183
vn -0.201773 -0.976061 -0.081192
vn -0.205949 -0.977345 0.048797
vn -0.190713 -0.978041 0.084057
vn -0.185823 -0.979576 0.076821
vn -0.186579 -0.981625 0.040018
vn -0.192141 -0.981092 -0.023259
vn -0.187520 -0.973206 -0.133067
vn -0.175813 -0.962052 -0.208677
vn -0.194861 -0.944830 -0.263296
vn -0.288006 -0.735586 0.613160
vn -0.269904 -0.660633 0.700511
vn -0.078671 -0.725489 -0.683722
vn -0.116654 -0.737007 -0.665742
vn -0.155283 -0.532022 0.832370
vn -0.117305 -0.317720 0.940900
vn -0.022463 -0.425866 -0.904507
vn -0.048372 -0.527324 -0.848286
vn -0.040171 -0.163024 0.985804
vn -0.015969 -0.314369 -0.949166
vn -0.010218 -0.118950 0.992848
vn -0.012477 -0.221830 -0.975006
vn -0.019382 -0.292789 -0.955981
vn 0.002366 -0.117243 0.993100
vn -0.009087 -0.143854 -0.989557
vn 0.078596 -0.131001 0.988262
vn 0.010324 -0.128558 0.991648
vn 0.005465 -0.111463 -0.993753
vn 0.037515 -0.055271 0.997766
vn 0.058102 0.000965 0.998310
vn 0.015639 -0.114063 -0.993350
vn 0.094426 0.104401 0.990042
vn 0.034313 0.079910 0.996211
vn 0.062290 0.159688 0.985200
vn 0.031954 -0.152627 -0.987767
vn 0.065041 0.179256 0.981650
vn 0.056944 -0.076182 -0.995467
vn 0.070647 0.240590 0.968052
vn 0.052397 0.081973 -0.995256
vn 0.085398 0.390295 0.916721
vn 0.033705 0.289443 -0.956602
vn 0.101672 0.568540 0.816349
vn 0.126594 0.682463 0.719874
vn 0.025165 0.495910 -0.868009
vn 0.143157 0.839473 0.524205
vn 0.172196 0.884475 0.433651
vn 0.008481 0.885589 -0.464392
vn 0.000469 0.983664 -0.180016
vn -0.004548 0.998865 0.047404
vn -0.008846 0.996980 0.077157
vn -0.009548 0.997757 0.066249
vn -0.016685 0.998257 0.056615
vn -0.016941 0.998945 0.042685
vn -0.015556 0.999862 0.005764
vn -0.004788 0.999791 -0.019897
vn 0.013133 0.999773 -0.016755
vn 0.032194 0.999309 -0.018573
vn 0.058520 0.998007 -0.023592
vn 0.079083 0.996793 -0.012215
vn 0.102117 0.994268 0.031690
vn 0.123768 0.988219 0.090025
vn 0.138622 0.977679 0.157884
vn 0.162720 0.958498 0.234103
vn -0.278877 -0.912089 -0.300536
vn -0.308453 -0.909040 -0.280184
vn -0.297132 -0.922867 -0.245008
vn -0.257376 -0.944321 -0.204977
vn -0.260122 -0.957009 -0.128338
vn -0.302193 -0.952448 -0.039027
vn -0.363679 -0.921150 0.138639
vn -0.387904 -0.828859 0.403141
vn -0.401811 -0.752381 0.521987
vn -0.411957 -0.645611 0.643023
vn -0.146435 -0.765887 -0.626078
vn -0.149904 -0.683713 -0.714189
vn -0.210137 -0.820947 -0.530931
vn -0.253564 -0.891122 -0.376306
vn -0.275558 -0.950995 -0.140272
vn -0.292335 -0.955711 0.034018
vn -0.298209 -0.949970 0.092885
vn -0.298554 -0.950222 0.089121
vn -0.311727 -0.949105 0.045020
vn -0.280846 -0.959632 -0.015257
vn -0.299719 -0.946810 -0.117129
vn -0.286290 -0.933501 -0.215903
vn -0.385058 -0.597205 0.703617
vn -0.301868 -0.476441 0.825760
vn -0.258929 -0.372090 0.891350
vn -0.107523 -0.691890 -0.713952
vn -0.054781 -0.488998 -0.870563
vn -0.116241 -0.651911 -0.749333
vn -0.155820 -0.214383 0.964241
vn -0.032206 -0.390487 -0.920045
vn -0.101624 -0.127046 0.986677
vn -0.020933 -0.315982 -0.948534
vn -0.076004 -0.093865 0.992680
vn -0.007708 -0.214250 -0.976748
vn -0.007466 -0.283435 -0.958963
vn -0.056147 -0.102745 0.993122
vn 0.014391 -0.126103 -0.991913
vn -0.043277 -0.116132 0.992290
vn -0.012574 -0.057025 0.998294
vn -0.029957 -0.041555 0.998687
vn 0.027963 -0.098780 -0.994716
vn -0.009330 0.019163 0.999773
vn 0.047741 -0.095269 -0.994306
vn 0.001114 0.083041 0.996545
vn 0.019392 0.150343 0.988444
vn 0.079464 -0.118809 -0.989732
vn 0.020417 0.184483 0.982624
vn 0.108464 -0.062933 -0.992106
vn 0.016656 0.249493 0.968233
vn 0.097440 0.059999 -0.993431
vn 0.021788 0.397285 0.917436
vn 0.066566 0.267090 -0.961370
vn 0.029843 0.596446 0.802098
vn 0.068658 0.680517 0.729509
vn 0.043966 0.472758 -0.880095
vn 0.203828 0.903151 0.377852
vn 0.114105 0.932618 0.342349
vn 0.171088 0.946698 0.272931
vn 0.074875 0.860435 0.504030
vn 0.028867 0.879262 -0.475463
vn 0.010964 0.980996 -0.193720
vn -0.002827 0.999102 0.042278
vn -0.005813 0.997019 0.076937
vn -0.004426 0.997749 0.066908
vn -0.001219 0.998469 0.055302
vn 0.000222 0.998949 0.045840
vn 0.007990 0.999830 0.016612
vn 0.026970 0.999633 -0.002743
vn 0.048086 0.998833 0.004557
vn 0.069267 0.997597 0.001222
vn 0.086717 0.996231 0.002077
vn 0.107853 0.994141 0.007207
vn 0.127134 0.990419 0.053911
vn 0.144176 0.984458 0.100275
vn 0.155815 0.973746 0.165955
vn -0.402990 -0.915100 -0.013799
vn -0.376361 -0.913877 -0.152255
vn -0.300629 -0.951263 -0.068714
vn -0.328562 -0.941615 0.073532
vn -0.439693 -0.890508 0.116903
vn -0.403142 -0.891877 0.205018
vn -0.345315 -0.912245 -0.220378
vn -0.249325 -0.827916 -0.502387
vn -0.237779 -0.923059 -0.302363
vn -0.278312 -0.954889 -0.103587
vn -0.383010 -0.919278 -0.090731
vn -0.295881 -0.954763 0.029701
vn -0.384762 -0.921564 0.051745
vn -0.313484 -0.945822 0.084550
vn -0.401665 -0.909609 0.106193
vn -0.339621 -0.936745 0.084650
vn -0.384524 -0.919797 0.078199
vn -0.343954 -0.938479 0.030868
vn -0.395042 -0.917308 0.049876
vn -0.384351 -0.921852 0.049623
vn -0.400949 -0.899800 -0.172047
vn -0.410693 -0.905413 -0.107506
vn -0.344140 -0.929367 -0.133579
vn -0.321938 -0.924790 -0.202779
vn -0.388863 -0.890604 -0.235819
vn -0.291262 -0.936065 -0.197351
vn -0.289108 -0.932353 -0.217106
vn -0.311556 -0.936426 -0.161367
vn -0.413435 -0.810911 0.414119
vn -0.386888 -0.724563 0.570374
vn -0.416756 -0.554899 0.720001
vn -0.302447 -0.437623 0.846765
vn -0.129717 -0.647074 -0.751312
vn -0.206601 -0.782264 -0.587689
vn -0.374033 -0.927357 -0.010391
vn -0.250732 -0.281035 0.926366
vn -0.053610 -0.462147 -0.885181
vn -0.080948 -0.599645 -0.796162
vn -0.180790 -0.143464 0.973002
vn -0.019970 -0.363185 -0.931503
vn -0.155807 -0.100629 0.982648
vn 0.005020 -0.296547 -0.955005
vn -0.115064 -0.063829 0.991305
vn 0.020063 -0.201039 -0.979378
vn 0.019652 -0.272260 -0.962023
vn -0.096073 -0.077076 0.992386
vn 0.040342 -0.110583 -0.993048
vn -0.075874 -0.107316 0.991325
vn -0.058896 -0.030311 0.997804
vn 0.059738 -0.080810 -0.994938
vn -0.041945 0.042434 0.998218
vn 0.079198 -0.070425 -0.994368
vn -0.033877 0.102213 0.994186
vn -0.012768 0.157024 0.987512
vn 0.101926 -0.087416 -0.990944
vn -0.019874 0.177048 0.984002
vn 0.120895 -0.055877 -0.991091
vn -0.031474 0.249838 0.967776
vn 0.114282 0.038706 -0.992694
vn -0.058586 0.385076 0.921023
vn 0.088011 0.240090 -0.966753
vn -0.091759 0.602548 0.792790
vn -0.029503 0.695443 0.717976
vn 0.066315 0.435429 -0.897777
vn 0.129145 0.957905 0.256398
vn 0.043327 0.981334 0.187366
vn 0.103562 0.985993 0.130741
vn 0.003533 0.956004 0.293333
vn -0.017645 0.886018 0.463315
vn 0.038543 0.873011 -0.486174
vn 0.016639 0.976729 -0.213829
vn 0.001823 0.999483 0.032088
vn -0.004552 0.997045 0.076681
vn -0.000801 0.997600 0.069231
vn 0.001628 0.998169 0.060459
vn 0.012564 0.998642 0.050566
vn 0.020349 0.999399 0.028073
vn 0.036066 0.999148 0.020083
vn 0.058946 0.997877 0.027696
vn 0.081956 0.996415 0.020980
vn 0.096353 0.995264 0.012867
vn 0.099670 0.994775 0.022101
vn 0.104313 0.992250 0.067513
vn 0.113660 0.987210 0.111794
vn -0.322403 -0.923660 -0.207142
vn -0.270844 -0.927068 -0.259207
vn -0.176089 -0.964790 -0.195381
vn -0.205376 -0.967186 -0.149570
vn -0.316116 -0.932220 -0.176172
vn -0.180682 -0.981747 -0.059391
vn -0.212729 -0.976127 0.043850
vn -0.249722 -0.932947 0.259323
vn -0.392727 -0.818002 0.420283
vn -0.311749 -0.803576 0.507030
vn -0.149793 -0.826015 -0.543380
vn -0.118443 -0.932562 -0.341027
vn -0.150766 -0.980503 -0.126033
vn -0.145183 -0.989023 0.027483
vn -0.149035 -0.987446 0.052340
vn -0.189292 -0.980210 0.057939
vn -0.223764 -0.974552 0.013345
vn -0.266383 -0.962787 -0.045612
vn -0.379493 -0.923620 -0.053957
vn -0.231904 -0.964407 -0.127039
vn -0.255778 -0.951810 -0.169219
vn -0.248702 -0.946063 -0.207634
vn -0.340538 -0.673809 0.655756
vn -0.238780 -0.426246 0.872524
vn -0.058842 -0.616954 -0.784796
vn -0.049464 -0.710872 -0.701579
vn -0.206451 -0.216353 0.954238
vn -0.003276 -0.434390 -0.900719
vn 0.006479 -0.567881 -0.823085
vn -0.187279 -0.117838 0.975213
vn 0.027530 -0.339344 -0.940259
vn -0.183713 -0.116227 0.976084
vn -0.167222 -0.038149 0.985181
vn -0.087297 -0.029186 0.995755
vn 0.055314 -0.267679 -0.961919
vn -0.112949 -0.043752 0.992637
vn -0.048621 0.002000 0.998815
vn 0.072212 -0.181166 -0.980798
vn 0.090266 -0.250407 -0.963924
vn -0.105565 -0.082130 0.991015
vn -0.041959 -0.058016 0.997434
vn 0.098639 -0.095642 -0.990516
vn -0.019131 -0.009456 0.999772
vn 0.106837 -0.065652 -0.992107
vn -0.005386 0.062474 0.998032
vn 0.119192 -0.053567 -0.991425
vn 0.005600 0.124727 0.992175
vn -0.011977 0.173832 0.984703
vn 0.134871 -0.066252 -0.988646
vn -0.022520 0.156676 0.987393
vn 0.145889 -0.050456 -0.988014
vn -0.059217 0.214892 0.974841
vn 0.138426 0.022959 -0.990107
vn -0.096779 0.360958 0.927547
vn 0.118265 0.216821 -0.969021
vn -0.124803 0.566584 0.814498
vn -0.124944 0.728931 0.673089
vn 0.114964 0.392949 -0.912346
vn 0.043188 0.993165 0.108434
vn 0.069821 0.991727 0.107720
vn -0.024670 0.973104 0.229042
vn -0.079490 0.897261 0.434286
vn 0.089130 0.851636 -0.516500
vn 0.034771 0.967668 -0.249819
vn 0.001944 0.999725 0.023354
vn -0.001216 0.997131 0.075683
vn -0.001550 0.997305 0.073355
vn 0.003364 0.997787 0.066407
vn 0.012658 0.997797 0.065118
vn 0.031992 0.998590 0.042353
vn 0.052718 0.997837 0.039268
vn 0.075155 0.995871 0.050918
vn 0.102131 0.993726 0.045571
vn 0.121089 0.992344 0.024297
vn 0.128999 0.991524 0.015487
vn 0.120541 0.991276 0.053304
vn 0.104276 0.990373 0.091039
vn -0.214678 -0.940641 -0.262882
vn -0.111106 -0.969451 -0.218677
vn -0.064568 -0.970032 -0.234242
vn -0.075668 -0.981959 -0.173292
vn -0.073108 -0.988663 -0.131155
vn -0.056465 -0.995583 -0.075003
vn -0.063471 -0.997708 0.023456
vn -0.083701 -0.967172 0.239943
vn -0.128431 -0.901847 0.412526
vn -0.251333 -0.649331 0.717775
vn -0.112608 -0.544737 0.831012
vn 0.065242 -0.811283 -0.581003
vn 0.141174 -0.931367 -0.335596
vn 0.097526 -0.987204 -0.126160
vn 0.081923 -0.996350 0.023999
vn 0.066729 -0.996944 0.040626
vn 0.039297 -0.999064 0.018064
vn -0.000929 -0.999741 -0.022725
vn -0.046256 -0.996736 -0.066165
vn -0.068944 -0.988566 -0.134101
vn -0.102680 -0.975328 -0.195428
vn -0.105668 -0.412416 0.904847
vn 0.115908 -0.577332 -0.808241
vn 0.157121 -0.701839 -0.694791
vn -0.060522 -0.180601 0.981693
vn 0.104277 -0.420910 -0.901089
vn 0.146429 -0.554333 -0.819312
vn -0.057820 -0.090711 0.994197
vn -0.146809 -0.106274 0.983439
vn 0.008137 -0.046492 0.998886
vn 0.106480 -0.307325 -0.945629
vn 0.013906 0.014639 0.999796
vn 0.161090 -0.215303 -0.963169
vn 0.024306 -0.012787 0.999623
vn 0.137970 -0.159371 -0.977530
vn 0.187665 -0.227063 -0.955627
vn 0.068532 -0.033929 0.997072
vn 0.173991 -0.085394 -0.981038
vn 0.088800 0.009318 0.996006
vn 0.205581 -0.053951 -0.977152
vn 0.067453 0.079385 0.994559
vn 0.229065 -0.038963 -0.972631
vn 0.143978 0.112708 0.983142
vn 0.112988 0.136292 0.984204
vn 0.254051 -0.065116 -0.964996
vn 0.079153 0.121305 0.989454
vn 0.221273 -0.045130 -0.974167
vn 0.038469 0.170678 0.984576
vn 0.228431 0.009947 -0.973509
vn -0.005659 0.344511 0.938765
vn 0.213277 0.205942 -0.955040
vn -0.028853 0.520560 0.853337
vn -0.077796 0.782500 0.617772
vn 0.205451 0.376074 -0.903526
vn 0.144645 0.809920 -0.568426
vn 0.229524 0.727540 -0.646532
vn 0.148745 0.988601 0.023284
vn 0.408554 0.912659 0.011720
vn 0.154196 0.988010 0.007682
vn 0.128173 0.990173 0.055944
vn 0.334997 0.942138 0.012370
vn 0.104107 0.991647 0.076150
vn 0.182588 0.982738 0.029781
vn 0.124634 0.990710 0.054412
vn 0.047102 0.986477 0.156988
vn -0.025516 0.915402 0.401732
vn 0.118354 0.940130 -0.319607
vn 0.058655 0.998278 -0.000867
vn 0.042550 0.996257 0.075244
vn 0.044277 0.996339 0.073133
vn 0.046068 0.996192 0.074018
vn 0.062886 0.994720 0.081103
vn 0.094625 0.992724 0.074466
vn 0.116240 0.991748 0.054081
vn 0.144510 0.986300 0.079563
vn 0.150108 0.986298 0.068435
vn 0.148671 0.987860 0.045055
vn 0.012091 -0.972792 -0.231366
vn 0.052048 -0.972300 -0.227866
vn 0.042108 -0.981515 -0.186696
vn 0.038683 -0.991973 -0.120391
vn 0.044685 -0.996696 -0.067828
vn 0.060040 -0.997880 0.025116
vn 0.055023 -0.979453 0.194021
vn 0.047427 -0.918464 0.392651
vn 0.049397 -0.537101 0.842070
vn 0.322176 -0.746348 -0.582382
vn 0.318254 -0.913665 -0.252844
vn 0.314528 -0.938931 -0.139572
vn 0.295857 -0.955229 -0.002604
vn 0.259530 -0.965731 0.002771
vn 0.205941 -0.978200 -0.026710
vn 0.151080 -0.985909 -0.071821
vn 0.097446 -0.988732 -0.113634
vn 0.054568 -0.986695 -0.153155
vn 0.043770 -0.977306 -0.207263
vn 0.037853 -0.369009 0.928655
vn 0.274108 -0.535857 -0.798575
vn 0.327932 -0.712930 -0.619831
vn 0.089364 -0.151474 0.984413
vn 0.215456 -0.471541 -0.855118
vn 0.275905 -0.528350 -0.802946
vn 0.090494 -0.043664 0.994939
vn 0.138415 0.002138 0.990372
vn 0.228873 -0.318272 -0.919957
vn 0.323848 -0.469489 -0.821403
vn 0.135529 0.022115 0.990526
vn 0.211354 0.070077 0.974894
vn 0.240359 -0.209388 -0.947831
vn 0.185237 0.043908 0.981712
vn 0.236487 0.055445 0.970052
vn 0.275883 -0.115920 -0.954176
vn 0.242694 -0.137460 -0.960315
vn 0.229691 -0.011480 0.973196
vn 0.273147 0.012753 0.961888
vn 0.313226 -0.064595 -0.947479
vn 0.289744 -0.053549 -0.955605
vn 0.257138 -0.000280 0.966375
vn 0.304492 0.019061 0.952324
vn 0.346238 -0.042101 -0.937201
vn 0.330041 -0.013215 -0.943874
vn 0.257425 0.042692 0.965355
vn 0.318762 0.061578 0.945832
vn 0.358454 -0.026338 -0.933176
vn 0.378536 -0.009164 -0.925541
vn 0.312552 0.094965 0.945142
vn 0.369104 -0.069938 -0.926753
vn 0.429994 -0.029863 -0.902338
vn 0.313329 0.091455 0.945231
vn 0.323340 -0.064312 -0.944095
vn 0.491130 -0.143799 -0.859135
vn 0.301885 0.121369 0.945587
vn 0.314909 0.005071 -0.949108
vn 0.256876 0.303403 0.917585
vn 0.316265 0.066454 -0.946340
vn 0.231756 0.479470 0.846403
vn 0.312615 0.746298 0.587632
vn 0.407996 0.417190 -0.812091
vn 0.393340 0.577155 -0.715665
vn 0.324748 0.938578 0.116660
vn 0.597349 0.791575 0.128777
vn 0.512799 0.847115 0.139406
vn 0.376552 0.920071 0.108064
vn 0.586446 0.800238 0.125303
vn 0.398392 0.915431 0.057178
vn 0.544504 0.835516 0.073674
vn 0.604908 0.796217 0.011174
vn 0.556473 0.830572 -0.022091
vn 0.516777 0.855168 -0.040358
vn 0.473989 0.880243 -0.022489
vn 0.416426 0.907867 0.048652
vn 0.329239 0.907135 0.262121
vn 0.274052 0.895455 -0.350794
vn 0.221097 0.974034 -0.048729
vn 0.188413 0.979669 0.068914
vn 0.189698 0.978837 0.076764
vn 0.177333 0.981132 0.077024
vn 0.207807 0.972950 0.100918
vn 0.209361 0.971291 0.112971
vn 0.220866 0.971258 0.088743
vn 0.088101 -0.966707 -0.240242
vn 0.172219 -0.959465 -0.223085
vn 0.192370 -0.964646 -0.180145
vn 0.227742 -0.966881 -0.115215
vn 0.253578 -0.966120 -0.048062
vn 0.266922 -0.962779 0.042540
vn 0.218883 -0.948206 0.230207
vn 0.179742 -0.872937 0.453512
vn 0.342564 -0.845941 0.408699
vn 0.472608 -0.826937 -0.304659
vn 0.442338 -0.873953 -0.201354
vn 0.391976 -0.919157 -0.038801
vn 0.353713 -0.935296 -0.010398
vn 0.350085 -0.933314 -0.079783
vn 0.308768 -0.948455 -0.071383
vn 0.276242 -0.953331 -0.121861
vn 0.243352 -0.956362 -0.161712
vn 0.199313 -0.962634 -0.183329
vn 0.183915 -0.963490 -0.194585
vn 0.238833 -0.947779 -0.211363
vn 0.452960 -0.620387 0.640271
vn 0.305636 -0.349763 0.885580
vn 0.391091 -0.563678 -0.727541
vn 0.555053 -0.615628 -0.559390
vn 0.571378 -0.739500 -0.355903
vn 0.635235 -0.754850 -0.163334
vn 0.596584 -0.799177 -0.073504
vn 0.533609 -0.841782 -0.081633
vn 0.329508 -0.074174 0.941235
vn 0.414570 -0.487919 -0.768158
vn 0.618881 -0.521360 -0.587512
vn 0.397453 0.052207 0.916136
vn 0.304160 -0.310003 -0.900769
vn 0.450489 -0.471157 -0.758334
vn 0.460287 0.105015 0.881537
vn 0.343550 -0.201590 -0.917243
vn 0.449971 0.069858 0.890307
vn 0.407041 -0.085467 -0.909402
vn 0.472541 0.039555 0.880421
vn 0.441950 -0.007404 -0.897009
vn 0.492101 0.052221 0.868970
vn 0.469815 0.017779 -0.882586
vn 0.502349 0.077407 0.861193
vn 0.505479 0.027914 -0.862387
vn 0.496888 0.107102 0.861180
vn 0.544843 0.003656 -0.838530
vn 0.490633 0.084230 0.867286
vn 0.503529 -0.053697 -0.862308
vn 0.565519 -0.052185 -0.823083
vn 0.483034 0.126278 0.866448
vn 0.521860 0.018273 -0.852835
vn 0.602446 0.007605 -0.798123
vn 0.623374 0.409326 0.666226
vn 0.851173 0.228671 0.472455
vn 0.807720 0.354211 0.471300
vn 0.554871 0.088745 -0.827190
vn 0.612196 0.178031 -0.770403
vn 0.697692 0.698492 0.159168
vn 0.874106 0.440827 0.203987
vn 0.632818 0.725863 0.269562
vn 0.770488 0.619034 0.152134
vn 0.851386 0.496347 0.169652
vn 0.810161 0.582173 0.068649
vn 0.845932 0.520098 0.117886
vn 0.815025 0.579424 0.001444
vn 0.848723 0.528385 0.021868
vn 0.805472 0.588974 -0.065760
vn 0.853737 0.518498 -0.047896
vn 0.768902 0.634143 -0.081555
vn 0.853467 0.511194 -0.101367
vn 0.729148 0.680615 -0.071458
vn 0.869241 0.486265 -0.089257
vn 0.670817 0.740979 0.030891
vn 0.893816 0.446447 -0.042161
vn 0.666057 0.634842 0.391591
vn 0.883938 0.436624 0.167371
vn 0.456270 0.776627 -0.434360
vn 0.590177 0.423922 -0.687009
vn 0.765691 0.547155 -0.338141
vn 0.425133 0.891137 0.158543
vn 0.725773 0.668548 0.162162
vn 0.399952 0.904827 0.146040
vn 0.515105 0.836557 0.186653
vn 0.676155 0.712592 0.187154
vn 0.579141 0.783193 0.226283
vn 0.635353 0.740652 0.218543
vn 0.399366 0.906761 -0.135242
vn 0.374191 0.926590 0.037588
vn 0.342909 0.935936 0.080234
vn 0.320403 0.943436 0.085271
vn 0.377551 -0.908343 -0.179913
vn 0.390970 -0.913449 -0.112927
vn 0.394629 -0.917870 -0.042229
vn 0.441220 -0.895887 0.052057
vn 0.515254 -0.822972 0.239229
vn 0.499249 -0.860149 -0.104375
vn 0.468692 -0.867494 -0.166682
vn 0.402749 -0.892802 -0.201737
vn 0.392359 -0.894894 -0.212650
vn 0.370351 -0.905347 -0.207816
vn 0.383124 -0.908405 -0.167381
vn 0.436955 -0.888309 -0.141340
vn 0.483830 -0.863049 -0.145103
vn 0.695136 -0.718871 -0.003158
vn 0.800457 -0.598279 0.036488
vn 0.801827 -0.586134 0.116278
vn 0.696989 -0.620950 0.358648
vn 0.545849 -0.562898 0.620640
vn 0.857121 -0.320314 0.403413
vn 0.734308 -0.551356 -0.395978
vn 0.730422 -0.632806 -0.256983
vn 0.715878 -0.677787 -0.167704
vn 0.660290 -0.741253 -0.120667
vn 0.614459 -0.780643 -0.114179
vn 0.557012 -0.818349 -0.141575
vn 0.541140 -0.813897 -0.211517
vn 0.551512 -0.802670 -0.227057
vn 0.579509 -0.175197 0.795912
vn 0.561445 -0.059445 0.825376
vn 0.686802 -0.419807 -0.593350
vn 0.740445 -0.462260 -0.487911
vn 0.800104 -0.469280 -0.373646
vn 0.861884 -0.452888 -0.228139
vn 0.582928 0.094852 0.806969
vn 0.651389 -0.333467 -0.681537
vn 0.692091 -0.326102 -0.643946
vn 0.819905 -0.357939 -0.446805
vn 0.647058 0.142953 0.748919
vn 0.857807 0.165177 0.486707
vn 0.864246 0.141241 0.482835
vn 0.676119 -0.216384 -0.704302
vn 0.788476 -0.180476 -0.587991
vn 0.866971 -0.227920 -0.443187
vn 0.698743 0.111793 0.706584
vn 0.857245 0.142781 0.494717
vn 0.671950 -0.055934 -0.738481
vn 0.825086 -0.080423 -0.559254
vn 0.796815 0.093468 0.596950
vn 0.865230 0.138284 0.481928
vn 0.703837 0.035564 -0.709470
vn 0.852513 0.036089 -0.521459
vn 0.891422 0.110384 0.439526
vn 0.915822 0.120217 0.383168
vn 0.917644 0.138314 0.372556
vn 0.805353 0.069617 0.588694
vn 0.765140 0.074139 -0.639581
vn 0.863039 0.107342 -0.493601
vn 0.918833 0.139179 0.369289
vn 0.902139 0.198968 0.382827
vn 0.848270 0.103087 0.519433
vn 0.811900 0.069347 -0.579664
vn 0.874100 0.106648 -0.473893
vn 0.951820 0.210129 0.223347
vn 0.931184 0.241485 0.273095
vn 0.903072 0.372501 0.213786
vn 0.931142 0.136513 0.338140
vn 0.870362 0.113076 0.479254
vn 0.839270 0.012795 -0.543564
vn 0.896436 0.115645 -0.427818
vn 0.921246 0.043813 -0.386506
vn 0.974509 0.071224 -0.212744
vn 0.911339 0.407453 0.058678
vn 0.884688 0.463019 0.054235
vn 0.909496 0.408188 0.078733
vn 0.913354 0.406553 0.022315
vn 0.880696 0.472807 0.028773
vn 0.926382 0.376568 0.003699
vn 0.877736 0.478449 0.025805
vn 0.944080 0.325680 0.051441
vn 0.892783 0.444963 0.070334
vn 0.961967 0.259701 0.084701
vn 0.903243 0.402496 0.148828
vn 0.975610 0.185063 0.118051
vn 0.946015 0.130435 0.296720
vn 0.892516 0.117058 0.435560
vn 0.849138 -0.004486 -0.528153
vn 0.935303 0.011802 -0.353651
vn 0.983290 0.029908 -0.179571
vn 0.935086 0.298776 0.190648
vn 0.927739 0.332588 0.169368
vn 0.936001 0.282869 0.209495
vn 0.931790 0.337261 0.134249
vn 0.919954 0.368543 0.133640
vn 0.923577 0.368782 0.104910
vn 0.914835 0.392210 0.096167
vn 0.918540 0.391471 0.055088
vn 0.920287 0.390905 0.016263
vn 0.927650 0.372212 -0.030386
vn 0.945853 0.323992 -0.019787
vn 0.966457 0.256705 0.008000
vn 0.979072 0.193692 0.062462
vn 0.963080 0.143550 0.227750
vn 0.915583 0.109304 0.386988
vn 0.861697 0.065164 -0.503222
vn 0.954396 0.087494 -0.285436
vn 0.984559 0.055020 -0.166180
vn 0.921771 0.334985 0.195252
vn 0.947737 0.263525 0.179858
vn 0.928481 0.331181 0.168056
vn 0.925575 0.322266 0.198636
vn 0.917589 0.354646 0.179601
vn 0.923402 0.356829 0.141426
vn 0.919359 0.383065 0.089670
vn 0.918647 0.394483 0.021689
vn 0.915090 0.400474 -0.047237
vn 0.924069 0.376270 -0.067208
vn 0.939270 0.338784 -0.054754
vn 0.956138 0.292631 0.012900
vn 0.950535 0.225436 0.213685
vn 0.850937 0.302667 -0.429301
vn 0.930076 0.300065 -0.211944
vn 0.969708 0.227093 -0.089971
vn 0.926129 0.376559 -0.022087
vn 0.880455 0.471931 0.045603
vn 0.971002 0.239068 0.001044
vn 0.875709 0.474938 0.086997
vn 0.954350 0.295705 0.042118
vn 0.852908 0.500786 0.147514
vn 0.934305 0.338617 0.111413
vn 0.858573 0.478765 0.183403
vn 0.886708 0.412403 0.208978
vn 0.824688 0.532035 -0.191909
vn 0.831063 0.555997 0.014188
vn 0.819935 0.568071 0.070725
vn 0.803844 0.586253 0.100711
vn 0.543979 -0.803465 -0.241931
vn 0.517610 -0.835257 -0.185544
vn 0.530586 -0.842885 -0.089573
vn 0.552169 -0.831489 -0.061111
vn 0.626968 -0.778110 -0.038150
vn 0.751423 -0.651922 0.101792
vn 0.896205 -0.422057 0.136693
vn 0.858143 -0.503739 0.099183
vn 0.904721 -0.397449 0.153342
vn 0.904382 -0.325989 0.275363
vn 0.859637 -0.477997 -0.180397
vn 0.816935 -0.548845 -0.177163
vn 0.764946 -0.602929 -0.226571
vn 0.675141 -0.704526 -0.218695
vn 0.627582 -0.732448 -0.263934
vn 0.607637 -0.761785 -0.224633
vn 0.649916 -0.730322 -0.210331
vn 0.779894 -0.619287 -0.090830
vn 0.824808 -0.562537 -0.056949
vn 0.913477 -0.382006 0.140108
vn 0.927953 -0.317331 0.195457
vn 0.954799 -0.040628 0.294463
vn 0.962588 -0.110943 0.247216
vn 0.949301 -0.052102 0.310020
vn 0.903935 -0.076333 0.420803
vn 0.898059 -0.313707 -0.308348
vn 0.904443 -0.356788 -0.233848
vn 0.902724 -0.377295 -0.206731
vn 0.876866 -0.431410 -0.212113
vn 0.827799 -0.481367 -0.288157
vn 0.808944 -0.522353 -0.269736
vn 0.821633 -0.502923 -0.268304
vn 0.954615 0.056197 0.292492
vn 0.937348 0.040974 0.345976
vn 0.946458 0.065700 0.316072
vn 0.906316 0.077405 0.415451
vn 0.934423 -0.202387 -0.293074
vn 0.948875 -0.204184 -0.240720
vn 0.952802 -0.195016 -0.232673
vn 0.943419 -0.204466 -0.261063
vn 0.911004 -0.304678 -0.277927
vn 0.943847 0.113940 0.310114
vn 0.924422 0.122001 0.361330
vn 0.929709 0.109767 0.351558
vn 0.919004 -0.123241 -0.374490
vn 0.970625 -0.069829 -0.230242
vn 0.974531 -0.055699 -0.217225
vn 0.967357 -0.059446 -0.246346
vn 0.962481 -0.079803 -0.259349
vn 0.939667 0.142264 0.311105
vn 0.901723 0.174079 0.395718
vn 0.901278 0.164535 0.400781
vn 0.945047 0.117014 0.305278
vn 0.926322 0.135687 0.351448
vn 0.937599 -0.013512 -0.347456
vn 0.976196 0.002382 -0.216877
vn 0.981877 0.028227 -0.187403
vn 0.968916 0.020571 -0.246534
vn 0.977984 0.040063 -0.204798
vn 0.971700 0.071228 -0.225223
vn 0.945418 0.160755 0.283447
vn 0.889164 0.218826 0.401874
vn 0.949550 0.112439 0.292768
vn 0.925472 0.122715 0.358388
vn 0.943792 0.080766 -0.320520
vn 0.980109 0.080194 -0.181536
vn 0.979897 0.120267 -0.159180
vn 0.971029 0.161516 -0.176109
vn 0.971379 0.133603 -0.196399
vn 0.938839 0.228312 0.257790
vn 0.899026 0.275632 0.340265
vn 0.884875 0.358982 0.296862
vn 0.962529 0.142358 0.230808
vn 0.950828 0.125381 0.283207
vn 0.949666 0.127626 -0.286088
vn 0.976134 0.134620 -0.170409
vn 0.982405 0.147673 -0.114341
vn 0.972864 0.194804 -0.124848
vn 0.956785 0.256006 -0.137925
vn 0.961809 0.254626 -0.100445
vn 0.942849 0.326650 -0.065853
vn 0.946802 0.301622 -0.112208
vn 0.920682 0.390166 -0.010743
vn 0.944458 0.322900 -0.061121
vn 0.909306 0.415965 0.011668
vn 0.930198 0.366707 -0.016047
vn 0.898276 0.439217 0.013745
vn 0.923821 0.382824 0.000511
vn 0.905721 0.422181 0.037841
vn 0.912406 0.408448 0.026199
vn 0.918722 0.385953 0.083602
vn 0.908372 0.409729 0.083558
vn 0.938011 0.310162 0.154711
vn 0.898336 0.403256 0.174290
vn 0.957610 0.241841 0.156511
vn 0.959911 0.196154 0.200236
vn 0.950561 0.176282 0.255654
vn 0.966185 0.120103 -0.228171
vn 0.977838 0.137106 -0.158227
vn 0.983259 0.152997 -0.098961
vn 0.982383 0.169530 -0.078629
vn 0.976408 0.210864 -0.046526
vn 0.964657 0.263259 -0.011441
vn 0.942271 0.334434 0.016675
vn 0.922040 0.384416 0.045454
vn 0.906583 0.421723 0.016030
vn 0.897851 0.439066 0.032920
vn 0.898994 0.436998 0.029011
vn 0.918312 0.390833 0.062864
vn 0.939420 0.321803 0.118038
vn 0.949673 0.257273 0.178694
vn 0.986588 0.085342 -0.139144
vn 0.990439 0.109642 -0.083723
vn 0.989738 0.130939 -0.057208
vn 0.986156 0.165808 0.001995
vn 0.977070 0.210966 0.028770
vn 0.954790 0.281640 0.095157
vn 0.932942 0.348521 0.090291
vn 0.910086 0.410593 0.056181
vn 0.994956 0.046318 -0.088983
vn 0.994915 0.079721 -0.061552
vn 0.992866 0.117199 -0.021934
vn 0.987880 0.151541 0.033602
vn 0.969893 0.219642 0.105187
vn 0.994108 0.095796 -0.050714
vn 0.993303 0.112094 -0.028002
vn 0.989135 0.146816 0.007569
vn 0.979004 0.188813 0.076820
vn 0.880060 -0.468432 0.077877
vn 0.853137 -0.476252 -0.212937
vn 0.833566 -0.523897 -0.175215
vn 0.881923 -0.467132 -0.063240
vn 0.906060 -0.419864 0.052622
vn 0.948278 -0.269426 0.167867
vn 0.950864 -0.239465 0.196249
vn 0.961426 -0.189505 0.199371
vn 0.926932 -0.271856 -0.258632
vn 0.903667 -0.342994 -0.256401
vn 0.923749 -0.328898 -0.196248
vn 0.932965 -0.325771 -0.153133
vn 0.951552 -0.286406 -0.111896
vn 0.931052 -0.358344 0.068791
vn 0.986994 -0.089545 0.133508
vn 0.969328 -0.186161 0.160461
vn 0.967848 -0.118092 0.222091
vn 0.964331 -0.061602 0.257430
vn 0.963568 -0.026453 0.266151
vn 0.963352 -0.120140 -0.239831
vn 0.969753 -0.090023 -0.226882
vn 0.968747 -0.065885 -0.239141
vn 0.982358 -0.040058 -0.182669
vn 0.990764 -0.066512 -0.118169
vn 0.984340 -0.138320 -0.109282
vn 0.978564 0.067394 0.194603
vn 0.987206 0.038973 0.154613
vn 0.966626 0.030948 0.254317
vn 0.957448 0.027869 0.287258
vn 0.943303 0.065911 0.325324
vn 0.975575 -0.004453 -0.219623
vn 0.978597 0.001576 -0.205781
vn 0.980360 0.027422 -0.195299
vn 0.981367 0.078494 -0.175380
vn 0.980235 0.143931 -0.135730
vn 0.982514 0.162590 -0.090724
vn 0.979965 0.187137 -0.068175
vn 0.974803 0.207413 0.082093
vn 0.986548 0.163426 -0.003739
vn 0.969747 0.173220 0.172006
vn 0.961270 0.143662 0.235206
vn 0.941204 0.129220 0.312149
vn 0.978369 0.080364 -0.190620
vn 0.982236 0.104575 -0.155812
vn 0.982204 0.145557 -0.118698
vn 0.976680 0.198517 -0.081779
vn 0.971489 0.234135 -0.037292
vn 0.967222 0.252706 0.024911
vn 0.964591 0.226592 0.134984
vn 0.959079 0.191608 0.208458
vn 0.933392 0.190856 0.303898
vn 0.964965 0.212334 -0.154134
vn 0.965432 0.226290 -0.129357
vn 0.962634 0.261209 -0.071458
vn 0.952247 0.302523 -0.041298
vn 0.945631 0.325126 -0.008725
vn 0.939666 0.341348 0.022568
vn 0.941434 0.321059 0.103066
vn 0.939098 0.271618 0.210520
vn 0.992371 -0.110664 -0.054351
vn 0.996930 0.008500 -0.077834
vn 0.999364 0.008893 0.034545
f 1//1 2//2 3//3
f 1//1 4//4 5//5
f 3//3 4//4 1//1
f 5//5 6//6 7//7
f 4//4 6//6 5//5
f 7//7 8//8 9//9
f 6//6 8//8 7//7
f 9//9 10//10 11//11
f 8//8 10//10 9//9
f 11//11 12//12 13//13
f 10//10 12//12 11//11
f 13//13 14//14 15//15
f 12//12 14//14 13//13
f 14//14 16//16 15//15
f 17//17 18//18 19//19
f 2//2 17//17 19//19
f 2//2 1//1 17//17
f 1//1 20//20 17//17
f 5//5 21//21 1//1
f 21//21 20//20 1//1
f 7//7 22//22 5//5
f 22//22 21//21 5//5
f 9//9 23//23 7//7
f 23//23 22//22 7//7
f 11//11 24//24 9//9
f 24//24 23//23 9//9
f 13//13 25//25 11//11
f 25//25 24//24 11//11
f 15//15 26//26 13//13
f 26//26 25//25 13//13
f 27//27 15//15 16//16
f 26//26 15//15 27//27
f 28//28 18//18 17//17
f 29//29 18//18 28//28
f 20//20 30//30 17//17
f 30//30 28//28 17//17
f 21//21 31//31 20//20
f 31//31 30//30 20//20
f 22//22 32//32 21//21
f 32//32 31//31 21//21
f 23//23 33//33 22//22
f 33//33 32//32 22//22
f 24//24 34//34 23//23
f 34//34 33//33 23//23
f 25//25 35//35 24//24
f 35//35 34//34 24//24
f 26//26 36//36 25//25
f 36//36 35//35 25//25
f 37//37 26//26 27//27
f 36//36 26//26 37//37
f 38//38 39//39 40//40
f 29//29 38//38 40//40
f 29//29 28//28 38//38
f 28//28 41//41 38//38
f 30//30 42//42 28//28
f 42//42 41//41 28//28
f 31//31 43//43 30//30
f 43//43 42//42 30//30
f 32//32 44//44 31//31
f 44//44 43//43 31//31
f 33//33 45//45 32//32
f 45//45 44//44 32//32
f 34//34 46//46 33//33
f 46//46 45//45 33//33
f 35//35 47//47 34//34
f 47//47 46//46 34//34
f 36//36 48//48 35//35
f 48//48 47//47 35//35
f 49//49 36//36 37//37
f 48//48 36//36 49//49
f 50//50 39//39 38//38
f 51//51 39//39 50//50
f 41//41 52//52 38//38
f 52//52 50//50 38//38
f 42//42 53//53 41//41
f 53//53 52//52 41//41
f 43//43 54//54 42//42
f 54//54 53//53 42//42
f 44//44 55//55 43//43
f 55//55 54//54 43//43
f 45//45 56//56 44//44
f 56//56 55//55 44//44
f 46//46 57//57 45//45
f 57//57 56//56 45//45
f 47//47 58//58 46//46
f 58//58 57//57 46//46
f 48//48 59//59 47//47
f 59//59 58//58 47//47
f 60//60 48//48 49//49
f 59//59 48//48 60//60
f 50//50 61//61 51//51
f 61//61 62//62 63//63
f 61//61 50//50 62//62
f 50//50 52//52 62//62
f 53//53 64//64 52//52
f 64//64 62//62 52//52
f 54//54 65//65 53//53
f 65//65 64//64 53//53
f 55//55 66//66 54//54
f 66//66 65//65 54//54
f 56//56 67//67 55//55
f 67//67 66//66 55//55
f 57//57 68//68 56//56
f 68//68 67//67 56//56
f 58//58 69//69 57//57
f 69//69 68//68 57//57
f 59//59 70//70 58//58
f 70//70 69//69 58//58
f 71//71 59//59 60//60
f 70//70 59//59 71//71
f 62//62 72//72 63//63
f 64//64 72//72 62//62
f 73//73 72//72 64//64
f 73//73 74//74 75//75
f 73//73 64//64 74//74
f 64//64 65//65 74//74
f 66//66 76//76 65//65
f 76//76 74//74 65//65
f 67//67 77//77 66//66
f 77//77 76//76 66//66
f 68//68 78//78 67//67
f 78//78 77//77 67//67
f 69//69 79//79 68//68
f 79//79 78//78 68//68
f 70//70 80//80 69//69
f 80//80 79//79 69//69
f 81//81 70//70 71//71
f 80//80 70//70 81//81
f 82//82 75//75 74//74
f 83//83 75//75 82//82
f 76//76 84//84 74//74
f 84//84 82//82 74//74
f 77//77 85//85 76//76
f 85//85 84//84 76//76
f 78//78 86//86 77//77
f 86//86 85//85 77//77
f 79//79 87//87 78//78
f 87//87 86//86 78//78
f 80//80 88//88 79//79
f 88//88 87//87 79//79
f 89//89 80//80 81//81
f 88//88 80//80 89//89
f 82//82 90//90 83//83
f 90//90 91//91 92//92
f 90//90 82//82 91//91
f 82//82 84//84 91//91
f 85//85 93//93 84//84
f 93//93 91//91 84//84
f 86//86 94//94 85//85
f 94//94 93//93 85//85
f 87//87 95//95 86//86
f 95//95 94//94 86//86
f 88//88 96//96 87//87
f 96//96 95//95 87//87
f 97//97 88//88 89//89
f 96//96 88//88 97//97
f 98//98 92//92 91//91
f 99//99 92//92 98//98
f 93//93 100//100 91//91
f 100//100 98//98 91//91
f 94//94 101//101 93//93
f 101//101 100//100 93//93
f 95//95 102//102 94//94
f 102//102 101//101 94//94
f 96//96 103//103 95//95
f 103//103 102//102 95//95
f 104//104 96//96 97//97
f 103//103 96//96 104//104
f 98//98 105//105 99//99
f 105//105 106//106 107//107
f 105//105 98//98 106//106
f 98//98 100//100 106//106
f 101//101 108//108 100//100
f 108//108 106//106 100//100
f 102//102 109//109 101//101
f 109//109 108//108 101//101
f 103//103 110//110 102//102
f 110//110 109//109 102//102
f 111//111 103//103 104//104
f 110//110 103//103 111//111
f 106//106 112//112 107//107
f 112//112 113//113 114//114
f 112//112 106//106 113//113
f 106//106 108//108 113//113
f 109//109 115//115 108//108
f 115//115 113//113 108//108
f 110//110 116//116 109//109
f 116//116 115//115 109//109
f 117//117 110//110 111//111
f 117//117 118//118 110//110
f 118//118 116//116 110//110
f 117//117 119//119 118//118
f 120//120 114//114 113//113
f 121//121 114//114 120//120
f 115//115 122//122 113//113
f 122//122 120//120 113//113
f 116//116 123//123 115//115
f 123//123 122//122 115//115
f 118//118 124//124 116//116
f 124//124 123//123 116//116
f 125//125 118//118 119//119
f 125//125 126//126 118//118
f 126//126 124//124 118//118
f 125//125 127//127 126//126
f 120//120 128//128 121//121
f 128//128 129//129 130//130
f 128//128 120//120 129//129
f 120//120 122//122 129//129
f 123//123 131//131 122//122
f 131//131 129//129 122//122
f 124//124 132//132 123//123
f 132//132 131//131 123//123
f 126//126 133//133 124//124
f 133//133 132//132 124//124
f 134//134 126//126 127//127
f 133//133 126//126 134//134
f 129//129 135//135 130//130
f 135//135 136//136 137//137
f 135//135 129//129 136//136
f 129//129 131//131 136//136
f 132//132 138//138 131//131
f 138//138 136//136 131//131
f 133//133 139//139 132//132
f 139//139 138//138 132//132
f 140//140 133//133 134//134
f 139//139 133//133 140//140
f 136//136 141//141 137//137
f 138//138 141//141 136//136
f 142//142 141//141 138//138
f 139//139 142//142 138//138
f 143//143 142//142 139//139
f 140//140 143//143 139//139
f 144//144 145//145 146//146
f 144//144 147//147 148//148
f 146//146 147//147 144//144
f 148//148 149//149 150//150
f 147//147 149//149 148//148
f 150//150 151//151 152//152
f 149//149 151//151 150//150
f 152//152 153//153 154//154
f 151//151 153//153 152//152
f 154//154 155//155 156//156
f 153//153 155//155 154//154
f 156//156 157//157 158//158
f 155//155 157//157 156//156
f 158//158 159//159 160//160
f 157//157 159//159 158//158
f 160//160 161//161 162//162
f 159//159 161//161 160//160
f 161//161 163//163 162//162
f 164//164 165//165 166//166
f 164//164 167//167 168//168
f 166//166 167//167 164//164
f 168//168 169//169 170//170
f 167//167 169//169 168//168
f 145//145 170//170 169//169
f 145//145 144//144 170//170
f 144//144 171//171 170//170
f 148//148 172//172 144//144
f 172//172 171//171 144//144
f 3//3 2//2 172//172
f 3//3 172//172 150//150
f 150//150 172//172 148//148
f 4//4 3//3 150//150
f 152//152 4//4 150//150
f 6//6 4//4 152//152
f 154//154 6//6 152//152
f 8//8 6//6 154//154
f 156//156 8//8 154//154
f 10//10 8//8 156//156
f 158//158 10//10 156//156
f 12//12 10//10 158//158
f 160//160 12//12 158//158
f 14//14 12//12 160//160
f 162//162 14//14 160//160
f 16//16 173//173 174//174
f 14//14 173//173 16//16
f 14//14 163//163 173//173
f 14//14 162//162 163//163
f 173//173 175//175 174//174
f 176//176 165//165 164//164
f 177//177 165//165 176//176
f 168//168 178//178 164//164
f 178//178 176//176 164//164
f 170//170 179//179 168//168
f 179//179 178//178 168//168
f 171//171 180//180 170//170
f 180//180 179//179 170//170
f 19//19 18//18 180//180
f 19//19 180//180 172//172
f 172//172 180//180 171//171
f 2//2 19//19 172//172
f 174//174 181//181 27//27
f 16//16 174//174 27//27
f 182//182 174//174 175//175
f 181//181 174//174 182//182
f 183//183 177//177 176//176
f 184//184 177//177 183//183
f 178//178 185//185 176//176
f 185//185 183//183 176//176
f 179//179 186//186 178//178
f 186//186 185//185 178//178
f 180//180 187//187 179//179
f 187//187 186//186 179//179
f 18//18 29//29 187//187
f 180//180 18//18 187//187
f 181//181 188//188 37//37
f 27//27 181//181 37//37
f 189//189 181//181 182//182
f 188//188 181//181 189//189
f 190//190 191//191 192//192
f 184//184 190//190 192//192
f 184//184 183//183 190//190
f 183//183 193//193 190//190
f 185//185 194//194 183//183
f 194//194 193//193 183//183
f 186//186 195//195 185//185
f 195//195 194//194 185//185
f 40//40 39//39 195//195
f 40//40 195//195 187//187
f 187//187 195//195 186//186
f 29//29 40//40 187//187
f 188//188 196//196 49//49
f 37//37 188//188 49//49
f 197//197 188//188 189//189
f 197//197 198//198 188//188
f 198//198 196//196 188//188
f 197//197 199//199 198//198
f 200//200 191//191 190//190
f 201//201 191//191 200//200
f 193//193 202//202 190//190
f 202//202 200//200 190//190
f 194//194 203//203 193//193
f 203//203 202//202 193//193
f 195//195 204//204 194//194
f 204//204 203//203 194//194
f 39//39 51//51 204//204
f 195//195 39//39 204//204
f 196//196 205//205 60//60
f 49//49 196//196 60//60
f 198//198 206//206 196//196
f 206//206 205//205 196//196
f 207//207 198//198 199//199
f 206//206 198//198 207//207
f 208//208 201//201 200//200
f 209//209 201//201 208//208
f 202//202 210//210 200//200
f 210//210 208//208 200//200
f 203//203 211//211 202//202
f 211//211 210//210 202//202
f 204//204 212//212 203//203
f 212//212 211//211 203//203
f 51//51 61//61 213//213
f 51//51 213//213 204//204
f 204//204 213//213 212//212
f 61//61 63//63 213//213
f 205//205 214//214 71//71
f 60//60 205//205 71//71
f 215//215 206//206 216//216
f 215//215 214//214 206//206
f 214//214 205//205 206//206
f 207//207 216//216 206//206
f 217//217 209//209 208//208
f 218//218 209//209 217//217
f 210//210 219//219 208//208
f 219//219 217//217 208//208
f 211//211 220//220 210//210
f 220//220 219//219 210//210
f 212//212 221//221 211//211
f 221//221 220//220 211//211
f 213//213 222//222 212//212
f 222//222 221//221 212//212
f 63//63 72//72 223//223
f 63//63 223//223 213//213
f 213//213 223//223 222//222
f 72//72 73//73 224//224
f 223//223 72//72 224//224
f 73//73 75//75 224//224
f 214//214 225//225 81//81
f 71//71 214//214 81//81
f 226//226 214//214 215//215
f 225//225 214//214 226//226
f 227//227 218//218 217//217
f 228//228 218//218 227//227
f 219//219 229//229 217//217
f 229//229 227//227 217//217
f 220//220 230//230 219//219
f 230//230 229//229 219//219
f 221//221 231//231 220//220
f 231//231 230//230 220//220
f 222//222 232//232 221//221
f 232//232 231//231 221//221
f 223//223 233//233 222//222
f 233//233 232//232 222//222
f 224//224 234//234 223//223
f 234//234 233//233 223//223
f 75//75 83//83 234//234
f 224//224 75//75 234//234
f 225//225 235//235 89//89
f 81//81 225//225 89//89
f 236//236 225//225 226//226
f 235//235 225//225 236//236
f 237//237 228//228 227//227
f 238//238 228//228 237//237
f 229//229 239//239 227//227
f 239//239 237//237 227//227
f 230//230 240//240 229//229
f 240//240 239//239 229//229
f 231//231 241//241 230//230
f 241//241 240//240 230//230
f 232//232 242//242 231//231
f 242//242 241//241 231//231
f 233//233 243//243 232//232
f 243//243 242//242 232//232
f 234//234 244//244 233//233
f 244//244 243//243 233//233
f 83//83 90//90 245//245
f 83//83 245//245 234//234
f 234//234 245//245 244//244
f 90//90 92//92 245//245
f 235//235 246//246 97//97
f 89//89 235//235 97//97
f 247//247 235//235 236//236
f 247//247 248//248 235//235
f 248//248 246//246 235//235
f 247//247 249//249 248//248
f 237//237 250//250 238//238
f 250//250 251//251 252//252
f 250//250 237//237 251//251
f 237//237 239//239 251//251
f 240//240 253//253 239//239
f 253//253 251//251 239//239
f 241//241 254//254 240//240
f 254//254 253//253 240//240
f 242//242 255//255 241//241
f 255//255 254//254 241//241
f 243//243 256//256 242//242
f 256//256 255//255 242//242
f 244//244 257//257 243//243
f 257//257 256//256 243//243
f 245//245 258//258 244//244
f 258//258 257//257 244//244
f 92//92 99//99 258//258
f 245//245 92//92 258//258
f 246//246 259//259 104//104
f 97//97 246//246 104//104
f 248//248 260//260 246//246
f 260//260 259//259 246//246
f 261//261 248//248 249//249
f 260//260 248//248 261//261
f 262//262 252//252 251//251
f 263//263 252//252 262//262
f 253//253 264//264 251//251
f 264//264 262//262 251//251
f 254//254 265//265 253//253
f 265//265 264//264 253//253
f 255//255 266//266 254//254
f 266//266 265//265 254//254
f 256//256 267//267 255//255
f 267//267 266//266 255//255
f 257//257 268//268 256//256
f 268//268 267//267 256//256
f 258//258 269//269 257//257
f 269//269 268//268 257//257
f 99//99 105//105 270//270
f 99//99 270//270 258//258
f 258//258 270//270 269//269
f 105//105 107//107 270//270
f 259//259 271//271 111//111
f 104//104 259//259 111//111
f 260//260 272//272 259//259
f 272//272 271//271 259//259
f 273//273 260//260 261//261
f 272//272 260//260 273//273
f 262//262 274//274 263//263
f 264//264 274//274 262//262
f 275//275 274//274 264//264
f 275//275 276//276 277//277
f 275//275 264//264 276//276
f 264//264 265//265 276//276
f 266//266 278//278 265//265
f 278//278 276//276 265//265
f 267//267 279//279 266//266
f 279//279 278//278 266//266
f 268//268 280//280 267//267
f 280//280 279//279 267//267
f 269//269 281//281 268//268
f 281//281 280//280 268//268
f 270//270 282//282 269//269
f 282//282 281//281 269//269
f 107//107 112//112 283//283
f 107//107 283//283 270//270
f 270//270 283//283 282//282
f 112//112 114//114 283//283
f 111//111 271//271 117//117
f 119//119 117//117 271//271
f 119//119 271//271 284//284
f 284//284 271//271 272//272
f 285//285 272//272 273//273
f 285//285 286//286 272//272
f 286//286 284//284 272//272
f 285//285 287//287 286//286
f 276//276 288//288 277//277
f 278//278 288//288 276//276
f 289//289 288//288 278//278
f 289//289 290//290 291//291
f 289//289 278//278 290//290
f 278//278 279//279 290//290
f 280//280 292//292 279//279
f 292//292 290//290 279//279
f 281//281 293//293 280//280
f 293//293 292//292 280//280
f 282//282 294//294 281//281
f 294//294 293//293 281//281
f 283//283 295//295 282//282
f 295//295 294//294 282//282
f 114//114 121//121 295//295
f 283//283 114//114 295//295
f 119//119 284//284 125//125
f 127//127 125//125 284//284
f 127//127 284//284 296//296
f 296//296 284//284 286//286
f 297//297 286//286 287//287
f 296//296 286//286 297//297
f 290//290 298//298 291//291
f 292//292 298//298 290//290
f 299//299 298//298 292//292
f 299//299 300//300 301//301
f 299//299 292//292 300//300
f 292//292 293//293 300//300
f 294//294 302//302 293//293
f 302//302 300//300 293//293
f 295//295 303//303 294//294
f 303//303 302//302 294//294
f 121//121 128//128 304//304
f 121//121 304//304 295//295
f 295//295 304//304 303//303
f 128//128 130//130 304//304
f 296//296 305//305 134//134
f 127//127 296//296 134//134
f 306//306 296//296 297//297
f 305//305 296//296 306//306
f 300//300 307//307 301//301
f 302//302 307//307 300//300
f 308//308 307//307 302//302
f 303//303 308//308 302//302
f 309//309 308//308 303//303
f 309//309 310//310 311//311
f 309//309 303//303 310//310
f 303//303 304//304 310//310
f 130//130 135//135 312//312
f 130//130 312//312 304//304
f 304//304 312//312 310//310
f 135//135 137//137 312//312
f 305//305 313//313 140//140
f 134//134 305//305 140//140
f 314//314 305//305 306//306
f 313//313 305//305 314//314
f 310//310 315//315 311//311
f 312//312 315//315 310//310
f 316//316 315//315 312//312
f 137//137 316//316 312//312
f 137//137 141//141 316//316
f 141//141 317//317 316//316
f 318//318 319//319 317//317
f 318//318 317//317 142//142
f 142//142 317//317 141//141
f 142//142 143//143 320//320
f 318//318 142//142 320//320
f 143//143 321//321 320//320
f 140//140 321//321 143//143
f 140//140 322//322 321//321
f 140//140 313//313 322//322
f 314//314 322//322 313//313
f 318//318 323//323 319//319
f 320//320 323//323 318//318
f 324//324 323//323 320//320
f 321//321 324//324 320//320
f 325//325 326//326 327//327
f 325//325 328//328 329//329
f 327//327 328//328 325//325
f 329//329 146//146 145//145
f 329//329 328//328 146//146
f 328//328 330//330 146//146
f 147//147 146//146 331//331
f 146//146 330//330 331//331
f 149//149 147//147 332//332
f 147//147 331//331 332//332
f 151//151 149//149 333//333
f 149//149 332//332 333//333
f 153//153 151//151 334//334
f 151//151 333//333 334//334
f 155//155 153//153 335//335
f 153//153 334//334 335//335
f 157//157 155//155 336//336
f 155//155 335//335 336//336
f 159//159 157//157 337//337
f 157//157 336//336 337//337
f 161//161 159//159 338//338
f 159//159 337//337 338//338
f 338//338 163//163 161//161
f 339//339 163//163 338//338
f 340//340 341//341 342//342
f 340//340 166//166 165//165
f 340//340 342//342 166//166
f 342//342 343//343 166//166
f 326//326 325//325 167//167
f 326//326 167//167 343//343
f 343//343 167//167 166//166
f 169//169 167//167 325//325
f 329//329 169//169 325//325
f 145//145 169//169 329//329
f 163//163 339//339 344//344
f 173//173 163//163 344//344
f 344//344 175//175 173//173
f 345//345 175//175 344//344
f 346//346 341//341 340//340
f 347//347 341//341 346//346
f 165//165 177//177 346//346
f 340//340 165//165 346//346
f 348//348 349//349 182//182
f 348//348 182//182 345//345
f 345//345 182//182 175//175
f 348//348 350//350 349//349
f 351//351 347//347 346//346
f 352//352 347//347 351//351
f 177//177 184//184 351//351
f 346//346 177//177 351//351
f 349//349 353//353 189//189
f 182//182 349//349 189//189
f 354//354 349//349 350//350
f 353//353 349//349 354//354
f 355//355 356//356 357//357
f 352//352 355//355 357//357
f 351//351 355//355 352//352
f 351//351 191//191 355//355
f 351//351 192//192 191//191
f 184//184 192//192 351//351
f 189//189 353//353 197//197
f 353//353 199//199 197//197
f 353//353 354//354 199//199
f 354//354 358//358 199//199
f 359//359 356//356 355//355
f 360//360 356//356 359//359
f 191//191 201//201 359//359
f 355//355 191//191 359//359
f 199//199 358//358 207//207
f 358//358 361//361 207//207
f 362//362 360//360 359//359
f 363//363 360//360 362//362
f 201//201 209//209 362//362
f 359//359 201//201 362//362
f 216//216 364//364 215//215
f 216//216 365//365 364//364
f 216//216 207//207 365//365
f 207//207 361//361 365//365
f 366//366 363//363 362//362
f 367//367 363//363 366//366
f 209//209 218//218 366//366
f 362//362 209//209 366//366
f 364//364 368//368 226//226
f 215//215 364//364 226//226
f 369//369 364//364 365//365
f 368//368 364//364 369//369
f 370//370 367//367 366//366
f 371//371 367//367 370//370
f 218//218 228//228 370//370
f 366//366 218//218 370//370
f 368//368 372//372 236//236
f 226//226 368//368 236//236
f 373//373 368//368 369//369
f 372//372 368//368 373//373
f 374//374 371//371 370//370
f 375//375 371//371 374//374
f 228//228 238//238 374//374
f 370//370 228//228 374//374
f 236//236 372//372 247//247
f 372//372 249//249 247//247
f 372//372 373//373 249//249
f 373//373 376//376 249//249
f 377//377 375//375 374//374
f 378//378 375//375 377//377
f 238//238 250//250 379//379
f 238//238 379//379 374//374
f 374//374 379//379 377//377
f 250//250 252//252 379//379
f 380//380 381//381 261//261
f 380//380 261//261 376//376
f 376//376 261//261 249//249
f 380//380 382//382 381//381
f 383//383 378//378 377//377
f 384//384 378//378 383//383
f 379//379 385//385 377//377
f 385//385 383//383 377//377
f 252//252 263//263 385//385
f 379//379 252//252 385//385
f 381//381 386//386 273//273
f 261//261 381//381 273//273
f 387//387 381//381 382//382
f 386//386 381//381 387//387
f 388//388 384//384 383//383
f 389//389 384//384 388//388
f 385//385 390//390 383//383
f 390//390 388//388 383//383
f 263//263 274//274 391//391
f 263//263 391//391 385//385
f 385//385 391//391 390//390
f 274//274 275//275 392//392
f 391//391 274//274 392//392
f 275//275 277//277 392//392
f 273//273 386//386 285//285
f 386//386 287//287 285//285
f 386//386 387//387 287//287
f 387//387 393//393 287//287
f 388//388 394//394 389//389
f 390//390 394//394 388//388
f 395//395 394//394 390//390
f 395//395 396//396 397//397
f 395//395 390//390 396//396
f 390//390 391//391 396//396
f 392//392 398//398 391//391
f 398//398 396//396 391//391
f 277//277 288//288 399//399
f 277//277 399//399 392//392
f 392//392 399//399 398//398
f 288//288 289//289 400//400
f 399//399 288//288 400//400
f 289//289 291//291 400//400
f 287//287 393//393 297//297
f 393//393 401//401 297//297
f 396//396 402//402 397//397
f 398//398 402//402 396//396
f 403//403 402//402 398//398
f 399//399 403//403 398//398
f 404//404 403//403 399//399
f 400//400 404//404 399//399
f 405//405 404//404 400//400
f 406//406 407//407 405//405
f 298//298 406//406 405//405
f 298//298 405//405 400//400
f 298//298 400//400 291//291
f 298//298 299//299 408//408
f 406//406 298//298 408//408
f 299//299 301//301 408//408
f 409//409 410//410 306//306
f 409//409 306//306 401//401
f 401//401 306//306 297//297
f 409//409 411//411 410//410
f 406//406 412//412 407//407
f 408//408 412//412 406//406
f 413//413 412//412 408//408
f 301//301 413//413 408//408
f 301//301 307//307 413//413
f 307//307 414//414 413//413
f 415//415 416//416 414//414
f 415//415 414//414 308//308
f 308//308 414//414 307//307
f 308//308 309//309 417//417
f 415//415 308//308 417//417
f 309//309 311//311 417//417
f 410//410 418//418 419//419
f 410//410 419//419 306//306
f 306//306 419//419 314//314
f 411//411 418//418 410//410
f 415//415 420//420 416//416
f 417//417 420//420 415//415
f 421//421 420//420 417//417
f 311//311 421//421 417//417
f 311//311 315//315 421//421
f 315//315 422//422 421//421
f 316//316 423//423 315//315
f 315//315 423//423 422//422
f 424//424 425//425 423//423
f 424//424 423//423 317//317
f 317//317 423//423 316//316
f 317//317 319//319 424//424
f 322//322 426//426 321//321
f 322//322 427//427 426//426
f 322//322 314//314 427//427
f 314//314 419//419 427//427
f 424//424 428//428 425//425
f 319//319 428//428 424//424
f 319//319 323//323 428//428
f 323//323 429//429 428//428
f 324//324 430//430 323//323
f 323//323 430//430 429//429
f 426//426 324//324 321//321
f 426//426 431//431 324//324
f 431//431 430//430 324//324
f 427//427 431//431 426//426
f 327//327 432//432 433//433
f 326//326 432//432 327//327
f 328//328 327//327 434//434
f 327//327 433//433 434//434
f 330//330 328//328 435//435
f 328//328 434//434 435//435
f 331//331 330//330 436//436
f 330//330 435//435 436//436
f 332//332 331//331 437//437
f 331//331 436//436 437//437
f 333//333 332//332 438//438
f 332//332 437//437 438//438
f 334//334 333//333 439//439
f 333//333 438//438 439//439
f 335//335 334//334 440//440
f 334//334 439//439 440//440
f 336//336 335//335 441//441
f 335//335 440//440 441//441
f 337//337 336//336 442//442
f 336//336 441//441 442//442
f 338//338 337//337 443//443
f 337//337 442//442 443//443
f 443//443 339//339 338//338
f 444//444 339//339 443//443
f 342//342 445//445 446//446
f 341//341 445//445 342//342
f 343//343 342//342 447//447
f 342//342 446//446 447//447
f 432//432 326//326 343//343
f 447//447 432//432 343//343
f 339//339 444//444 448//448
f 344//344 339//339 448//448
f 448//448 345//345 344//344
f 449//449 345//345 448//448
f 341//341 347//347 445//445
f 445//445 347//347 450//450
f 345//345 449//449 451//451
f 348//348 345//345 451//451
f 451//451 350//350 348//348
f 452//452 350//350 451//451
f 453//453 454//454 455//455
f 453//453 455//455 450//450
f 453//453 450//450 352//352
f 352//352 450//450 347//347
f 350//350 452//452 354//354
f 452//452 456//456 354//354
f 357//357 454//454 453//453
f 357//357 356//356 454//454
f 356//356 457//457 454//454
f 352//352 357//357 453//453
f 354//354 456//456 358//358
f 456//456 458//458 358//358
f 356//356 360//360 457//457
f 457//457 360//360 459//459
f 358//358 458//458 361//361
f 458//458 460//460 361//361
f 360//360 363//363 459//459
f 459//459 363//363 461//461
f 361//361 460//460 365//365
f 460//460 462//462 365//365
f 363//363 367//367 461//461
f 461//461 367//367 463//463
f 464//464 465//465 369//369
f 464//464 369//369 462//462
f 462//462 369//369 365//365
f 464//464 466//466 465//465
f 367//367 371//371 463//463
f 463//463 371//371 467//467
f 465//465 468//468 373//373
f 369//369 465//465 373//373
f 469//469 465//465 466//466
f 468//468 465//465 469//469
f 470//470 471//471 472//472
f 470//470 472//472 467//467
f 470//470 467//467 375//375
f 375//375 467//467 371//371
f 468//468 473//473 376//376
f 373//373 468//468 376//376
f 474//474 468//468 469//469
f 473//473 468//468 474//474
f 475//475 471//471 470//470
f 476//476 471//471 475//475
f 375//375 378//378 475//475
f 470//470 375//375 475//475
f 376//376 473//473 380//380
f 473//473 382//382 380//380
f 473//473 474//474 382//382
f 474//474 477//477 382//382
f 478//478 476//476 475//475
f 479//479 476//476 478//478
f 378//378 384//384 478//478
f 475//475 378//378 478//478
f 382//382 477//477 387//387
f 477//477 480//480 387//387
f 481//481 479//479 478//478
f 482//482 479//479 481//481
f 384//384 389//389 481//481
f 478//478 384//384 481//481
f 387//387 480//480 393//393
f 480//480 483//483 393//393
f 481//481 484//484 482//482
f 485//485 486//486 484//484
f 394//394 485//485 484//484
f 394//394 484//484 481//481
f 394//394 481//481 389//389
f 394//394 395//395 487//487
f 485//485 394//394 487//487
f 395//395 397//397 487//487
f 488//488 489//489 401//401
f 488//488 401//401 483//483
f 483//483 401//401 393//393
f 488//488 490//490 489//489
f 485//485 491//491 486//486
f 487//487 491//491 485//485
f 492//492 491//491 487//487
f 397//397 492//492 487//487
f 397//397 402//402 492//492
f 402//402 493//493 492//492
f 403//403 494//494 402//402
f 402//402 494//494 493//493
f 404//404 495//495 403//403
f 403//403 495//495 494//494
f 496//496 497//497 495//495
f 496//496 495//495 405//405
f 405//405 495//495 404//404
f 405//405 407//407 496//496
f 401//401 489//489 409//409
f 489//489 411//411 409//409
f 489//489 490//490 411//411
f 490//490 498//498 411//411
f 496//496 499//499 497//497
f 407//407 499//499 496//496
f 407//407 412//412 499//499
f 412//412 500//500 499//499
f 413//413 501//501 412//412
f 412//412 501//501 500//500
f 502//502 503//503 501//501
f 502//502 501//501 414//414
f 414//414 501//501 413//413
f 414//414 416//416 502//502
f 418//418 504//504 419//419
f 418//418 505//505 504//504
f 418//418 411//411 505//505
f 411//411 498//498 505//505
f 502//502 506//506 503//503
f 416//416 506//506 502//502
f 416//416 420//420 506//506
f 420//420 507//507 506//506
f 421//421 508//508 420//420
f 420//420 508//508 507//507
f 422//422 509//509 421//421
f 421//421 509//509 508//508
f 423//423 510//510 422//422
f 422//422 510//510 509//509
f 425//425 511//511 512//512
f 425//425 512//512 423//423
f 423//423 512//512 510//510
f 512//512 511//511 513//513
f 504//504 514//514 515//515
f 504//504 515//515 419//419
f 419//419 515//515 427//427
f 505//505 514//514 504//504
f 425//425 428//428 511//511
f 511//511 516//516 513//513
f 511//511 428//428 516//516
f 428//428 429//429 516//516
f 430//430 517//517 429//429
f 429//429 517//517 516//516
f 431//431 518//518 430//430
f 430//430 518//518 517//517
f 515//515 431//431 427//427
f 518//518 431//431 515//515
f 433//433 432//432 519//519
f 433//433 520//520 434//434
f 519//519 520//520 433//433
f 434//434 521//521 435//435
f 520//520 521//521 434//434
f 522//522 435//435 521//521
f 522//522 523//523 435//435
f 523//523 436//436 435//435
f 437//437 436//436 524//524
f 436//436 523//523 524//524
f 438//438 437//437 525//525
f 437//437 524//524 525//525
f 439//439 438//438 526//526
f 438//438 525//525 526//526
f 440//440 439//439 527//527
f 439//439 526//526 527//527
f 441//441 440//440 528//528
f 440//440 527//527 528//528
f 442//442 441//441 529//529
f 441//441 528//528 529//529
f 530//530 529//529 531//531
f 530//530 443//443 529//529
f 443//443 442//442 529//529
f 443//443 530//530 444//444
f 446//446 445//445 532//532
f 533//533 446//446 532//532
f 533//533 534//534 446//446
f 534//534 447//447 446//446
f 519//519 432//432 447//447
f 519//519 447//447 535//535
f 535//535 447//447 534//534
f 520//520 519//519 535//535
f 536//536 520//520 535//535
f 521//521 520//520 536//536
f 537//537 521//521 536//536
f 522//522 521//521 537//537
f 530//530 531//531 538//538
f 444//444 530//530 538//538
f 444//444 538//538 448//448
f 448//448 538//538 539//539
f 539//539 449//449 448//448
f 540//540 449//449 539//539
f 532//532 541//541 542//542
f 532//532 445//445 541//541
f 445//445 450//450 541//541
f 533//533 532//532 542//542
f 543//543 451//451 449//449
f 543//543 449//449 544//544
f 544//544 449//449 540//540
f 451//451 543//543 452//452
f 455//455 545//545 546//546
f 454//454 545//545 455//455
f 541//541 450//450 455//455
f 546//546 541//541 455//455
f 543//543 544//544 547//547
f 547//547 452//452 543//543
f 547//547 548//548 452//452
f 548//548 456//456 452//452
f 454//454 457//457 545//545
f 545//545 457//457 549//549
f 456//456 548//548 458//458
f 548//548 550//550 458//458
f 457//457 459//459 549//549
f 549//549 459//459 551//551
f 552//552 553//553 460//460
f 552//552 460//460 550//550
f 550//550 460//460 458//458
f 552//552 554//554 553//553
f 555//555 556//556 557//557
f 555//555 557//557 551//551
f 555//555 551//551 461//461
f 461//461 551//551 459//459
f 553//553 558//558 462//462
f 460//460 553//553 462//462
f 559//559 553//553 554//554
f 558//558 553//553 559//559
f 560//560 556//556 555//555
f 561//561 556//556 560//560
f 461//461 463//463 560//560
f 555//555 461//461 560//560
f 462//462 558//558 464//464
f 558//558 466//466 464//464
f 558//558 559//559 466//466
f 559//559 562//562 466//466
f 563//563 561//561 560//560
f 564//564 561//561 563//563
f 463//463 467//467 563//563
f 560//560 463//463 563//563
f 466//466 562//562 469//469
f 562//562 565//565 469//469
f 472//472 564//564 563//563
f 472//472 471//471 564//564
f 471//471 566//566 564//564
f 467//467 472//472 563//563
f 469//469 565//565 474//474
f 565//565 567//567 474//474
f 471//471 476//476 566//566
f 566//566 476//476 568//568
f 474//474 567//567 477//477
f 567//567 569//569 477//477
f 476//476 479//479 568//568
f 568//568 479//479 570//570
f 477//477 569//569 480//480
f 569//569 571//571 480//480
f 479//479 482//482 570//570
f 570//570 482//482 572//572
f 573//573 574//574 483//483
f 573//573 483//483 571//571
f 571//571 483//483 480//480
f 573//573 575//575 574//574
f 576//576 482//482 484//484
f 576//576 577//577 482//482
f 577//577 572//572 482//482
f 484//484 486//486 576//576
f 483//483 574//574 488//488
f 574//574 490//490 488//488
f 574//574 575//575 490//490
f 575//575 578//578 490//490
f 576//576 579//579 577//577
f 580//580 581//581 579//579
f 491//491 580//580 579//579
f 491//491 579//579 576//576
f 491//491 576//576 486//486
f 491//491 492//492 582//582
f 580//580 491//491 582//582
f 492//492 493//493 583//583
f 582//582 492//492 583//583
f 493//493 494//494 584//584
f 583//583 493//493 584//584
f 494//494 495//495 585//585
f 584//584 494//494 585//585
f 495//495 497//497 585//585
f 490//490 578//578 498//498
f 578//578 586//586 498//498
f 580//580 587//587 581//581
f 582//582 587//587 580//580
f 588//588 587//587 582//582
f 583//583 588//588 582//582
f 589//589 588//588 583//583
f 584//584 589//589 583//583
f 590//590 589//589 584//584
f 585//585 590//590 584//584
f 591//591 590//590 585//585
f 497//497 591//591 585//585
f 497//497 499//499 591//591
f 499//499 592//592 591//591
f 500//500 593//593 499//499
f 499//499 593//593 592//592
f 501//501 594//594 500//500
f 500//500 594//594 593//593
f 594//594 501//501 503//503
f 595//595 594//594 503//503
f 498//498 586//586 505//505
f 586//586 596//596 505//505
f 503//503 597//597 595//595
f 506//506 597//597 503//503
f 507//507 598//598 506//506
f 506//506 598//598 597//597
f 508//508 599//599 507//507
f 507//507 599//599 598//598
f 509//509 600//600 508//508
f 508//508 600//600 599//599
f 510//510 601//601 509//509
f 509//509 601//601 600//600
f 512//512 602//602 510//510
f 510//510 602//602 601//601
f 513//513 603//603 604//604
f 513//513 604//604 512//512
f 512//512 604//604 602//602
f 604//604 603//603 605//605
f 606//606 607//607 608//608
f 606//606 515//515 514//514
f 606//606 514//514 607//607
f 607//607 514//514 609//609
f 596//596 514//514 505//505
f 609//609 514//514 596//596
f 513//513 516//516 603//603
f 603//603 610//610 605//605
f 603//603 516//516 610//610
f 516//516 517//517 610//610
f 608//608 518//518 606//606
f 608//608 610//610 518//518
f 610//610 517//517 518//518
f 515//515 606//606 518//518
f 523//523 522//522 611//611
f 523//523 612//612 524//524
f 611//611 612//612 523//523
f 524//524 613//613 525//525
f 612//612 613//613 524//524
f 525//525 614//614 526//526
f 613//613 614//614 525//525
f 526//526 615//615 527//527
f 614//614 615//615 526//526
f 527//527 616//616 528//528
f 615//615 616//616 527//527
f 528//528 617//617 529//529
f 616//616 617//617 528//528
f 529//529 617//617 531//531
f 534//534 533//533 618//618
f 534//534 619//619 535//535
f 618//618 619//619 534//534
f 620//620 535//535 619//619
f 620//620 621//621 535//535
f 621//621 536//536 535//535
f 537//537 536//536 622//622
f 536//536 621//621 622//622
f 611//611 522//522 537//537
f 611//611 537//537 623//623
f 623//623 537//537 622//622
f 612//612 611//611 623//623
f 624//624 612//612 623//623
f 613//613 612//612 624//624
f 625//625 613//613 624//624
f 614//614 613//613 625//625
f 626//626 614//614 625//625
f 615//615 614//614 626//626
f 627//627 615//615 626//626
f 616//616 615//615 627//627
f 628//628 616//616 627//627
f 617//617 616//616 628//628
f 629//629 617//617 628//628
f 531//531 617//617 629//629
f 531//531 629//629 538//538
f 538//538 629//629 630//630
f 631//631 630//630 632//632
f 631//631 539//539 630//630
f 539//539 538//538 630//630
f 539//539 631//631 540//540
f 542//542 633//633 634//634
f 541//541 633//633 542//542
f 618//618 533//533 542//542
f 618//618 542//542 635//635
f 635//635 542//542 634//634
f 619//619 618//618 635//635
f 636//636 619//619 635//635
f 620//620 619//619 636//636
f 631//631 632//632 637//637
f 637//637 540//540 631//631
f 637//637 638//638 540//540
f 638//638 544//544 540//540
f 546//546 639//639 640//640
f 545//545 639//639 546//546
f 633//633 541//541 546//546
f 640//640 633//633 546//546
f 544//544 638//638 641//641
f 547//547 544//544 641//641
f 641//641 548//548 547//547
f 642//642 548//548 641//641
f 545//545 549//549 639//639
f 639//639 549//549 643//643
f 548//548 642//642 550//550
f 642//642 644//644 550//550
f 645//645 646//646 647//647
f 645//645 647//647 643//643
f 645//645 643//643 551//551
f 551//551 643//643 549//549
f 550//550 644//644 648//648
f 552//552 550//550 648//648
f 648//648 554//554 552//552
f 649//649 554//554 648//648
f 557//557 646//646 645//645
f 557//557 556//556 646//646
f 556//556 650//650 646//646
f 551//551 557//557 645//645
f 554//554 649//649 559//559
f 649//649 651//651 559//559
f 556//556 561//561 650//650
f 650//650 561//561 652//652
f 559//559 651//651 562//562
f 651//651 653//653 562//562
f 561//561 564//564 652//652
f 652//652 564//564 654//654
f 562//562 653//653 565//565
f 653//653 655//655 565//565
f 564//564 566//566 654//654
f 654//654 566//566 656//656
f 565//565 655//655 567//567
f 655//655 657//657 567//567
f 566//566 568//568 656//656
f 656//656 568//568 658//658
f 659//659 660//660 569//569
f 659//659 569//569 657//657
f 657//657 569//569 567//567
f 659//659 661//661 660//660
f 568//568 570//570 658//658
f 658//658 570//570 662//662
f 660//660 663//663 571//571
f 569//569 660//660 571//571
f 664//664 660//660 661//661
f 663//663 660//660 664//664
f 570//570 572//572 662//662
f 662//662 572//572 665//665
f 571//571 663//663 573//573
f 663//663 575//575 573//573
f 663//663 664//664 575//575
f 664//664 666//666 575//575
f 572//572 577//577 665//665
f 665//665 577//577 667//667
f 575//575 666//666 578//578
f 666//666 668//668 578//578
f 669//669 577//577 579//579
f 669//669 670//670 577//577
f 670//670 667//667 577//577
f 579//579 581//581 669//669
f 578//578 668//668 586//586
f 668//668 671//671 586//586
f 669//669 672//672 670//670
f 581//581 672//672 669//669
f 581//581 587//587 672//672
f 587//587 673//673 672//672
f 588//588 674//674 587//587
f 587//587 674//674 673//673
f 589//589 675//675 588//588
f 588//588 675//675 674//674
f 590//590 676//676 589//589
f 589//589 676//676 675//675
f 591//591 677//677 590//590
f 590//590 677//677 676//676
f 592//592 678//678 591//591
f 591//591 678//678 677//677
f 593//593 679//679 592//592
f 592//592 679//679 678//678
f 594//594 680//680 593//593
f 593//593 680//680 679//679
f 595//595 681//681 682//682
f 595//595 682//682 594//594
f 594//594 682//682 680//680
f 682//682 681//681 683//683
f 684//684 685//685 686//686
f 684//684 671//671 685//685
f 684//684 596//596 671//671
f 596//596 586//586 671//671
f 595//595 597//597 681//681
f 681//681 687//687 683//683
f 681//681 597//597 687//687
f 597//597 598//598 687//687
f 599//599 688//688 598//598
f 598//598 688//688 687//687
f 600//600 689//689 599//599
f 599//599 689//689 688//688
f 601//601 690//690 600//600
f 600//600 690//690 689//689
f 602//602 691//691 601//601
f 601//601 691//691 690//690
f 604//604 692//692 602//602
f 602//602 692//692 691//691
f 605//605 693//693 694//694
f 605//605 694//694 604//604
f 604//604 694//694 692//692
f 693//693 608//608 607//607
f 693//693 607//607 694//694
f 694//694 607//607 695//695
f 686//686 609//609 684//684
f 686//686 695//695 609//609
f 695//695 607//607 609//609
f 596//596 684//684 609//609
f 605//605 610//610 693//693
f 608//608 693//693 610//610
f 621//621 620//620 696//696
f 621//621 697//697 622//622
f 696//696 697//697 621//621
f 622//622 698//698 623//623
f 697//697 698//698 622//622
f 623//623 699//699 624//624
f 698//698 699//699 623//623
f 624//624 700//700 625//625
f 699//699 700//700 624//624
f 625//625 701//701 626//626
f 700//700 701//701 625//625
f 702//702 626//626 701//701
f 702//702 703//703 626//626
f 703//703 627//627 626//626
f 704//704 703//703 705//705
f 704//704 628//628 703//703
f 628//628 627//627 703//703
f 628//628 706//706 629//629
f 704//704 706//706 628//628
f 629//629 707//707 630//630
f 706//706 707//707 629//629
f 630//630 707//707 632//632
f 634//634 633//633 708//708
f 709//709 634//634 708//708
f 709//709 710//710 634//634
f 710//710 635//635 634//634
f 636//636 635//635 711//711
f 635//635 710//710 711//711
f 696//696 620//620 636//636
f 696//696 636//636 712//712
f 712//712 636//636 711//711
f 697//697 696//696 712//712
f 713//713 697//697 712//712
f 698//698 697//697 713//713
f 714//714 698//698 713//713
f 699//699 698//698 714//714
f 715//715 699//699 714//714
f 700//700 699//699 715//715
f 716//716 700//700 715//715
f 701//701 700//700 716//716
f 717//717 701//701 716//716
f 702//702 701//701 717//717
f 704//704 705//705 718//718
f 706//706 704//704 718//718
f 719//719 706//706 718//718
f 707//707 706//706 719//719
f 720//720 707//707 719//719
f 632//632 707//707 720//720
f 632//632 720//720 637//637
f 637//637 720//720 721//721
f 721//721 638//638 637//637
f 722//722 638//638 721//721
f 640//640 639//639 723//723
f 640//640 723//723 724//724
f 633//633 640//640 724//724
f 633//633 724//724 725//725
f 633//633 725//725 708//708
f 709//709 708//708 725//725
f 638//638 722//722 726//726
f 641//641 638//638 726//726
f 726//726 642//642 641//641
f 727//727 642//642 726//726
f 723//723 728//728 729//729
f 723//723 639//639 728//728
f 639//639 643//643 728//728
f 724//724 723//723 729//729
f 730//730 731//731 644//644
f 730//730 644//644 727//727
f 727//727 644//644 642//642
f 730//730 732//732 731//731
f 647//647 733//733 734//734
f 646//646 733//733 647//647
f 728//728 643//643 647//647
f 734//734 728//728 647//647
f 644//644 731//731 648//648
f 731//731 649//649 648//648
f 731//731 732//732 649//649
f 732//732 735//735 649//649
f 646//646 650//650 733//733
f 733//733 650//650 736//736
f 649//649 735//735 651//651
f 735//735 737//737 651//651
f 650//650 652//652 736//736
f 736//736 652//652 738//738
f 651//651 737//737 653//653
f 737//737 739//739 653//653
f 652//652 654//654 738//738
f 738//738 654//654 740//740
f 653//653 739//739 655//655
f 739//739 741//741 655//655
f 654//654 656//656 740//740
f 740//740 656//656 742//742
f 743//743 744//744 657//657
f 743//743 657//657 741//741
f 741//741 657//657 655//655
f 743//743 745//745 744//744
f 746//746 747//747 748//748
f 746//746 748//748 742//742
f 746//746 742//742 658//658
f 658//658 742//742 656//656
f 657//657 744//744 659//659
f 744//744 661//661 659//659
f 744//744 745//745 661//661
f 745//745 749//749 661//661
f 750//750 747//747 746//746
f 751//751 747//747 750//750
f 658//658 662//662 750//750
f 746//746 658//658 750//750
f 661//661 749//749 664//664
f 749//749 752//752 664//664
f 753//753 751//751 750//750
f 754//754 751//751 753//753
f 662//662 665//665 753//753
f 750//750 662//662 753//753
f 664//664 752//752 666//666
f 752//752 755//755 666//666
f 756//756 754//754 753//753
f 757//757 754//754 756//756
f 665//665 667//667 756//756
f 753//753 665//665 756//756
f 666//666 755//755 668//668
f 755//755 758//758 668//668
f 756//756 759//759 757//757
f 759//759 756//756 667//667
f 759//759 667//667 760//760
f 760//760 667//667 670//670
f 668//668 758//758 671//671
f 758//758 761//761 671//671
f 670//670 762//762 760//760
f 672//672 762//762 670//670
f 673//673 763//763 672//672
f 672//672 763//763 762//762
f 674//674 764//764 673//673
f 673//673 764//764 763//763
f 675//675 765//765 674//674
f 674//674 765//765 764//764
f 676//676 766//766 675//675
f 675//675 766//766 765//765
f 677//677 767//767 676//676
f 676//676 767//767 766//766
f 678//678 768//768 677//677
f 677//677 768//768 767//767
f 679//679 769//769 678//678
f 678//678 769//769 768//768
f 680//680 770//770 679//679
f 679//679 770//770 769//769
f 682//682 771//771 680//680
f 680//680 771//771 770//770
f 771//771 682//682 683//683
f 772//772 771//771 683//683
f 685//685 773//773 774//774
f 686//686 685//685 774//774
f 761//761 685//685 671//671
f 773//773 685//685 761//761
f 683//683 775//775 772//772
f 687//687 775//775 683//683
f 688//688 776//776 687//687
f 687//687 776//776 775//775
f 689//689 777//777 688//688
f 688//688 777//777 776//776
f 690//690 778//778 689//689
f 689//689 778//778 777//777
f 691//691 779//779 690//690
f 690//690 779//779 778//778
f 692//692 780//780 691//691
f 691//691 780//780 779//779
f 694//694 781//781 692//692
f 692//692 781//781 780//780
f 695//695 782//782 694//694
f 694//694 782//782 781//781
f 774//774 695//695 686//686
f 782//782 695//695 774//774
f 703//703 702//702 783//783
f 703//703 783//783 705//705
f 710//710 709//709 784//784
f 710//710 785//785 711//711
f 784//784 785//785 710//710
f 711//711 786//786 712//712
f 785//785 786//786 711//711
f 712//712 787//787 713//713
f 786//786 787//787 712//712
f 713//713 788//788 714//714
f 787//787 788//788 713//713
f 714//714 789//789 715//715
f 788//788 789//789 714//714
f 715//715 790//790 716//716
f 789//789 790//790 715//715
f 791//791 716//716 790//790
f 791//791 792//792 716//716
f 792//792 717//717 716//716
f 783//783 702//702 717//717
f 783//783 717//717 793//793
f 793//793 717//717 792//792
f 705//705 783//783 793//793
f 705//705 793//793 718//718
f 718//718 793//793 794//794
f 719//719 718//718 795//795
f 718//718 794//794 795//795
f 720//720 719//719 796//796
f 719//719 795//795 796//796
f 797//797 796//796 798//798
f 797//797 721//721 796//796
f 721//721 720//720 796//796
f 721//721 797//797 722//722
f 725//725 799//799 800//800
f 724//724 799//799 725//725
f 784//784 709//709 725//725
f 784//784 725//725 801//801
f 801//801 725//725 800//800
f 785//785 784//784 801//801
f 802//802 785//785 801//801
f 786//786 785//785 802//802
f 803//803 786//786 802//802
f 787//787 786//786 803//803
f 804//804 787//787 803//803
f 788//788 787//787 804//804
f 805//805 788//788 804//804
f 789//789 788//788 805//805
f 806//806 789//789 805//805
f 790//790 789//789 806//806
f 807//807 790//790 806//806
f 791//791 790//790 807//807
f 797//797 798//798 808//808
f 722//722 797//797 808//808
f 722//722 808//808 726//726
f 726//726 808//808 809//809
f 809//809 727//727 726//726
f 810//810 727//727 809//809
f 729//729 811//811 812//812
f 728//728 811//811 729//729
f 799//799 724//724 729//729
f 812//812 799//799 729//729
f 727//727 810//810 813//813
f 730//730 727//727 813//813
f 813//813 732//732 730//730
f 814//814 732//732 813//813
f 734//734 815//815 816//816
f 733//733 815//815 734//734
f 811//811 728//728 734//734
f 816//816 811//811 734//734
f 732//732 814//814 735//735
f 814//814 817//817 735//735
f 733//733 736//736 815//815
f 815//815 736//736 818//818
f 735//735 817//817 737//737
f 817//817 819//819 737//737
f 736//736 738//738 818//818
f 818//818 738//738 820//820
f 737//737 819//819 739//739
f 819//819 821//821 739//739
f 822//822 823//823 824//824
f 822//822 824//824 820//820
f 822//822 820//820 740//740
f 740//740 820//820 738//738
f 825//825 826//826 741//741
f 825//825 741//741 821//821
f 821//821 741//741 739//739
f 825//825 827//827 826//826
f 828//828 823//823 822//822
f 829//829 823//823 828//828
f 740//740 742//742 828//828
f 822//822 740//740 828//828
f 741//741 826//826 743//743
f 826//826 745//745 743//743
f 826//826 827//827 745//745
f 827//827 830//830 745//745
f 748//748 829//829 828//828
f 748//748 747//747 829//829
f 747//747 831//831 829//829
f 742//742 748//748 828//828
f 745//745 830//830 749//749
f 830//830 832//832 749//749
f 747//747 751//751 831//831
f 831//831 751//751 833//833
f 749//749 832//832 752//752
f 832//832 834//834 752//752
f 751//751 754//754 833//833
f 833//833 754//754 835//835
f 752//752 834//834 755//755
f 834//834 836//836 755//755
f 754//754 757//757 835//835
f 835//835 757//757 837//837
f 755//755 836//836 758//758
f 836//836 838//838 758//758
f 839//839 757//757 759//759
f 839//839 840//840 757//757
f 840//840 837//837 757//757
f 759//759 760//760 839//839
f 841//841 842//842 843//843
f 841//841 838//838 842//842
f 841//841 761//761 838//838
f 761//761 758//758 838//838
f 839//839 844//844 840//840
f 845//845 846//846 844//844
f 762//762 845//845 844//844
f 762//762 844//844 839//839
f 762//762 839//839 760//760
f 762//762 763//763 847//847
f 845//845 762//762 847//847
f 763//763 764//764 848//848
f 847//847 763//763 848//848
f 849//849 848//848 764//764
f 849//849 764//764 850//850
f 850//850 764//764 765//765
f 766//766 851//851 765//765
f 765//765 851//851 850//850
f 767//767 852//852 766//766
f 766//766 852//852 851//851
f 768//768 853//853 767//767
f 767//767 853//853 852//852
f 769//769 854//854 768//768
f 768//768 854//854 853//853
f 770//770 855//855 769//769
f 769//769 855//855 854//854
f 856//856 857//857 855//855
f 856//856 855//855 771//771
f 771//771 855//855 770//770
f 771//771 772//772 856//856
f 773//773 841//841 843//843
f 773//773 843//843 774//774
f 774//774 843//843 858//858
f 761//761 841//841 773//773
f 845//845 859//859 846//846
f 847//847 859//859 845//845
f 860//860 859//859 847//847
f 848//848 860//860 847//847
f 861//861 860//860 848//848
f 849//849 861//861 848//848
f 856//856 862//862 857//857
f 772//772 862//862 856//856
f 772//772 775//775 862//862
f 775//775 863//863 862//862
f 776//776 864//864 775//775
f 775//775 864//864 863//863
f 777//777 865//865 776//776
f 776//776 865//865 864//864
f 778//778 866//866 777//777
f 777//777 866//866 865//865
f 779//779 867//867 778//778
f 778//778 867//867 866//866
f 780//780 868//868 779//779
f 779//779 868//868 867//867
f 781//781 869//869 780//780
f 780//780 869//869 868//868
f 782//782 870//870 781//781
f 781//781 870//870 869//869
f 858//858 782//782 774//774
f 870//870 782//782 858//858
f 792//792 791//791 871//871
f 792//792 872//872 793//793
f 871//871 872//872 792//792
f 873//873 793//793 872//872
f 873//873 874//874 793//793
f 874//874 794//794 793//793
f 795//795 794//794 875//875
f 794//794 874//874 875//875
f 876//876 875//875 877//877
f 876//876 796//796 875//875
f 796//796 795//795 875//875
f 796//796 876//876 798//798
f 800//800 878//878 879//879
f 799//799 878//878 800//800
f 801//801 800//800 880//880
f 800//800 879//879 880//880
f 802//802 801//801 881//881
f 801//801 880//880 881//881
f 803//803 802//802 882//882
f 802//802 881//881 882//882
f 804//804 803//803 883//883
f 803//803 882//882 883//883
f 805//805 804//804 884//884
f 804//804 883//883 884//884
f 806//806 805//805 885//885
f 805//805 884//884 885//885
f 807//807 806//806 886//886
f 806//806 885//885 886//886
f 871//871 791//791 807//807
f 871//871 807//807 887//887
f 887//887 807//807 886//886
f 872//872 871//871 887//887
f 888//888 872//872 887//887
f 873//873 872//872 888//888
f 876//876 877//877 889//889
f 798//798 876//876 889//889
f 798//798 889//889 808//808
f 808//808 889//889 890//890
f 809//809 808//808 891//891
f 808//808 890//890 891//891
f 891//891 810//810 809//809
f 892//892 810//810 891//891
f 893//893 894//894 895//895
f 893//893 812//812 811//811
f 893//893 895//895 812//812
f 895//895 896//896 812//812
f 878//878 799//799 812//812
f 896//896 878//878 812//812
f 810//810 892//892 897//897
f 813//813 810//810 897//897
f 897//897 814//814 813//813
f 898//898 814//814 897//897
f 816//816 894//894 893//893
f 816//816 815//815 894//894
f 815//815 899//899 894//894
f 811//811 816//816 893//893
f 814//814 898//898 817//817
f 898//898 900//900 817//817
f 815//815 818//818 899//899
f 899//899 818//818 901//901
f 817//817 900//900 819//819
f 900//900 902//902 819//819
f 903//903 904//904 905//905
f 903//903 905//905 901//901
f 903//903 901//901 820//820
f 820//820 901//901 818//818
f 819//819 902//902 821//821
f 902//902 906//906 821//821
f 824//824 904//904 903//903
f 824//824 823//823 904//904
f 823//823 907//907 904//904
f 820//820 824//824 903//903
f 821//821 906//906 908//908
f 825//825 821//821 908//908
f 908//908 827//827 825//825
f 909//909 827//827 908//908
f 823//823 829//829 907//907
f 907//907 829//829 910//910
f 827//827 909//909 830//830
f 909//909 911//911 830//830
f 829//829 831//831 910//910
f 910//910 831//831 912//912
f 830//830 911//911 832//832
f 911//911 913//913 832//832
f 831//831 833//833 912//912
f 912//912 833//833 914//914
f 832//832 913//913 834//834
f 913//913 915//915 834//834
f 833//833 835//835 914//914
f 914//914 835//835 916//916
f 834//834 915//915 836//836
f 915//915 917//917 836//836
f 835//835 837//837 916//916
f 916//916 837//837 918//918
f 919//919 920//920 921//921
f 919//919 917//917 920//920
f 919//919 838//838 917//917
f 838//838 836//836 917//917
f 837//837 840//840 918//918
f 918//918 840//840 922//922
f 842//842 919//919 921//921
f 842//842 921//921 843//843
f 843//843 921//921 923//923
f 838//838 919//919 842//842
f 840//840 924//924 922//922
f 844//844 924//924 840//840
f 924//924 844//844 846//846
f 925//925 924//924 846//846
f 850//850 926//926 849//849
f 850//850 851//851 927//927
f 926//926 850//850 927//927
f 928//928 927//927 851//851
f 928//928 851//851 929//929
f 929//929 851//851 852//852
f 853//853 930//930 852//852
f 852//852 930//930 929//929
f 854//854 931//931 853//853
f 853//853 931//931 930//930
f 932//932 933//933 931//931
f 932//932 931//931 855//855
f 855//855 931//931 854//854
f 855//855 857//857 932//932
f 934//934 935//935 936//936
f 934//934 923//923 935//935
f 934//934 858//858 923//923
f 858//858 843//843 923//923
f 846//846 937//937 925//925
f 859//859 937//937 846//846
f 860//860 938//938 859//859
f 859//859 938//938 937//937
f 861//861 939//939 860//860
f 860//860 939//939 938//938
f 926//926 861//861 849//849
f 926//926 940//940 861//861
f 940//940 939//939 861//861
f 927//927 940//940 926//926
f 941//941 940//940 927//927
f 928//928 941//941 927//927
f 932//932 942//942 933//933
f 857//857 942//942 932//932
f 857//857 862//862 942//942
f 862//862 943//943 942//942
f 863//863 944//944 862//862
f 862//862 944//944 943//943
f 864//864 945//945 863//863
f 863//863 945//945 944//944
f 865//865 946//946 864//864
f 864//864 946//946 945//945
f 866//866 947//947 865//865
f 865//865 947//947 946//946
f 867//867 948//948 866//866
f 866//866 948//948 947//947
f 868//868 949//949 867//867
f 867//867 949//949 948//948
f 869//869 950//950 868//868
f 868//868 950//950 949//949
f 936//936 870//870 934//934
f 936//936 950//950 870//870
f 950//950 869//869 870//870
f 858//858 934//934 870//870
f 874//874 873//873 951//951
f 874//874 952//952 875//875
f 951//951 952//952 874//874
f 875//875 952//952 877//877
f 879//879 953//953 954//954
f 878//878 953//953 879//879
f 880//880 879//879 955//955
f 879//879 954//954 955//955
f 881//881 880//880 956//956
f 880//880 955//955 956//956
f 882//882 881//881 957//957
f 881//881 956//956 957//957
f 883//883 882//882 958//958
f 882//882 957//957 958//958
f 884//884 883//883 959//959
f 883//883 958//958 959//959
f 885//885 884//884 960//960
f 884//884 959//959 960//960
f 886//886 885//885 961//961
f 885//885 960//960 961//961
f 887//887 886//886 962//962
f 886//886 961//961 962//962
f 888//888 887//887 963//963
f 887//887 962//962 963//963
f 951//951 873//873 888//888
f 951//951 888//888 964//964
f 964//964 888//888 963//963
f 952//952 951//951 964//964
f 965//965 952//952 964//964
f 877//877 952//952 965//965
f 877//877 965//965 889//889
f 889//889 965//965 966//966
f 890//890 889//889 967//967
f 889//889 966//966 967//967
f 891//891 890//890 968//968
f 890//890 967//967 968//968
f 968//968 892//892 891//891
f 969//969 892//892 968//968
f 895//895 894//894 970//970
f 971//971 895//895 970//970
f 971//971 972//972 895//895
f 972//972 896//896 895//895
f 953//953 878//878 896//896
f 972//972 953//953 896//896
f 892//892 969//969 973//973
f 897//897 892//892 973//973
f 973//973 898//898 897//897
f 974//974 898//898 973//973
f 970//970 975//975 976//976
f 970//970 894//894 975//975
f 894//894 899//899 975//975
f 971//971 970//970 976//976
f 898//898 974//974 900//900
f 974//974 977//977 900//900
f 899//899 901//901 975//975
f 975//975 901//901 978//978
f 900//900 977//977 902//902
f 977//977 979//979 902//902
f 905//905 980//980 981//981
f 904//904 980//980 905//905
f 978//978 901//901 905//905
f 981//981 978//978 905//905
f 982//982 983//983 906//906
f 982//982 906//906 979//979
f 979//979 906//906 902//902
f 982//982 984//984 983//983
f 904//904 907//907 980//980
f 980//980 907//907 985//985
f 906//906 983//983 908//908
f 983//983 909//909 908//908
f 983//983 984//984 909//909
f 984//984 986//986 909//909
f 907//907 910//910 985//985
f 985//985 910//910 987//987
f 909//909 986//986 911//911
f 986//986 988//988 911//911
f 910//910 912//912 987//987
f 987//987 912//912 989//989
f 911//911 988//988 913//913
f 988//988 990//990 913//913
f 912//912 914//914 989//989
f 989//989 914//914 991//991
f 913//913 990//990 915//915
f 990//990 992//992 915//915
f 914//914 916//916 991//991
f 991//991 916//916 993//993
f 994//994 995//995 996//996
f 994//994 992//992 995//995
f 994//994 917//917 992//992
f 917//917 915//915 992//992
f 916//916 918//918 993//993
f 993//993 918//918 997//997
f 920//920 994//994 996//996
f 920//920 996//996 921//921
f 921//921 996//996 998//998
f 917//917 994//994 920//920
f 918//918 922//922 997//997
f 997//997 922//922 999//999
f 921//921 998//998 923//923
f 998//998 1000//1000 923//923
f 1001//1001 922//922 924//924
f 1001//1001 1002//1002 922//922
f 1002//1002 999//999 922//922
f 924//924 925//925 1001//1001
f 929//929 1003//1003 928//928
f 929//929 930//930 1004//1004
f 1003//1003 929//929 1004//1004
f 930//930 931//931 1005//1005
f 1004//1004 930//930 1005//1005
f 931//931 933//933 1005//1005
f 935//935 1006//1006 1007//1007
f 936//936 935//935 1007//1007
f 1000//1000 935//935 923//923
f 1006//1006 935//935 1000//1000
f 1001//1001 1008//1008 1002//1002
f 925//925 1008//1008 1001//1001
f 925//925 937//937 1008//1008
f 937//937 1009//1009 1008//1008
f 938//938 1010//1010 937//937
f 937//937 1010//1010 1009//1009
f 939//939 1011//1011 938//938
f 938//938 1011//1011 1010//1010
f 940//940 1012//1012 939//939
f 939//939 1012//1012 1011//1011
f 941//941 1013//1013 940//940
f 940//940 1013//1013 1012//1012
f 1003//1003 941//941 928//928
f 1003//1003 1014//1014 941//941
f 1014//1014 1013//1013 941//941
f 1004//1004 1014//1014 1003//1003
f 1015//1015 1014//1014 1004//1004
f 1005//1005 1015//1015 1004//1004
f 1016//1016 1015//1015 1005//1005
f 933//933 1016//1016 1005//1005
f 933//933 942//942 1016//1016
f 942//942 1017//1017 1016//1016
f 943//943 1018//1018 942//942
f 942//942 1018//1018 1017//1017
f 944//944 1019//1019 943//943
f 943//943 1019//1019 1018//1018
f 945//945 1020//1020 944//944
f 944//944 1020//1020 1019//1019
f 946//946 1021//1021 945//945
f 945//945 1021//1021 1020//1020
f 947//947 1022//1022 946//946
f 946//946 1022//1022 1021//1021
f 948//948 1023//1023 947//947
f 947//947 1023//1023 1022//1022
f 949//949 1024//1024 948//948
f 948//948 1024//1024 1023//1023
f 950//950 1025//1025 949//949
f 949//949 1025//1025 1024//1024
f 1007//1007 950//950 936//936
f 1025//1025 950//950 1007//1007
f 1026//1026 1027//1027 1028//1028
f 1028//1028 1029//1029 1026//1026
f 954//954 1030//1030 1031//1031
f 953//953 1030//1030 954//954
f 955//955 954//954 1032//1032
f 954//954 1031//1031 1032//1032
f 956//956 955//955 1033//1033
f 955//955 1032//1032 1033//1033
f 957//957 956//956 1034//1034
f 956//956 1033//1033 1034//1034
f 958//958 957//957 1035//1035
f 957//957 1034//1034 1035//1035
f 959//959 958//958 1036//1036
f 958//958 1035//1035 1036//1036
f 960//960 959//959 1037//1037
f 959//959 1036//1036 1037//1037
f 961//961 960//960 1038//1038
f 960//960 1037//1037 1038//1038
f 962//962 961//961 1039//1039
f 961//961 1038//1038 1039//1039
f 963//963 962//962 1040//1040
f 962//962 1039//1039 1040//1040
f 964//964 963//963 1041//1041
f 963//963 1040//1040 1041//1041
f 1027//1027 1026//1026 965//965
f 1027//1027 965//965 1041//1041
f 1041//1041 965//965 964//964
f 1026//1026 1029//1029 1042//1042
f 1026//1026 1042//1042 965//965
f 965//965 1042//1042 966//966
f 967//967 966//966 1043//1043
f 966//966 1042//1042 1043//1043
f 968//968 967//967 1044//1044
f 967//967 1043//1043 1044//1044
f 1044//1044 969//969 968//968
f 1045//1045 969//969 1044//1044
f 972//972 1046//1046 1047//1047
f 971//971 1046//1046 972//972
f 1030//1030 953//953 972//972
f 1047//1047 1030//1030 972//972
f 969//969 1045//1045 1048//1048
f 973//973 969//969 1048//1048
f 1048//1048 974//974 973//973
f 1049//1049 974//974 1048//1048
f 976//976 1050//1050 1051//1051
f 975//975 1050//1050 976//976
f 1046//1046 971//971 976//976
f 1051//1051 1046//1046 976//976
f 974//974 1049//1049 977//977
f 1049//1049 1052//1052 977//977
f 975//975 978//978 1050//1050
f 1050//1050 978//978 1053//1053
f 977//977 1052//1052 979//979
f 1052//1052 1054//1054 979//979
f 981//981 1055//1055 1056//1056
f 980//980 1055//1055 981//981
f 1053//1053 978//978 981//981
f 1056//1056 1053//1053 981//981
f 1057//1057 982//982 979//979
f 1057//1057 979//979 1058//1058
f 1058//1058 979//979 1054//1054
f 982//982 1057//1057 984//984
f 980//980 985//985 1055//1055
f 1055//1055 985//985 1059//1059
f 1057//1057 1058//1058 1060//1060
f 1060//1060 984//984 1057//1057
f 1060//1060 1061//1061 984//984
f 1061//1061 986//986 984//984
f 985//985 987//987 1059//1059
f 1059//1059 987//987 1062//1062
f 986//986 1061//1061 988//988
f 1061//1061 1063//1063 988//988
f 987//987 989//989 1062//1062
f 1062//1062 989//989 1064//1064
f 988//988 1063//1063 990//990
f 1063//1063 1065//1065 990//990
f 989//989 991//991 1064//1064
f 1064//1064 991//991 1066//1066
f 1067//1067 1068//1068 1069//1069
f 1067//1067 1065//1065 1068//1068
f 1067//1067 992//992 1065//1065
f 992//992 990//990 1065//1065
f 991//991 993//993 1066//1066
f 1066//1066 993//993 1070//1070
f 995//995 1067//1067 1069//1069
f 995//995 1069//1069 996//996
f 996//996 1069//1069 1071//1071
f 992//992 1067//1067 995//995
f 993//993 997//997 1070//1070
f 1070//1070 997//997 1072//1072
f 996//996 1071//1071 998//998
f 1071//1071 1073//1073 998//998
f 997//997 999//999 1072//1072
f 1072//1072 999//999 1074//1074
f 998//998 1073//1073 1000//1000
f 1073//1073 1075//1075 1000//1000
f 999//999 1002//1002 1074//1074
f 1074//1074 1002//1002 1076//1076
f 1077//1077 1078//1078 1079//1079
f 1077//1077 1007//1007 1006//1006
f 1077//1077 1006//1006 1078//1078
f 1078//1078 1006//1006 1080//1080
f 1075//1075 1006//1006 1000//1000
f 1080//1080 1006//1006 1075//1075
f 1002//1002 1081//1081 1076//1076
f 1008//1008 1081//1081 1002//1002
f 1009//1009 1082//1082 1008//1008
f 1008//1008 1082//1082 1081//1081
f 1010//1010 1083//1083 1009//1009
f 1009//1009 1083//1083 1082//1082
f 1011//1011 1084//1084 1010//1010
f 1010//1010 1084//1084 1083//1083
f 1012//1012 1085//1085 1011//1011
f 1011//1011 1085//1085 1084//1084
f 1013//1013 1086//1086 1012//1012
f 1012//1012 1086//1086 1085//1085
f 1014//1014 1087//1087 1013//1013
f 1013//1013 1087//1087 1086//1086
f 1015//1015 1088//1088 1014//1014
f 1014//1014 1088//1088 1087//1087
f 1016//1016 1089//1089 1015//1015
f 1015//1015 1089//1089 1088//1088
f 1017//1017 1090//1090 1016//1016
f 1016//1016 1090//1090 1089//1089
f 1018//1018 1091//1091 1017//1017
f 1017//1017 1091//1091 1090//1090
f 1019//1019 1092//1092 1018//1018
f 1018//1018 1092//1092 1091//1091
f 1020//1020 1093//1093 1019//1019
f 1019//1019 1093//1093 1092//1092
f 1021//1021 1094//1094 1020//1020
f 1020//1020 1094//1094 1093//1093
f 1022//1022 1095//1095 1021//1021
f 1021//1021 1095//1095 1094//1094
f 1023//1023 1096//1096 1022//1022
f 1022//1022 1096//1096 1095//1095
f 1024//1024 1097//1097 1023//1023
f 1023//1023 1097//1097 1096//1096
f 1079//1079 1025//1025 1077//1077
f 1079//1079 1097//1097 1025//1025
f 1097//1097 1024//1024 1025//1025
f 1007//1007 1077//1077 1025//1025
f 1028//1028 1098//1098 1099//1099
f 1027//1027 1098//1098 1028//1028
f 1029//1029 1100//1100 1101//1101
f 1029//1029 1028//1028 1100//1100
f 1028//1028 1099//1099 1100//1100
f 1100//1100 1102//1102 1101//1101
f 1031//1031 1103//1103 1104//1104
f 1030//1030 1103//1103 1031//1031
f 1032//1032 1031//1031 1105//1105
f 1031//1031 1104//1104 1105//1105
f 1033//1033 1032//1032 1106//1106
f 1032//1032 1105//1105 1106//1106
f 1034//1034 1033//1033 1107//1107
f 1033//1033 1106//1106 1107//1107
f 1035//1035 1034//1034 1108//1108
f 1034//1034 1107//1107 1108//1108
f 1036//1036 1035//1035 1109//1109
f 1035//1035 1108//1108 1109//1109
f 1037//1037 1036//1036 1110//1110
f 1036//1036 1109//1109 1110//1110
f 1038//1038 1037//1037 1111//1111
f 1037//1037 1110//1110 1111//1111
f 1039//1039 1038//1038 1112//1112
f 1038//1038 1111//1111 1112//1112
f 1040//1040 1039//1039 1113//1113
f 1039//1039 1112//1112 1113//1113
f 1041//1041 1040//1040 1114//1114
f 1040//1040 1113//1113 1114//1114
f 1098//1098 1027//1027 1041//1041
f 1114//1114 1098//1098 1041//1041
f 1029//1029 1101//1101 1042//1042
f 1101//1101 1102//1102 1115//1115
f 1101//1101 1115//1115 1042//1042
f 1042//1042 1115//1115 1043//1043
f 1044//1044 1043//1043 1116//1116
f 1043//1043 1115//1115 1116//1116
f 1116//1116 1045//1045 1044//1044
f 1117//1117 1045//1045 1116//1116
f 1047//1047 1118//1118 1119//1119
f 1046//1046 1118//1118 1047//1047
f 1103//1103 1030//1030 1047//1047
f 1119//1119 1103//1103 1047//1047
f 1045//1045 1117//1117 1120//1120
f 1048//1048 1045//1045 1120//1120
f 1120//1120 1049//1049 1048//1048
f 1121//1121 1049//1049 1120//1120
f 1051//1051 1122//1122 1123//1123
f 1050//1050 1122//1122 1051//1051
f 1118//1118 1046//1046 1051//1051
f 1123//1123 1118//1118 1051//1051
f 1049//1049 1121//1121 1052//1052
f 1121//1121 1124//1124 1052//1052
f 1050//1050 1053//1053 1122//1122
f 1122//1122 1053//1053 1125//1125
f 1052//1052 1124//1124 1054//1054
f 1124//1124 1126//1126 1054//1054
f 1056//1056 1127//1127 1128//1128
f 1055//1055 1127//1127 1056//1056
f 1125//1125 1053//1053 1056//1056
f 1128//1128 1125//1125 1056//1056
f 1054//1054 1126//1126 1058//1058
f 1126//1126 1129//1129 1058//1058
f 1055//1055 1059//1059 1127//1127
f 1127//1127 1059//1059 1130//1130
f 1058//1058 1129//1129 1131//1131
f 1060//1060 1058//1058 1131//1131
f 1131//1131 1061//1061 1060//1060
f 1132//1132 1061//1061 1131//1131
f 1059//1059 1062//1062 1130//1130
f 1130//1130 1062//1062 1133//1133
f 1061//1061 1132//1132 1063//1063
f 1132//1132 1134//1134 1063//1063
f 1062//1062 1064//1064 1133//1133
f 1133//1133 1064//1064 1135//1135
f 1063//1063 1134//1134 1065//1065
f 1134//1134 1136//1136 1065//1065
f 1064//1064 1066//1066 1135//1135
f 1135//1135 1066//1066 1137//1137
f 1068//1068 1138//1138 1139//1139
f 1069//1069 1068//1068 1139//1139
f 1136//1136 1068//1068 1065//1065
f 1138//1138 1068//1068 1136//1136
f 1066//1066 1070//1070 1137//1137
f 1137//1137 1070//1070 1140//1140
f 1069//1069 1139//1139 1071//1071
f 1139//1139 1141//1141 1071//1071
f 1070//1070 1072//1072 1140//1140
f 1140//1140 1072//1072 1142//1142
f 1071//1071 1141//1141 1073//1073
f 1141//1141 1143//1143 1073//1073
f 1072//1072 1074//1074 1142//1142
f 1142//1142 1074//1074 1144//1144
f 1145//1145 1146//1146 1147//1147
f 1145//1145 1143//1143 1146//1146
f 1145//1145 1075//1075 1143//1143
f 1075//1075 1073//1073 1143//1143
f 1074//1074 1076//1076 1144//1144
f 1144//1144 1076//1076 1148//1148
f 1078//1078 1149//1149 1150//1150
f 1079//1079 1078//1078 1150//1150
f 1147//1147 1080//1080 1145//1145
f 1147//1147 1149//1149 1080//1080
f 1149//1149 1078//1078 1080//1080
f 1075//1075 1145//1145 1080//1080
f 1076//1076 1151//1151 1148//1148
f 1081//1081 1151//1151 1076//1076
f 1082//1082 1152//1152 1081//1081
f 1081//1081 1152//1152 1151//1151
f 1083//1083 1153//1153 1082//1082
f 1082//1082 1153//1153 1152//1152
f 1084//1084 1154//1154 1083//1083
f 1083//1083 1154//1154 1153//1153
f 1085//1085 1155//1155 1084//1084
f 1084//1084 1155//1155 1154//1154
f 1086//1086 1156//1156 1085//1085
f 1085//1085 1156//1156 1155//1155
f 1087//1087 1157//1157 1086//1086
f 1086//1086 1157//1157 1156//1156
f 1088//1088 1158//1158 1087//1087
f 1087//1087 1158//1158 1157//1157
f 1089//1089 1159//1159 1088//1088
f 1088//1088 1159//1159 1158//1158
f 1090//1090 1160//1160 1089//1089
f 1089//1089 1160//1160 1159//1159
f 1091//1091 1161//1161 1090//1090
f 1090//1090 1161//1161 1160//1160
f 1092//1092 1162//1162 1091//1091
f 1091//1091 1162//1162 1161//1161
f 1093//1093 1163//1163 1092//1092
f 1092//1092 1163//1163 1162//1162
f 1094//1094 1164//1164 1093//1093
f 1093//1093 1164//1164 1163//1163
f 1095//1095 1165//1165 1094//1094
f 1094//1094 1165//1165 1164//1164
f 1096//1096 1166//1166 1095//1095
f 1095//1095 1166//1166 1165//1165
f 1097//1097 1167//1167 1096//1096
f 1096//1096 1167//1167 1166//1166
f 1150//1150 1097//1097 1079//1079
f 1167//1167 1097//1097 1150//1150
f 1168//1168 1169//1169 1170//1170
f 1168//1168 1099//1099 1098//1098
f 1168//1168 1170//1170 1099//1099
f 1170//1170 1171//1171 1099//1099
f 1100//1100 1099//1099 1172//1172
f 1099//1099 1171//1171 1172//1172
f 1102//1102 1173//1173 1174//1174
f 1102//1102 1100//1100 1173//1173
f 1100//1100 1172//1172 1173//1173
f 1173//1173 1175//1175 1174//1174
f 1104//1104 1176//1176 1177//1177
f 1103//1103 1176//1176 1104//1104
f 1105//1105 1104//1104 1178//1178
f 1104//1104 1177//1177 1178//1178
f 1106//1106 1105//1105 1179//1179
f 1105//1105 1178//1178 1179//1179
f 1107//1107 1106//1106 1180//1180
f 1106//1106 1179//1179 1180//1180
f 1108//1108 1107//1107 1181//1181
f 1107//1107 1180//1180 1181//1181
f 1109//1109 1108//1108 1182//1182
f 1108//1108 1181//1181 1182//1182
f 1110//1110 1109//1109 1183//1183
f 1109//1109 1182//1182 1183//1183
f 1111//1111 1110//1110 1184//1184
f 1110//1110 1183//1183 1184//1184
f 1112//1112 1111//1111 1185//1185
f 1111//1111 1184//1184 1185//1185
f 1113//1113 1112//1112 1186//1186
f 1112//1112 1185//1185 1186//1186
f 1169//1169 1168//1168 1114//1114
f 1169//1169 1114//1114 1186//1186
f 1186//1186 1114//1114 1113//1113
f 1098//1098 1114//1114 1168//1168
f 1102//1102 1174//1174 1115//1115
f 1174//1174 1175//1175 1187//1187
f 1174//1174 1187//1187 1115//1115
f 1115//1115 1187//1187 1116//1116
f 1187//1187 1117//1117 1116//1116
f 1188//1188 1117//1117 1187//1187
f 1119//1119 1189//1189 1190//1190
f 1118//1118 1189//1189 1119//1119
f 1176//1176 1103//1103 1119//1119
f 1190//1190 1176//1176 1119//1119
f 1117//1117 1188//1188 1191//1191
f 1120//1120 1117//1117 1191//1191
f 1191//1191 1121//1121 1120//1120
f 1192//1192 1121//1121 1191//1191
f 1123//1123 1193//1193 1194//1194
f 1122//1122 1193//1193 1123//1123
f 1189//1189 1118//1118 1123//1123
f 1194//1194 1189//1189 1123//1123
f 1121//1121 1192//1192 1124//1124
f 1192//1192 1195//1195 1124//1124
f 1122//1122 1125//1125 1193//1193
f 1193//1193 1125//1125 1196//1196
f 1124//1124 1195//1195 1126//1126
f 1195//1195 1197//1197 1126//1126
f 1128//1128 1198//1198 1199//1199
f 1127//1127 1198//1198 1128//1128
f 1196//1196 1125//1125 1128//1128
f 1199//1199 1196//1196 1128//1128
f 1126//1126 1197//1197 1129//1129
f 1197//1197 1200//1200 1129//1129
f 1127//1127 1130//1130 1198//1198
f 1198//1198 1130//1130 1201//1201
f 1202//1202 1131//1131 1129//1129
f 1202//1202 1129//1129 1203//1203
f 1203//1203 1129//1129 1200//1200
f 1131//1131 1202//1202 1132//1132
f 1130//1130 1133//1133 1201//1201
f 1201//1201 1133//1133 1204//1204
f 1202//1202 1203//1203 1205//1205
f 1205//1205 1132//1132 1202//1202
f 1205//1205 1206//1206 1132//1132
f 1206//1206 1134//1134 1132//1132
f 1133//1133 1135//1135 1204//1204
f 1204//1204 1135//1135 1207//1207
f 1208//1208 1209//1209 1210//1210
f 1208//1208 1206//1206 1209//1209
f 1208//1208 1136//1136 1206//1206
f 1136//1136 1134//1134 1206//1206
f 1135//1135 1137//1137 1207//1207
f 1207//1207 1137//1137 1211//1211
f 1138//1138 1208//1208 1210//1210
f 1138//1138 1210//1210 1139//1139
f 1139//1139 1210//1210 1212//1212
f 1136//1136 1208//1208 1138//1138
f 1137//1137 1140//1140 1211//1211
f 1211//1211 1140//1140 1213//1213
f 1139//1139 1212//1212 1141//1141
f 1212//1212 1214//1214 1141//1141
f 1140//1140 1142//1142 1213//1213
f 1213//1213 1142//1142 1215//1215
f 1141//1141 1214//1214 1143//1143
f 1214//1214 1216//1216 1143//1143
f 1142//1142 1144//1144 1215//1215
f 1215//1215 1144//1144 1217//1217
f 1146//1146 1218//1218 1219//1219
f 1147//1147 1146//1146 1219//1219
f 1216//1216 1146//1146 1143//1143
f 1218//1218 1146//1146 1216//1216
f 1144//1144 1148//1148 1217//1217
f 1217//1217 1148//1148 1220//1220
f 1149//1149 1221//1221 1222//1222
f 1150//1150 1149//1149 1222//1222
f 1219//1219 1149//1149 1147//1147
f 1221//1221 1149//1149 1219//1219
f 1148//1148 1223//1223 1220//1220
f 1151//1151 1223//1223 1148//1148
f 1152//1152 1224//1224 1151//1151
f 1151//1151 1224//1224 1223//1223
f 1153//1153 1225//1225 1152//1152
f 1152//1152 1225//1225 1224//1224
f 1154//1154 1226//1226 1153//1153
f 1153//1153 1226//1226 1225//1225
f 1155//1155 1227//1227 1154//1154
f 1154//1154 1227//1227 1226//1226
f 1156//1156 1228//1228 1155//1155
f 1155//1155 1228//1228 1227//1227
f 1157//1157 1229//1229 1156//1156
f 1156//1156 1229//1229 1228//1228
f 1158//1158 1230//1230 1157//1157
f 1157//1157 1230//1230 1229//1229
f 1159//1159 1231//1231 1158//1158
f 1158//1158 1231//1231 1230//1230
f 1160//1160 1232//1232 1159//1159
f 1159//1159 1232//1232 1231//1231
f 1161//1161 1233//1233 1160//1160
f 1160//1160 1233//1233 1232//1232
f 1162//1162 1234//1234 1161//1161
f 1161//1161 1234//1234 1233//1233
f 1163//1163 1235//1235 1162//1162
f 1162//1162 1235//1235 1234//1234
f 1164//1164 1236//1236 1163//1163
f 1163//1163 1236//1236 1235//1235
f 1165//1165 1237//1237 1164//1164
f 1164//1164 1237//1237 1236//1236
f 1166//1166 1238//1238 1165//1165
f 1165//1165 1238//1238 1237//1237
f 1167//1167 1239//1239 1166//1166
f 1166//1166 1239//1239 1238//1238
f 1222//1222 1167//1167 1150//1150
f 1239//1239 1167//1167 1222//1222
f 1240//1240 1241//1241 1242//1242
f 1240//1240 1170//1170 1169//1169
f 1240//1240 1242//1242 1170//1170
f 1242//1242 1243//1243 1170//1170
f 1171//1171 1170//1170 1244//1244
f 1170//1170 1243//1243 1244//1244
f 1172//1172 1171//1171 1245//1245
f 1171//1171 1244//1244 1245//1245
f 1173//1173 1172//1172 1246//1246
f 1172//1172 1245//1245 1246//1246
f 1175//1175 1247//1247 1248//1248
f 1175//1175 1173//1173 1247//1247
f 1173//1173 1246//1246 1247//1247
f 1247//1247 1249//1249 1248//1248
f 1250//1250 1251//1251 1252//1252
f 1250//1250 1177//1177 1176//1176
f 1250//1250 1252//1252 1177//1177
f 1252//1252 1253//1253 1177//1177
f 1178//1178 1177//1177 1254//1254
f 1177//1177 1253//1253 1254//1254
f 1179//1179 1178//1178 1255//1255
f 1178//1178 1254//1254 1255//1255
f 1180//1180 1179//1179 1256//1256
f 1179//1179 1255//1255 1256//1256
f 1181//1181 1180//1180 1257//1257
f 1180//1180 1256//1256 1257//1257
f 1182//1182 1181//1181 1258//1258
f 1181//1181 1257//1257 1258//1258
f 1183//1183 1182//1182 1259//1259
f 1182//1182 1258//1258 1259//1259
f 1184//1184 1183//1183 1260//1260
f 1183//1183 1259//1259 1260//1260
f 1185//1185 1184//1184 1261//1261
f 1184//1184 1260//1260 1261//1261
f 1241//1241 1240//1240 1186//1186
f 1241//1241 1186//1186 1261//1261
f 1261//1261 1186//1186 1185//1185
f 1169//1169 1186//1186 1240//1240
f 1175//1175 1248//1248 1187//1187
f 1188//1188 1262//1262 1263//1263
f 1187//1187 1262//1262 1188//1188
f 1187//1187 1249//1249 1262//1262
f 1187//1187 1248//1248 1249//1249
f 1262//1262 1264//1264 1263//1263
f 1265//1265 1266//1266 1267//1267
f 1251//1251 1265//1265 1267//1267
f 1250//1250 1265//1265 1251//1251
f 1250//1250 1189//1189 1265//1265
f 1250//1250 1190//1190 1189//1189
f 1176//1176 1190//1190 1250//1250
f 1188//1188 1263//1263 1191//1191
f 1263//1263 1192//1192 1191//1191
f 1263//1263 1264//1264 1192//1192
f 1264//1264 1268//1268 1192//1192
f 1194//1194 1266//1266 1265//1265
f 1194//1194 1193//1193 1266//1266
f 1193//1193 1269//1269 1266//1266
f 1189//1189 1194//1194 1265//1265
f 1192//1192 1268//1268 1195//1195
f 1268//1268 1270//1270 1195//1195
f 1193//1193 1196//1196 1269//1269
f 1269//1269 1196//1196 1271//1271
f 1195//1195 1270//1270 1197//1197
f 1270//1270 1272//1272 1197//1197
f 1199//1199 1273//1273 1274//1274
f 1198//1198 1273//1273 1199//1199
f 1271//1271 1196//1196 1199//1199
f 1274//1274 1271//1271 1199//1199
f 1197//1197 1272//1272 1200//1200
f 1272//1272 1275//1275 1200//1200
f 1198//1198 1201//1201 1273//1273
f 1273//1273 1201//1201 1276//1276
f 1277//1277 1278//1278 1203//1203
f 1277//1277 1203//1203 1275//1275
f 1275//1275 1203//1203 1200//1200
f 1277//1277 1279//1279 1278//1278
f 1201//1201 1204//1204 1276//1276
f 1276//1276 1204//1204 1280//1280
f 1203//1203 1278//1278 1205//1205
f 1278//1278 1206//1206 1205//1205
f 1278//1278 1279//1279 1206//1206
f 1279//1279 1281//1281 1206//1206
f 1204//1204 1207//1207 1280//1280
f 1280//1280 1207//1207 1282//1282
f 1209//1209 1283//1283 1284//1284
f 1210//1210 1209//1209 1284//1284
f 1281//1281 1209//1209 1206//1206
f 1283//1283 1209//1209 1281//1281
f 1207//1207 1211//1211 1282//1282
f 1282//1282 1211//1211 1285//1285
f 1210//1210 1284//1284 1212//1212
f 1284//1284 1286//1286 1212//1212
f 1211//1211 1213//1213 1285//1285
f 1285//1285 1213//1213 1287//1287
f 1212//1212 1286//1286 1214//1214
f 1286//1286 1288//1288 1214//1214
f 1213//1213 1215//1215 1287//1287
f 1287//1287 1215//1215 1289//1289
f 1214//1214 1288//1288 1216//1216
f 1288//1288 1290//1290 1216//1216
f 1215//1215 1217//1217 1289//1289
f 1289//1289 1217//1217 1291//1291
f 1218//1218 1292//1292 1293//1293
f 1219//1219 1218//1218 1293//1293
f 1290//1290 1218//1218 1216//1216
f 1292//1292 1218//1218 1290//1290
f 1217//1217 1220//1220 1291//1291
f 1291//1291 1220//1220 1294//1294
f 1295//1295 1296//1296 1297//1297
f 1295//1295 1222//1222 1221//1221
f 1295//1295 1221//1221 1296//1296
f 1296//1296 1221//1221 1298//1298
f 1293//1293 1221//1221 1219//1219
f 1298//1298 1221//1221 1293//1293
f 1220//1220 1299//1299 1294//1294
f 1223//1223 1299//1299 1220//1220
f 1224//1224 1300//1300 1223//1223
f 1223//1223 1300//1300 1299//1299
f 1225//1225 1301//1301 1224//1224
f 1224//1224 1301//1301 1300//1300
f 1226//1226 1302//1302 1225//1225
f 1225//1225 1302//1302 1301//1301
f 1227//1227 1303//1303 1226//1226
f 1226//1226 1303//1303 1302//1302
f 1228//1228 1304//1304 1227//1227
f 1227//1227 1304//1304 1303//1303
f 1229//1229 1305//1305 1228//1228
f 1228//1228 1305//1305 1304//1304
f 1230//1230 1306//1306 1229//1229
f 1229//1229 1306//1306 1305//1305
f 1231//1231 1307//1307 1230//1230
f 1230//1230 1307//1307 1306//1306
f 1232//1232 1308//1308 1231//1231
f 1231//1231 1308//1308 1307//1307
f 1233//1233 1309//1309 1232//1232
f 1232//1232 1309//1309 1308//1308
f 1234//1234 1310//1310 1233//1233
f 1233//1233 1310//1310 1309//1309
f 1235//1235 1311//1311 1234//1234
f 1234//1234 1311//1311 1310//1310
f 1236//1236 1312//1312 1235//1235
f 1235//1235 1312//1312 1311//1311
f 1237//1237 1313//1313 1236//1236
f 1236//1236 1313//1313 1312//1312
f 1238//1238 1314//1314 1237//1237
f 1237//1237 1314//1314 1313//1313
f 1297//1297 1239//1239 1295//1295
f 1297//1297 1314//1314 1239//1239
f 1314//1314 1238//1238 1239//1239
f 1222//1222 1295//1295 1239//1239
f 1315//1315 1316//1316 1317//1317
f 1315//1315 1318//1318 1319//1319
f 1317//1317 1318//1318 1315//1315
f 1318//1318 1320//1320 1319//1319
f 1321//1321 1322//1322 1323//1323
f 1321//1321 1324//1324 1325//1325
f 1323//1323 1324//1324 1321//1321
f 1325//1325 1326//1326 1327//1327
f 1324//1324 1326//1326 1325//1325
f 1327//1327 1328//1328 1329//1329
f 1326//1326 1328//1328 1327//1327
f 1329//1329 1330//1330 1331//1331
f 1328//1328 1330//1330 1329//1329
f 1331//1331 1332//1332 1333//1333
f 1330//1330 1332//1332 1331//1331
f 1332//1332 1334//1334 1333//1333
f 1335//1335 1336//1336 1337//1337
f 1335//1335 1338//1338 1339//1339
f 1337//1337 1338//1338 1335//1335
f 1339//1339 1242//1242 1241//1241
f 1339//1339 1338//1338 1242//1242
f 1338//1338 1340//1340 1242//1242
f 1243//1243 1242//1242 1341//1341
f 1242//1242 1340//1340 1341//1341
f 1244//1244 1243//1243 1342//1342
f 1243//1243 1341//1341 1342//1342
f 1316//1316 1315//1315 1245//1245
f 1316//1316 1245//1245 1342//1342
f 1342//1342 1245//1245 1244//1244
f 1246//1246 1245//1245 1315//1315
f 1319//1319 1246//1246 1315//1315
f 1319//1319 1320//1320 1343//1343
f 1319//1319 1343//1343 1246//1246
f 1246//1246 1343//1343 1247//1247
f 1249//1249 1344//1344 1345//1345
f 1249//1249 1247//1247 1344//1344
f 1247//1247 1343//1343 1344//1344
f 1344//1344 1346//1346 1345//1345
f 1252//1252 1347//1347 1348//1348
f 1251//1251 1347//1347 1252//1252
f 1322//1322 1321//1321 1253//1253
f 1322//1322 1253//1253 1348//1348
f 1348//1348 1253//1253 1252//1252
f 1254//1254 1253//1253 1321//1321
f 1325//1325 1254//1254 1321//1321
f 1255//1255 1254//1254 1325//1325
f 1327//1327 1255//1255 1325//1325
f 1256//1256 1255//1255 1327//1327
f 1329//1329 1256//1256 1327//1327
f 1257//1257 1256//1256 1329//1329
f 1331//1331 1257//1257 1329//1329
f 1258//1258 1257//1257 1331//1331
f 1333//1333 1258//1258 1331//1331
f 1333//1333 1334//1334 1349//1349
f 1333//1333 1349//1349 1258//1258
f 1258//1258 1349//1349 1259//1259
f 1336//1336 1335//1335 1260//1260
f 1336//1336 1260//1260 1349//1349
f 1349//1349 1260//1260 1259//1259
f 1261//1261 1260//1260 1335//1335
f 1339//1339 1261//1261 1335//1335
f 1241//1241 1261//1261 1339//1339
f 1249//1249 1345//1345 1262//1262
f 1345//1345 1264//1264 1262//1262
f 1345//1345 1346//1346 1264//1264
f 1346//1346 1350//1350 1264//1264
f 1267//1267 1351//1351 1352//1352
f 1266//1266 1351//1351 1267//1267
f 1347//1347 1251//1251 1267//1267
f 1352//1352 1347//1347 1267//1267
f 1264//1264 1350//1350 1268//1268
f 1350//1350 1353//1353 1268//1268
f 1266//1266 1269//1269 1351//1351
f 1351//1351 1269//1269 1354//1354
f 1268//1268 1353//1353 1270//1270
f 1353//1353 1355//1355 1270//1270
f 1269//1269 1271//1271 1354//1354
f 1354//1354 1271//1271 1356//1356
f 1270//1270 1355//1355 1272//1272
f 1355//1355 1357//1357 1272//1272
f 1274//1274 1358//1358 1359//1359
f 1273//1273 1358//1358 1274//1274
f 1356//1356 1271//1271 1274//1274
f 1359//1359 1356//1356 1274//1274
f 1272//1272 1357//1357 1275//1275
f 1357//1357 1360//1360 1275//1275
f 1273//1273 1276//1276 1358//1358
f 1358//1358 1276//1276 1361//1361
f 1275//1275 1360//1360 1362//1362
f 1277//1277 1275//1275 1362//1362
f 1362//1362 1279//1279 1277//1277
f 1363//1363 1279//1279 1362//1362
f 1276//1276 1280//1280 1361//1361
f 1361//1361 1280//1280 1364//1364
f 1279//1279 1363//1363 1281//1281
f 1363//1363 1365//1365 1281//1281
f 1280//1280 1282//1282 1364//1364
f 1364//1364 1282//1282 1366//1366
f 1283//1283 1367//1367 1368//1368
f 1284//1284 1283//1283 1368//1368
f 1365//1365 1283//1283 1281//1281
f 1367//1367 1283//1283 1365//1365
f 1282//1282 1285//1285 1366//1366
f 1366//1366 1285//1285 1369//1369
f 1284//1284 1368//1368 1286//1286
f 1368//1368 1370//1370 1286//1286
f 1285//1285 1287//1287 1369//1369
f 1369//1369 1287//1287 1371//1371
f 1286//1286 1370//1370 1288//1288
f 1370//1370 1372//1372 1288//1288
f 1287//1287 1289//1289 1371//1371
f 1371//1371 1289//1289 1373//1373
f 1288//1288 1372//1372 1290//1290
f 1372//1372 1374//1374 1290//1290
f 1289//1289 1291//1291 1373//1373
f 1373//1373 1291//1291 1375//1375
f 1292//1292 1376//1376 1377//1377
f 1293//1293 1292//1292 1377//1377
f 1374//1374 1292//1292 1290//1290
f 1376//1376 1292//1292 1374//1374
f 1291//1291 1294//1294 1375//1375
f 1375//1375 1294//1294 1378//1378
f 1379//1379 1380//1380 1381//1381
f 1379//1379 1297//1297 1296//1296
f 1379//1379 1296//1296 1380//1380
f 1380//1380 1296//1296 1382//1382
f 1298//1298 1383//1383 1296//1296
f 1296//1296 1383//1383 1382//1382
f 1377//1377 1298//1298 1293//1293
f 1383//1383 1298//1298 1377//1377
f 1294//1294 1384//1384 1378//1378
f 1299//1299 1384//1384 1294//1294
f 1300//1300 1385//1385 1299//1299
f 1299//1299 1385//1385 1384//1384
f 1301//1301 1386//1386 1300//1300
f 1300//1300 1386//1386 1385//1385
f 1302//1302 1387//1387 1301//1301
f 1301//1301 1387//1387 1386//1386
f 1303//1303 1388//1388 1302//1302
f 1302//1302 1388//1388 1387//1387
f 1304//1304 1389//1389 1303//1303
f 1303//1303 1389//1389 1388//1388
f 1305//1305 1390//1390 1304//1304
f 1304//1304 1390//1390 1389//1389
f 1306//1306 1391//1391 1305//1305
f 1305//1305 1391//1391 1390//1390
f 1307//1307 1392//1392 1306//1306
f 1306//1306 1392//1392 1391//1391
f 1308//1308 1393//1393 1307//1307
f 1307//1307 1393//1393 1392//1392
f 1309//1309 1394//1394 1308//1308
f 1308//1308 1394//1394 1393//1393
f 1310//1310 1395//1395 1309//1309
f 1309//1309 1395//1395 1394//1394
f 1311//1311 1396//1396 1310//1310
f 1310//1310 1396//1396 1395//1395
f 1312//1312 1397//1397 1311//1311
f 1311//1311 1397//1397 1396//1396
f 1313//1313 1398//1398 1312//1312
f 1312//1312 1398//1398 1397//1397
f 1381//1381 1314//1314 1379//1379
f 1381//1381 1398//1398 1314//1314
f 1398//1398 1313//1313 1314//1314
f 1297//1297 1379//1379 1314//1314
f 1399//1399 1400//1400 1401//1401
f 1399//1399 1402//1402 1403//1403
f 1401//1401 1402//1402 1399//1399
f 1403//1403 1317//1317 1316//1316
f 1403//1403 1402//1402 1317//1317
f 1402//1402 1404//1404 1317//1317
f 1318//1318 1317//1317 1405//1405
f 1317//1317 1404//1404 1405//1405
f 1320//1320 1406//1406 1407//1407
f 1320//1320 1318//1318 1406//1406
f 1318//1318 1405//1405 1406//1406
f 1406//1406 1408//1408 1407//1407
f 1323//1323 1409//1409 1410//1410
f 1322//1322 1409//1409 1323//1323
f 1324//1324 1323//1323 1411//1411
f 1323//1323 1410//1410 1411//1411
f 1326//1326 1324//1324 1412//1412
f 1324//1324 1411//1411 1412//1412
f 1328//1328 1326//1326 1413//1413
f 1326//1326 1412//1412 1413//1413
f 1330//1330 1328//1328 1414//1414
f 1328//1328 1413//1413 1414//1414
f 1332//1332 1330//1330 1415//1415
f 1330//1330 1414//1414 1415//1415
f 1334//1334 1416//1416 1417//1417
f 1334//1334 1332//1332 1416//1416
f 1332//1332 1415//1415 1416//1416
f 1417//1417 1337//1337 1336//1336
f 1417//1417 1416//1416 1337//1337
f 1416//1416 1418//1418 1337//1337
f 1338//1338 1337//1337 1419//1419
f 1337//1337 1418//1418 1419//1419
f 1340//1340 1338//1338 1420//1420
f 1338//1338 1419//1419 1420//1420
f 1400//1400 1399//1399 1341//1341
f 1400//1400 1341//1341 1420//1420
f 1420//1420 1341//1341 1340//1340
f 1342//1342 1341//1341 1399//1399
f 1403//1403 1342//1342 1399//1399
f 1316//1316 1342//1342 1403//1403
f 1320//1320 1407//1407 1343//1343
f 1407//1407 1408//1408 1421//1421
f 1407//1407 1421//1421 1343//1343
f 1343//1343 1421//1421 1344//1344
f 1421//1421 1346//1346 1344//1344
f 1422//1422 1346//1346 1421//1421
f 1348//1348 1423//1423 1424//1424
f 1347//1347 1423//1423 1348//1348
f 1409//1409 1322//1322 1348//1348
f 1424//1424 1409//1409 1348//1348
f 1334//1334 1417//1417 1349//1349
f 1336//1336 1349//1349 1417//1417
f 1346//1346 1422//1422 1350//1350
f 1422//1422 1425//1425 1350//1350
f 1352//1352 1426//1426 1427//1427
f 1351//1351 1426//1426 1352//1352
f 1423//1423 1347//1347 1352//1352
f 1427//1427 1423//1423 1352//1352
f 1350//1350 1425//1425 1353//1353
f 1425//1425 1428//1428 1353//1353
f 1351//1351 1354//1354 1426//1426
f 1426//1426 1354//1354 1429//1429
f 1430//1430 1431//1431 1355//1355
f 1430//1430 1355//1355 1428//1428
f 1428//1428 1355//1355 1353//1353
f 1430//1430 1432//1432 1431//1431
f 1354//1354 1356//1356 1429//1429
f 1429//1429 1356//1356 1433//1433
f 1431//1431 1434//1434 1357//1357
f 1355//1355 1431//1431 1357//1357
f 1435//1435 1431//1431 1432//1432
f 1434//1434 1431//1431 1435//1435
f 1359//1359 1436//1436 1437//1437
f 1358//1358 1436//1436 1359//1359
f 1433//1433 1356//1356 1359//1359
f 1437//1437 1433//1433 1359//1359
f 1434//1434 1438//1438 1360//1360
f 1357//1357 1434//1434 1360//1360
f 1439//1439 1434//1434 1435//1435
f 1438//1438 1434//1434 1439//1439
f 1358//1358 1361//1361 1436//1436
f 1436//1436 1361//1361 1440//1440
f 1360//1360 1438//1438 1362//1362
f 1438//1438 1363//1363 1362//1362
f 1438//1438 1439//1439 1363//1363
f 1439//1439 1441//1441 1363//1363
f 1361//1361 1364//1364 1440//1440
f 1440//1440 1364//1364 1442//1442
f 1363//1363 1441//1441 1365//1365
f 1441//1441 1443//1443 1365//1365
f 1364//1364 1366//1366 1442//1442
f 1442//1442 1366//1366 1444//1444
f 1367//1367 1445//1445 1446//1446
f 1368//1368 1367//1367 1446//1446
f 1443//1443 1367//1367 1365//1365
f 1445//1445 1367//1367 1443//1443
f 1366//1366 1369//1369 1444//1444
f 1444//1444 1369//1369 1447//1447
f 1368//1368 1446//1446 1370//1370
f 1446//1446 1448//1448 1370//1370
f 1369//1369 1371//1371 1447//1447
f 1447//1447 1371//1371 1449//1449
f 1370//1370 1448//1448 1372//1372
f 1448//1448 1450//1450 1372//1372
f 1371//1371 1373//1373 1449//1449
f 1449//1449 1373//1373 1451//1451
f 1372//1372 1450//1450 1374//1374
f 1450//1450 1452//1452 1374//1374
f 1373//1373 1375//1375 1451//1451
f 1451//1451 1375//1375 1453//1453
f 1376//1376 1454//1454 1455//1455
f 1377//1377 1376//1376 1455//1455
f 1452//1452 1376//1376 1374//1374
f 1454//1454 1376//1376 1452//1452
f 1375//1375 1378//1378 1453//1453
f 1453//1453 1378//1378 1456//1456
f 1380//1380 1457//1457 1458//1458
f 1381//1381 1380//1380 1458//1458
f 1382//1382 1459//1459 1380//1380
f 1380//1380 1459//1459 1457//1457
f 1383//1383 1460//1460 1382//1382
f 1382//1382 1460//1460 1459//1459
f 1455//1455 1383//1383 1377//1377
f 1460//1460 1383//1383 1455//1455
f 1378//1378 1461//1461 1456//1456
f 1384//1384 1461//1461 1378//1378
f 1385//1385 1462//1462 1384//1384
f 1384//1384 1462//1462 1461//1461
f 1386//1386 1463//1463 1385//1385
f 1385//1385 1463//1463 1462//1462
f 1387//1387 1464//1464 1386//1386
f 1386//1386 1464//1464 1463//1463
f 1388//1388 1465//1465 1387//1387
f 1387//1387 1465//1465 1464//1464
f 1389//1389 1466//1466 1388//1388
f 1388//1388 1466//1466 1465//1465
f 1390//1390 1467//1467 1389//1389
f 1389//1389 1467//1467 1466//1466
f 1391//1391 1468//1468 1390//1390
f 1390//1390 1468//1468 1467//1467
f 1392//1392 1469//1469 1391//1391
f 1391//1391 1469//1469 1468//1468
f 1393//1393 1470//1470 1392//1392
f 1392//1392 1470//1470 1469//1469
f 1394//1394 1471//1471 1393//1393
f 1393//1393 1471//1471 1470//1470
f 1395//1395 1472//1472 1394//1394
f 1394//1394 1472//1472 1471//1471
f 1396//1396 1473//1473 1395//1395
f 1395//1395 1473//1473 1472//1472
f 1397//1397 1474//1474 1396//1396
f 1396//1396 1474//1474 1473//1473
f 1398//1398 1475//1475 1397//1397
f 1397//1397 1475//1475 1474//1474
f 1458//1458 1398//1398 1381//1381
f 1475//1475 1398//1398 1458//1458
f 1476//1476 1477//1477 1478//1478
f 1476//1476 1401//1401 1400//1400
f 1476//1476 1478//1478 1401//1401
f 1478//1478 1479//1479 1401//1401
f 1402//1402 1401//1401 1480//1480
f 1401//1401 1479//1479 1480//1480
f 1404//1404 1402//1402 1481//1481
f 1402//1402 1480//1480 1481//1481
f 1405//1405 1404//1404 1482//1482
f 1404//1404 1481//1481 1482//1482
f 1406//1406 1405//1405 1483//1483
f 1405//1405 1482//1482 1483//1483
f 1408//1408 1484//1484 1485//1485
f 1408//1408 1406//1406 1484//1484
f 1406//1406 1483//1483 1484//1484
f 1484//1484 1486//1486 1485//1485
f 1410//1410 1487//1487 1488//1488
f 1409//1409 1487//1487 1410//1410
f 1411//1411 1410//1410 1489//1489
f 1410//1410 1488//1488 1489//1489
f 1412//1412 1411//1411 1490//1490
f 1411//1411 1489//1489 1490//1490
f 1413//1413 1412//1412 1491//1491
f 1412//1412 1490//1490 1491//1491
f 1414//1414 1413//1413 1492//1492
f 1413//1413 1491//1491 1492//1492
f 1415//1415 1414//1414 1493//1493
f 1414//1414 1492//1492 1493//1493
f 1416//1416 1415//1415 1494//1494
f 1415//1415 1493//1493 1494//1494
f 1418//1418 1416//1416 1495//1495
f 1416//1416 1494//1494 1495//1495
f 1419//1419 1418//1418 1496//1496
f 1418//1418 1495//1495 1496//1496
f 1477//1477 1476//1476 1420//1420
f 1477//1477 1420//1420 1496//1496
f 1496//1496 1420//1420 1419//1419
f 1400//1400 1420//1420 1476//1476
f 1408//1408 1485//1485 1421//1421
f 1485//1485 1422//1422 1421//1421
f 1485//1485 1486//1486 1422//1422
f 1486//1486 1497//1497 1422//1422
f 1424//1424 1498//1498 1499//1499
f 1423//1423 1498//1498 1424//1424
f 1487//1487 1409//1409 1424//1424
f 1499//1499 1487//1487 1424//1424
f 1422//1422 1497//1497 1425//1425
f 1497//1497 1500//1500 1425//1425
f 1427//1427 1501//1501 1502//1502
f 1426//1426 1501//1501 1427//1427
f 1498//1498 1423//1423 1427//1427
f 1502//1502 1498//1498 1427//1427
f 1503//1503 1504//1504 1428//1428
f 1503//1503 1428//1428 1500//1500
f 1500//1500 1428//1428 1425//1425
f 1503//1503 1505//1505 1504//1504
f 1426//1426 1429//1429 1501//1501
f 1501//1501 1429//1429 1506//1506
f 1428//1428 1504//1504 1430//1430
f 1504//1504 1432//1432 1430//1430
f 1504//1504 1505//1505 1432//1432
f 1505//1505 1507//1507 1432//1432
f 1429//1429 1433//1433 1506//1506
f 1506//1506 1433//1433 1508//1508
f 1432//1432 1507//1507 1435//1435
f 1507//1507 1509//1509 1435//1435
f 1437//1437 1510//1510 1511//1511
f 1436//1436 1510//1510 1437//1437
f 1508//1508 1433//1433 1437//1437
f 1511//1511 1508//1508 1437//1437
f 1435//1435 1509//1509 1439//1439
f 1509//1509 1512//1512 1439//1439
f 1436//1436 1440//1440 1510//1510
f 1510//1510 1440//1440 1513//1513
f 1439//1439 1512//1512 1441//1441
f 1512//1512 1514//1514 1441//1441
f 1440//1440 1442//1442 1513//1513
f 1513//1513 1442//1442 1515//1515
f 1441//1441 1514//1514 1443//1443
f 1514//1514 1516//1516 1443//1443
f 1442//1442 1444//1444 1515//1515
f 1515//1515 1444//1444 1517//1517
f 1445//1445 1518//1518 1519//1519
f 1446//1446 1445//1445 1519//1519
f 1516//1516 1445//1445 1443//1443
f 1518//1518 1445//1445 1516//1516
f 1444//1444 1447//1447 1517//1517
f 1517//1517 1447//1447 1520//1520
f 1446//1446 1519//1519 1448//1448
f 1519//1519 1521//1521 1448//1448
f 1447//1447 1449//1449 1520//1520
f 1520//1520 1449//1449 1522//1522
f 1448//1448 1521//1521 1450//1450
f 1521//1521 1523//1523 1450//1450
f 1449//1449 1451//1451 1522//1522
f 1522//1522 1451//1451 1524//1524
f 1450//1450 1523//1523 1452//1452
f 1523//1523 1525//1525 1452//1452
f 1451//1451 1453//1453 1524//1524
f 1524//1524 1453//1453 1526//1526
f 1454//1454 1527//1527 1528//1528
f 1455//1455 1454//1454 1528//1528
f 1525//1525 1454//1454 1452//1452
f 1527//1527 1454//1454 1525//1525
f 1529//1529 1456//1456 1530//1530
f 1529//1529 1526//1526 1456//1456
f 1526//1526 1453//1453 1456//1456
f 1529//1529 1530//1530 1531//1531
f 1532//1532 1533//1533 1534//1534
f 1532//1532 1535//1535 1536//1536
f 1533//1533 1532//1532 1536//1536
f 1535//1535 1537//1537 1538//1538
f 1536//1536 1535//1535 1538//1538
f 1537//1537 1458//1458 1457//1457
f 1537//1537 1457//1457 1538//1538
f 1538//1538 1457//1457 1539//1539
f 1459//1459 1540//1540 1457//1457
f 1457//1457 1540//1540 1539//1539
f 1460//1460 1541//1541 1459//1459
f 1459//1459 1541//1541 1540//1540
f 1528//1528 1460//1460 1455//1455
f 1541//1541 1460//1460 1528//1528
f 1456//1456 1461//1461 1530//1530
f 1530//1530 1542//1542 1531//1531
f 1530//1530 1461//1461 1542//1542
f 1461//1461 1462//1462 1542//1542
f 1463//1463 1543//1543 1462//1462
f 1462//1462 1543//1543 1542//1542
f 1464//1464 1544//1544 1463//1463
f 1463//1463 1544//1544 1543//1543
f 1465//1465 1545//1545 1464//1464
f 1464//1464 1545//1545 1544//1544
f 1466//1466 1546//1546 1465//1465
f 1465//1465 1546//1546 1545//1545
f 1467//1467 1547//1547 1466//1466
f 1466//1466 1547//1547 1546//1546
f 1468//1468 1548//1548 1467//1467
f 1467//1467 1548//1548 1547//1547
f 1469//1469 1549//1549 1468//1468
f 1468//1468 1549//1549 1548//1548
f 1470//1470 1550//1550 1469//1469
f 1469//1469 1550//1550 1549//1549
f 1471//1471 1551//1551 1470//1470
f 1470//1470 1551//1551 1550//1550
f 1472//1472 1552//1552 1471//1471
f 1471//1471 1552//1552 1551//1551
f 1534//1534 1473//1473 1532//1532
f 1534//1534 1552//1552 1473//1473
f 1552//1552 1472//1472 1473//1473
f 1474//1474 1532//1532 1473//1473
f 1535//1535 1532//1532 1474//1474
f 1475//1475 1535//1535 1474//1474
f 1537//1537 1535//1535 1475//1475
f 1458//1458 1537//1537 1475//1475
f 1478//1478 1553//1553 1554//1554
f 1477//1477 1553//1553 1478//1478
f 1479//1479 1478//1478 1555//1555
f 1478//1478 1554//1554 1555//1555
f 1480//1480 1479//1479 1556//1556
f 1479//1479 1555//1555 1556//1556
f 1481//1481 1480//1480 1557//1557
f 1480//1480 1556//1556 1557//1557
f 1482//1482 1481//1481 1558//1558
f 1481//1481 1557//1557 1558//1558
f 1483//1483 1482//1482 1559//1559
f 1482//1482 1558//1558 1559//1559
f 1484//1484 1483//1483 1560//1560
f 1483//1483 1559//1559 1560//1560
f 1560//1560 1486//1486 1484//1484
f 1561//1561 1486//1486 1560//1560
f 1488//1488 1562//1562 1563//1563
f 1487//1487 1562//1562 1488//1488
f 1489//1489 1488//1488 1564//1564
f 1488//1488 1563//1563 1564//1564
f 1490//1490 1489//1489 1565//1565
f 1489//1489 1564//1564 1565//1565
f 1491//1491 1490//1490 1566//1566
f 1490//1490 1565//1565 1566//1566
f 1492//1492 1491//1491 1567//1567
f 1491//1491 1566//1566 1567//1567
f 1493//1493 1492//1492 1568//1568
f 1492//1492 1567//1567 1568//1568
f 1494//1494 1493//1493 1569//1569
f 1493//1493 1568//1568 1569//1569
f 1495//1495 1494//1494 1570//1570
f 1494//1494 1569//1569 1570//1570
f 1496//1496 1495//1495 1571//1571
f 1495//1495 1570//1570 1571//1571
f 1553//1553 1477//1477 1496//1496
f 1571//1571 1553//1553 1496//1496
f 1486//1486 1561//1561 1497//1497
f 1561//1561 1572//1572 1497//1497
f 1499//1499 1573//1573 1574//1574
f 1498//1498 1573//1573 1499//1499
f 1562//1562 1487//1487 1499//1499
f 1574//1574 1562//1562 1499//1499
f 1497//1497 1572//1572 1500//1500
f 1572//1572 1575//1575 1500//1500
f 1502//1502 1501//1501 1576//1576
f 1502//1502 1576//1576 1577//1577
f 1502//1502 1577//1577 1498//1498
f 1498//1498 1577//1577 1573//1573
f 1578//1578 1503//1503 1500//1500
f 1578//1578 1500//1500 1579//1579
f 1579//1579 1500//1500 1575//1575
f 1503//1503 1578//1578 1505//1505
f 1576//1576 1580//1580 1581//1581
f 1576//1576 1501//1501 1580//1580
f 1501//1501 1506//1506 1580//1580
f 1577//1577 1576//1576 1581//1581
f 1582//1582 1578//1578 1579//1579
f 1583//1583 1582//1582 1579//1579
f 1505//1505 1582//1582 1507//1507
f 1578//1578 1582//1582 1505//1505
f 1506//1506 1508//1508 1580//1580
f 1580//1580 1508//1508 1584//1584
f 1585//1585 1582//1582 1583//1583
f 1586//1586 1585//1585 1583//1583
f 1507//1507 1585//1585 1509//1509
f 1582//1582 1585//1585 1507//1507
f 1511//1511 1510//1510 1587//1587
f 1511//1511 1587//1587 1588//1588
f 1511//1511 1588//1588 1508//1508
f 1508//1508 1588//1588 1584//1584
f 1589//1589 1585//1585 1586//1586
f 1590//1590 1589//1589 1586//1586
f 1509//1509 1589//1589 1512//1512
f 1585//1585 1589//1589 1509//1509
f 1587//1587 1513//1513 1591//1591
f 1510//1510 1513//1513 1587//1587
f 1592//1592 1588//1588 1587//1587
f 1591//1591 1592//1592 1587//1587
f 1593//1593 1589//1589 1590//1590
f 1594//1594 1593//1593 1590//1590
f 1512//1512 1593//1593 1514//1514
f 1589//1589 1593//1593 1512//1512
f 1591//1591 1515//1515 1595//1595
f 1513//1513 1515//1515 1591//1591
f 1596//1596 1592//1592 1591//1591
f 1595//1595 1596//1596 1591//1591
f 1597//1597 1593//1593 1594//1594
f 1598//1598 1597//1597 1594//1594
f 1514//1514 1597//1597 1516//1516
f 1593//1593 1597//1597 1514//1514
f 1595//1595 1517//1517 1599//1599
f 1515//1515 1517//1517 1595//1595
f 1600//1600 1596//1596 1595//1595
f 1599//1599 1600//1600 1595//1595
f 1518//1518 1597//1597 1598//1598
f 1518//1518 1598//1598 1519//1519
f 1519//1519 1598//1598 1601//1601
f 1516//1516 1597//1597 1518//1518
f 1599//1599 1520//1520 1602//1602
f 1517//1517 1520//1520 1599//1599
f 1603//1603 1600//1600 1599//1599
f 1602//1602 1603//1603 1599//1599
f 1519//1519 1601//1601 1521//1521
f 1601//1601 1604//1604 1521//1521
f 1602//1602 1605//1605 1606//1606
f 1602//1602 1520//1520 1605//1605
f 1520//1520 1522//1522 1605//1605
f 1603//1603 1602//1602 1606//1606
f 1521//1521 1604//1604 1523//1523
f 1604//1604 1607//1607 1523//1523
f 1522//1522 1524//1524 1605//1605
f 1605//1605 1524//1524 1608//1608
f 1523//1523 1607//1607 1525//1525
f 1607//1607 1609//1609 1525//1525
f 1524//1524 1526//1526 1608//1608
f 1608//1608 1526//1526 1610//1610
f 1527//1527 1611//1611 1612//1612
f 1528//1528 1527//1527 1612//1612
f 1609//1609 1527//1527 1525//1525
f 1611//1611 1527//1527 1609//1609
f 1526//1526 1613//1613 1610//1610
f 1529//1529 1613//1613 1526//1526
f 1613//1613 1529//1529 1531//1531
f 1614//1614 1613//1613 1531//1531
f 1615//1615 1616//1616 1617//1617
f 1615//1615 1618//1618 1619//1619
f 1616//1616 1615//1615 1619//1619
f 1618//1618 1620//1620 1621//1621
f 1619//1619 1618//1618 1621//1621
f 1620//1620 1534//1534 1533//1533
f 1620//1620 1533//1533 1621//1621
f 1621//1621 1533//1533 1622//1622
f 1536//1536 1623//1623 1533//1533
f 1533//1533 1623//1623 1622//1622
f 1538//1538 1624//1624 1536//1536
f 1536//1536 1624//1624 1623//1623
f 1539//1539 1625//1625 1538//1538
f 1538//1538 1625//1625 1624//1624
f 1540//1540 1626//1626 1539//1539
f 1539//1539 1626//1626 1625//1625
f 1541//1541 1627//1627 1540//1540
f 1540//1540 1627//1627 1626//1626
f 1612//1612 1541//1541 1528//1528
f 1627//1627 1541//1541 1612//1612
f 1531//1531 1628//1628 1614//1614
f 1542//1542 1628//1628 1531//1531
f 1543//1543 1629//1629 1542//1542
f 1542//1542 1629//1629 1628//1628
f 1544//1544 1630//1630 1543//1543
f 1543//1543 1630//1630 1629//1629
f 1545//1545 1631//1631 1544//1544
f 1544//1544 1631//1631 1630//1630
f 1546//1546 1632//1632 1545//1545
f 1545//1545 1632//1632 1631//1631
f 1547//1547 1633//1633 1546//1546
f 1546//1546 1633//1633 1632//1632
f 1548//1548 1634//1634 1547//1547
f 1547//1547 1634//1634 1633//1633
f 1549//1549 1635//1635 1548//1548
f 1548//1548 1635//1635 1634//1634
f 1617//1617 1550//1550 1615//1615
f 1617//1617 1635//1635 1550//1550
f 1635//1635 1549//1549 1550//1550
f 1551//1551 1615//1615 1550//1550
f 1618//1618 1615//1615 1551//1551
f 1552//1552 1618//1618 1551//1551
f 1620//1620 1618//1618 1552//1552
f 1534//1534 1620//1620 1552//1552
f 1554//1554 1553//1553 1636//1636
f 1637//1637 1554//1554 1636//1636
f 1637//1637 1638//1638 1554//1554
f 1638//1638 1555//1555 1554//1554
f 1556//1556 1555//1555 1639//1639
f 1555//1555 1638//1638 1639//1639
f 1557//1557 1556//1556 1640//1640
f 1556//1556 1639//1639 1640//1640
f 1558//1558 1557//1557 1641//1641
f 1557//1557 1640//1640 1641//1641
f 1559//1559 1558//1558 1642//1642
f 1558//1558 1641//1641 1642//1642
f 1643//1643 1642//1642 1644//1644
f 1643//1643 1560//1560 1642//1642
f 1560//1560 1559//1559 1642//1642
f 1560//1560 1643//1643 1561//1561
f 1563//1563 1562//1562 1645//1645
f 1563//1563 1646//1646 1564//1564
f 1645//1645 1646//1646 1563//1563
f 1564//1564 1647//1647 1565//1565
f 1646//1646 1647//1647 1564//1564
f 1565//1565 1648//1648 1566//1566
f 1647//1647 1648//1648 1565//1565
f 1649//1649 1566//1566 1648//1648
f 1649//1649 1650//1650 1566//1566
f 1650//1650 1567//1567 1566//1566
f 1568//1568 1567//1567 1651//1651
f 1567//1567 1650//1650 1651//1651
f 1569//1569 1568//1568 1652//1652
f 1568//1568 1651//1651 1652//1652
f 1570//1570 1569//1569 1653//1653
f 1569//1569 1652//1652 1653//1653
f 1571//1571 1570//1570 1654//1654
f 1570//1570 1653//1653 1654//1654
f 1636//1636 1553//1553 1571//1571
f 1636//1636 1571//1571 1655//1655
f 1655//1655 1571//1571 1654//1654
f 1637//1637 1636//1636 1655//1655
f 1643//1643 1644//1644 1656//1656
f 1656//1656 1561//1561 1643//1643
f 1656//1656 1657//1657 1561//1561
f 1657//1657 1572//1572 1561//1561
f 1574//1574 1573//1573 1658//1658
f 1574//1574 1658//1658 1659//1659
f 1562//1562 1574//1574 1659//1659
f 1562//1562 1659//1659 1660//1660
f 1562//1562 1660//1660 1645//1645
f 1646//1646 1645//1645 1660//1660
f 1661//1661 1646//1646 1660//1660
f 1647//1647 1646//1646 1661//1661
f 1662//1662 1647//1647 1661//1661
f 1648//1648 1647//1647 1662//1662
f 1663//1663 1648//1648 1662//1662
f 1649//1649 1648//1648 1663//1663
f 1572//1572 1657//1657 1575//1575
f 1657//1657 1664//1664 1575//1575
f 1658//1658 1665//1665 1666//1666
f 1658//1658 1573//1573 1665//1665
f 1573//1573 1577//1577 1665//1665
f 1659//1659 1658//1658 1666//1666
f 1575//1575 1664//1664 1579//1579
f 1664//1664 1667//1667 1579//1579
f 1581//1581 1668//1668 1669//1669
f 1580//1580 1668//1668 1581//1581
f 1665//1665 1577//1577 1581//1581
f 1669//1669 1665//1665 1581//1581
f 1579//1579 1667//1667 1583//1583
f 1667//1667 1670//1670 1583//1583
f 1580//1580 1584//1584 1668//1668
f 1668//1668 1584//1584 1671//1671
f 1583//1583 1670//1670 1586//1586
f 1670//1670 1672//1672 1586//1586
f 1584//1584 1588//1588 1671//1671
f 1671//1671 1588//1588 1673//1673
f 1586//1586 1672//1672 1590//1590
f 1672//1672 1674//1674 1590//1590
f 1588//1588 1592//1592 1673//1673
f 1673//1673 1592//1592 1675//1675
f 1590//1590 1674//1674 1594//1594
f 1674//1674 1676//1676 1594//1594
f 1592//1592 1596//1596 1675//1675
f 1675//1675 1596//1596 1677//1677
f 1594//1594 1676//1676 1598//1598
f 1676//1676 1678//1678 1598//1598
f 1596//1596 1600//1600 1677//1677
f 1677//1677 1600//1600 1679//1679
f 1598//1598 1678//1678 1601//1601
f 1678//1678 1680//1680 1601//1601
f 1600//1600 1603//1603 1679//1679
f 1679//1679 1603//1603 1681//1681
f 1601//1601 1680//1680 1604//1604
f 1680//1680 1682//1682 1604//1604
f 1606//1606 1605//1605 1683//1683
f 1606//1606 1683//1683 1684//1684
f 1606//1606 1684//1684 1603//1603
f 1603//1603 1684//1684 1681//1681
f 1604//1604 1682//1682 1607//1607
f 1682//1682 1685//1685 1607//1607
f 1683//1683 1608//1608 1686//1686
f 1605//1605 1608//1608 1683//1683
f 1687//1687 1684//1684 1683//1683
f 1686//1686 1687//1687 1683//1683
f 1688//1688 1689//1689 1690//1690
f 1688//1688 1685//1685 1689//1689
f 1688//1688 1609//1609 1685//1685
f 1609//1609 1607//1607 1685//1685
f 1686//1686 1610//1610 1691//1691
f 1608//1608 1610//1610 1686//1686
f 1692//1692 1687//1687 1686//1686
f 1691//1691 1692//1692 1686//1686
f 1693//1693 1694//1694 1695//1695
f 1693//1693 1696//1696 1697//1697
f 1694//1694 1693//1693 1697//1697
f 1696//1696 1698//1698 1699//1699
f 1697//1697 1696//1696 1699//1699
f 1698//1698 1700//1700 1701//1701
f 1699//1699 1698//1698 1701//1701
f 1700//1700 1702//1702 1703//1703
f 1701//1701 1700//1700 1703//1703
f 1702//1702 1704//1704 1705//1705
f 1703//1703 1702//1702 1705//1705
f 1704//1704 1706//1706 1707//1707
f 1705//1705 1704//1704 1707//1707
f 1706//1706 1708//1708 1709//1709
f 1707//1707 1706//1706 1709//1709
f 1708//1708 1710//1710 1711//1711
f 1709//1709 1708//1708 1711//1711
f 1690//1690 1711//1711 1710//1710
f 1688//1688 1690//1690 1710//1710
f 1688//1688 1710//1710 1612//1612
f 1688//1688 1612//1612 1611//1611
f 1609//1609 1688//1688 1611//1611
f 1610//1610 1613//1613 1691//1691
f 1614//1614 1712//1712 1713//1713
f 1613//1613 1614//1614 1713//1713
f 1613//1613 1713//1713 1692//1692
f 1613//1613 1692//1692 1691//1691
f 1713//1713 1712//1712 1714//1714
f 1715//1715 1716//1716 1717//1717
f 1715//1715 1718//1718 1719//1719
f 1716//1716 1715//1715 1719//1719
f 1718//1718 1720//1720 1721//1721
f 1719//1719 1718//1718 1721//1721
f 1695//1695 1721//1721 1720//1720
f 1693//1693 1695//1695 1720//1720
f 1693//1693 1720//1720 1617//1617
f 1693//1693 1617//1617 1616//1616
f 1619//1619 1693//1693 1616//1616
f 1696//1696 1693//1693 1619//1619
f 1621//1621 1696//1696 1619//1619
f 1698//1698 1696//1696 1621//1621
f 1622//1622 1698//1698 1621//1621
f 1700//1700 1698//1698 1622//1622
f 1623//1623 1700//1700 1622//1622
f 1702//1702 1700//1700 1623//1623
f 1624//1624 1702//1702 1623//1623
f 1704//1704 1702//1702 1624//1624
f 1625//1625 1704//1704 1624//1624
f 1706//1706 1704//1704 1625//1625
f 1626//1626 1706//1706 1625//1625
f 1708//1708 1706//1706 1626//1626
f 1627//1627 1708//1708 1626//1626
f 1710//1710 1708//1708 1627//1627
f 1612//1612 1710//1710 1627//1627
f 1614//1614 1628//1628 1712//1712
f 1712//1712 1722//1722 1714//1714
f 1712//1712 1628//1628 1722//1722
f 1628//1628 1629//1629 1722//1722
f 1630//1630 1723//1723 1629//1629
f 1629//1629 1723//1723 1722//1722
f 1631//1631 1724//1724 1630//1630
f 1630//1630 1724//1724 1723//1723
f 1632//1632 1725//1725 1631//1631
f 1631//1631 1725//1725 1724//1724
f 1717//1717 1633//1633 1715//1715
f 1717//1717 1725//1725 1633//1633
f 1725//1725 1632//1632 1633//1633
f 1634//1634 1715//1715 1633//1633
f 1718//1718 1715//1715 1634//1634
f 1635//1635 1718//1718 1634//1634
f 1720//1720 1718//1718 1635//1635
f 1617//1617 1720//1720 1635//1635
f 1638//1638 1637//1637 1726//1726
f 1638//1638 1727//1727 1639//1639
f 1726//1726 1727//1727 1638//1638
f 1639//1639 1728//1728 1640//1640
f 1727//1727 1728//1728 1639//1639
f 1640//1640 1729//1729 1641//1641
f 1728//1728 1729//1729 1640//1640
f 1641//1641 1730//1730 1642//1642
f 1729//1729 1730//1730 1641//1641
f 1642//1642 1730//1730 1644//1644
f 1650//1650 1649//1649 1731//1731
f 1650//1650 1732//1732 1651//1651
f 1731//1731 1732//1732 1650//1650
f 1651//1651 1733//1733 1652//1652
f 1732//1732 1733//1733 1651//1651
f 1734//1734 1652//1652 1733//1733
f 1734//1734 1735//1735 1652//1652
f 1735//1735 1653//1653 1652//1652
f 1654//1654 1653//1653 1736//1736
f 1653//1653 1735//1735 1736//1736
f 1655//1655 1654//1654 1737//1737
f 1654//1654 1736//1736 1737//1737
f 1726//1726 1637//1637 1655//1655
f 1726//1726 1655//1655 1738//1738
f 1738//1738 1655//1655 1737//1737
f 1727//1727 1726//1726 1738//1738
f 1739//1739 1727//1727 1738//1738
f 1728//1728 1727//1727 1739//1739
f 1740//1740 1728//1728 1739//1739
f 1729//1729 1728//1728 1740//1740
f 1741//1741 1729//1729 1740//1740
f 1730//1730 1729//1729 1741//1741
f 1742//1742 1730//1730 1741//1741
f 1743//1743 1742//1742 1744//1744
f 1656//1656 1742//1742 1743//1743
f 1656//1656 1730//1730 1742//1742
f 1656//1656 1644//1644 1730//1730
f 1656//1656 1743//1743 1657//1657
f 1660//1660 1659//1659 1745//1745
f 1660//1660 1746//1746 1661//1661
f 1745//1745 1746//1746 1660//1660
f 1747//1747 1661//1661 1746//1746
f 1747//1747 1748//1748 1661//1661
f 1748//1748 1662//1662 1661//1661
f 1663//1663 1662//1662 1749//1749
f 1662//1662 1748//1748 1749//1749
f 1731//1731 1649//1649 1663//1663
f 1731//1731 1663//1663 1750//1750
f 1750//1750 1663//1663 1749//1749
f 1732//1732 1731//1731 1750//1750
f 1751//1751 1732//1732 1750//1750
f 1733//1733 1732//1732 1751//1751
f 1752//1752 1733//1733 1751//1751
f 1734//1734 1733//1733 1752//1752
f 1743//1743 1744//1744 1753//1753
f 1753//1753 1657//1657 1743//1743
f 1753//1753 1754//1754 1657//1657
f 1754//1754 1664//1664 1657//1657
f 1666//1666 1665//1665 1755//1755
f 1666//1666 1755//1755 1756//1756
f 1659//1659 1666//1666 1756//1756
f 1659//1659 1756//1756 1757//1757
f 1659//1659 1757//1757 1745//1745
f 1746//1746 1745//1745 1757//1757
f 1758//1758 1746//1746 1757//1757
f 1747//1747 1746//1746 1758//1758
f 1664//1664 1754//1754 1667//1667
f 1754//1754 1759//1759 1667//1667
f 1669//1669 1668//1668 1760//1760
f 1669//1669 1755//1755 1665//1665
f 1669//1669 1760//1760 1755//1755
f 1760//1760 1761//1761 1755//1755
f 1762//1762 1756//1756 1755//1755
f 1761//1761 1762//1762 1755//1755
f 1763//1763 1764//1764 1765//1765
f 1763//1763 1759//1759 1764//1764
f 1763//1763 1670//1670 1759//1759
f 1670//1670 1667//1667 1759//1759
f 1760//1760 1671//1671 1766//1766
f 1668//1668 1671//1671 1760//1760
f 1767//1767 1768//1768 1761//1761
f 1767//1767 1761//1761 1766//1766
f 1766//1766 1761//1761 1760//1760
f 1762//1762 1761//1761 1768//1768
f 1769//1769 1763//1763 1765//1765
f 1770//1770 1769//1769 1765//1765
f 1670//1670 1769//1769 1672//1672
f 1763//1763 1769//1769 1670//1670
f 1766//1766 1673//1673 1771//1771
f 1671//1671 1673//1673 1766//1766
f 1772//1772 1767//1767 1766//1766
f 1771//1771 1772//1772 1766//1766
f 1773//1773 1769//1769 1770//1770
f 1774//1774 1773//1773 1770//1770
f 1672//1672 1773//1773 1674//1674
f 1769//1769 1773//1773 1672//1672
f 1771//1771 1675//1675 1775//1775
f 1673//1673 1675//1675 1771//1771
f 1776//1776 1772//1772 1771//1771
f 1775//1775 1776//1776 1771//1771
f 1777//1777 1778//1778 1779//1779
f 1774//1774 1778//1778 1777//1777
f 1774//1774 1777//1777 1773//1773
f 1773//1773 1777//1777 1780//1780
f 1674//1674 1780//1780 1676//1676
f 1773//1773 1780//1780 1674//1674
f 1775//1775 1677//1677 1781//1781
f 1675//1675 1677//1677 1775//1775
f 1782//1782 1776//1776 1775//1775
f 1781//1781 1782//1782 1775//1775
f 1783//1783 1777//1777 1779//1779
f 1784//1784 1783//1783 1779//1779
f 1780//1780 1777//1777 1785//1785
f 1785//1785 1777//1777 1783//1783
f 1676//1676 1785//1785 1678//1678
f 1780//1780 1785//1785 1676//1676
f 1781//1781 1679//1679 1786//1786
f 1677//1677 1679//1679 1781//1781
f 1787//1787 1782//1782 1781//1781
f 1786//1786 1787//1787 1781//1781
f 1788//1788 1789//1789 1790//1790
f 1784//1784 1789//1789 1788//1788
f 1784//1784 1788//1788 1783//1783
f 1783//1783 1788//1788 1791//1791
f 1785//1785 1783//1783 1792//1792
f 1792//1792 1783//1783 1791//1791
f 1678//1678 1792//1792 1680//1680
f 1785//1785 1792//1792 1678//1678
f 1786//1786 1681//1681 1793//1793
f 1679//1679 1681//1681 1786//1786
f 1794//1794 1787//1787 1786//1786
f 1794//1794 1786//1786 1795//1795
f 1795//1795 1786//1786 1793//1793
f 1794//1794 1795//1795 1796//1796
f 1797//1797 1798//1798 1799//1799
f 1797//1797 1800//1800 1801//1801
f 1798//1798 1797//1797 1801//1801
f 1800//1800 1802//1802 1803//1803
f 1801//1801 1800//1800 1803//1803
f 1802//1802 1804//1804 1805//1805
f 1803//1803 1802//1802 1805//1805
f 1804//1804 1806//1806 1807//1807
f 1805//1805 1804//1804 1807//1807
f 1790//1790 1807//1807 1806//1806
f 1790//1790 1806//1806 1788//1788
f 1788//1788 1806//1806 1808//1808
f 1791//1791 1788//1788 1809//1809
f 1809//1809 1788//1788 1808//1808
f 1792//1792 1791//1791 1810//1810
f 1810//1810 1791//1791 1809//1809
f 1680//1680 1810//1810 1682//1682
f 1792//1792 1810//1810 1680//1680
f 1793//1793 1684//1684 1811//1811
f 1681//1681 1684//1684 1793//1793
f 1795//1795 1793//1793 1812//1812
f 1812//1812 1793//1793 1811//1811
f 1813//1813 1796//1796 1795//1795
f 1812//1812 1813//1813 1795//1795
f 1814//1814 1815//1815 1816//1816
f 1814//1814 1817//1817 1818//1818
f 1815//1815 1814//1814 1818//1818
f 1817//1817 1819//1819 1820//1820
f 1818//1818 1817//1817 1820//1820
f 1799//1799 1820//1820 1819//1819
f 1799//1799 1819//1819 1797//1797
f 1797//1797 1819//1819 1821//1821
f 1800//1800 1797//1797 1822//1822
f 1822//1822 1797//1797 1821//1821
f 1802//1802 1800//1800 1823//1823
f 1823//1823 1800//1800 1822//1822
f 1804//1804 1802//1802 1824//1824
f 1824//1824 1802//1802 1823//1823
f 1806//1806 1804//1804 1825//1825
f 1825//1825 1804//1804 1824//1824
f 1808//1808 1806//1806 1826//1826
f 1826//1826 1806//1806 1825//1825
f 1809//1809 1808//1808 1827//1827
f 1827//1827 1808//1808 1826//1826
f 1810//1810 1809//1809 1828//1828
f 1828//1828 1809//1809 1827//1827
f 1682//1682 1828//1828 1685//1685
f 1810//1810 1828//1828 1682//1682
f 1811//1811 1687//1687 1829//1829
f 1684//1684 1687//1687 1811//1811
f 1812//1812 1811//1811 1830//1830
f 1830//1830 1811//1811 1829//1829
f 1831//1831 1813//1813 1812//1812
f 1830//1830 1831//1831 1812//1812
f 1832//1832 1833//1833 1834//1834
f 1816//1816 1833//1833 1832//1832
f 1816//1816 1832//1832 1814//1814
f 1814//1814 1832//1832 1835//1835
f 1817//1817 1814//1814 1836//1836
f 1836//1836 1814//1814 1835//1835
f 1819//1819 1817//1817 1837//1837
f 1837//1837 1817//1817 1836//1836
f 1821//1821 1819//1819 1838//1838
f 1838//1838 1819//1819 1837//1837
f 1822//1822 1821//1821 1839//1839
f 1839//1839 1821//1821 1838//1838
f 1823//1823 1822//1822 1840//1840
f 1840//1840 1822//1822 1839//1839
f 1824//1824 1823//1823 1841//1841
f 1841//1841 1823//1823 1840//1840
f 1825//1825 1824//1824 1842//1842
f 1842//1842 1824//1824 1841//1841
f 1826//1826 1825//1825 1843//1843
f 1843//1843 1825//1825 1842//1842
f 1827//1827 1826//1826 1844//1844
f 1844//1844 1826//1826 1843//1843
f 1689//1689 1844//1844 1690//1690
f 1689//1689 1828//1828 1844//1844
f 1828//1828 1827//1827 1844//1844
f 1685//1685 1828//1828 1689//1689
f 1829//1829 1692//1692 1845//1845
f 1687//1687 1692//1692 1829//1829
f 1830//1830 1829//1829 1846//1846
f 1846//1846 1829//1829 1845//1845
f 1847//1847 1831//1831 1830//1830
f 1847//1847 1830//1830 1848//1848
f 1848//1848 1830//1830 1846//1846
f 1848//1848 1849//1849 1850//1850
f 1847//1847 1848//1848 1850//1850
f 1849//1849 1851//1851 1852//1852
f 1850//1850 1849//1849 1852//1852
f 1851//1851 1853//1853 1854//1854
f 1852//1852 1851//1851 1854//1854
f 1834//1834 1854//1854 1853//1853
f 1834//1834 1853//1853 1832//1832
f 1832//1832 1853//1853 1855//1855
f 1835//1835 1832//1832 1856//1856
f 1856//1856 1832//1832 1855//1855
f 1694//1694 1856//1856 1695//1695
f 1694//1694 1836//1836 1856//1856
f 1836//1836 1835//1835 1856//1856
f 1697//1697 1836//1836 1694//1694
f 1837//1837 1836//1836 1697//1697
f 1699//1699 1837//1837 1697//1697
f 1838//1838 1837//1837 1699//1699
f 1701//1701 1838//1838 1699//1699
f 1839//1839 1838//1838 1701//1701
f 1703//1703 1839//1839 1701//1701
f 1840//1840 1839//1839 1703//1703
f 1705//1705 1840//1840 1703//1703
f 1841//1841 1840//1840 1705//1705
f 1707//1707 1841//1841 1705//1705
f 1842//1842 1841//1841 1707//1707
f 1709//1709 1842//1842 1707//1707
f 1843//1843 1842//1842 1709//1709
f 1711//1711 1843//1843 1709//1709
f 1844//1844 1843//1843 1711//1711
f 1690//1690 1844//1844 1711//1711
f 1692//1692 1713//1713 1845//1845
f 1714//1714 1845//1845 1713//1713
f 1714//1714 1857//1857 1845//1845
f 1857//1857 1846//1846 1845//1845
f 1848//1848 1846//1846 1858//1858
f 1858//1858 1846//1846 1857//1857
f 1849//1849 1848//1848 1859//1859
f 1859//1859 1848//1848 1858//1858
f 1851//1851 1849//1849 1860//1860
f 1860//1860 1849//1849 1859//1859
f 1716//1716 1860//1860 1717//1717
f 1716//1716 1853//1853 1860//1860
f 1853//1853 1851//1851 1860//1860
f 1719//1719 1853//1853 1716//1716
f 1855//1855 1853//1853 1719//1719
f 1721//1721 1855//1855 1719//1719
f 1856//1856 1855//1855 1721//1721
f 1695//1695 1856//1856 1721//1721
f 1714//1714 1722//1722 1857//1857
f 1723//1723 1857//1857 1722//1722
f 1858//1858 1857//1857 1723//1723
f 1724//1724 1858//1858 1723//1723
f 1859//1859 1858//1858 1724//1724
f 1725//1725 1859//1859 1724//1724
f 1860//1860 1859//1859 1725//1725
f 1717//1717 1860//1860 1725//1725
f 1735//1735 1734//1734 1861//1861
f 1735//1735 1862//1862 1736//1736
f 1861//1861 1862//1862 1735//1735
f 1736//1736 1863//1863 1737//1737
f 1862//1862 1863//1863 1736//1736
f 1864//1864 1737//1737 1863//1863
f 1864//1864 1865//1865 1737//1737
f 1865//1865 1738//1738 1737//1737
f 1866//1866 1865//1865 1867//1867
f 1866//1866 1739//1739 1865//1865
f 1739//1739 1738//1738 1865//1865
f 1739//1739 1868//1868 1740//1740
f 1866//1866 1868//1868 1739//1739
f 1740//1740 1869//1869 1741//1741
f 1868//1868 1869//1869 1740//1740
f 1741//1741 1870//1870 1742//1742
f 1869//1869 1870//1870 1741//1741
f 1742//1742 1870//1870 1744//1744
f 1748//1748 1747//1747 1871//1871
f 1748//1748 1872//1872 1749//1749
f 1871//1871 1872//1872 1748//1748
f 1749//1749 1873//1873 1750//1750
f 1872//1872 1873//1873 1749//1749
f 1750//1750 1874//1874 1751//1751
f 1873//1873 1874//1874 1750//1750
f 1875//1875 1751//1751 1874//1874
f 1875//1875 1876//1876 1751//1751
f 1876//1876 1752//1752 1751//1751
f 1861//1861 1734//1734 1752//1752
f 1861//1861 1752//1752 1877//1877
f 1877//1877 1752//1752 1876//1876
f 1862//1862 1861//1861 1877//1877
f 1878//1878 1862//1862 1877//1877
f 1863//1863 1862//1862 1878//1878
f 1879//1879 1863//1863 1878//1878
f 1864//1864 1863//1863 1879//1879
f 1866//1866 1867//1867 1880//1880
f 1868//1868 1866//1866 1880//1880
f 1881//1881 1868//1868 1880//1880
f 1881//1881 1882//1882 1883//1883
f 1881//1881 1883//1883 1868//1868
f 1868//1868 1883//1883 1869//1869
f 1870//1870 1869//1869 1884//1884
f 1884//1884 1869//1869 1883//1883
f 1744//1744 1885//1885 1753//1753
f 1744//1744 1870//1870 1885//1885
f 1870//1870 1884//1884 1885//1885
f 1753//1753 1885//1885 1754//1754
f 1757//1757 1756//1756 1886//1886
f 1757//1757 1887//1887 1758//1758
f 1886//1886 1887//1887 1757//1757
f 1758//1758 1871//1871 1747//1747
f 1758//1758 1887//1887 1871//1871
f 1887//1887 1888//1888 1871//1871
f 1872//1872 1871//1871 1889//1889
f 1889//1889 1871//1871 1888//1888
f 1890//1890 1891//1891 1873//1873
f 1890//1890 1873//1873 1889//1889
f 1889//1889 1873//1873 1872//1872
f 1874//1874 1873//1873 1891//1891
f 1892//1892 1874//1874 1891//1891
f 1875//1875 1874//1874 1892//1892
f 1893//1893 1883//1883 1882//1882
f 1894//1894 1893//1893 1882//1882
f 1884//1884 1883//1883 1895//1895
f 1895//1895 1883//1883 1893//1893
f 1885//1885 1884//1884 1896//1896
f 1896//1896 1884//1884 1895//1895
f 1754//1754 1896//1896 1759//1759
f 1885//1885 1896//1896 1754//1754
f 1886//1886 1762//1762 1897//1897
f 1756//1756 1762//1762 1886//1886
f 1887//1887 1886//1886 1898//1898
f 1898//1898 1886//1886 1897//1897
f 1888//1888 1887//1887 1899//1899
f 1899//1899 1887//1887 1898//1898
f 1900//1900 1901//1901 1889//1889
f 1900//1900 1889//1889 1899//1899
f 1899//1899 1889//1889 1888//1888
f 1890//1890 1889//1889 1901//1901
f 1902//1902 1893//1893 1894//1894
f 1903//1903 1902//1902 1894//1894
f 1895//1895 1893//1893 1904//1904
f 1904//1904 1893//1893 1902//1902
f 1764//1764 1904//1904 1765//1765
f 1764//1764 1896//1896 1904//1904
f 1896//1896 1895//1895 1904//1904
f 1759//1759 1896//1896 1764//1764
f 1768//1768 1767//1767 1905//1905
f 1768//1768 1897//1897 1762//1762
f 1768//1768 1905//1905 1897//1897
f 1905//1905 1906//1906 1897//1897
f 1898//1898 1897//1897 1907//1907
f 1907//1907 1897//1897 1906//1906
f 1908//1908 1909//1909 1899//1899
f 1908//1908 1899//1899 1907//1907
f 1907//1907 1899//1899 1898//1898
f 1900//1900 1899//1899 1909//1909
f 1910//1910 1911//1911 1912//1912
f 1903//1903 1911//1911 1910//1910
f 1903//1903 1910//1910 1902//1902
f 1902//1902 1910//1910 1913//1913
f 1904//1904 1902//1902 1914//1914
f 1914//1914 1902//1902 1913//1913
f 1765//1765 1914//1914 1770//1770
f 1904//1904 1914//1914 1765//1765
f 1905//1905 1772//1772 1915//1915
f 1767//1767 1772//1772 1905//1905
f 1906//1906 1905//1905 1916//1916
f 1916//1916 1905//1905 1915//1915
f 1907//1907 1906//1906 1917//1917
f 1917//1917 1906//1906 1916//1916
f 1918//1918 1908//1908 1907//1907
f 1918//1918 1907//1907 1919//1919
f 1919//1919 1907//1907 1917//1917
f 1918//1918 1919//1919 1920//1920
f 1921//1921 1910//1910 1912//1912
f 1922//1922 1921//1921 1912//1912
f 1913//1913 1910//1910 1923//1923
f 1923//1923 1910//1910 1921//1921
f 1914//1914 1913//1913 1924//1924
f 1924//1924 1913//1913 1923//1923
f 1770//1770 1924//1924 1774//1774
f 1914//1914 1924//1924 1770//1770
f 1915//1915 1776//1776 1925//1925
f 1772//1772 1776//1776 1915//1915
f 1916//1916 1915//1915 1926//1926
f 1926//1926 1915//1915 1925//1925
f 1917//1917 1916//1916 1927//1927
f 1927//1927 1916//1916 1926//1926
f 1919//1919 1917//1917 1928//1928
f 1928//1928 1917//1917 1927//1927
f 1929//1929 1920//1920 1919//1919
f 1928//1928 1929//1929 1919//1919
f 1930//1930 1931//1931 1932//1932
f 1922//1922 1931//1931 1930//1930
f 1922//1922 1930//1930 1921//1921
f 1921//1921 1930//1930 1933//1933
f 1923//1923 1921//1921 1934//1934
f 1934//1934 1921//1921 1933//1933
f 1778//1778 1934//1934 1779//1779
f 1778//1778 1924//1924 1934//1934
f 1924//1924 1923//1923 1934//1934
f 1774//1774 1924//1924 1778//1778
f 1925//1925 1782//1782 1935//1935
f 1776//1776 1782//1782 1925//1925
f 1926//1926 1925//1925 1936//1936
f 1936//1936 1925//1925 1935//1935
f 1927//1927 1926//1926 1937//1937
f 1937//1937 1926//1926 1936//1936
f 1928//1928 1927//1927 1938//1938
f 1938//1938 1927//1927 1937//1937
f 1939//1939 1929//1929 1928//1928
f 1939//1939 1928//1928 1940//1940
f 1940//1940 1928//1928 1938//1938
f 1940//1940 1941//1941 1942//1942
f 1939//1939 1940//1940 1942//1942
f 1941//1941 1943//1943 1944//1944
f 1942//1942 1941//1941 1944//1944
f 1943//1943 1945//1945 1946//1946
f 1944//1944 1943//1943 1946//1946
f 1945//1945 1947//1947 1948//1948
f 1946//1946 1945//1945 1948//1948
f 1947//1947 1949//1949 1950//1950
f 1948//1948 1947//1947 1950//1950
f 1949//1949 1951//1951 1952//1952
f 1950//1950 1949//1949 1952//1952
f 1951//1951 1953//1953 1954//1954
f 1952//1952 1951//1951 1954//1954
f 1932//1932 1954//1954 1953//1953
f 1932//1932 1953//1953 1930//1930
f 1930//1930 1953//1953 1955//1955
f 1933//1933 1930//1930 1956//1956
f 1956//1956 1930//1930 1955//1955
f 1934//1934 1933//1933 1957//1957
f 1957//1957 1933//1933 1956//1956
f 1779//1779 1957//1957 1784//1784
f 1934//1934 1957//1957 1779//1779
f 1935//1935 1787//1787 1958//1958
f 1782//1782 1787//1787 1935//1935
f 1936//1936 1935//1935 1959//1959
f 1959//1959 1935//1935 1958//1958
f 1937//1937 1936//1936 1960//1960
f 1960//1960 1936//1936 1959//1959
f 1938//1938 1937//1937 1961//1961
f 1961//1961 1937//1937 1960//1960
f 1940//1940 1938//1938 1962//1962
f 1962//1962 1938//1938 1961//1961
f 1941//1941 1940//1940 1963//1963
f 1963//1963 1940//1940 1962//1962
f 1943//1943 1941//1941 1964//1964
f 1964//1964 1941//1941 1963//1963
f 1945//1945 1943//1943 1965//1965
f 1965//1965 1943//1943 1964//1964
f 1947//1947 1945//1945 1966//1966
f 1966//1966 1945//1945 1965//1965
f 1949//1949 1947//1947 1967//1967
f 1967//1967 1947//1947 1966//1966
f 1951//1951 1949//1949 1968//1968
f 1968//1968 1949//1949 1967//1967
f 1953//1953 1951//1951 1969//1969
f 1969//1969 1951//1951 1968//1968
f 1955//1955 1953//1953 1970//1970
f 1970//1970 1953//1953 1969//1969
f 1956//1956 1955//1955 1971//1971
f 1971//1971 1955//1955 1970//1970
f 1789//1789 1971//1971 1790//1790
f 1789//1789 1957//1957 1971//1971
f 1957//1957 1956//1956 1971//1971
f 1784//1784 1957//1957 1789//1789
f 1787//1787 1794//1794 1958//1958
f 1796//1796 1958//1958 1794//1794
f 1796//1796 1972//1972 1958//1958
f 1972//1972 1959//1959 1958//1958
f 1960//1960 1959//1959 1973//1973
f 1973//1973 1959//1959 1972//1972
f 1961//1961 1960//1960 1974//1974
f 1974//1974 1960//1960 1973//1973
f 1962//1962 1961//1961 1975//1975
f 1975//1975 1961//1961 1974//1974
f 1963//1963 1962//1962 1976//1976
f 1976//1976 1962//1962 1975//1975
f 1964//1964 1963//1963 1977//1977
f 1977//1977 1963//1963 1976//1976
f 1965//1965 1964//1964 1978//1978
f 1978//1978 1964//1964 1977//1977
f 1966//1966 1965//1965 1979//1979
f 1979//1979 1965//1965 1978//1978
f 1798//1798 1979//1979 1799//1799
f 1798//1798 1967//1967 1979//1979
f 1967//1967 1966//1966 1979//1979
f 1801//1801 1967//1967 1798//1798
f 1968//1968 1967//1967 1801//1801
f 1803//1803 1968//1968 1801//1801
f 1969//1969 1968//1968 1803//1803
f 1805//1805 1969//1969 1803//1803
f 1970//1970 1969//1969 1805//1805
f 1807//1807 1970//1970 1805//1805
f 1971//1971 1970//1970 1807//1807
f 1790//1790 1971//1971 1807//1807
f 1972//1972 1813//1813 1980//1980
f 1796//1796 1813//1813 1972//1972
f 1973//1973 1972//1972 1981//1981
f 1981//1981 1972//1972 1980//1980
f 1974//1974 1973//1973 1982//1982
f 1982//1982 1973//1973 1981//1981
f 1975//1975 1974//1974 1983//1983
f 1983//1983 1974//1974 1982//1982
f 1976//1976 1975//1975 1984//1984
f 1984//1984 1975//1975 1983//1983
f 1815//1815 1984//1984 1816//1816
f 1815//1815 1977//1977 1984//1984
f 1977//1977 1976//1976 1984//1984
f 1818//1818 1977//1977 1815//1815
f 1978//1978 1977//1977 1818//1818
f 1820//1820 1978//1978 1818//1818
f 1979//1979 1978//1978 1820//1820
f 1799//1799 1979//1979 1820//1820
f 1980//1980 1831//1831 1985//1985
f 1813//1813 1831//1831 1980//1980
f 1981//1981 1980//1980 1986//1986
f 1986//1986 1980//1980 1985//1985
f 1982//1982 1981//1981 1987//1987
f 1987//1987 1981//1981 1986//1986
f 1983//1983 1982//1982 1988//1988
f 1988//1988 1982//1982 1987//1987
f 1833//1833 1988//1988 1834//1834
f 1833//1833 1984//1984 1988//1988
f 1984//1984 1983//1983 1988//1988
f 1816//1816 1984//1984 1833//1833
f 1831//1831 1847//1847 1985//1985
f 1850//1850 1985//1985 1847//1847
f 1986//1986 1985//1985 1850//1850
f 1852//1852 1986//1986 1850//1850
f 1987//1987 1986//1986 1852//1852
f 1854//1854 1987//1987 1852//1852
f 1988//1988 1987//1987 1854//1854
f 1834//1834 1988//1988 1854//1854
f 1865//1865 1864//1864 1989//1989
f 1865//1865 1989//1989 1867//1867
f 1876//1876 1875//1875 1990//1990
f 1876//1876 1991//1991 1877//1877
f 1990//1990 1991//1991 1876//1876
f 1877//1877 1992//1992 1878//1878
f 1991//1991 1992//1992 1877//1877
f 1878//1878 1993//1993 1879//1879
f 1992//1992 1993//1993 1878//1878
f 1879//1879 1989//1989 1864//1864
f 1879//1879 1993//1993 1989//1989
f 1993//1993 1994//1994 1989//1989
f 1867//1867 1995//1995 1880//1880
f 1867//1867 1989//1989 1995//1995
f 1989//1989 1994//1994 1995//1995
f 1880//1880 1996//1996 1881//1881
f 1995//1995 1996//1996 1880//1880
f 1881//1881 1996//1996 1882//1882
f 1891//1891 1890//1890 1997//1997
f 1891//1891 1998//1998 1892//1892
f 1997//1997 1998//1998 1891//1891
f 1892//1892 1990//1990 1875//1875
f 1892//1892 1998//1998 1990//1990
f 1998//1998 1999//1999 1990//1990
f 1991//1991 1990//1990 2000//2000
f 2000//2000 1990//1990 1999//1999
f 2001//2001 2002//2002 1992//1992
f 2001//2001 1992//1992 2000//2000
f 2000//2000 1992//1992 1991//1991
f 2002//2002 2003//2003 2004//2004
f 2002//2002 2004//2004 1992//1992
f 1992//1992 2004//2004 1993//1993
f 1994//1994 1993//1993 2005//2005
f 2005//2005 1993//1993 2004//2004
f 1995//1995 1994//1994 2006//2006
f 2006//2006 1994//1994 2005//2005
f 1996//1996 1995//1995 2007//2007
f 2007//2007 1995//1995 2006//2006
f 1882//1882 2007//2007 1894//1894
f 1996//1996 2007//2007 1882//1882
f 1901//1901 1900//1900 2008//2008
f 1901//1901 1997//1997 1890//1890
f 1901//1901 2008//2008 1997//1997
f 2008//2008 2009//2009 1997//1997
f 1998//1998 1997//1997 2010//2010
f 2010//2010 1997//1997 2009//2009
f 1999//1999 1998//1998 2011//2011
f 2011//2011 1998//1998 2010//2010
f 2012//2012 2013//2013 2000//2000
f 2012//2012 2000//2000 2011//2011
f 2011//2011 2000//2000 1999//1999
f 2001//2001 2000//2000 2013//2013
f 2014//2014 2004//2004 2003//2003
f 2015//2015 2014//2014 2003//2003
f 2005//2005 2004//2004 2016//2016
f 2016//2016 2004//2004 2014//2014
f 2006//2006 2005//2005 2017//2017
f 2017//2017 2005//2005 2016//2016
f 2007//2007 2006//2006 2018//2018
f 2018//2018 2006//2006 2017//2017
f 1894//1894 2018//2018 1903//1903
f 2007//2007 2018//2018 1894//1894
f 1909//1909 1908//1908 2019//2019
f 1909//1909 2008//2008 1900//1900
f 1909//1909 2019//2019 2008//2008
f 2019//2019 2020//2020 2008//2008
f 2009//2009 2008//2008 2021//2021
f 2021//2021 2008//2008 2020//2020
f 2010//2010 2009//2009 2022//2022
f 2022//2022 2009//2009 2021//2021
f 2011//2011 2010//2010 2023//2023
f 2023//2023 2010//2010 2022//2022
f 2024//2024 2012//2012 2011//2011
f 2024//2024 2011//2011 2025//2025
f 2025//2025 2011//2011 2023//2023
f 2025//2025 2026//2026 2027//2027
f 2024//2024 2025//2025 2027//2027
f 2015//2015 2027//2027 2026//2026
f 2015//2015 2026//2026 2014//2014
f 2014//2014 2026//2026 2028//2028
f 2016//2016 2014//2014 2029//2029
f 2029//2029 2014//2014 2028//2028
f 2017//2017 2016//2016 2030//2030
f 2030//2030 2016//2016 2029//2029
f 1911//1911 2030//2030 1912//1912
f 1911//1911 2018//2018 2030//2030
f 2018//2018 2017//2017 2030//2030
f 1903//1903 2018//2018 1911//1911
f 1908//1908 1918//1918 2019//2019
f 1920//1920 2019//2019 1918//1918
f 1920//1920 2031//2031 2019//2019
f 2031//2031 2020//2020 2019//2019
f 2021//2021 2020//2020 2032//2032
f 2032//2032 2020//2020 2031//2031
f 2022//2022 2021//2021 2033//2033
f 2033//2033 2021//2021 2032//2032
f 2023//2023 2022//2022 2034//2034
f 2034//2034 2022//2022 2033//2033
f 2025//2025 2023//2023 2035//2035
f 2035//2035 2023//2023 2034//2034
f 2026//2026 2025//2025 2036//2036
f 2036//2036 2025//2025 2035//2035
f 2028//2028 2026//2026 2037//2037
f 2037//2037 2026//2026 2036//2036
f 2029//2029 2028//2028 2038//2038
f 2038//2038 2028//2028 2037//2037
f 2030//2030 2029//2029 2039//2039
f 2039//2039 2029//2029 2038//2038
f 1912//1912 2039//2039 1922//1922
f 2030//2030 2039//2039 1912//1912
f 2031//2031 1929//1929 2040//2040
f 1920//1920 1929//1929 2031//2031
f 2032//2032 2031//2031 2041//2041
f 2041//2041 2031//2031 2040//2040
f 2033//2033 2032//2032 2042//2042
f 2042//2042 2032//2032 2041//2041
f 2034//2034 2033//2033 2043//2043
f 2043//2043 2033//2033 2042//2042
f 2035//2035 2034//2034 2044//2044
f 2044//2044 2034//2034 2043//2043
f 2036//2036 2035//2035 2045//2045
f 2045//2045 2035//2035 2044//2044
f 2037//2037 2036//2036 2046//2046
f 2046//2046 2036//2036 2045//2045
f 2038//2038 2037//2037 2047//2047
f 2047//2047 2037//2037 2046//2046
f 1931//1931 2047//2047 1932//1932
f 1931//1931 2039//2039 2047//2047
f 2039//2039 2038//2038 2047//2047
f 1922//1922 2039//2039 1931//1931
f 1929//1929 1939//1939 2040//2040
f 1942//1942 2040//2040 1939//1939
f 2041//2041 2040//2040 1942//1942
f 1944//1944 2041//2041 1942//1942
f 2042//2042 2041//2041 1944//1944
f 1946//1946 2042//2042 1944//1944
f 2043//2043 2042//2042 1946//1946
f 1948//1948 2043//2043 1946//1946
f 2044//2044 2043//2043 1948//1948
f 1950//1950 2044//2044 1948//1948
f 2045//2045 2044//2044 1950//1950
f 1952//1952 2045//2045 1950//1950
f 2046//2046 2045//2045 1952//1952
f 1954//1954 2046//2046 1952//1952
f 2047//2047 2046//2046 1954//1954
f 1932//1932 2047//2047 1954//1954
f 2002//2002 2001//2001 2048//2048
f 2002//2002 2048//2048 2003//2003
f 2013//2013 2012//2012 2049//2049
f 2013//2013 2048//2048 2001//2001
f 2013//2013 2049//2049 2048//2048
f 2049//2049 2050//2050 2048//2048
f 2003//2003 2050//2050 2015//2015
f 2048//2048 2050//2050 2003//2003
f 2012//2012 2024//2024 2049//2049
f 2027//2027 2049//2049 2024//2024
f 2050//2050 2049//2049 2027//2027
f 2015//2015 2050//2050 2027//2027
