# Murti generated mesh: 1380 verts, 2756 faces
o an_arch
v -0.242112 0.241935 -0.048387
v -0.241935 0.241935 -0.048733
v -0.241935 0.241705 -0.048387
v -0.241935 0.229664 -0.016129
v -0.250188 0.241935 -0.016129
v -0.241935 0.222852 0.016129
v -0.254230 0.241935 0.016129
v -0.241935 0.223953 0.048387
v -0.252707 0.241935 0.048387
v -0.241935 0.241935 0.077329
v -0.245100 0.274194 -0.080645
v -0.241935 0.274194 -0.087622
v -0.241935 0.268835 -0.080645
v -0.255231 0.274194 -0.048387
v -0.261542 0.274194 -0.016129
v -0.264962 0.274194 0.016129
v -0.262389 0.274194 0.048387
v -0.241935 0.245023 0.080645
v -0.253511 0.274194 0.080645
v -0.241935 0.274194 0.100210
v -0.249090 0.306452 -0.080645
v -0.241935 0.306452 -0.100549
v -0.257027 0.306452 -0.048387
v -0.263786 0.306452 -0.016129
v -0.266708 0.306452 0.016129
v -0.264140 0.306452 0.048387
v -0.255961 0.306452 0.080645
v -0.241935 0.306452 0.110553
v -0.241935 0.328095 -0.080645
v -0.246551 0.338710 -0.048387
v -0.241935 0.338710 -0.065923
v -0.253571 0.338710 -0.016129
v -0.255280 0.338710 0.016129
v -0.253562 0.338710 0.048387
v -0.245884 0.338710 0.080645
v -0.241935 0.338710 0.090478
v -0.241935 0.344369 -0.048387
v -0.241935 0.352887 -0.016129
v -0.241935 0.353825 0.016129
v -0.241935 0.352779 0.048387
v -0.241935 0.343524 0.080645
v -0.220352 0.209677 -0.048387
v -0.209677 0.209677 -0.075519
v -0.209677 0.196555 -0.048387
v -0.209677 0.188368 -0.016129
v -0.228083 0.209677 -0.016129
v -0.209677 0.182611 0.016129
v -0.232080 0.209677 0.016129
v -0.209677 0.180475 0.048387
v -0.231556 0.209677 0.048387
v -0.209677 0.193818 0.080645
v -0.220111 0.209677 0.080645
v -0.209677 0.209677 0.094758
v -0.217527 0.241935 -0.112903
v -0.209677 0.241935 -0.125635
v -0.209677 0.231542 -0.112903
v -0.209677 0.212489 -0.080645
v -0.228904 0.241935 -0.080645
v -0.240406 0.241935 0.080645
v -0.209677 0.229532 0.112903
v -0.217842 0.241935 0.112903
v -0.209677 0.241935 0.120990
v -0.219571 0.274194 -0.145161
v -0.209677 0.274194 -0.161905
v -0.209677 0.260146 -0.145161
v -0.231760 0.274194 -0.112903
v -0.233197 0.274194 0.112903
v -0.209677 0.274194 0.141617
v -0.212917 0.306452 -0.177419
v -0.209677 0.306452 -0.181118
v -0.209677 0.299178 -0.177419
v -0.227767 0.306452 -0.145161
v -0.237296 0.306452 -0.112903
v -0.240515 0.306452 0.112903
v -0.209677 0.282266 0.145161
v -0.218611 0.306452 0.145161
v -0.209677 0.306452 0.154637
v -0.209702 0.338710 -0.177419
v -0.209677 0.338710 -0.177448
v -0.222106 0.338710 -0.145161
v -0.229315 0.338710 -0.112903
v -0.237996 0.338710 -0.080645
v -0.231797 0.338710 0.112903
v -0.213610 0.338710 0.145161
v -0.209677 0.338710 0.149865
v -0.209677 0.338747 -0.177419
v -0.209677 0.356600 -0.145161
v -0.209677 0.364318 -0.112903
v -0.209677 0.370466 -0.080645
v -0.215912 0.370968 -0.048387
v -0.209677 0.370968 -0.078124
v -0.221196 0.370968 -0.016129
v -0.221780 0.370968 0.016129
v -0.218600 0.370968 0.048387
v -0.209720 0.370968 0.080645
v -0.209677 0.370968 0.080736
v -0.209677 0.359626 0.112903
v -0.209677 0.343388 0.145161
v -0.209677 0.375230 -0.048387
v -0.209677 0.377959 -0.016129
v -0.209677 0.378206 0.016129
v -0.209677 0.376009 0.048387
v -0.209677 0.370995 0.080645
v -0.185312 0.177419 -0.080645
v -0.177419 0.177419 -0.097522
v -0.177419 0.165385 -0.080645
v -0.177419 0.157732 -0.048387
v -0.192722 0.177419 -0.048387
v -0.177419 0.153908 -0.016129
v -0.198641 0.177419 -0.016129
v -0.177419 0.151921 0.016129
v -0.204238 0.177419 0.016129
v -0.177419 0.146315 0.048387
v -0.206747 0.177419 0.048387
v -0.177419 0.151042 0.080645
v -0.196921 0.177419 0.080645
v -0.177419 0.177419 0.110730
v -0.192271 0.209677 -0.112903
v -0.177419 0.209677 -0.137559
v -0.177419 0.187978 -0.112903
v -0.207246 0.209677 -0.080645
v -0.177419 0.179695 0.112903
v -0.194813 0.209677 0.112903
v -0.177419 0.209677 0.128108
v -0.197568 0.241935 -0.145161
v -0.177419 0.241935 -0.173342
v -0.177419 0.215427 -0.145161
v -0.177419 0.234709 0.145161
v -0.182860 0.241935 0.145161
v -0.177419 0.241935 0.149840
v -0.198363 0.274194 -0.177419
v -0.177419 0.274194 -0.197528
v -0.177419 0.246902 -0.177419
v -0.206001 0.274194 0.145161
v -0.177419 0.274194 0.166381
v -0.179051 0.306452 -0.209677
v -0.177419 0.306452 -0.210936
v -0.177419 0.303331 -0.209677
v -0.177419 0.301434 0.177419
v -0.180442 0.306452 0.177419
v -0.177419 0.306452 0.179764
v -0.177419 0.317144 -0.209677
v -0.177419 0.338710 -0.206443
v -0.177419 0.338394 0.177419
v -0.177419 0.338710 0.177386
v -0.179613 0.370968 -0.177419
v -0.177419 0.370968 -0.179660
v -0.193804 0.370968 -0.145161
v -0.199445 0.370968 -0.112903
v -0.208765 0.370968 -0.080645
v -0.185750 0.370968 0.112903
v -0.177419 0.370968 0.125010
v -0.177419 0.363656 0.145161
v -0.177419 0.372350 -0.177419
v -0.177419 0.379734 -0.145161
v -0.177419 0.380186 -0.112903
v -0.177419 0.381428 -0.080645
v -0.177419 0.381722 -0.048387
v -0.177419 0.383294 -0.016129
v -0.177419 0.382817 0.016129
v -0.177419 0.381711 0.048387
v -0.177419 0.378801 0.080645
v -0.177419 0.374113 0.112903
v -0.145218 0.080645 0.080645
v -0.145161 0.080645 0.080363
v -0.145161 0.080544 0.080645
v -0.145161 0.080645 0.081008
v -0.148668 0.112903 -0.080645
v -0.145161 0.112903 -0.090044
v -0.145161 0.105977 -0.080645
v -0.145161 0.099794 -0.048387
v -0.152582 0.112903 -0.048387
v -0.145161 0.104759 -0.016129
v -0.150003 0.112903 -0.016129
v -0.145161 0.099829 0.016129
v -0.152746 0.112903 0.016129
v -0.145161 0.090767 0.048387
v -0.157006 0.112903 0.048387
v -0.160340 0.112903 0.080645
v -0.145161 0.091088 0.112903
v -0.154288 0.112903 0.112903
v -0.145161 0.112903 0.126024
v -0.149152 0.145161 -0.112903
v -0.145161 0.145161 -0.118048
v -0.145161 0.135459 -0.112903
v -0.162584 0.145161 -0.080645
v -0.166766 0.145161 -0.048387
v -0.169461 0.145161 -0.016129
v -0.171180 0.145161 0.016129
v -0.176451 0.145161 0.048387
v -0.173407 0.145161 0.080645
v -0.163238 0.145161 0.112903
v -0.145161 0.145161 0.135891
v -0.147314 0.177419 -0.145161
v -0.145161 0.177419 -0.147165
v -0.145161 0.174415 -0.145161
v -0.168949 0.177419 -0.112903
v -0.176094 0.177419 0.112903
v -0.145161 0.171075 0.145161
v -0.147100 0.177419 0.145161
v -0.145161 0.177419 0.146891
v -0.171835 0.209677 -0.145161
v -0.145161 0.209677 -0.171330
v -0.160340 0.209677 0.145161
v -0.145161 0.209677 0.157559
v -0.173269 0.241935 -0.177419
v -0.145161 0.241935 -0.198878
v -0.145161 0.216046 -0.177419
v -0.145161 0.241935 0.170416
v -0.162318 0.274194 -0.209677
v -0.145161 0.274194 -0.220639
v -0.145161 0.257246 -0.209677
v -0.145161 0.254556 0.177419
v -0.161752 0.274194 0.177419
v -0.145161 0.274194 0.188061
v -0.145161 0.306452 -0.227401
v -0.145161 0.306452 0.195869
v -0.173367 0.338710 -0.209677
v -0.145161 0.338710 -0.224015
v -0.177375 0.338710 0.177419
v -0.145161 0.338710 0.194684
v -0.145161 0.367570 -0.209677
v -0.145161 0.370968 -0.206109
v -0.158635 0.370968 0.145161
v -0.145161 0.370968 0.156149
v -0.145161 0.359686 0.177419
v -0.145161 0.384096 -0.177419
v -0.145161 0.386060 -0.145161
v -0.145161 0.383662 -0.112903
v -0.145161 0.382071 -0.080645
v -0.145161 0.381251 -0.048387
v -0.145161 0.381857 -0.016129
v -0.145161 0.381712 0.016129
v -0.145161 0.381050 0.048387
v -0.145161 0.380273 0.080645
v -0.145161 0.378644 0.112903
v -0.145161 0.374748 0.145161
v -0.114862 -0.241935 -0.048387
v -0.112903 -0.241935 -0.053474
v -0.112903 -0.245026 -0.048387
v -0.112903 -0.241935 -0.025019
v -0.112903 -0.222977 -0.048387
v -0.112903 -0.215063 -0.016129
v -0.113051 -0.209677 -0.016129
v -0.112903 -0.209677 -0.019291
v -0.112903 -0.209677 -0.015288
v -0.112903 -0.208666 -0.016129
v -0.113752 -0.080645 -0.016129
v -0.112903 -0.080645 -0.022117
v -0.112903 -0.084579 -0.016129
v -0.112903 -0.086096 0.016129
v -0.114163 -0.080645 0.016129
v -0.112903 -0.086880 0.048387
v -0.114948 -0.080645 0.048387
v -0.112903 -0.080645 0.055861
v -0.112903 -0.068626 -0.016129
v -0.112940 -0.048387 0.016129
v -0.112903 -0.048387 0.015289
v -0.115541 -0.048387 0.048387
v -0.112903 -0.048387 0.074138
v -0.112903 -0.048009 0.016129
v -0.115876 -0.016129 0.048387
v -0.112903 -0.016129 0.031715
v -0.112903 -0.038128 0.080645
v -0.114394 -0.016129 0.080645
v -0.112903 -0.016129 0.084676
v -0.117830 0.016129 0.048387
v -0.112903 0.016129 0.025450
v -0.119965 0.016129 0.080645
v -0.112903 0.015475 0.112903
v -0.113130 0.016129 0.112903
v -0.112903 0.016129 0.113185
v -0.118930 0.048387 -0.048387
v -0.112903 0.048387 -0.071452
v -0.112903 0.035664 -0.048387
v -0.112903 0.027268 -0.016129
v -0.121165 0.048387 -0.016129
v -0.112903 0.020882 0.016129
v -0.123472 0.048387 0.016129
v -0.128500 0.048387 0.048387
v -0.131283 0.048387 0.080645
v -0.127562 0.048387 0.112903
v -0.112903 0.048387 0.134302
v -0.128859 0.080645 -0.080645
v -0.112903 0.080645 -0.102846
v -0.112903 0.053695 -0.080645
v -0.133390 0.080645 -0.048387
v -0.132312 0.080645 -0.016129
v -0.134738 0.080645 0.016129
v -0.139653 0.080645 0.048387
v -0.140514 0.080645 0.112903
v -0.112903 0.063591 0.145161
v -0.122331 0.080645 0.145161
v -0.112903 0.080645 0.153223
v -0.128860 0.112903 -0.112903
v -0.112903 0.112903 -0.122596
v -0.112903 0.093715 -0.112903
v -0.131004 0.112903 0.145161
v -0.112903 0.112903 0.159639
v -0.112903 0.145161 -0.138329
v -0.137074 0.145161 0.145161
v -0.112903 0.145161 0.163708
v -0.112903 0.177419 -0.161794
v -0.112903 0.151983 -0.145161
v -0.112903 0.177419 0.168421
v -0.134048 0.209677 -0.177419
v -0.112903 0.209677 -0.188234
v -0.112903 0.197161 -0.177419
v -0.112903 0.203939 0.177419
v -0.115571 0.209677 0.177419
v -0.112903 0.209677 0.179461
v -0.127360 0.241935 -0.209677
v -0.112903 0.241935 -0.217990
v -0.112903 0.232073 -0.209677
v -0.135457 0.241935 0.177419
v -0.112903 0.241935 0.191588
v -0.112903 0.274194 -0.232530
v -0.112903 0.274194 0.202093
v -0.112903 0.306452 -0.240286
v -0.112903 0.300951 0.209677
v -0.116373 0.306452 0.209677
v -0.112903 0.306452 0.211369
v -0.112903 0.338710 -0.234703
v -0.112903 0.331146 0.209677
v -0.112903 0.338710 0.208971
v -0.139643 0.370968 -0.209677
v -0.112903 0.370968 -0.219892
v -0.120348 0.370968 0.177419
v -0.112903 0.370968 0.181800
v -0.112903 0.379948 -0.209677
v -0.112903 0.388119 -0.177419
v -0.112903 0.387236 -0.145161
v -0.112903 0.382419 -0.112903
v -0.112903 0.379418 -0.080645
v -0.112903 0.376668 -0.048387
v -0.112903 0.376695 -0.016129
v -0.112903 0.376323 0.016129
v -0.112903 0.377421 0.048387
v -0.112903 0.378711 0.080645
v -0.112903 0.379872 0.112903
v -0.112903 0.379436 0.145161
v -0.112903 0.373531 0.177419
v -0.092490 -0.274194 -0.048387
v -0.080645 -0.274194 -0.074721
v -0.080645 -0.283727 -0.048387
v -0.080645 -0.279904 -0.016129
v -0.087252 -0.274194 -0.016129
v -0.080645 -0.274194 0.003370
v -0.097704 -0.241935 -0.080645
v -0.080645 -0.241935 -0.093242
v -0.080645 -0.268694 -0.080645
v -0.112025 -0.241935 -0.016129
v -0.080645 -0.269110 0.016129
v -0.103274 -0.241935 0.016129
v -0.080645 -0.251412 0.048387
v -0.090562 -0.241935 0.048387
v -0.080645 -0.241935 0.059457
v -0.088465 -0.209677 -0.080645
v -0.080645 -0.209677 -0.086172
v -0.111074 -0.209677 -0.048387
v -0.106774 -0.209677 0.016129
v -0.096146 -0.209677 0.048387
v -0.080645 -0.209677 0.066374
v -0.080645 -0.193566 -0.080645
v -0.102690 -0.177419 -0.048387
v -0.080645 -0.177419 -0.073118
v -0.107530 -0.177419 -0.016129
v -0.103158 -0.177419 0.016129
v -0.095466 -0.177419 0.048387
v -0.080645 -0.177419 0.068298
v -0.095768 -0.145161 -0.048387
v -0.080645 -0.145161 -0.064458
v -0.103101 -0.145161 -0.016129
v -0.101429 -0.145161 0.016129
v -0.096977 -0.145161 0.048387
v -0.080645 -0.145161 0.075275
v -0.098465 -0.112903 -0.048387
v -0.080645 -0.112903 -0.064531
v -0.105621 -0.112903 -0.016129
v -0.106097 -0.112903 0.016129
v -0.103502 -0.112903 0.048387
v -0.080645 -0.137562 0.080645
v -0.092084 -0.112903 0.080645
v -0.080645 -0.112903 0.091871
v -0.106576 -0.080645 -0.048387
v -0.080645 -0.080645 -0.072110
v -0.105460 -0.080645 0.080645
v -0.080645 -0.082443 0.112903
v -0.082040 -0.080645 0.112903
v -0.080645 -0.080645 0.113940
v -0.104945 -0.048387 -0.048387
v -0.080645 -0.048387 -0.070508
v -0.111232 -0.048387 -0.016129
v -0.112124 -0.048387 0.080645
v -0.095778 -0.048387 0.112903
v -0.080645 -0.048387 0.124981
v -0.099256 -0.016129 -0.048387
v -0.080645 -0.016129 -0.068225
v -0.107117 -0.016129 -0.016129
v -0.109915 -0.016129 0.016129
v -0.102156 -0.016129 0.112903
v -0.080645 -0.016129 0.132331
v -0.100685 0.016129 -0.048387
v -0.080645 0.016129 -0.070686
v -0.107605 0.016129 -0.016129
v -0.110735 0.016129 0.016129
v -0.080645 0.012968 0.145161
v -0.082506 0.016129 0.145161
v -0.080645 0.016129 0.146502
v -0.107415 0.048387 -0.080645
v -0.080645 0.048387 -0.093223
v -0.080645 0.027951 -0.080645
v -0.103637 0.048387 0.145161
v -0.080645 0.048387 0.159520
v -0.080645 0.080645 -0.109725
v -0.080645 0.080645 0.169198
v -0.080645 0.112903 -0.124826
v -0.080645 0.086149 -0.112903
v -0.080645 0.111427 0.177419
v -0.081357 0.112903 0.177419
v -0.080645 0.112903 0.177872
v -0.080645 0.145161 -0.138134
v -0.091344 0.145161 0.177419
v -0.080645 0.145161 0.183817
v -0.080645 0.177419 -0.163005
v -0.080645 0.152662 -0.145161
v -0.100006 0.177419 0.177419
v -0.080645 0.177419 0.188878
v -0.080645 0.209677 -0.192941
v -0.080645 0.193856 -0.177419
v -0.080645 0.209677 0.194701
v -0.080645 0.241935 -0.224581
v -0.080645 0.225522 -0.209677
v -0.080645 0.241935 0.205234
v -0.088114 0.274194 -0.241935
v -0.080645 0.274194 -0.245130
v -0.080645 0.269653 -0.241935
v -0.080645 0.252420 0.209677
v -0.098476 0.274194 0.209677
v -0.080645 0.274194 0.217916
v -0.109169 0.306452 -0.241935
v -0.080645 0.306452 -0.252530
v -0.080645 0.306452 0.222164
v -0.096932 0.338710 -0.241935
v -0.080645 0.338710 -0.248780
v -0.111550 0.338710 0.209677
v -0.080645 0.338710 0.220538
v -0.080645 0.353877 -0.241935
v -0.080645 0.370968 -0.231599
v -0.081390 0.370968 -0.080645
v -0.080645 0.370703 -0.080645
v -0.080645 0.370968 -0.081405
v -0.096198 0.370968 -0.048387
v -0.080645 0.365283 -0.048387
v -0.098645 0.370968 -0.016129
v -0.080645 0.363687 -0.016129
v -0.097656 0.370968 0.016129
v -0.080645 0.364778 0.016129
v -0.090618 0.370968 0.048387
v -0.080645 0.367620 0.048387
v -0.080645 0.370968 0.064900
v -0.080645 0.362291 0.209677
v -0.080645 0.370968 0.201019
v -0.080645 0.387000 -0.209677
v -0.080645 0.390260 -0.177419
v -0.080645 0.386095 -0.145161
v -0.080645 0.379406 -0.112903
v -0.080645 0.374097 0.080645
v -0.080645 0.378999 0.112903
v -0.080645 0.383020 0.145161
v -0.080645 0.382408 0.177419
v -0.075625 -0.274194 -0.080645
v -0.048387 -0.274194 -0.094359
v -0.048387 -0.288581 -0.080645
v -0.048387 -0.302064 -0.048387
v -0.048387 -0.298741 -0.016129
v -0.048387 -0.290701 0.016129
v -0.075263 -0.274194 0.016129
v -0.048387 -0.275627 0.048387
v -0.050460 -0.274194 0.048387
v -0.048387 -0.274194 0.050169
v -0.048387 -0.241935 -0.098997
v -0.048387 -0.241935 0.074882
v -0.048387 -0.209677 -0.090502
v -0.048387 -0.215537 0.080645
v -0.051275 -0.209677 0.080645
v -0.048387 -0.209677 0.081762
v -0.048387 -0.184505 -0.080645
v -0.048387 -0.177419 -0.076709
v -0.054652 -0.177419 0.080645
v -0.048387 -0.177419 0.082689
v -0.048387 -0.145161 -0.065494
v -0.072099 -0.145161 0.080645
v -0.048387 -0.145161 0.088757
v -0.048387 -0.112903 -0.061877
v -0.048387 -0.112903 0.100676
v -0.048387 -0.080645 -0.065196
v -0.048387 -0.095832 0.112903
v -0.048387 -0.080645 0.121155
v -0.048387 -0.048387 -0.064919
v -0.048387 -0.048387 0.130940
v -0.048387 -0.016129 -0.065701
v -0.048387 -0.016129 0.140340
v -0.048387 0.016129 -0.071147
v -0.048387 -0.006789 0.145161
v -0.048387 0.016129 0.154345
v -0.048387 0.048387 -0.088872
v -0.048387 0.031970 -0.080645
v -0.048387 0.048387 0.163568
v -0.048387 0.080645 -0.100027
v -0.048387 0.080645 0.177091
v -0.049671 0.112903 -0.112903
v -0.048387 0.112903 -0.112383
v -0.048387 0.081600 0.177419
v -0.048387 0.112903 0.186085
v -0.048387 0.145161 -0.125583
v -0.048387 0.114166 -0.112903
v -0.048387 0.145161 0.191233
v -0.048387 0.177419 -0.153790
v -0.048387 0.166499 -0.145161
v -0.048387 0.177419 0.195453
v -0.048387 0.209677 -0.185491
v -0.048387 0.202984 -0.177419
v -0.048387 0.209677 0.203487
v -0.048387 0.241935 -0.225806
v -0.048387 0.227115 -0.209677
v -0.048387 0.223285 0.209677
v -0.069769 0.241935 0.209677
v -0.048387 0.241935 0.217124
v -0.048387 0.274194 -0.250609
v -0.048387 0.263598 -0.241935
v -0.048387 0.274194 0.223949
v -0.048387 0.306452 -0.260834
v -0.048387 0.306452 0.227638
v -0.048387 0.338710 -0.256776
v -0.048387 0.338710 0.227227
v -0.052472 0.370968 -0.241935
v -0.048387 0.370968 -0.243371
v -0.048387 0.365525 -0.080645
v -0.048387 0.370968 -0.095179
v -0.048387 0.359756 -0.048387
v -0.048387 0.358379 -0.016129
v -0.048387 0.359075 0.016129
v -0.048387 0.361710 0.048387
v -0.059801 0.370968 0.080645
v -0.048387 0.369026 0.080645
v -0.048387 0.370968 0.085918
v -0.067757 0.370968 0.209677
v -0.048387 0.370968 0.217302
v -0.048387 0.372432 -0.241935
v -0.048387 0.391378 -0.209677
v -0.048387 0.391872 -0.177419
v -0.048387 0.385854 -0.145161
v -0.048387 0.377127 -0.112903
v -0.048387 0.379433 0.112903
v -0.048387 0.386806 0.145161
v -0.048387 0.391010 0.177419
v -0.048387 0.380035 0.209677
v -0.036434 -0.306452 -0.048387
v -0.016129 -0.306452 -0.061879
v -0.016129 -0.312622 -0.048387
v -0.016129 -0.312691 -0.016129
v -0.031253 -0.306452 -0.016129
v -0.016129 -0.306452 0.003773
v -0.016129 -0.274194 -0.093339
v -0.016129 -0.292643 -0.080645
v -0.016129 -0.301482 0.016129
v -0.016129 -0.281043 0.048387
v -0.016129 -0.274194 0.055751
v -0.016129 -0.241935 -0.094366
v -0.016129 -0.241935 0.072646
v -0.016129 -0.209677 -0.081553
v -0.042717 -0.209677 0.080645
v -0.016129 -0.209677 0.074188
v -0.016129 -0.208031 -0.080645
v -0.016129 -0.177419 -0.061866
v -0.039112 -0.177419 0.080645
v -0.016129 -0.177419 0.073344
v -0.016129 -0.147168 -0.048387
v -0.017903 -0.145161 -0.048387
v -0.016129 -0.145161 -0.047007
v -0.019813 -0.145161 0.080645
v -0.016129 -0.145161 0.078755
v -0.027670 -0.112903 -0.048387
v -0.016129 -0.112903 -0.039210
v -0.016129 -0.142391 0.080645
v -0.016129 -0.112903 0.092121
v -0.020942 -0.080645 -0.048387
v -0.016129 -0.080645 -0.045329
v -0.016129 -0.082757 0.112903
v -0.016129 -0.080645 0.114236
v -0.016129 -0.048387 -0.050253
v -0.016129 -0.061776 -0.048387
v -0.016129 -0.048387 0.126814
v -0.016129 -0.016129 -0.056060
v -0.016129 -0.016129 0.136745
v -0.016129 0.016129 -0.063570
v -0.016129 -0.000638 0.145161
v -0.016129 0.016129 0.152897
v -0.018865 0.048387 -0.080645
v -0.016129 0.048387 -0.079802
v -0.016129 0.048387 0.163419
v -0.016129 0.080645 -0.091441
v -0.016129 0.050210 -0.080645
v -0.016129 0.079825 0.177419
v -0.036205 0.080645 0.177419
v -0.016129 0.080645 0.177931
v -0.016129 0.112903 -0.098436
v -0.016129 0.112903 0.187611
v -0.029577 0.145161 -0.112903
v -0.016129 0.145161 -0.105278
v -0.016129 0.145161 0.193306
v -0.035751 0.177419 -0.145161
v -0.016129 0.177419 -0.129978
v -0.016129 0.156170 -0.112903
v -0.016129 0.177419 0.199543
v -0.037156 0.209677 -0.177419
v -0.016129 0.209677 -0.164594
v -0.016129 0.191383 -0.145161
v -0.016129 0.206018 0.209677
v -0.022235 0.209677 0.209677
v -0.016129 0.209677 0.211156
v -0.016129 0.241935 -0.215121
v -0.016129 0.237479 -0.209677
v -0.016129 0.220086 -0.177419
v -0.016129 0.241935 0.221130
v -0.016129 0.274194 -0.249404
v -0.016129 0.267245 -0.241935
v -0.016129 0.274194 0.227908
v -0.016129 0.306452 -0.262762
v -0.016129 0.306452 0.232695
v -0.016129 0.338710 -0.261655
v -0.016129 0.338710 0.234518
v -0.016129 0.370968 -0.248092
v -0.016129 0.363293 -0.080645
v -0.016129 0.370968 -0.101325
v -0.016129 0.357365 -0.048387
v -0.016129 0.355683 -0.016129
v -0.016129 0.356100 0.016129
v -0.016129 0.359311 0.048387
v -0.016129 0.368221 0.080645
v -0.016129 0.370968 0.086504
v -0.016129 0.370968 0.228200
v -0.016129 0.376832 -0.241935
v -0.016129 0.393334 -0.209677
v -0.016129 0.392720 -0.177419
v -0.016129 0.385710 -0.145161
v -0.016129 0.375434 -0.112903
v -0.016129 0.381779 0.112903
v -0.016129 0.394853 0.145161
v -0.022647 0.403226 0.177419
v -0.016129 0.403226 0.168765
v -0.016129 0.403226 0.196263
v -0.016129 0.399555 0.209677
v -0.016129 0.406573 0.177419
v 0.016129 -0.306452 -0.051671
v 0.016129 -0.308753 -0.048387
v 0.016129 -0.310196 -0.016129
v 0.016129 -0.306452 -0.007392
v 0.013028 -0.274194 -0.080645
v 0.016129 -0.274194 -0.078634
v 0.016129 -0.294440 0.016129
v 0.002187 -0.274194 0.048387
v 0.016129 -0.274194 0.040859
v 0.009552 -0.241935 -0.080645
v 0.016129 -0.241935 -0.075301
v 0.016129 -0.257983 0.048387
v 0.016129 -0.241935 0.053928
v -0.014865 -0.209677 -0.080645
v 0.016129 -0.209677 -0.053901
v 0.015482 -0.209677 0.048387
v 0.016129 -0.212064 0.048387
v 0.016129 -0.209677 0.047426
v -0.002132 -0.177419 -0.048387
v 0.016129 -0.202416 -0.048387
v 0.016129 -0.177419 -0.019443
v 0.005133 -0.177419 0.048387
v 0.016129 -0.177419 0.022440
v 0.004593 -0.145161 -0.016129
v 0.016129 -0.172479 -0.016129
v 0.010727 -0.145161 0.016129
v 0.016129 -0.166724 0.016129
v 0.005442 -0.145161 0.048387
v 0.002061 -0.112903 -0.016129
v 0.016129 -0.112903 0.015973
v 0.016129 -0.113327 0.016129
v 0.016129 -0.115206 0.048387
v -0.001201 -0.112903 0.080645
v 0.016129 -0.112903 0.049909
v 0.014349 -0.080645 -0.016129
v 0.016129 -0.080645 -0.013379
v 0.016129 -0.093410 0.080645
v -0.013942 -0.080645 0.112903
v 0.016129 -0.080645 0.090435
v -0.013613 -0.048387 -0.048387
v 0.016129 -0.048387 -0.028623
v 0.016129 -0.077575 -0.016129
v 0.016129 -0.050620 0.112903
v 0.016129 -0.048387 0.114294
v -0.001158 -0.016129 -0.048387
v 0.016129 -0.016129 -0.039787
v 0.016129 -0.016129 0.129509
v 0.016129 0.016129 -0.054309
v 0.016129 0.002724 -0.048387
v 0.016129 0.011078 0.145161
v 0.016129 0.016129 0.148393
v 0.016129 0.048387 -0.069853
v 0.016129 0.048387 0.162367
v 0.016129 0.080645 -0.082218
v 0.016129 0.076967 -0.080645
v 0.016129 0.079605 0.177419
v 0.016129 0.080645 0.178140
v 0.016129 0.112903 -0.090921
v 0.016129 0.112903 0.188994
v 0.016129 0.145161 -0.095645
v 0.016129 0.145161 0.195361
v 0.016129 0.177419 -0.113659
v 0.016129 0.176511 -0.112903
v 0.016129 0.177419 0.202369
v 0.016129 0.209677 -0.152589
v 0.016129 0.202882 -0.145161
v 0.016129 0.194483 0.209677
v 0.016129 0.209677 0.215847
v -0.001572 0.241935 -0.209677
v 0.016129 0.241935 -0.201853
v 0.016129 0.228098 -0.177419
v 0.016129 0.241935 0.223773
v 0.016129 0.274194 -0.245527
v 0.016129 0.271439 -0.241935
v 0.016129 0.247684 -0.209677
v 0.016129 0.274194 0.230580
v 0.016129 0.306452 -0.264719
v 0.016129 0.306452 0.235933
v 0.016129 0.338710 -0.264708
v 0.016129 0.338710 0.239760
v 0.016129 0.370968 -0.251063
v 0.016129 0.366883 -0.080645
v 0.016129 0.370968 -0.091843
v 0.016129 0.359175 -0.048387
v 0.016129 0.356962 -0.016129
v 0.016129 0.356384 0.016129
v 0.016129 0.360661 0.048387
v 0.014141 0.370968 0.080645
v 0.016129 0.370968 0.080167
v 0.016129 0.370968 0.237314
v 0.016129 0.378804 -0.241935
v 0.016129 0.395676 -0.209677
v 0.016129 0.395530 -0.177419
v 0.016129 0.388258 -0.145161
v 0.016129 0.377897 -0.112903
v 0.016129 0.371161 0.080645
v 0.016129 0.387259 0.112903
v 0.005935 0.403226 0.145161
v 0.016129 0.403226 0.139371
v -0.010445 0.403226 0.209677
v 0.016129 0.403226 0.222949
v 0.016129 0.407480 0.145161
v 0.016129 0.420682 0.177419
v 0.016129 0.416572 0.209677
v 0.019141 -0.306452 -0.048387
v 0.021457 -0.306452 -0.016129
v 0.040314 -0.274194 -0.048387
v 0.045268 -0.274194 -0.016129
v 0.034347 -0.274194 0.016129
v 0.036338 -0.241935 -0.048387
v 0.043787 -0.241935 -0.016129
v 0.036728 -0.241935 0.016129
v 0.021443 -0.241935 0.048387
v 0.020741 -0.209677 -0.048387
v 0.030824 -0.209677 -0.016129
v 0.028572 -0.209677 0.016129
v 0.017884 -0.177419 -0.016129
v 0.018312 -0.177419 0.016129
v 0.016192 -0.112903 0.016129
v 0.016828 -0.112903 0.048387
v 0.030723 -0.080645 0.016129
v 0.034398 -0.080645 0.048387
v 0.025404 -0.080645 0.080645
v 0.030859 -0.048387 -0.016129
v 0.048387 -0.048387 0.009178
v 0.048387 -0.054613 0.016129
v 0.048387 -0.061597 0.048387
v 0.048387 -0.053892 0.080645
v 0.018296 -0.048387 0.112903
v 0.048387 -0.048387 0.086356
v 0.048387 -0.016129 -0.023670
v 0.048387 -0.027059 -0.016129
v 0.048387 -0.023936 0.112903
v 0.048387 -0.016129 0.118671
v 0.030506 0.016129 -0.048387
v 0.048387 0.016129 -0.040855
v 0.029874 0.016129 0.145161
v 0.048387 0.016129 0.140128
v 0.048387 0.048387 -0.063056
v 0.048387 0.025921 -0.048387
v 0.048387 0.021446 0.145161
v 0.048387 0.048387 0.162195
v 0.021616 0.080645 -0.080645
v 0.048387 0.080645 -0.073663
v 0.048387 0.077118 0.177419
v 0.048387 0.080645 0.179836
v 0.048387 0.112903 -0.083405
v 0.048387 0.104380 -0.080645
v 0.048387 0.112903 0.191241
v 0.048387 0.145161 -0.089992
v 0.048387 0.145161 0.197893
v 0.019166 0.177419 -0.112903
v 0.048387 0.177419 -0.107255
v 0.048387 0.177419 0.207583
v 0.048387 0.209677 -0.145325
v 0.048387 0.209534 -0.145161
v 0.048387 0.183502 -0.112903
v 0.048387 0.182160 0.209677
v 0.048387 0.209677 0.219220
v 0.048387 0.241935 -0.196965
v 0.048387 0.230821 -0.177419
v 0.048387 0.241935 0.225505
v 0.048387 0.274194 -0.244678
v 0.048387 0.272226 -0.241935
v 0.048387 0.250934 -0.209677
v 0.048387 0.274194 0.233072
v 0.048387 0.306452 -0.266164
v 0.048387 0.306452 0.239797
v 0.048387 0.338710 -0.266375
v 0.048387 0.320688 0.241935
v 0.029833 0.338710 0.241935
v 0.048387 0.338710 0.244401
v 0.048387 0.370968 -0.253244
v 0.026223 0.370968 -0.080645
v 0.047810 0.370968 -0.048387
v 0.048387 0.370968 -0.046641
v 0.048387 0.366584 -0.016129
v 0.048387 0.366099 0.016129
v 0.048387 0.370858 0.048387
v 0.048387 0.370968 0.048702
v 0.048128 0.370968 0.241935
v 0.048387 0.370968 0.241967
v 0.048387 0.380639 -0.241935
v 0.048387 0.398518 -0.209677
v 0.048387 0.402170 -0.177419
v 0.048387 0.394752 -0.145161
v 0.048387 0.385485 -0.112903
v 0.048387 0.378814 -0.080645
v 0.048387 0.371234 -0.048387
v 0.048387 0.381431 0.080645
v 0.048387 0.399334 0.112903
v 0.048387 0.403226 0.118680
v 0.048387 0.371089 0.241935
v 0.048387 0.403226 0.231572
v 0.048387 0.421299 0.145161
v 0.045617 0.435484 0.177419
v 0.048387 0.435484 0.174460
v 0.048387 0.435484 0.185286
v 0.048387 0.429862 0.209677
v 0.048387 0.437213 0.177419
v 0.054864 -0.048387 0.016129
v 0.061795 -0.048387 0.048387
v 0.054561 -0.048387 0.080645
v 0.065662 -0.016129 -0.016129
v 0.080645 -0.016129 -0.004362
v 0.080645 -0.029501 0.016129
v 0.080645 -0.035010 0.048387
v 0.080645 -0.029818 0.080645
v 0.061115 -0.016129 0.112903
v 0.080645 -0.016129 0.099279
v 0.080645 0.016129 -0.033751
v 0.080645 -0.007908 -0.016129
v 0.080645 -0.005914 0.112903
v 0.080645 0.016129 0.132202
v 0.080645 0.048387 -0.058617
v 0.080645 0.034769 -0.048387
v 0.080645 0.028111 0.145161
v 0.080645 0.048387 0.160874
v 0.080645 0.080645 -0.070486
v 0.080645 0.076856 0.177419
v 0.080645 0.080645 0.180183
v 0.077203 0.112903 -0.080645
v 0.080645 0.112903 -0.080265
v 0.080645 0.112903 0.192412
v 0.080645 0.145161 -0.089393
v 0.080645 0.114024 -0.080645
v 0.080645 0.145161 0.198996
v 0.080645 0.177419 -0.108148
v 0.080645 0.176437 0.209677
v 0.075233 0.177419 0.209677
v 0.080645 0.177419 0.210097
v 0.080645 0.209677 -0.150577
v 0.080645 0.204898 -0.145161
v 0.080645 0.182389 -0.112903
v 0.080645 0.209677 0.219773
v 0.080645 0.241935 -0.204051
v 0.080645 0.227815 -0.177419
v 0.080645 0.241935 0.226484
v 0.080645 0.274194 -0.248669
v 0.080645 0.269650 -0.241935
v 0.080645 0.246083 -0.209677
v 0.080645 0.274194 0.233666
v 0.080645 0.306452 -0.273551
v 0.080645 0.306452 0.240496
v 0.080645 0.338710 -0.272899
v 0.080645 0.320055 0.241935
v 0.080645 0.338710 0.243770
v 0.080645 0.370968 -0.257707
v 0.056634 0.370968 -0.016129
v 0.058150 0.370968 0.016129
v 0.048606 0.370968 0.048387
v 0.053014 0.370968 0.241935
v 0.080645 0.368233 0.241935
v 0.080645 0.370968 0.241702
v 0.080645 0.383232 -0.241935
v 0.080498 0.403226 -0.209677
v 0.080645 0.403226 -0.209715
v 0.053015 0.403226 -0.177419
v 0.075343 0.403226 -0.145161
v 0.080645 0.403226 -0.139589
v 0.080645 0.395456 -0.112903
v 0.080645 0.389482 -0.080645
v 0.080645 0.384646 -0.048387
v 0.080645 0.382603 -0.016129
v 0.080645 0.381729 0.016129
v 0.080645 0.384845 0.048387
v 0.080645 0.391872 0.080645
v 0.058643 0.403226 0.112903
v 0.080645 0.403226 0.100603
v 0.080645 0.403226 0.230193
v 0.080645 0.403245 -0.209677
v 0.080645 0.408251 -0.177419
v 0.080645 0.404981 -0.145161
v 0.080645 0.410979 0.112903
v 0.080645 0.428098 0.145161
v 0.080645 0.435484 0.169951
v 0.080645 0.428680 0.209677
v 0.080645 0.435484 0.186635
v 0.080645 0.438284 0.177419
v 0.107709 -0.016129 0.016129
v 0.112903 -0.016129 0.038426
v 0.112903 -0.017325 0.048387
v 0.103418 -0.016129 0.080645
v 0.112903 -0.016129 0.053138
v 0.112903 0.016129 -0.025593
v 0.112903 0.005221 -0.016129
v 0.112903 -0.013269 0.016129
v 0.112903 -0.009935 0.080645
v 0.112903 0.008229 0.112903
v 0.112903 0.016129 0.120955
v 0.112903 0.048387 -0.052768
v 0.112903 0.042898 -0.048387
v 0.112903 0.036090 0.145161
v 0.112903 0.048387 0.155605
v 0.112903 0.080645 -0.067759
v 0.095175 0.080645 0.177419
v 0.112903 0.080645 0.173804
v 0.112903 0.112903 -0.076985
v 0.112903 0.087110 0.177419
v 0.112903 0.112903 0.189122
v 0.112903 0.145161 -0.088428
v 0.112903 0.122647 -0.080645
v 0.112903 0.145161 0.195831
v 0.109816 0.177419 -0.112903
v 0.112903 0.177419 -0.113633
v 0.112903 0.176739 -0.112903
v 0.083248 0.177419 0.209677
v 0.112903 0.177419 0.204970
v 0.112903 0.209677 -0.158555
v 0.112903 0.198597 -0.145161
v 0.112903 0.189127 0.209677
v 0.112903 0.209677 0.216866
v 0.101670 0.241935 -0.209677
v 0.112903 0.241935 -0.212428
v 0.112903 0.239881 -0.209677
v 0.112903 0.223057 -0.177419
v 0.112903 0.241935 0.225170
v 0.112903 0.274194 -0.254445
v 0.112903 0.265328 -0.241935
v 0.112903 0.274194 0.232773
v 0.085947 0.306452 -0.274194
v 0.112903 0.306452 -0.277115
v 0.112903 0.301995 -0.274194
v 0.112903 0.306452 0.239640
v 0.089195 0.338710 -0.274194
v 0.112903 0.338710 -0.277207
v 0.110683 0.338710 0.241935
v 0.112903 0.338710 0.241772
v 0.112903 0.346528 -0.274194
v 0.112903 0.370968 -0.262523
v 0.112903 0.370968 0.236839
v 0.112903 0.386902 -0.241935
v 0.112903 0.403226 -0.217477
v 0.096321 0.403226 -0.112903
v 0.107620 0.403226 -0.080645
v 0.112903 0.403226 -0.058273
v 0.112903 0.401746 -0.048387
v 0.112903 0.399772 -0.016129
v 0.112903 0.399377 0.016129
v 0.112903 0.401608 0.048387
v 0.103394 0.403226 0.080645
v 0.112903 0.403226 0.056469
v 0.112903 0.403226 0.222664
v 0.112903 0.407321 -0.209677
v 0.112903 0.413627 -0.177419
v 0.112903 0.414498 -0.145161
v 0.112903 0.410812 -0.112903
v 0.112903 0.406396 -0.080645
v 0.112903 0.408184 0.080645
v 0.112903 0.420117 0.112903
v 0.112903 0.430255 0.145161
v 0.101637 0.435484 0.177419
v 0.112903 0.434135 0.177419
v 0.112903 0.418471 0.209677
v 0.114408 -0.016129 0.048387
v 0.130922 0.016129 -0.016129
v 0.145161 0.016129 0.003959
v 0.145161 0.010791 0.016129
v 0.145161 0.007236 0.048387
v 0.143411 0.016129 0.080645
v 0.145161 0.016129 0.075731
v 0.122183 0.016129 0.112903
v 0.124505 0.048387 -0.048387
v 0.145161 0.048387 -0.039201
v 0.145161 0.024629 -0.016129
v 0.145161 0.017614 0.080645
v 0.145161 0.033323 0.112903
v 0.128256 0.048387 0.145161
v 0.145161 0.048387 0.129532
v 0.145161 0.080645 -0.058160
v 0.145161 0.063339 -0.048387
v 0.145161 0.063661 0.145161
v 0.145161 0.080645 0.158534
v 0.145161 0.112903 -0.069685
v 0.138121 0.112903 0.177419
v 0.145161 0.112903 0.173043
v 0.145161 0.145161 -0.081788
v 0.145161 0.142210 -0.080645
v 0.145161 0.123358 0.177419
v 0.145161 0.145161 0.185121
v 0.145161 0.177419 -0.114457
v 0.145161 0.176168 -0.112903
v 0.145161 0.177419 0.192976
v 0.145161 0.209677 -0.163506
v 0.145161 0.195497 -0.145161
v 0.133472 0.209677 0.209677
v 0.145161 0.209677 0.204749
v 0.145161 0.241935 -0.216936
v 0.145161 0.236272 -0.209677
v 0.145161 0.219500 -0.177419
v 0.145161 0.218396 0.209677
v 0.145161 0.241935 0.220508
v 0.145161 0.274194 -0.254755
v 0.145161 0.264778 -0.241935
v 0.145161 0.274194 0.229285
v 0.145161 0.306452 -0.277474
v 0.145161 0.301482 -0.274194
v 0.145161 0.306452 0.235314
v 0.145161 0.338710 -0.276991
v 0.145161 0.338710 0.235299
v 0.145161 0.346201 -0.274194
v 0.145161 0.370968 -0.262281
v 0.145161 0.370968 0.228848
v 0.145161 0.385412 -0.241935
v 0.145161 0.403226 -0.215964
v 0.115718 0.403226 -0.048387
v 0.119134 0.403226 -0.016129
v 0.119875 0.403226 0.016129
v 0.116122 0.403226 0.048387
v 0.140221 0.403226 0.209677
v 0.145161 0.399944 0.209677
v 0.145161 0.403226 0.205998
v 0.145161 0.406695 -0.209677
v 0.145161 0.414256 -0.177419
v 0.145161 0.417026 -0.145161
v 0.145161 0.416569 -0.112903
v 0.145161 0.416344 -0.080645
v 0.145161 0.415690 -0.048387
v 0.145161 0.415525 -0.016129
v 0.145161 0.415269 0.016129
v 0.145161 0.415474 0.048387
v 0.145161 0.417004 0.080645
v 0.145161 0.422447 0.112903
v 0.145161 0.425494 0.145161
v 0.145161 0.420984 0.177419
v 0.149262 0.016129 0.016129
v 0.152174 0.016129 0.048387
v 0.162895 0.048387 -0.016129
v 0.170094 0.048387 0.016129
v 0.172950 0.048387 0.048387
v 0.167187 0.048387 0.080645
v 0.157794 0.048387 0.112903
v 0.155431 0.080645 -0.048387
v 0.177419 0.080645 -0.016265
v 0.177419 0.080481 -0.016129
v 0.177419 0.063161 0.016129
v 0.177419 0.057079 0.048387
v 0.177419 0.066303 0.080645
v 0.177419 0.080645 0.105645
v 0.174696 0.080645 0.112903
v 0.158380 0.080645 0.145161
v 0.164783 0.112903 -0.048387
v 0.177419 0.112903 -0.030363
v 0.177419 0.087897 0.112903
v 0.177419 0.112903 0.127882
v 0.168018 0.112903 0.145161
v 0.146645 0.145161 -0.080645
v 0.172608 0.145161 -0.048387
v 0.177419 0.145161 -0.040639
v 0.177419 0.143995 0.145161
v 0.153594 0.145161 0.177419
v 0.177419 0.145161 0.145690
v 0.147873 0.177419 -0.112903
v 0.177419 0.177419 -0.095201
v 0.177419 0.167036 -0.080645
v 0.177419 0.150839 -0.048387
v 0.163684 0.177419 0.177419
v 0.177419 0.177419 0.160728
v 0.177419 0.209677 -0.157825
v 0.177419 0.201006 -0.145161
v 0.177419 0.187616 -0.112903
v 0.177419 0.203745 0.177419
v 0.177419 0.209677 0.181015
v 0.177419 0.241935 -0.213492
v 0.177419 0.238848 -0.209677
v 0.177419 0.221278 -0.177419
v 0.165882 0.241935 0.209677
v 0.177419 0.241935 0.201612
v 0.177419 0.274194 -0.251119
v 0.177419 0.266989 -0.241935
v 0.177419 0.255572 0.209677
v 0.177419 0.274194 0.219347
v 0.164425 0.306452 -0.274194
v 0.177419 0.306452 -0.271804
v 0.177419 0.306452 0.226015
v 0.160333 0.338710 -0.274194
v 0.177419 0.338710 -0.270665
v 0.177419 0.338710 0.224142
v 0.177419 0.370968 -0.255822
v 0.177419 0.370968 0.212406
v 0.177419 0.381114 -0.241935
v 0.165150 0.403226 -0.209677
v 0.177419 0.400675 -0.209677
v 0.177419 0.403226 -0.203478
v 0.173952 0.403226 0.177419
v 0.177419 0.400478 0.177419
v 0.177419 0.403226 0.172237
v 0.177419 0.374301 0.209677
v 0.177419 0.410876 -0.177419
v 0.177419 0.415621 -0.145161
v 0.177419 0.416966 -0.112903
v 0.177419 0.418894 -0.080645
v 0.177419 0.420331 -0.048387
v 0.177419 0.421732 -0.016129
v 0.177419 0.420973 0.016129
v 0.177419 0.419352 0.048387
v 0.177419 0.417691 0.080645
v 0.177419 0.417532 0.112903
v 0.177419 0.413469 0.145161
v 0.177490 0.080645 -0.016129
v 0.184567 0.080645 0.016129
v 0.186727 0.080645 0.048387
v 0.184966 0.080645 0.080645
v 0.184422 0.112903 -0.016129
v 0.188803 0.112903 0.016129
v 0.191158 0.112903 0.048387
v 0.190196 0.112903 0.080645
v 0.185041 0.112903 0.112903
v 0.187217 0.145161 -0.016129
v 0.191219 0.145161 0.016129
v 0.192814 0.145161 0.048387
v 0.192744 0.145161 0.080645
v 0.188350 0.145161 0.112903
v 0.177827 0.145161 0.145161
v 0.186965 0.177419 -0.080645
v 0.193536 0.177419 -0.048387
v 0.198978 0.177419 -0.016129
v 0.199762 0.177419 0.016129
v 0.200611 0.177419 0.048387
v 0.198866 0.177419 0.080645
v 0.194591 0.177419 0.112903
v 0.187572 0.177419 0.145161
v 0.196468 0.209677 -0.145161
v 0.209677 0.209677 -0.124826
v 0.209677 0.205890 -0.112903
v 0.209677 0.197338 -0.080645
v 0.209677 0.194900 -0.048387
v 0.209677 0.191113 -0.016129
v 0.209677 0.190829 0.016129
v 0.209677 0.191274 0.048387
v 0.209677 0.195110 0.080645
v 0.209677 0.209076 0.112903
v 0.209677 0.209677 0.114060
v 0.200156 0.209677 0.145161
v 0.180741 0.209677 0.177419
v 0.188385 0.241935 -0.209677
v 0.209677 0.241935 -0.200419
v 0.209677 0.228766 -0.177419
v 0.209677 0.215174 -0.145161
v 0.209677 0.223183 0.145161
v 0.209677 0.241935 0.168398
v 0.202884 0.241935 0.177419
v 0.200025 0.274194 -0.241935
v 0.209677 0.274194 -0.238338
v 0.209677 0.248716 -0.209677
v 0.209677 0.251414 0.177419
v 0.194043 0.274194 0.209677
v 0.209677 0.274194 0.196762
v 0.209677 0.306452 -0.260819
v 0.209677 0.279780 -0.241935
v 0.209677 0.302279 0.209677
v 0.209677 0.306452 0.211470
v 0.209677 0.338710 -0.258527
v 0.203152 0.338710 0.209677
v 0.209677 0.316056 0.209677
v 0.209677 0.338710 0.204404
v 0.209677 0.369520 -0.241935
v 0.207835 0.370968 -0.241935
v 0.209677 0.370968 -0.241031
v 0.181355 0.370968 0.209677
v 0.209677 0.370968 0.185092
v 0.209677 0.389459 -0.209677
v 0.199830 0.403226 -0.177419
v 0.209677 0.399023 -0.177419
v 0.209677 0.403226 -0.164453
v 0.195457 0.403226 0.145161
v 0.209677 0.394192 0.145161
v 0.209677 0.403226 0.121508
v 0.209677 0.377218 0.177419
v 0.209677 0.408315 -0.145161
v 0.209677 0.411627 -0.112903
v 0.209677 0.415879 -0.080645
v 0.209677 0.418341 -0.048387
v 0.209677 0.420368 -0.016129
v 0.209677 0.419734 0.016129
v 0.209677 0.416234 0.048387
v 0.209677 0.411211 0.080645
v 0.209677 0.406094 0.112903
v 0.213736 0.209677 -0.112903
v 0.220881 0.209677 -0.080645
v 0.221827 0.209677 -0.048387
v 0.222789 0.209677 -0.016129
v 0.222690 0.209677 0.016129
v 0.221236 0.209677 0.048387
v 0.219132 0.209677 0.080645
v 0.210090 0.209677 0.112903
v 0.231286 0.241935 -0.177419
v 0.241935 0.241935 -0.161083
v 0.241935 0.235198 -0.145161
v 0.241935 0.230914 -0.112903
v 0.241935 0.229172 -0.080645
v 0.241935 0.230525 -0.048387
v 0.241935 0.232083 -0.016129
v 0.241935 0.235163 0.016129
v 0.241935 0.240130 0.048387
v 0.241935 0.241935 0.057105
v 0.237783 0.241935 0.080645
v 0.231251 0.241935 0.112903
v 0.223533 0.241935 0.145161
v 0.241935 0.274194 -0.216628
v 0.241935 0.268438 -0.209677
v 0.241935 0.250864 -0.177419
v 0.241935 0.247738 0.080645
v 0.241935 0.257758 0.112903
v 0.241935 0.268384 0.145161
v 0.227884 0.274194 0.177419
v 0.241935 0.274194 0.154461
v 0.234703 0.306452 -0.241935
v 0.241935 0.306452 -0.236290
v 0.241935 0.304612 0.177419
v 0.212119 0.306452 0.209677
v 0.241935 0.306452 0.178617
v 0.231395 0.338710 -0.241935
v 0.241935 0.338710 -0.233460
v 0.236897 0.338710 0.177419
v 0.241935 0.312065 0.177419
v 0.241935 0.338710 0.170678
v 0.241935 0.370968 -0.213779
v 0.239521 0.370968 0.145161
v 0.241935 0.367534 0.145161
v 0.241935 0.370968 0.140321
v 0.217267 0.370968 0.177419
v 0.241935 0.373457 -0.209677
v 0.241935 0.382728 -0.177419
v 0.219248 0.403226 -0.145161
v 0.241935 0.390428 -0.145161
v 0.228237 0.403226 -0.112903
v 0.241935 0.395465 -0.112903
v 0.240957 0.403226 -0.080645
v 0.241935 0.402633 -0.080645
v 0.241935 0.403226 -0.077234
v 0.236485 0.403226 0.048387
v 0.241935 0.399365 0.048387
v 0.241935 0.403226 0.035173
v 0.223066 0.403226 0.080645
v 0.241935 0.390152 0.080645
v 0.213761 0.403226 0.112903
v 0.241935 0.381272 0.112903
v 0.241935 0.407363 -0.048387
v 0.241935 0.409505 -0.016129
v 0.241935 0.407631 0.016129
v 0.250147 0.241935 -0.145161
v 0.255347 0.241935 -0.112903
v 0.256914 0.241935 -0.080645
v 0.254958 0.241935 -0.048387
v 0.252668 0.241935 -0.016129
v 0.249049 0.241935 0.016129
v 0.243784 0.241935 0.048387
v 0.249115 0.274194 -0.209677
v 0.268848 0.274194 -0.177419
v 0.274194 0.274194 -0.166877
v 0.274194 0.265404 -0.145161
v 0.274194 0.261389 -0.112903
v 0.274194 0.259861 -0.080645
v 0.274194 0.262440 -0.048387
v 0.274194 0.265382 -0.016129
v 0.274194 0.269776 0.016129
v 0.274194 0.274194 0.037696
v 0.271922 0.274194 0.048387
v 0.265205 0.274194 0.080645
v 0.257245 0.274194 0.112903
v 0.247965 0.274194 0.145161
v 0.267508 0.306452 -0.209677
v 0.274194 0.306452 -0.198733
v 0.274194 0.283521 -0.177419
v 0.274194 0.278504 0.048387
v 0.274194 0.290885 0.080645
v 0.274194 0.306452 0.112467
v 0.274049 0.306452 0.112903
v 0.263307 0.306452 0.145161
v 0.243115 0.306452 0.177419
v 0.265191 0.338710 -0.209677
v 0.274194 0.338710 -0.193084
v 0.272129 0.338710 0.112903
v 0.274194 0.338710 0.106415
v 0.259384 0.338710 0.145161
v 0.245744 0.370968 -0.209677
v 0.274194 0.353636 -0.177419
v 0.262930 0.370968 -0.177419
v 0.274194 0.370968 -0.154177
v 0.268032 0.370968 0.080645
v 0.274194 0.357825 0.080645
v 0.274194 0.370968 0.062411
v 0.255419 0.370968 0.112903
v 0.274194 0.373643 -0.145161
v 0.274194 0.378390 -0.112903
v 0.274194 0.384387 -0.080645
v 0.249227 0.403226 -0.048387
v 0.274194 0.386729 -0.048387
v 0.253341 0.403226 -0.016129
v 0.274194 0.388219 -0.016129
v 0.249213 0.403226 0.016129
v 0.274194 0.383868 0.016129
v 0.274194 0.375089 0.048387
v 0.282342 0.274194 -0.145161
v 0.285829 0.274194 -0.112903
v 0.287885 0.274194 -0.080645
v 0.285925 0.274194 -0.048387
v 0.283394 0.274194 -0.016129
v 0.278797 0.274194 0.016129
v 0.284641 0.306452 -0.177419
v 0.293186 0.306452 -0.145161
v 0.297175 0.306452 -0.112903
v 0.299105 0.306452 -0.080645
v 0.299182 0.306452 -0.048387
v 0.296134 0.306452 -0.016129
v 0.292803 0.306452 0.016129
v 0.287500 0.306452 0.048387
v 0.282808 0.306452 0.080645
v 0.281021 0.338710 -0.177419
v 0.292021 0.338710 -0.145161
v 0.295273 0.338710 -0.112903
v 0.298990 0.338710 -0.080645
v 0.298598 0.338710 -0.048387
v 0.298070 0.338710 -0.016129
v 0.293369 0.338710 0.016129
v 0.287807 0.338710 0.048387
v 0.280627 0.338710 0.080645
v 0.277547 0.370968 -0.145161
v 0.283579 0.370968 -0.112903
v 0.289403 0.370968 -0.080645
v 0.291438 0.370968 -0.048387
v 0.290278 0.370968 -0.016129
v 0.286299 0.370968 0.016129
v 0.277979 0.370968 0.048387
vn -0.897183 -0.378377 -0.227800
vn -0.811226 -0.477253 -0.337848
vn -0.811242 -0.547231 -0.205971
vn -0.813726 -0.554701 -0.173655
vn -0.904335 -0.400896 -0.146496
vn -0.822666 -0.564509 -0.067457
vn -0.917010 -0.398812 -0.006410
vn -0.826101 -0.550496 0.120460
vn -0.908585 -0.365202 0.202733
vn -0.795555 -0.510501 0.326315
vn -0.934596 -0.201120 -0.293396
vn -0.917927 -0.168319 -0.359275
vn -0.840188 -0.418171 -0.345279
vn -0.953480 -0.189607 -0.234361
vn -0.965837 -0.209897 -0.151992
vn -0.981082 -0.192927 -0.016063
vn -0.969884 -0.180640 0.163387
vn -0.853362 -0.342321 0.393178
vn -0.907685 -0.207162 0.364954
vn -0.816062 -0.257584 0.517392
vn -0.955207 0.108260 -0.275426
vn -0.933696 0.093921 -0.345530
vn -0.965526 0.117667 -0.232195
vn -0.981773 0.129731 -0.138894
vn -0.989840 0.141652 -0.012323
vn -0.978267 0.131338 0.160452
vn -0.942034 0.087197 0.323988
vn -0.883892 0.002686 0.467684
vn -0.909657 0.312214 -0.273947
vn -0.915060 0.339405 -0.217873
vn -0.861726 0.452996 -0.228524
vn -0.902860 0.405870 -0.141819
vn -0.892194 0.451185 -0.020523
vn -0.891589 0.440498 0.105024
vn -0.893730 0.382266 0.234777
vn -0.782339 0.514215 0.351466
vn -0.715080 0.678784 -0.167073
vn -0.699675 0.710338 -0.076652
vn -0.688291 0.725189 0.018878
vn -0.667576 0.731823 0.137030
vn -0.645833 0.724059 0.242152
vn -0.786474 -0.566955 -0.244990
vn -0.775421 -0.552479 -0.305760
vn -0.736066 -0.634444 -0.235983
vn -0.737345 -0.659176 -0.147679
vn -0.778452 -0.613307 -0.133668
vn -0.747956 -0.657924 -0.087736
vn -0.787768 -0.615006 -0.034487
vn -0.778816 -0.623374 0.069645
vn -0.800615 -0.564940 0.199644
vn -0.755372 -0.544518 0.364573
vn -0.762249 -0.489541 0.423470
vn -0.705302 -0.458321 0.540825
vn -0.824336 -0.457750 -0.333068
vn -0.719633 -0.527136 -0.451947
vn -0.730189 -0.571680 -0.374173
vn -0.769180 -0.556159 -0.314720
vn -0.824540 -0.469076 -0.316388
vn -0.772223 -0.439073 0.459223
vn -0.636528 -0.461036 0.618286
vn -0.727903 -0.403425 0.554441
vn -0.610396 -0.430303 0.665023
vn -0.870327 -0.311488 -0.381453
vn -0.756770 -0.428807 -0.493381
vn -0.738560 -0.503766 -0.448050
vn -0.888366 -0.310750 -0.337994
vn -0.769867 -0.288552 0.569248
vn -0.669493 -0.383383 0.636236
vn -0.899809 -0.054189 -0.432906
vn -0.682375 -0.046712 -0.729509
vn -0.750095 -0.338416 -0.568184
vn -0.944599 0.017056 -0.327782
vn -0.949146 0.002135 -0.314829
vn -0.852229 0.088124 0.515694
vn -0.645445 -0.288291 0.707311
vn -0.794456 -0.085416 0.601285
vn -0.642848 -0.043176 0.764776
vn -0.913036 0.091518 -0.397478
vn -0.630129 0.340451 -0.697876
vn -0.910827 0.270785 -0.311562
vn -0.892103 0.394355 -0.220538
vn -0.820985 0.528008 -0.217238
vn -0.789426 0.457822 0.408908
vn -0.801014 0.344529 0.489568
vn -0.666955 0.174022 0.724491
vn -0.701245 0.634676 -0.324716
vn -0.727346 0.649926 -0.220372
vn -0.726485 0.667905 -0.161624
vn -0.725262 0.669675 -0.159783
vn -0.686369 0.715925 -0.127860
vn -0.364598 0.921826 -0.131548
vn -0.639006 0.763394 -0.094347
vn -0.606537 0.794987 0.010437
vn -0.588568 0.804026 0.084433
vn -0.606986 0.772293 0.187435
vn -0.567265 0.771599 0.287829
vn -0.553754 0.767952 0.321879
vn -0.492279 0.727495 0.477925
vn -0.277642 0.957945 -0.072506
vn -0.266599 0.963430 -0.026968
vn -0.256155 0.966110 0.031868
vn -0.246445 0.963785 0.101894
vn -0.246545 0.956136 0.158175
vn -0.793043 -0.549414 -0.263109
vn -0.759145 -0.535018 -0.370749
vn -0.783004 -0.559803 -0.271155
vn -0.786229 -0.606409 -0.118791
vn -0.760839 -0.625621 -0.172400
vn -0.751728 -0.654956 -0.077050
vn -0.713138 -0.692833 -0.106850
vn -0.709610 -0.698773 -0.090391
vn -0.699373 -0.708391 -0.095184
vn -0.718310 -0.695117 -0.029042
vn -0.749694 -0.653048 0.107182
vn -0.754365 -0.603961 0.257224
vn -0.747432 -0.563661 0.351614
vn -0.714197 -0.527185 0.460433
vn -0.740404 -0.544013 -0.394781
vn -0.717217 -0.539467 -0.441107
vn -0.722729 -0.534179 -0.438537
vn -0.770560 -0.568731 -0.287719
vn -0.688433 -0.418919 0.592086
vn -0.651695 -0.421823 0.630364
vn -0.619947 -0.407128 0.670755
vn -0.708999 -0.528674 -0.466715
vn -0.673465 -0.530567 -0.514726
vn -0.681435 -0.543595 -0.490051
vn -0.606332 -0.443700 0.659917
vn -0.584396 -0.414088 0.697863
vn -0.530804 -0.373126 0.760936
vn -0.676897 -0.410335 -0.611094
vn -0.610928 -0.396074 -0.685487
vn -0.610657 -0.475038 -0.633591
vn -0.564434 -0.375313 0.735224
vn -0.540202 -0.367510 0.757046
vn -0.663712 -0.239587 -0.708579
vn -0.460920 -0.014280 -0.887327
vn -0.558328 -0.292249 -0.776441
vn -0.573061 -0.309107 0.758982
vn -0.614656 0.000714 0.788795
vn -0.475657 -0.086777 0.875340
vn -0.669261 0.107466 -0.735215
vn -0.616231 0.366243 -0.697227
vn -0.485460 0.064049 0.871910
vn -0.544995 0.509211 0.666096
vn -0.682365 0.655033 -0.324513
vn -0.503904 0.630156 -0.590750
vn -0.617532 0.748231 -0.242499
vn -0.490655 0.865384 -0.101822
vn -0.380308 0.920834 -0.086198
vn -0.392495 0.874161 0.285989
vn -0.375264 0.878687 0.295105
vn -0.421920 0.778043 0.465438
vn -0.318106 0.933447 -0.165786
vn -0.271553 0.959885 -0.069848
vn -0.207280 0.977979 -0.024319
vn -0.146622 0.988581 -0.034788
vn -0.065586 0.997486 -0.026837
vn -0.067933 0.997387 -0.024600
vn -0.060256 0.998012 0.018471
vn -0.083093 0.994935 0.056574
vn -0.146218 0.983015 0.110917
vn -0.202048 0.965667 0.163291
vn -0.908117 -0.414483 0.059395
vn -0.870874 -0.468528 -0.148528
vn -0.907257 -0.391685 -0.153195
vn -0.908887 -0.395513 0.132266
vn -0.894524 -0.401912 -0.195687
vn -0.758569 -0.471502 -0.449733
vn -0.840833 -0.516330 -0.162488
vn -0.856108 -0.514805 -0.045326
vn -0.888803 -0.457554 -0.025945
vn -0.870939 -0.491150 0.015362
vn -0.860490 -0.509033 -0.021032
vn -0.870601 -0.483157 -0.092810
vn -0.861897 -0.495105 -0.109564
vn -0.870126 -0.473982 -0.134985
vn -0.883382 -0.462729 -0.074278
vn -0.923153 -0.373913 0.089323
vn -0.885522 -0.378173 0.269880
vn -0.891085 -0.312694 0.328923
vn -0.782404 -0.257575 0.567009
vn -0.805952 -0.432923 -0.403755
vn -0.496000 -0.493556 -0.714413
vn -0.650038 -0.432123 -0.625076
vn -0.832355 -0.488734 -0.261389
vn -0.873030 -0.478060 -0.096318
vn -0.848970 -0.527897 -0.023960
vn -0.844443 -0.528676 -0.086124
vn -0.855408 -0.515657 -0.048725
vn -0.892029 -0.423561 0.157737
vn -0.846028 -0.293004 0.445405
vn -0.773699 -0.194752 0.602878
vn -0.714319 -0.494443 -0.495252
vn -0.484317 -0.522076 -0.702050
vn -0.410601 -0.577258 -0.705819
vn -0.740546 -0.513355 -0.433658
vn -0.757347 -0.322539 0.567797
vn -0.751616 -0.221039 0.621463
vn -0.698461 -0.277244 0.659764
vn -0.563888 -0.195041 0.802490
vn -0.632390 -0.544880 -0.550625
vn -0.500006 -0.560765 -0.659952
vn -0.655464 -0.341177 0.673769
vn -0.544565 -0.299419 0.783452
vn -0.539489 -0.547881 -0.639358
vn -0.474372 -0.545421 -0.691005
vn -0.471128 -0.572820 -0.670757
vn -0.515005 -0.354554 0.780424
vn -0.533031 -0.438221 -0.723768
vn -0.410434 -0.310804 -0.857289
vn -0.451286 -0.496431 -0.741551
vn -0.512359 -0.419088 0.749569
vn -0.523542 -0.357927 0.773170
vn -0.443592 -0.294572 0.846436
vn -0.399586 -0.082128 -0.913009
vn -0.424871 -0.095967 0.900153
vn -0.459239 0.261558 -0.848933
vn -0.374253 0.245104 -0.894348
vn -0.384260 0.582152 0.716550
vn -0.408492 0.330533 0.850813
vn -0.435378 0.453000 -0.777970
vn -0.419642 0.743149 -0.521182
vn -0.295652 0.907388 0.298726
vn -0.386171 0.795387 0.467153
vn -0.396842 0.697978 0.596107
vn -0.212985 0.956968 -0.197103
vn -0.130652 0.991390 -0.008699
vn -0.041957 0.997645 0.054266
vn 0.026460 0.999116 0.032672
vn 0.075358 0.997157 0.000547
vn 0.097991 0.995128 -0.010904
vn 0.092883 0.995664 0.005112
vn 0.058012 0.998219 0.013893
vn -0.001986 0.999424 0.033870
vn -0.090642 0.992424 0.082932
vn -0.177787 0.967172 0.181576
vn -1.000000 0.000000 0.000000
vn -0.853301 -0.245804 -0.459845
vn -0.821721 -0.569889 -0.000000
vn -0.956951 -0.275662 0.090857
vn -0.993178 0.116606 0.000000
vn -0.997929 -0.033127 -0.055139
vn -1.000000 0.000000 -0.000000
vn -0.988110 0.141041 -0.061210
vn -0.981131 -0.025900 0.191600
vn -0.971567 0.166716 0.168115
vn -0.999655 -0.000649 -0.026238
vn -0.974631 0.045006 -0.219248
vn -0.961534 -0.249555 -0.114781
vn -0.969927 -0.243171 -0.010455
vn -0.999086 -0.023778 -0.035519
vn -0.954411 -0.293847 0.052472
vn -0.996318 -0.064590 0.056387
vn -0.929569 -0.244587 0.275825
vn -0.994773 0.077497 -0.066490
vn -0.997999 0.027588 -0.056887
vn -0.994641 0.088986 -0.052640
vn -0.999884 -0.013702 0.006723
vn -0.977705 -0.103061 0.182950
vn -0.980095 0.088710 -0.177606
vn -0.997739 -0.047462 -0.047590
vn -0.981224 0.000972 -0.192867
vn -0.988742 -0.067131 0.133724
vn -0.986609 -0.114878 0.115780
vn -0.918180 -0.187162 0.349164
vn -0.965224 -0.229332 -0.125495
vn -0.956301 -0.207468 -0.206022
vn -0.965441 -0.250233 0.072843
vn -0.760509 -0.282849 0.584485
vn -0.902041 -0.311091 0.299238
vn -0.662267 -0.407120 0.629012
vn -0.910756 -0.401675 -0.095812
vn -0.817234 -0.502751 -0.281726
vn -0.855436 -0.483852 -0.184706
vn -0.900444 -0.422107 -0.105009
vn -0.937451 -0.341462 -0.067738
vn -0.923009 -0.374728 -0.087366
vn -0.934001 -0.333470 -0.128222
vn -0.941106 -0.318332 -0.113952
vn -0.935528 -0.353224 -0.004571
vn -0.870294 -0.370473 0.324560
vn -0.707556 -0.397524 0.584243
vn -0.812966 -0.492847 -0.310140
vn -0.463668 -0.530135 -0.709907
vn -0.568872 -0.536030 -0.623743
vn -0.888920 -0.457396 -0.024692
vn -0.913469 -0.405451 -0.034403
vn -0.919688 -0.380091 -0.098512
vn -0.922748 -0.361624 -0.133286
vn -0.875267 -0.341480 0.342489
vn -0.709561 -0.389870 0.586962
vn -0.769156 -0.278050 0.575402
vn -0.488029 -0.254143 0.835008
vn -0.654956 -0.481349 -0.582526
vn -0.319850 -0.417553 -0.850497
vn -0.206332 -0.474486 -0.855740
vn -0.728873 -0.188532 0.658179
vn -0.524856 -0.159704 0.836075
vn -0.267215 -0.503332 -0.821738
vn -0.641532 -0.161977 0.749800
vn -0.558782 -0.131335 0.818849
vn -0.249413 -0.570298 -0.782658
vn -0.137341 -0.590210 -0.795481
vn -0.544938 -0.200657 0.814113
vn -0.371436 -0.604744 -0.704500
vn -0.256124 -0.651901 -0.713740
vn -0.139274 -0.645883 -0.750625
vn -0.544079 -0.268053 0.795063
vn -0.528222 -0.311064 0.790076
vn -0.443705 -0.248213 0.861113
vn -0.403753 -0.592159 -0.697375
vn -0.297710 -0.461510 -0.835689
vn -0.187944 -0.675079 -0.713404
vn -0.510384 -0.363209 0.779479
vn -0.418984 -0.313771 0.852056
vn -0.312088 -0.323993 -0.893101
vn -0.400749 -0.272086 0.874854
vn -0.363905 0.028701 -0.930994
vn -0.429258 -0.249184 0.868127
vn -0.435819 0.016840 0.899877
vn -0.345138 -0.052419 0.937087
vn -0.336133 0.333234 -0.880892
vn -0.347212 0.063748 0.935618
vn -0.408262 0.380881 0.829610
vn -0.304168 0.536693 -0.787047
vn -0.279492 0.538727 -0.794769
vn -0.333329 0.849623 0.408697
vn -0.352477 0.618520 0.702277
vn -0.181552 0.929729 -0.320379
vn -0.069049 0.995541 -0.064267
vn -0.005559 0.996532 0.083030
vn 0.045161 0.992793 0.111005
vn 0.136149 0.984493 0.110619
vn 0.191933 0.979947 0.053527
vn 0.220253 0.975440 0.002232
vn 0.223003 0.974788 -0.007571
vn 0.184643 0.981667 -0.047303
vn 0.086651 0.995157 -0.046412
vn -0.014106 0.999703 -0.019851
vn -0.135870 0.986842 0.087647
vn -0.226996 0.935424 0.271025
vn -0.780149 -0.613936 -0.120210
vn -0.725148 -0.588627 -0.357321
vn -0.507660 -0.853807 -0.115302
vn -0.534345 -0.829178 0.164132
vn -0.758336 -0.623068 0.191606
vn -0.558614 -0.795208 0.235785
vn -0.807154 -0.164429 -0.566980
vn -0.379201 -0.081380 -0.921729
vn -0.502277 -0.396517 -0.768435
vn -0.933320 -0.323136 0.156512
vn -0.724683 -0.622073 0.296410
vn -0.861380 -0.413285 0.295332
vn -0.622172 -0.673934 0.398389
vn -0.824218 -0.268756 0.498432
vn -0.475211 -0.432920 0.765999
vn -0.731771 0.231437 -0.641053
vn -0.187106 0.273018 -0.943638
vn -0.935733 0.167052 -0.310640
vn -0.971615 0.023450 0.235403
vn -0.884095 -0.069629 0.462090
vn -0.560409 -0.133161 0.817441
vn -0.457434 0.358390 -0.813825
vn -0.878427 0.223593 -0.422342
vn -0.479126 0.278073 -0.832535
vn -0.988834 0.147488 0.021313
vn -0.983119 0.055953 0.174201
vn -0.915183 -0.007058 0.402976
vn -0.605777 -0.077477 0.791853
vn -0.899234 0.056929 -0.433749
vn -0.345416 0.143912 -0.927350
vn -0.995839 0.031238 -0.085606
vn -0.994273 -0.040960 0.098705
vn -0.937494 -0.141682 0.317855
vn -0.699983 -0.166297 0.694528
vn -0.859676 -0.123769 -0.495620
vn -0.309463 -0.085093 -0.947097
vn -0.976041 -0.170961 -0.134600
vn -0.980589 -0.193826 0.029592
vn -0.942242 -0.261687 0.209046
vn -0.713185 -0.369586 0.595628
vn -0.815831 -0.329683 0.475110
vn -0.333687 -0.448014 0.829419
vn -0.882651 -0.101385 -0.458964
vn -0.292693 -0.071580 -0.953523
vn -0.861050 -0.286834 0.419905
vn -0.367521 -0.526494 0.766637
vn -0.732876 -0.315097 0.602998
vn -0.216111 -0.371278 0.903022
vn -0.862614 0.092897 -0.497260
vn -0.269497 0.062046 -0.961001
vn -0.985690 0.095770 -0.138720
vn -0.905829 -0.147136 0.397272
vn -0.774076 -0.216259 0.595011
vn -0.314631 -0.264363 0.911658
vn -0.882390 0.045145 -0.468347
vn -0.316152 -0.012618 -0.948625
vn -0.985743 0.061738 -0.156524
vn -0.993034 0.057320 -0.102943
vn -0.830245 -0.184423 0.526005
vn -0.465285 -0.270858 0.842701
vn -0.826550 -0.341469 -0.447453
vn -0.337611 -0.360614 -0.869469
vn -0.977742 -0.119796 -0.172250
vn -0.991085 -0.051042 -0.123067
vn -0.513306 -0.350971 0.783158
vn -0.620248 -0.392330 0.679242
vn -0.234526 -0.363842 0.901452
vn -0.528359 -0.583521 -0.616718
vn -0.152234 -0.510367 -0.846375
vn -0.086922 -0.540531 -0.836822
vn -0.558957 -0.366826 0.743643
vn -0.314118 -0.312350 0.896531
vn 0.094277 -0.428112 -0.898795
vn -0.327036 -0.265466 0.906959
vn 0.128325 -0.400689 -0.907183
vn 0.132205 -0.420544 -0.897588
vn -0.365133 -0.241084 0.899198
vn -0.505557 -0.138577 0.851592
vn -0.245191 -0.218333 0.944570
vn 0.158825 -0.475923 -0.865027
vn -0.525721 -0.143375 0.838487
vn -0.288297 -0.158425 0.944344
vn 0.055938 -0.603441 -0.795443
vn 0.179042 -0.617151 -0.766204
vn -0.525289 -0.201361 0.826756
vn -0.338190 -0.163522 0.926762
vn -0.020076 -0.701615 -0.712274
vn 0.106368 -0.683420 -0.722235
vn -0.322139 -0.249479 0.913229
vn -0.154321 -0.549321 -0.821237
vn -0.009856 -0.730716 -0.682611
vn -0.345023 -0.315526 0.883970
vn -0.332891 -0.380996 -0.862569
vn -0.258725 -0.252082 -0.932478
vn -0.106243 -0.568093 -0.816078
vn -0.399281 -0.344097 0.849807
vn -0.424284 -0.279228 0.861403
vn -0.281775 -0.212265 0.935707
vn -0.355865 -0.105739 -0.928536
vn -0.281678 -0.081521 -0.956040
vn -0.232244 -0.053789 0.971169
vn -0.375298 0.186962 -0.907853
vn -0.266916 0.234674 -0.934711
vn -0.368194 0.421029 0.828956
vn -0.262907 0.169649 0.949789
vn -0.335316 0.445677 -0.830021
vn -0.291250 0.603306 -0.742425
vn 0.294905 0.948004 0.119664
vn 0.160867 0.965646 0.204084
vn 0.182087 0.949576 0.255242
vn 0.345985 0.935817 0.067387
vn 0.211821 0.973155 0.090004
vn 0.361817 0.932247 0.001816
vn 0.239352 0.970927 0.003410
vn 0.321470 0.945893 -0.044082
vn 0.240763 0.968866 -0.057717
vn 0.288100 0.949777 -0.122158
vn 0.219269 0.965117 -0.143075
vn 0.191709 0.961591 -0.196446
vn -0.349635 0.464568 0.813592
vn -0.367549 0.716787 0.592557
vn -0.160006 0.926991 -0.339243
vn -0.073765 0.997274 -0.001770
vn 0.014799 0.987052 0.159715
vn 0.105534 0.973016 0.205188
vn 0.135776 0.978271 -0.156690
vn 0.008724 0.990802 -0.135040
vn -0.115148 0.991866 -0.054246
vn -0.250271 0.940176 0.231156
vn -0.424689 -0.762552 -0.488010
vn -0.195097 -0.366301 -0.909814
vn -0.275635 -0.811897 -0.514634
vn -0.371643 -0.890630 -0.262031
vn -0.437207 -0.884778 0.161300
vn -0.376204 -0.863115 0.336902
vn -0.534220 -0.759625 0.370917
vn -0.321182 -0.853912 0.409482
vn -0.531740 -0.707713 0.465183
vn -0.244243 -0.612445 0.751836
vn -0.028633 0.070877 -0.997074
vn -0.155799 -0.366402 0.917320
vn 0.085730 0.319836 -0.943586
vn -0.344910 -0.201808 0.916685
vn -0.419264 -0.060735 0.905831
vn 0.104764 -0.039501 0.993712
vn 0.021191 0.387100 -0.921794
vn 0.170064 0.372191 -0.912443
vn -0.395918 -0.146127 0.906585
vn 0.110184 -0.131364 0.985192
vn 0.248678 0.215833 -0.944233
vn -0.350280 -0.303398 0.886145
vn -0.006966 -0.306653 0.951796
vn 0.316606 -0.010735 -0.948496
vn 0.054944 -0.471901 0.879938
vn 0.368333 -0.049427 -0.928379
vn -0.076965 -0.544134 0.835461
vn -0.042368 -0.350641 0.935551
vn 0.257791 0.007631 -0.966171
vn -0.023526 -0.288322 0.957245
vn 0.194196 -0.104441 -0.975387
vn 0.000274 -0.336489 0.941687
vn 0.164128 -0.341138 -0.925574
vn -0.130542 -0.396156 0.908856
vn -0.079484 -0.338644 0.937551
vn 0.195886 -0.392090 -0.898829
vn 0.161751 -0.475970 -0.864459
vn -0.069519 -0.320621 0.944653
vn 0.257309 -0.330874 -0.907918
vn -0.081445 -0.391690 0.916485
vn 0.334424 -0.369156 -0.867113
vn 0.330057 -0.281454 -0.901025
vn -0.203011 -0.259320 0.944214
vn -0.137799 -0.218346 0.966093
vn 0.402424 -0.492640 -0.771596
vn 0.501439 -0.310268 -0.807646
vn -0.137000 -0.149206 0.979269
vn 0.310080 -0.630132 -0.711888
vn 0.393046 -0.609485 -0.688508
vn -0.161279 -0.183216 0.969753
vn 0.167115 -0.752130 -0.637474
vn 0.300979 -0.664114 -0.684372
vn -0.224801 -0.297878 0.927757
vn 0.053749 -0.636126 -0.769711
vn 0.215776 -0.789369 -0.574750
vn -0.273506 -0.380109 0.883579
vn -0.319272 -0.348447 0.881278
vn -0.188664 -0.280214 0.941215
vn -0.110032 -0.365155 -0.924421
vn 0.052948 -0.654095 -0.754557
vn -0.148519 -0.161571 0.975621
vn -0.138582 -0.111566 -0.984047
vn -0.161481 -0.049485 0.985634
vn -0.165177 0.215032 -0.962537
vn -0.199240 0.113738 0.973328
vn -0.276266 0.464488 -0.841384
vn -0.166331 0.414919 -0.894525
vn 0.096327 0.966561 0.237659
vn 0.092939 0.945598 0.311781
vn 0.120867 0.986660 0.109058
vn 0.125624 0.991993 0.013013
vn 0.128217 0.990159 -0.056086
vn 0.117100 0.980100 -0.160285
vn 0.144941 0.952300 -0.268547
vn 0.110887 0.967855 -0.225745
vn 0.001439 0.939646 -0.342146
vn -0.353244 0.754993 0.552453
vn -0.262235 0.337416 0.904092
vn -0.122953 0.849811 -0.512547
vn -0.081272 0.969773 -0.230078
vn -0.047105 0.995983 0.076153
vn 0.004295 0.975189 0.221332
vn 0.048406 0.960675 0.273425
vn -0.045039 0.963888 -0.262470
vn -0.145770 0.975569 -0.164363
vn -0.328848 0.943122 0.048782
vn -0.363755 0.777758 0.512616
vn -0.347402 -0.936920 -0.038646
vn 0.093816 -0.779466 -0.619379
vn -0.000364 -0.992111 -0.125364
vn -0.124485 -0.986925 0.102382
vn -0.397512 -0.897439 0.191278
vn 0.032273 -0.926522 0.374853
vn 0.161020 -0.292762 -0.942530
vn 0.048649 -0.774483 -0.630722
vn -0.152879 -0.893327 0.422605
vn -0.014583 -0.841015 0.540815
vn 0.165452 -0.503231 0.848165
vn 0.308375 0.164015 -0.937019
vn 0.298086 -0.262276 0.917800
vn 0.344094 0.352150 -0.870396
vn 0.228846 -0.118920 0.966172
vn 0.463233 0.022396 0.885954
vn 0.446569 0.440576 -0.778762
vn 0.501582 0.394702 -0.769822
vn 0.261440 -0.060747 0.963306
vn 0.647144 -0.051398 0.760633
vn 0.654912 0.359738 -0.664590
vn 0.530774 0.147127 -0.834645
vn 0.802301 0.233665 -0.549285
vn 0.282995 -0.178235 0.942415
vn 0.780971 -0.127445 0.611427
vn 0.558698 -0.013722 -0.829257
vn 0.762649 0.034579 -0.645887
vn 0.646111 -0.353919 0.676226
vn 0.327230 -0.418962 0.846990
vn 0.519054 -0.117746 -0.846592
vn 0.662458 -0.211816 -0.718529
vn 0.357138 -0.521699 0.774779
vn 0.235314 -0.343273 0.909280
vn 0.415543 -0.078785 -0.906155
vn 0.550143 -0.122106 -0.826095
vn 0.211776 -0.312432 0.926033
vn 0.306584 -0.210116 -0.928363
vn 0.198496 -0.391697 0.898428
vn 0.237902 -0.335453 -0.911523
vn 0.102144 -0.429403 0.897318
vn 0.071853 -0.339315 0.937925
vn 0.248719 -0.365980 -0.896770
vn 0.246175 -0.440576 -0.863302
vn 0.025287 -0.379631 0.924792
vn 0.277127 -0.286266 -0.917198
vn 0.270736 -0.335305 -0.902371
vn -0.011253 -0.410384 0.911843
vn -0.023219 -0.276120 0.960843
vn -0.024959 -0.291374 0.956283
vn 0.300790 -0.209829 -0.930321
vn -0.040644 -0.234600 0.971242
vn 0.493051 -0.378642 -0.783282
vn 0.325392 -0.246533 -0.912875
vn -0.069664 -0.174811 0.982135
vn 0.470577 -0.610026 -0.637515
vn 0.433997 -0.604473 -0.668026
vn 0.365541 -0.536477 -0.760639
vn -0.117019 -0.259776 0.958553
vn 0.378806 -0.734647 -0.562850
vn 0.352936 -0.678456 -0.644308
vn 0.334683 -0.700243 -0.630593
vn -0.167670 -0.333587 0.927689
vn -0.203535 -0.379773 0.902411
vn -0.136158 -0.317292 0.938502
vn 0.191373 -0.691376 -0.696689
vn 0.240672 -0.842084 -0.482670
vn 0.264194 -0.808995 -0.525098
vn -0.109374 -0.240465 0.964476
vn 0.038540 -0.446402 -0.894002
vn 0.134862 -0.746936 -0.651075
vn -0.106104 -0.170198 0.979681
vn -0.044358 -0.200421 -0.978705
vn -0.135331 -0.092564 0.986467
vn -0.112994 0.214323 -0.970205
vn -0.197927 0.076181 0.977252
vn -0.095837 0.469383 -0.877779
vn -0.033926 0.966993 0.252534
vn 0.006590 0.937589 0.347684
vn 0.010847 0.992834 0.119009
vn 0.025508 0.999406 0.023154
vn 0.034671 0.997410 -0.063022
vn 0.031003 0.985925 -0.164290
vn -0.008086 0.959361 -0.282064
vn -0.034408 0.921276 -0.387385
vn -0.286710 0.339951 0.895673
vn -0.079470 0.865790 -0.494056
vn -0.078776 0.964507 -0.252034
vn -0.060578 0.991761 0.112870
vn -0.040539 0.966259 0.254363
vn -0.019847 0.952192 0.304854
vn -0.089750 0.921618 -0.377578
vn -0.245213 0.916982 -0.314667
vn -0.426985 0.892360 -0.146209
vn -0.360376 0.874812 -0.323779
vn -0.444267 0.876376 0.185990
vn -0.429027 0.683662 0.590375
vn -0.413330 0.908833 -0.056400
vn 0.243450 -0.705289 -0.665808
vn 0.231012 -0.968243 -0.095597
vn 0.137810 -0.986596 0.087393
vn 0.431478 -0.803490 0.410159
vn 0.449581 -0.126248 -0.884273
vn 0.587093 -0.443911 -0.676952
vn 0.354056 -0.789909 0.500687
vn 0.331458 -0.636873 0.696081
vn 0.652615 -0.465788 0.597608
vn 0.535287 0.305545 -0.787471
vn 0.753325 0.190581 -0.629428
vn 0.453641 -0.313708 0.834144
vn 0.539622 -0.123999 0.832726
vn 0.583743 0.442154 -0.680987
vn 0.645929 0.422523 -0.635807
vn 0.625516 0.172920 0.760807
vn 0.887798 0.158019 0.432256
vn 0.889824 0.277457 0.362257
vn 0.721853 0.421471 -0.548900
vn 0.653835 0.468631 -0.594040
vn 0.764226 0.437623 -0.473756
vn 0.837928 0.123000 0.531741
vn 0.894211 0.252087 0.369918
vn 0.899694 0.208297 -0.383618
vn 0.867559 0.364354 -0.338507
vn 0.999697 0.023873 -0.006012
vn 0.952165 0.300577 -0.055098
vn 0.911503 -0.161354 0.378322
vn 0.852468 -0.144155 -0.502512
vn 0.886411 -0.251815 -0.388413
vn 0.965435 -0.251948 0.066767
vn 0.867207 -0.349196 0.354984
vn 0.658746 -0.467220 0.589711
vn 0.725998 -0.573548 0.379434
vn 0.677604 -0.269817 -0.684143
vn 0.816044 -0.414345 -0.402977
vn 0.619931 -0.540903 0.568427
vn 0.509960 -0.515283 0.688785
vn 0.547728 -0.503646 0.668083
vn 0.505010 -0.201622 -0.839234
vn 0.560570 -0.281977 -0.778621
vn 0.690577 -0.339272 -0.638747
vn 0.560422 -0.501845 0.658846
vn 0.311365 -0.380161 0.870936
vn 0.431391 -0.278333 -0.858156
vn 0.438269 -0.328534 -0.836651
vn 0.234556 -0.470962 0.850399
vn 0.279552 -0.394564 -0.875311
vn 0.375908 -0.381439 -0.844510
vn 0.172358 -0.475039 0.862920
vn 0.088009 -0.420214 0.903147
vn 0.233634 -0.370147 -0.899114
vn 0.007168 -0.425858 0.904762
vn 0.245183 -0.264249 -0.932769
vn 0.260716 -0.344099 -0.902011
vn -0.002839 -0.429749 0.902944
vn -0.032643 -0.325340 0.945033
vn 0.234205 -0.198812 -0.951642
vn -0.054898 -0.256938 0.964867
vn 0.219196 -0.340257 -0.914428
vn -0.071933 -0.200111 0.977129
vn 0.307973 -0.690320 -0.654683
vn 0.230850 -0.472862 -0.850359
vn -0.109738 -0.283837 0.952572
vn 0.197422 -0.758892 -0.620570
vn 0.196358 -0.757304 -0.622843
vn -0.123884 -0.367382 0.921783
vn -0.111433 -0.292895 0.949629
vn 0.240129 -0.726573 -0.643762
vn 0.159402 -0.844707 -0.510941
vn 0.144894 -0.838736 -0.524907
vn -0.074442 -0.214014 0.973990
vn 0.032404 -0.519135 -0.854078
vn 0.067222 -0.811664 -0.580244
vn 0.123243 -0.788181 -0.602978
vn -0.077416 -0.185606 0.979570
vn -0.044493 -0.290125 -0.955954
vn -0.111567 -0.136839 0.984290
vn -0.069890 0.205102 -0.976242
vn -0.173526 -0.007424 0.984801
vn -0.061784 0.496275 -0.865964
vn -0.234471 0.940053 0.247636
vn -0.128290 0.934133 0.333074
vn -0.203802 0.967216 0.151519
vn -0.169558 0.984732 0.039416
vn -0.160183 0.985011 -0.063990
vn -0.131179 0.969259 -0.208157
vn -0.084842 0.941182 -0.327075
vn -0.283303 0.911644 -0.297733
vn -0.207715 0.245068 0.946993
vn -0.058295 0.854636 -0.515944
vn -0.094083 0.959445 -0.265734
vn -0.140891 0.983186 0.116171
vn -0.140784 0.956697 0.254774
vn -0.169071 0.943559 0.284800
vn -0.212820 0.875974 -0.432871
vn -0.247195 0.859819 -0.446773
vn -0.320615 0.843171 -0.431588
vn -0.320073 0.794264 -0.516429
vn -0.422740 0.827273 0.370015
vn -0.286059 0.500529 0.817093
vn -0.366393 0.853685 -0.370106
vn -0.410321 0.903827 -0.121380
vn -0.361928 0.844078 0.395652
vn 0.787196 -0.553120 -0.272730
vn 0.764503 -0.630396 0.134672
vn 0.896656 -0.144842 -0.418364
vn 0.940042 -0.331301 0.080997
vn 0.830987 -0.377726 0.408393
vn 0.873124 0.290412 -0.391554
vn 0.978120 0.207298 -0.017595
vn 0.942644 0.076160 0.324996
vn 0.878923 0.010241 0.476854
vn 0.854644 0.402322 -0.328209
vn 0.922216 0.370051 -0.112164
vn 0.930303 0.266616 0.251897
vn 0.924669 0.352884 -0.143037
vn 0.941464 0.306879 0.139538
vn 0.886770 -0.426614 -0.177877
vn 0.874874 -0.470486 0.115059
vn 0.847413 -0.468049 -0.250644
vn 0.860178 -0.509545 0.021381
vn 0.744363 -0.547680 0.382060
vn 0.667279 -0.442242 -0.599300
vn 0.622015 -0.590270 -0.514469
vn 0.777929 -0.585844 -0.227185
vn 0.753394 -0.653566 0.072453
vn 0.662852 -0.603050 0.443800
vn 0.515806 -0.619065 0.592201
vn 0.517821 -0.626875 0.582142
vn 0.385420 -0.442599 -0.809665
vn 0.521075 -0.624798 -0.581471
vn 0.475931 -0.640188 0.603033
vn 0.284048 -0.531048 0.798314
vn 0.322184 -0.496434 -0.806071
vn 0.305446 -0.457213 -0.835260
vn 0.205495 -0.525514 0.825594
vn 0.218667 -0.572629 0.790114
vn 0.191192 -0.421118 -0.886626
vn 0.182095 -0.574841 -0.797746
vn 0.144958 -0.556148 0.818344
vn 0.050504 -0.498339 0.865510
vn 0.249721 -0.290809 -0.923618
vn 0.151999 -0.310833 -0.938232
vn -0.012714 -0.466578 0.884389
vn -0.039320 -0.357721 0.933000
vn 0.153441 -0.223012 -0.962664
vn 0.161965 -0.285963 -0.944454
vn -0.048243 -0.271692 0.961174
vn 0.090513 -0.345313 -0.934113
vn -0.068458 -0.231990 0.970306
vn 0.156830 -0.750235 -0.642301
vn 0.075963 -0.501747 -0.861672
vn -0.088258 -0.308110 0.947248
vn 0.041906 -0.818322 -0.573231
vn 0.001050 -0.789709 -0.613481
vn 0.086076 -0.761186 -0.642796
vn -0.106810 -0.353912 0.929160
vn -0.056910 -0.258752 0.964266
vn 0.013012 -0.850569 -0.525703
vn -0.035301 -0.850377 -0.524989
vn -0.042747 -0.208112 0.977171
vn -0.037321 -0.566731 -0.823057
vn -0.055586 -0.823835 -0.564097
vn -0.015154 -0.822128 -0.569101
vn -0.055585 -0.207495 0.976656
vn -0.112909 -0.330489 -0.937032
vn -0.066135 -0.171331 0.982991
vn -0.130159 0.201330 -0.970837
vn -0.074004 -0.143961 0.986813
vn -0.142489 0.028869 0.989375
vn -0.029563 -0.019231 0.999378
vn -0.108024 0.525020 -0.844206
vn -0.331551 0.906339 0.261961
vn -0.340082 0.914420 0.219501
vn -0.372890 0.918543 0.131266
vn -0.341622 0.937492 0.066363
vn -0.316389 0.947750 -0.040851
vn -0.292174 0.937572 -0.188662
vn -0.336914 0.894765 -0.293062
vn -0.140107 0.196152 0.970513
vn -0.032808 0.074173 0.996706
vn -0.056519 0.835643 -0.546357
vn -0.095864 0.921628 -0.376047
vn -0.196330 0.977599 0.075853
vn -0.240206 0.939633 0.243701
vn -0.253538 0.938644 0.233806
vn -0.311048 0.928092 0.204683
vn -0.395608 0.908892 0.131942
vn -0.304158 0.885439 -0.351406
vn -0.293971 0.833344 -0.468102
vn -0.313966 0.785845 -0.532797
vn 0.006825 0.306867 0.951728
vn -0.103728 0.466009 0.878679
vn -0.302062 0.837483 -0.455390
vn -0.430403 0.851024 -0.300852
vn -0.125012 0.918569 -0.374970
vn -0.247722 0.945589 0.210938
vn -0.162723 0.846394 0.507088
vn -0.049896 0.989966 0.132203
vn 0.601171 -0.772225 -0.205578
vn 0.628310 -0.776684 -0.044592
vn 0.578900 -0.751645 0.316077
vn 0.354926 -0.607578 -0.710547
vn 0.444241 -0.723892 -0.527854
vn 0.507962 -0.825234 -0.246908
vn 0.532236 -0.846252 0.024153
vn 0.493577 -0.791654 0.360092
vn 0.392423 -0.706393 0.589078
vn 0.421977 -0.726076 0.542908
vn 0.218590 -0.561505 -0.798079
vn 0.310353 -0.707451 -0.634975
vn 0.349442 -0.710641 0.610639
vn 0.235758 -0.658925 0.714308
vn 0.133467 -0.424707 -0.895439
vn 0.166340 -0.613506 -0.771973
vn 0.122294 -0.629590 0.767242
vn 0.107881 -0.546270 0.830633
vn 0.102416 -0.338073 -0.935531
vn 0.035583 -0.499762 0.865431
vn 0.050639 -0.375192 0.925563
vn 0.091593 -0.278700 -0.956001
vn 0.089772 -0.284250 -0.954538
vn 0.018750 -0.264685 0.964153
vn 0.025317 -0.380479 -0.924443
vn 0.061902 -0.301636 -0.951412
vn 0.043317 -0.259491 0.964774
vn -0.043377 -0.564475 -0.824309
vn -0.056713 -0.324929 0.944036
vn -0.062275 -0.340305 0.938251
vn 0.051552 -0.301053 0.952213
vn -0.104816 -0.817178 -0.566775
vn -0.139170 -0.796068 -0.588989
vn -0.106514 -0.799175 -0.591587
vn 0.022462 -0.235300 0.971663
vn -0.109505 -0.856885 -0.503743
vn -0.114569 -0.851749 -0.511270
vn 0.015033 -0.220003 0.975383
vn -0.133817 -0.624274 -0.769659
vn -0.088688 -0.808629 -0.581596
vn -0.113743 -0.802903 -0.585157
vn 0.006126 -0.213754 0.976868
vn -0.185206 -0.330203 -0.925562
vn 0.016332 -0.160945 0.986828
vn -0.157733 0.323823 -0.932877
vn 0.019679 -0.114772 0.993197
vn 0.031183 0.019566 0.999322
vn -0.112733 0.614025 -0.781194
vn -0.443813 0.893317 0.070818
vn -0.438768 0.898135 -0.028909
vn -0.414592 0.903415 -0.109337
vn 0.006391 0.064667 0.997886
vn 0.037150 0.064345 0.997236
vn 0.082989 0.276863 0.957319
vn -0.091640 0.831208 -0.548357
vn -0.136086 0.928333 -0.345945
vn -0.112069 0.842025 -0.527668
vn -0.171722 0.984020 -0.047080
vn -0.246024 0.953907 0.171851
vn -0.338948 0.902670 0.265145
vn -0.349368 0.912137 0.214356
vn -0.380079 0.912147 0.153390
vn -0.414767 0.903399 0.108809
vn -0.445556 0.894201 0.043403
vn -0.448890 0.892069 -0.052055
vn -0.401179 0.899675 -0.172163
vn -0.357247 0.875613 -0.325080
vn -0.285949 0.819983 -0.495843
vn -0.356147 0.803005 -0.477851
vn 0.106850 0.495197 0.862185
vn -0.153027 0.974349 -0.165004
vn -0.199722 0.979689 -0.017922
vn -0.314353 0.939228 0.137958
vn -0.231306 0.870525 -0.434378
vn -0.082549 0.931017 -0.355518
vn 0.033749 0.953467 -0.299604
vn 0.149530 0.806098 0.572579
vn 0.033561 0.964548 0.261763
vn 0.021359 0.998169 -0.056593
vn 0.421600 -0.827463 -0.370889
vn 0.456173 -0.883712 -0.104687
vn 0.488036 -0.872216 0.032558
vn 0.496129 -0.802161 0.332254
vn 0.548208 -0.815220 0.186772
vn 0.263187 -0.622949 -0.736659
vn 0.434980 -0.763661 -0.477090
vn 0.526888 -0.801132 -0.283862
vn 0.545561 -0.762023 0.348833
vn 0.363318 -0.734294 0.573422
vn 0.290588 -0.724149 0.625434
vn 0.182765 -0.437663 -0.880368
vn 0.237001 -0.629267 -0.740172
vn 0.327366 -0.682099 0.653890
vn 0.320122 -0.522322 0.790381
vn 0.160776 -0.335069 -0.928375
vn 0.157171 -0.503095 0.849819
vn 0.304940 -0.454362 0.836998
vn 0.187073 -0.300227 -0.935343
vn 0.273542 -0.411235 0.869517
vn 0.220797 -0.287958 0.931841
vn 0.050279 -0.472525 -0.879882
vn 0.165214 -0.335339 -0.927498
vn 0.204448 -0.233517 0.950616
vn -0.127285 -0.621861 -0.772714
vn -0.077126 -0.826215 -0.558051
vn 0.059211 -0.664391 -0.745036
vn 0.146223 -0.334715 0.930905
vn 0.254945 -0.294389 0.921053
vn -0.122047 -0.796945 -0.591594
vn -0.101145 -0.816199 -0.568849
vn 0.213671 -0.338093 0.916536
vn 0.144957 -0.287332 0.946799
vn -0.141112 -0.856187 -0.497023
vn -0.119204 -0.778899 -0.615716
vn -0.111760 -0.871735 -0.477061
vn -0.107564 -0.850788 -0.514382
vn 0.077176 -0.234300 0.969096
vn -0.081236 -0.655024 -0.751229
vn -0.080473 -0.785612 -0.613464
vn 0.071707 -0.223721 0.972012
vn -0.106860 -0.325703 -0.939414
vn -0.073734 -0.057137 -0.995640
vn -0.034057 -0.574943 -0.817484
vn 0.084637 -0.146810 0.985537
vn -0.122182 0.049746 -0.991260
vn -0.034709 0.076129 -0.996494
vn 0.062753 -0.023256 0.997758
vn 0.138410 0.033823 0.989797
vn -0.066162 0.415159 -0.907340
vn -0.050952 0.591762 -0.804501
vn 0.193318 0.273478 0.942252
vn -0.057345 0.817567 -0.572971
vn -0.022898 0.841321 -0.540050
vn -0.422367 0.884080 0.200020
vn -0.447270 0.883220 0.140969
vn -0.461269 0.879546 0.116748
vn -0.467386 0.879107 0.093388
vn -0.471541 0.881042 0.037595
vn -0.476647 0.879014 -0.011930
vn -0.459346 0.879589 -0.123792
vn -0.431066 0.853407 -0.293050
vn -0.404338 0.897150 -0.177856
vn 0.252043 0.513588 0.820184
vn -0.042374 0.968700 -0.244593
vn -0.095115 0.989022 -0.113089
vn -0.178846 0.982729 0.047513
vn -0.280662 0.953048 0.113703
vn -0.344711 0.933975 0.094156
vn -0.275423 0.927684 -0.252080
vn -0.107530 0.954200 -0.279176
vn 0.046567 0.977593 -0.205289
vn 0.124414 0.977990 0.167501
vn 0.223904 0.968697 0.107209
vn 0.332826 0.786282 0.520565
vn 0.604883 -0.795253 0.041092
vn 0.449284 -0.746742 -0.490429
vn 0.530042 -0.778769 -0.335521
vn 0.606896 -0.755172 -0.247776
vn 0.635845 -0.769362 0.061513
vn 0.616242 -0.720327 0.318393
vn 0.784429 -0.586889 0.200582
vn 0.556047 -0.700750 0.446948
vn 0.329283 -0.496564 -0.803117
vn 0.542182 -0.524534 -0.656432
vn 0.594029 -0.633399 -0.495918
vn 0.708777 -0.643222 0.289656
vn 0.573547 -0.665800 0.477235
vn 0.511538 -0.608062 0.607116
vn 0.625531 -0.565173 0.537858
vn 0.326395 -0.356654 -0.875365
vn 0.628246 -0.426331 -0.650806
vn 0.550259 -0.542934 0.634379
vn 0.541217 -0.392996 0.743397
vn 0.465882 -0.298517 -0.832972
vn 0.421087 -0.379796 0.823675
vn 0.591283 -0.337093 0.732634
vn 0.230334 -0.631341 -0.740510
vn 0.462024 -0.315413 -0.828884
vn 0.663452 -0.273857 0.696300
vn 0.419272 -0.233974 0.877193
vn -0.032675 -0.843037 -0.536861
vn 0.196295 -0.698066 -0.688602
vn 0.493948 -0.278669 0.823625
vn -0.023361 -0.800235 -0.599232
vn 0.097399 -0.851411 -0.515376
vn 0.335604 -0.357774 0.871417
vn 0.477399 -0.375619 0.794355
vn -0.013770 -0.761087 -0.648503
vn 0.006358 -0.869022 -0.494732
vn -0.024816 -0.870005 -0.492418
vn 0.363934 -0.401945 0.840234
vn 0.252958 -0.304960 0.918157
vn 0.047809 -0.635768 -0.770398
vn 0.036449 -0.759783 -0.649154
vn 0.185273 -0.216778 0.958479
vn 0.036680 -0.077508 -0.996317
vn 0.069839 -0.575293 -0.814961
vn 0.218854 -0.104391 0.970157
vn 0.089434 0.066998 -0.993737
vn 0.260762 0.097931 0.960423
vn 0.043367 0.414273 -0.909119
vn 0.112751 0.601473 -0.790897
vn 0.335756 0.362578 0.869371
vn 0.075332 0.822823 -0.563282
vn 0.098898 0.829058 -0.550348
vn -0.394751 0.915017 0.083164
vn -0.424989 0.904931 0.021999
vn -0.440862 0.897506 -0.011136
vn -0.415788 0.908321 -0.045542
vn 0.363079 0.561155 0.743827
vn 0.471729 0.600921 0.645263
vn 0.446842 0.751810 0.484886
vn 0.078830 0.954462 -0.287729
vn 0.038384 0.986113 -0.161580
vn -0.016887 0.999233 -0.035320
vn -0.089450 0.995862 0.016059
vn -0.179833 0.983403 0.024066
vn -0.281008 0.959388 0.024697
vn -0.299998 0.953889 0.009845
vn -0.280873 0.959744 0.001556
vn -0.221086 0.974393 -0.040969
vn -0.086761 0.992609 -0.084851
vn 0.042886 0.990945 -0.127234
vn 0.189988 0.980806 -0.043855
vn 0.384789 0.881648 0.273191
vn 0.820613 -0.553212 -0.143354
vn 0.820879 -0.566001 0.076160
vn 0.810187 -0.481853 -0.333788
vn 0.861625 -0.483813 -0.153389
vn 0.853697 -0.520755 -0.003988
vn 0.829107 -0.519779 0.205937
vn 0.785760 -0.512628 0.346111
vn 0.754404 -0.276585 -0.595294
vn 0.773428 -0.324548 -0.544497
vn 0.862803 -0.389417 -0.322375
vn 0.908144 -0.400923 -0.120562
vn 0.904441 -0.423685 0.049773
vn 0.854304 -0.476318 0.208051
vn 0.896792 -0.344322 0.277861
vn 0.845255 -0.394106 0.360866
vn 0.771342 -0.388912 0.503765
vn 0.760354 -0.211487 -0.614113
vn 0.826427 -0.206501 -0.523809
vn 0.858372 -0.281432 0.428946
vn 0.853689 -0.259868 0.451314
vn 0.792680 -0.254919 0.553783
vn 0.676128 -0.480889 -0.558208
vn 0.704370 -0.474668 -0.527782
vn 0.872502 -0.171134 -0.457661
vn 0.781839 -0.257387 0.567872
vn 0.748427 -0.256584 0.611573
vn 0.775034 -0.255085 0.578147
vn 0.287359 -0.824584 -0.487326
vn 0.427339 -0.707720 -0.562596
vn 0.654400 -0.662445 -0.364591
vn 0.807566 -0.507612 -0.300278
vn 0.706807 -0.266711 0.655202
vn 0.761305 -0.316448 0.565928
vn 0.151397 -0.820027 -0.551937
vn 0.322292 -0.866091 -0.382119
vn 0.402102 -0.832264 -0.381642
vn 0.662453 -0.358825 0.657571
vn 0.582510 -0.392529 0.711760
vn 0.145851 -0.742248 -0.654061
vn 0.157739 -0.858312 -0.488282
vn 0.153361 -0.873024 -0.462935
vn 0.470236 -0.406600 0.783297
vn 0.570984 -0.435036 0.696219
vn 0.195009 -0.607317 -0.770154
vn 0.145772 -0.750128 -0.645027
vn 0.535528 -0.440512 0.720526
vn 0.361714 -0.251476 0.897732
vn 0.182048 -0.025982 -0.982946
vn 0.214896 -0.390369 -0.895227
vn 0.342208 -0.055677 0.937973
vn 0.195984 0.231729 -0.952833
vn 0.271847 0.223102 -0.936122
vn 0.411436 0.181571 0.893170
vn 0.276075 0.515888 -0.810952
vn 0.425175 0.413585 0.805093
vn 0.201487 0.824338 -0.529027
vn 0.159386 0.930434 -0.329981
vn 0.231628 0.857561 -0.459279
vn 0.293686 0.907930 -0.299019
vn 0.486223 0.737566 0.468597
vn 0.519416 0.706506 0.480684
vn 0.494688 0.809153 0.317104
vn 0.503936 0.663278 0.553272
vn 0.188275 0.958666 -0.213337
vn 0.133267 0.986698 -0.093095
vn 0.073604 0.995867 -0.053211
vn 0.013026 0.998843 -0.046287
vn -0.033480 0.998777 -0.036370
vn -0.067469 0.997718 -0.002493
vn -0.061921 0.997117 0.043866
vn -0.003840 0.998268 0.058707
vn 0.098373 0.994456 0.037136
vn 0.194689 0.980695 0.018244
vn 0.369557 0.915971 0.156287
vn 0.958696 -0.173776 -0.225174
vn 0.971908 -0.200921 -0.122583
vn 0.970815 -0.239741 -0.006471
vn 0.949095 -0.279288 0.145657
vn 0.963733 -0.125858 -0.235325
vn 0.987304 -0.111680 -0.112956
vn 0.994924 -0.097458 -0.025065
vn 0.988447 -0.118973 0.093909
vn 0.946747 -0.178164 0.268194
vn 0.940758 -0.282848 -0.187006
vn 0.982750 -0.165070 -0.083396
vn 0.989922 -0.140369 -0.018717
vn 0.989005 -0.128958 0.072387
vn 0.965200 -0.156543 0.209484
vn 0.919877 -0.201956 0.336213
vn 0.651400 -0.706227 -0.277345
vn 0.797550 -0.574468 -0.184120
vn 0.869956 -0.485642 -0.085609
vn 0.916994 -0.396598 -0.042804
vn 0.935268 -0.353939 -0.001205
vn 0.942450 -0.327446 0.067584
vn 0.929854 -0.319514 0.182436
vn 0.887205 -0.292079 0.357151
vn 0.357046 -0.838816 -0.410982
vn 0.428367 -0.866394 -0.256639
vn 0.520368 -0.812831 -0.261769
vn 0.656737 -0.732852 -0.177832
vn 0.767529 -0.637606 -0.066014
vn 0.807768 -0.588867 -0.027321
vn 0.824236 -0.566225 0.004935
vn 0.843240 -0.536012 0.040468
vn 0.857165 -0.496288 0.137715
vn 0.878545 -0.421362 0.224971
vn 0.784695 -0.568108 0.248007
vn 0.826079 -0.432542 0.361248
vn 0.770685 -0.406817 0.490454
vn 0.237195 -0.775355 -0.585289
vn 0.342494 -0.800827 -0.491298
vn 0.349021 -0.844733 -0.405722
vn 0.452513 -0.845664 -0.282992
vn 0.750487 -0.555929 0.357369
vn 0.717078 -0.524496 0.459024
vn 0.679251 -0.472369 0.561681
vn 0.300340 -0.596932 -0.743954
vn 0.357835 -0.645629 -0.674624
vn 0.397457 -0.727408 -0.559380
vn 0.658302 -0.517172 0.546965
vn 0.546704 -0.432592 0.716923
vn 0.627066 -0.417190 0.657830
vn 0.409385 -0.261391 -0.874116
vn 0.481711 -0.502726 -0.717789
vn 0.637248 -0.315088 0.703303
vn 0.444837 -0.017177 0.895447
vn 0.466614 0.251911 -0.847828
vn 0.503017 0.245601 0.828646
vn 0.609940 0.169549 0.774097
vn 0.645811 0.329949 0.688522
vn 0.455257 0.423815 -0.783021
vn 0.274037 0.805621 -0.525242
vn 0.513557 0.595853 -0.617429
vn 0.546779 0.384339 0.743852
vn 0.587460 0.477036 0.653703
vn 0.358592 0.853157 -0.378860
vn 0.326259 0.907750 -0.263716
vn 0.407069 0.875947 -0.258868
vn 0.449659 0.857116 -0.251315
vn 0.493217 0.809378 0.318818
vn 0.550295 0.755073 0.356427
vn 0.541379 0.789764 0.288411
vn 0.532293 0.714269 0.454405
vn 0.283828 0.945893 -0.157253
vn 0.266497 0.958830 -0.098104
vn 0.256302 0.960891 -0.104874
vn 0.201087 0.977518 -0.063417
vn 0.195312 0.980671 -0.011720
vn 0.171058 0.983722 0.055051
vn 0.245132 0.961228 0.126301
vn 0.284411 0.949118 0.135221
vn 0.344318 0.931577 0.116660
vn 0.601152 -0.780485 -0.171637
vn 0.673464 -0.734838 -0.080366
vn 0.728983 -0.684375 -0.014642
vn 0.772030 -0.635505 -0.010186
vn 0.801120 -0.598031 0.023773
vn 0.831968 -0.550940 0.065525
vn 0.842871 -0.519403 0.140675
vn 0.816095 -0.535875 0.216394
vn 0.519233 -0.734689 -0.436611
vn 0.598720 -0.728388 -0.333146
vn 0.542341 -0.810057 -0.222878
vn 0.606978 -0.787385 -0.107718
vn 0.677029 -0.735952 -0.002481
vn 0.709247 -0.704612 0.022142
vn 0.746451 -0.664261 0.039606
vn 0.787586 -0.612543 0.067079
vn 0.815774 -0.567352 0.112363
vn 0.749104 -0.643697 0.156516
vn 0.841792 -0.524974 0.125648
vn 0.824620 -0.531394 0.193963
vn 0.787041 -0.541820 0.294952
vn 0.477240 -0.569336 -0.669401
vn 0.532892 -0.734598 -0.419990
vn 0.565504 -0.719580 -0.403001
vn 0.755790 -0.630226 0.177755
vn 0.769594 -0.607733 0.195921
vn 0.742563 -0.568485 0.354153
vn 0.710648 -0.418786 0.565329
vn 0.764789 -0.427139 0.482338
vn 0.603748 -0.121363 -0.787883
vn 0.631631 -0.291089 -0.718547
vn 0.720647 -0.345641 0.600999
vn 0.708054 0.099290 0.699143
vn 0.718033 0.106094 0.687876
vn 0.596311 0.241488 -0.765569
vn 0.662623 0.242160 -0.708724
vn 0.712555 0.295919 0.636159
vn 0.807461 0.147450 0.571196
vn 0.773408 0.326963 0.543079
vn 0.611991 0.435191 -0.660360
vn 0.643572 0.648371 0.406731
vn 0.764342 0.470271 0.441164
vn 0.601629 0.742888 0.293531
vn 0.680871 0.455932 0.573185
vn 0.420613 0.830590 -0.364973
vn 0.450407 0.861659 -0.233831
vn 0.465705 0.872271 -0.149202
vn 0.462925 0.868163 -0.178865
vn 0.421762 0.895701 -0.140842
vn 0.475551 0.865239 -0.158786
vn 0.375050 0.916571 -0.138689
vn 0.490681 0.860128 -0.139330
vn 0.533284 0.834986 -0.135672
vn 0.490599 0.850476 0.189745
vn 0.587717 0.778322 0.220916
vn 0.464388 0.862963 0.199095
vn 0.558099 0.806839 0.193744
vn 0.574570 0.788330 0.220014
vn 0.594637 0.768181 0.237285
vn 0.585638 0.777366 0.229628
vn 0.360421 0.928571 -0.088617
vn 0.362734 0.931646 -0.021426
vn 0.383297 0.919824 0.083715
vn 0.671456 -0.717087 -0.186905
vn 0.683544 -0.725670 -0.078553
vn 0.688399 -0.725272 -0.009348
vn 0.697991 -0.714637 0.045856
vn 0.712034 -0.699463 0.061317
vn 0.729310 -0.675901 0.106135
vn 0.739317 -0.659137 0.137654
vn 0.701908 -0.449869 -0.552216
vn 0.701577 -0.573010 -0.423614
vn 0.674798 -0.663166 -0.323817
vn 0.697676 -0.694905 -0.174229
vn 0.723995 -0.687802 -0.052531
vn 0.721183 -0.692392 0.022103
vn 0.721119 -0.690458 0.057045
vn 0.725397 -0.683606 0.080512
vn 0.730055 -0.673184 0.117661
vn 0.861924 -0.474299 0.179241
vn 0.749206 -0.646890 0.142208
vn 0.797175 -0.575297 0.183153
vn 0.812867 -0.535505 0.229088
vn 0.802384 -0.479379 0.355493
vn 0.773089 -0.175199 -0.609622
vn 0.863889 -0.182983 -0.469268
vn 0.838405 -0.395831 -0.374694
vn 0.879218 -0.448268 0.161343
vn 0.859018 -0.469112 0.204990
vn 0.964185 -0.058628 0.258670
vn 0.926181 -0.233310 0.296236
vn 0.892647 -0.219396 0.393759
vn 0.831447 -0.161234 0.531695
vn 0.764311 0.332710 -0.552388
vn 0.881595 0.151340 -0.447087
vn 0.887043 0.311082 0.341148
vn 0.941181 0.212183 0.262976
vn 0.862502 0.260196 0.434037
vn 0.677941 0.628439 -0.381392
vn 0.797982 0.459869 -0.389544
vn 0.674126 0.646683 -0.356869
vn 0.804765 0.494010 -0.329102
vn 0.734037 0.623016 0.270261
vn 0.903516 0.344390 0.255056
vn 0.691343 0.683685 0.233709
vn 0.781738 0.527632 0.332399
vn 0.470399 0.862710 -0.185625
vn 0.494039 0.858084 -0.140059
vn 0.536501 0.834299 -0.126928
vn 0.541227 0.836983 -0.080828
vn 0.587842 0.806351 -0.065107
vn 0.565093 0.824391 0.032384
vn 0.640288 0.768048 0.011507
vn 0.590113 0.793119 0.150758
vn 0.637830 0.755414 0.150073
vn 0.616017 0.758452 0.212776
vn 0.902735 -0.383563 -0.194806
vn 0.892752 -0.444638 -0.072740
vn 0.879726 -0.475456 -0.004879
vn 0.867763 -0.492549 0.066210
vn 0.871724 -0.481069 0.093118
vn 0.870303 -0.470747 0.144810
vn 0.935832 -0.107948 -0.335509
vn 0.979385 -0.105990 -0.171961
vn 0.983853 -0.150546 -0.096794
vn 0.985386 -0.167863 -0.028910
vn 0.979888 -0.194930 0.042687
vn 0.971090 -0.216624 0.100293
vn 0.967824 -0.210974 0.137135
vn 0.963402 -0.208159 0.168898
vn 0.959667 -0.203623 0.193849
vn 0.903942 0.273300 -0.328931
vn 0.950232 0.228744 -0.211507
vn 0.974282 0.191000 -0.119558
vn 0.987903 0.145297 -0.054186
vn 0.992662 0.119990 0.014991
vn 0.991036 0.099159 0.089533
vn 0.980913 0.105927 0.163064
vn 0.976107 0.111815 0.186315
vn 0.966162 0.136326 0.218967
vn 0.850954 0.473477 -0.227368
vn 0.858303 0.493149 -0.141843
vn 0.866844 0.488425 -0.100114
vn 0.890167 0.455522 -0.010111
vn 0.905011 0.420686 0.063077
vn 0.917425 0.361551 0.166169
vn 0.930965 0.297378 0.211828
f 1//1 2//2 3//3
f 1//1 4//4 5//5
f 3//3 4//4 1//1
f 5//5 6//6 7//7
f 4//4 6//6 5//5
f 7//7 8//8 9//9
f 6//6 8//8 7//7
f 8//8 10//10 9//9
f 11//11 12//12 13//13
f 2//2 11//11 13//13
f 2//2 1//1 11//11
f 1//1 14//14 11//11
f 5//5 15//15 1//1
f 15//15 14//14 1//1
f 7//7 16//16 5//5
f 16//16 15//15 5//5
f 9//9 17//17 7//7
f 17//17 16//16 7//7
f 18//18 9//9 10//10
f 18//18 19//19 9//9
f 19//19 17//17 9//9
f 18//18 20//20 19//19
f 21//21 12//12 11//11
f 22//22 12//12 21//21
f 14//14 23//23 11//11
f 23//23 21//21 11//11
f 15//15 24//24 14//14
f 24//24 23//23 14//14
f 16//16 25//25 15//15
f 25//25 24//24 15//15
f 17//17 26//26 16//16
f 26//26 25//25 16//16
f 19//19 27//27 17//17
f 27//27 26//26 17//17
f 28//28 19//19 20//20
f 27//27 19//19 28//28
f 21//21 29//29 22//22
f 29//29 30//30 31//31
f 29//29 21//21 30//30
f 21//21 23//23 30//30
f 24//24 32//32 23//23
f 32//32 30//30 23//23
f 25//25 33//33 24//24
f 33//33 32//32 24//24
f 26//26 34//34 25//25
f 34//34 33//33 25//25
f 27//27 35//35 26//26
f 35//35 34//34 26//26
f 36//36 27//27 28//28
f 35//35 27//27 36//36
f 30//30 37//37 31//31
f 32//32 37//37 30//30
f 38//38 37//37 32//32
f 33//33 38//38 32//32
f 39//39 38//38 33//33
f 34//34 39//39 33//33
f 40//40 39//39 34//34
f 35//35 40//40 34//34
f 41//41 40//40 35//35
f 36//36 41//41 35//35
f 42//42 43//43 44//44
f 42//42 45//45 46//46
f 44//44 45//45 42//42
f 46//46 47//47 48//48
f 45//45 47//47 46//46
f 48//48 49//49 50//50
f 47//47 49//49 48//48
f 50//50 51//51 52//52
f 49//49 51//51 50//50
f 51//51 53//53 52//52
f 54//54 55//55 56//56
f 54//54 57//57 58//58
f 56//56 57//57 54//54
f 43//43 58//58 57//57
f 42//42 58//58 43//43
f 42//42 2//2 58//58
f 42//42 3//3 2//2
f 4//4 3//3 42//42
f 46//46 4//4 42//42
f 6//6 4//4 46//46
f 48//48 6//6 46//46
f 8//8 6//6 48//48
f 50//50 8//8 48//48
f 10//10 8//8 50//50
f 10//10 50//50 59//59
f 59//59 50//50 52//52
f 60//60 52//52 53//53
f 60//60 61//61 52//52
f 61//61 59//59 52//52
f 60//60 62//62 61//61
f 63//63 64//64 65//65
f 55//55 63//63 65//65
f 55//55 54//54 63//63
f 54//54 66//66 63//63
f 13//13 12//12 66//66
f 13//13 66//66 58//58
f 58//58 66//66 54//54
f 2//2 13//13 58//58
f 10//10 59//59 18//18
f 20//20 18//18 59//59
f 20//20 59//59 67//67
f 67//67 59//59 61//61
f 68//68 61//61 62//62
f 67//67 61//61 68//68
f 69//69 70//70 71//71
f 64//64 69//69 71//71
f 64//64 63//63 69//69
f 63//63 72//72 69//69
f 66//66 73//73 63//63
f 73//73 72//72 63//63
f 12//12 22//22 73//73
f 66//66 12//12 73//73
f 67//67 74//74 28//28
f 20//20 67//67 28//28
f 75//75 67//67 68//68
f 75//75 76//76 67//67
f 76//76 74//74 67//67
f 75//75 77//77 76//76
f 78//78 70//70 69//69
f 79//79 70//70 78//78
f 72//72 80//80 69//69
f 80//80 78//78 69//69
f 73//73 81//81 72//72
f 81//81 80//80 72//72
f 22//22 29//29 82//82
f 22//22 82//82 73//73
f 73//73 82//82 81//81
f 29//29 31//31 82//82
f 74//74 83//83 36//36
f 28//28 74//74 36//36
f 76//76 84//84 74//74
f 84//84 83//83 74//74
f 85//85 76//76 77//77
f 84//84 76//76 85//85
f 78//78 86//86 79//79
f 80//80 86//86 78//78
f 87//87 86//86 80//80
f 81//81 87//87 80//80
f 88//88 87//87 81//81
f 82//82 88//88 81//81
f 89//89 88//88 82//82
f 90//90 91//91 89//89
f 37//37 90//90 89//89
f 37//37 89//89 82//82
f 37//37 82//82 31//31
f 37//37 38//38 92//92
f 90//90 37//37 92//92
f 38//38 39//39 93//93
f 92//92 38//38 93//93
f 39//39 40//40 94//94
f 93//93 39//39 94//94
f 40//40 41//41 95//95
f 94//94 40//40 95//95
f 41//41 96//96 95//95
f 36//36 96//96 41//41
f 36//36 97//97 96//96
f 36//36 83//83 97//97
f 84//84 97//97 83//83
f 98//98 97//97 84//84
f 85//85 98//98 84//84
f 90//90 99//99 91//91
f 92//92 99//99 90//90
f 100//100 99//99 92//92
f 93//93 100//100 92//92
f 101//101 100//100 93//93
f 94//94 101//101 93//93
f 102//102 101//101 94//94
f 95//95 102//102 94//94
f 103//103 102//102 95//95
f 96//96 103//103 95//95
f 104//104 105//105 106//106
f 104//104 107//107 108//108
f 106//106 107//107 104//104
f 108//108 109//109 110//110
f 107//107 109//109 108//108
f 110//110 111//111 112//112
f 109//109 111//111 110//110
f 112//112 113//113 114//114
f 111//111 113//113 112//112
f 114//114 115//115 116//116
f 113//113 115//115 114//114
f 115//115 117//117 116//116
f 118//118 119//119 120//120
f 105//105 118//118 120//120
f 105//105 104//104 118//118
f 104//104 121//121 118//118
f 44//44 43//43 121//121
f 44//44 121//121 108//108
f 108//108 121//121 104//104
f 45//45 44//44 108//108
f 110//110 45//45 108//108
f 47//47 45//45 110//110
f 112//112 47//47 110//110
f 49//49 47//47 112//112
f 114//114 49//49 112//112
f 51//51 49//49 114//114
f 116//116 51//51 114//114
f 53//53 122//122 123//123
f 51//51 122//122 53//53
f 51//51 117//117 122//122
f 51//51 116//116 117//117
f 122//122 124//124 123//123
f 125//125 126//126 127//127
f 119//119 125//125 127//127
f 118//118 125//125 119//119
f 118//118 55//55 125//125
f 118//118 56//56 55//55
f 57//57 56//56 118//118
f 121//121 57//57 118//118
f 43//43 57//57 121//121
f 53//53 123//123 60//60
f 62//62 128//128 129//129
f 60//60 128//128 62//62
f 60//60 124//124 128//128
f 60//60 123//123 124//124
f 128//128 130//130 129//129
f 131//131 132//132 133//133
f 126//126 131//131 133//133
f 125//125 131//131 126//126
f 125//125 64//64 131//131
f 125//125 65//65 64//64
f 55//55 65//65 125//125
f 129//129 134//134 68//68
f 62//62 129//129 68//68
f 135//135 129//129 130//130
f 134//134 129//129 135//135
f 136//136 137//137 138//138
f 132//132 136//136 138//138
f 131//131 136//136 132//132
f 131//131 70//70 136//136
f 131//131 71//71 70//70
f 64//64 71//71 131//131
f 68//68 134//134 75//75
f 77//77 139//139 140//140
f 75//75 139//139 77//77
f 75//75 135//135 139//139
f 75//75 134//134 135//135
f 139//139 141//141 140//140
f 136//136 142//142 137//137
f 142//142 136//136 70//70
f 142//142 70//70 143//143
f 143//143 70//70 79//79
f 140//140 144//144 145//145
f 140//140 145//145 77//77
f 77//77 145//145 85//85
f 141//141 144//144 140//140
f 146//146 79//79 86//86
f 146//146 147//147 79//79
f 147//147 143//143 79//79
f 86//86 87//87 148//148
f 146//146 86//86 148//148
f 87//87 88//88 149//149
f 148//148 87//87 149//149
f 88//88 89//89 150//150
f 149//149 88//88 150//150
f 89//89 91//91 150//150
f 97//97 151//151 96//96
f 152//152 151//151 97//97
f 152//152 97//97 153//153
f 153//153 97//97 98//98
f 145//145 98//98 85//85
f 153//153 98//98 145//145
f 146//146 154//154 147//147
f 148//148 154//154 146//146
f 155//155 154//154 148//148
f 149//149 155//155 148//148
f 156//156 155//155 149//149
f 150//150 156//156 149//149
f 157//157 156//156 150//150
f 91//91 157//157 150//150
f 91//91 99//99 157//157
f 99//99 158//158 157//157
f 100//100 159//159 99//99
f 99//99 159//159 158//158
f 101//101 160//160 100//100
f 100//100 160//160 159//159
f 102//102 161//161 101//101
f 101//101 161//161 160//160
f 103//103 162//162 102//102
f 102//102 162//162 161//161
f 151//151 103//103 96//96
f 151//151 163//163 103//103
f 163//163 162//162 103//103
f 152//152 163//163 151//151
f 164//164 165//165 166//166
f 166//166 167//167 164//164
f 168//168 169//169 170//170
f 168//168 171//171 172//172
f 170//170 171//171 168//168
f 172//172 173//173 174//174
f 171//171 173//173 172//172
f 174//174 175//175 176//176
f 173//173 175//175 174//174
f 176//176 177//177 178//178
f 175//175 177//177 176//176
f 165//165 178//178 177//177
f 165//165 164//164 178//178
f 164//164 179//179 178//178
f 180//180 164//164 167//167
f 180//180 181//181 164//164
f 181//181 179//179 164//164
f 180//180 182//182 181//181
f 183//183 184//184 185//185
f 169//169 183//183 185//185
f 169//169 168//168 183//183
f 168//168 186//186 183//183
f 172//172 187//187 168//168
f 187//187 186//186 168//168
f 174//174 188//188 172//172
f 188//188 187//187 172//172
f 176//176 189//189 174//174
f 189//189 188//188 174//174
f 178//178 190//190 176//176
f 190//190 189//189 176//176
f 179//179 191//191 178//178
f 191//191 190//190 178//178
f 181//181 192//192 179//179
f 192//192 191//191 179//179
f 193//193 181//181 182//182
f 192//192 181//181 193//193
f 194//194 195//195 196//196
f 184//184 194//194 196//196
f 184//184 183//183 194//194
f 183//183 197//197 194//194
f 106//106 105//105 197//197
f 106//106 197//197 186//186
f 186//186 197//197 183//183
f 107//107 106//106 186//186
f 187//187 107//107 186//186
f 109//109 107//107 187//187
f 188//188 109//109 187//187
f 111//111 109//109 188//188
f 189//189 111//111 188//188
f 113//113 111//111 189//189
f 190//190 113//113 189//189
f 115//115 113//113 190//190
f 191//191 115//115 190//190
f 117//117 115//115 191//191
f 117//117 191//191 198//198
f 198//198 191//191 192//192
f 199//199 192//192 193//193
f 199//199 200//200 192//192
f 200//200 198//198 192//192
f 199//199 201//201 200//200
f 202//202 195//195 194//194
f 203//203 195//195 202//202
f 120//120 119//119 202//202
f 120//120 202//202 197//197
f 197//197 202//202 194//194
f 105//105 120//120 197//197
f 117//117 198//198 122//122
f 124//124 122//122 198//198
f 124//124 198//198 204//204
f 204//204 198//198 200//200
f 205//205 200//200 201//201
f 204//204 200//200 205//205
f 206//206 207//207 208//208
f 203//203 206//206 208//208
f 202//202 206//206 203//203
f 202//202 126//126 206//206
f 202//202 127//127 126//126
f 119//119 127//127 202//202
f 124//124 204//204 128//128
f 204//204 130//130 128//128
f 204//204 205//205 130//130
f 205//205 209//209 130//130
f 210//210 211//211 212//212
f 207//207 210//210 212//212
f 206//206 210//210 207//207
f 206//206 132//132 210//210
f 206//206 133//133 132//132
f 126//126 133//133 206//206
f 213//213 214//214 135//135
f 213//213 135//135 209//209
f 209//209 135//135 130//130
f 213//213 215//215 214//214
f 138//138 211//211 210//210
f 138//138 137//137 211//211
f 137//137 216//216 211//211
f 132//132 138//138 210//210
f 135//135 214//214 139//139
f 214//214 141//141 139//139
f 214//214 215//215 141//141
f 215//215 217//217 141//141
f 218//218 137//137 142//142
f 218//218 219//219 137//137
f 219//219 216//216 137//137
f 142//142 143//143 218//218
f 144//144 220//220 145//145
f 144//144 221//221 220//220
f 144//144 141//141 221//221
f 141//141 217//217 221//221
f 218//218 222//222 219//219
f 222//222 218//218 143//143
f 222//222 143//143 223//223
f 223//223 143//143 147//147
f 153//153 224//224 152//152
f 153//153 225//225 224//224
f 145//145 225//225 153//153
f 145//145 226//226 225//225
f 145//145 220//220 226//226
f 221//221 226//226 220//220
f 147//147 227//227 223//223
f 154//154 227//227 147//147
f 155//155 228//228 154//154
f 154//154 228//228 227//227
f 156//156 229//229 155//155
f 155//155 229//229 228//228
f 157//157 230//230 156//156
f 156//156 230//230 229//229
f 158//158 231//231 157//157
f 157//157 231//231 230//230
f 159//159 232//232 158//158
f 158//158 232//232 231//231
f 160//160 233//233 159//159
f 159//159 233//233 232//232
f 161//161 234//234 160//160
f 160//160 234//234 233//233
f 162//162 235//235 161//161
f 161//161 235//235 234//234
f 163//163 236//236 162//162
f 162//162 236//236 235//235
f 224//224 163//163 152//152
f 224//224 237//237 163//163
f 237//237 236//236 163//163
f 225//225 237//237 224//224
f 238//238 239//239 240//240
f 240//240 241//241 238//238
f 238//238 242//242 239//239
f 243//243 244//244 245//245
f 241//241 242//242 238//238
f 243//243 246//246 244//244
f 244//244 247//247 245//245
f 246//246 247//247 244//244
f 248//248 249//249 250//250
f 248//248 251//251 252//252
f 250//250 251//251 248//248
f 252//252 253//253 254//254
f 251//251 253//253 252//252
f 253//253 255//255 254//254
f 248//248 256//256 249//249
f 256//256 257//257 258//258
f 256//256 248//248 257//257
f 248//248 252//252 257//257
f 254//254 259//259 252//252
f 259//259 257//257 252//252
f 260//260 254//254 255//255
f 259//259 254//254 260//260
f 257//257 261//261 258//258
f 261//261 262//262 263//263
f 261//261 257//257 262//262
f 257//257 259//259 262//262
f 264//264 259//259 260//260
f 264//264 265//265 259//259
f 265//265 262//262 259//259
f 264//264 266//266 265//265
f 267//267 263//263 262//262
f 268//268 263//263 267//267
f 265//265 269//269 262//262
f 269//269 267//267 262//262
f 270//270 265//265 266//266
f 270//270 271//271 265//265
f 271//271 269//269 265//265
f 270//270 272//272 271//271
f 273//273 274//274 275//275
f 273//273 276//276 277//277
f 275//275 276//276 273//273
f 277//277 278//278 279//279
f 276//276 278//278 277//277
f 268//268 279//279 278//278
f 268//268 267//267 279//279
f 267//267 280//280 279//279
f 269//269 281//281 267//267
f 281//281 280//280 267//267
f 271//271 282//282 269//269
f 282//282 281//281 269//269
f 283//283 271//271 272//272
f 282//282 271//271 283//283
f 284//284 285//285 286//286
f 274//274 284//284 286//286
f 274//274 273//273 284//284
f 273//273 287//287 284//284
f 277//277 288//288 273//273
f 288//288 287//287 273//273
f 279//279 289//289 277//277
f 289//289 288//288 277//277
f 280//280 290//290 279//279
f 290//290 289//289 279//279
f 166//166 165//165 290//290
f 166//166 290//290 281//281
f 281//281 290//290 280//280
f 167//167 166//166 281//281
f 167//167 281//281 291//291
f 291//291 281//281 282//282
f 292//292 282//282 283//283
f 292//292 293//293 282//282
f 293//293 291//291 282//282
f 292//292 294//294 293//293
f 295//295 296//296 297//297
f 285//285 295//295 297//297
f 284//284 295//295 285//285
f 284//284 169//169 295//295
f 284//284 170//170 169//169
f 171//171 170//170 284//284
f 287//287 171//171 284//284
f 173//173 171//171 287//287
f 288//288 173//173 287//287
f 175//175 173//173 288//288
f 289//289 175//175 288//288
f 177//177 175//175 289//289
f 290//290 177//177 289//289
f 165//165 177//177 290//290
f 167//167 291//291 180//180
f 182//182 180//180 291//291
f 182//182 291//291 298//298
f 298//298 291//291 293//293
f 299//299 293//293 294//294
f 298//298 293//293 299//299
f 185//185 296//296 295//295
f 185//185 184//184 296//296
f 184//184 300//300 296//296
f 169//169 185//185 295//295
f 298//298 301//301 193//193
f 182//182 298//298 193//193
f 302//302 298//298 299//299
f 301//301 298//298 302//302
f 196//196 303//303 304//304
f 195//195 303//303 196//196
f 300//300 184//184 196//196
f 304//304 300//300 196//196
f 193//193 301//301 199//199
f 301//301 201//201 199//199
f 301//301 302//302 201//201
f 302//302 305//305 201//201
f 306//306 307//307 308//308
f 306//306 308//308 303//303
f 306//306 303//303 203//203
f 203//203 303//303 195//195
f 309//309 310//310 205//205
f 309//309 205//205 305//305
f 305//305 205//205 201//201
f 309//309 311//311 310//310
f 312//312 313//313 314//314
f 307//307 312//312 314//314
f 306//306 312//312 307//307
f 306//306 207//207 312//312
f 306//306 208//208 207//207
f 203//203 208//208 306//306
f 310//310 315//315 209//209
f 205//205 310//310 209//209
f 316//316 310//310 311//311
f 315//315 310//310 316//316
f 212//212 313//313 312//312
f 212//212 211//211 313//313
f 211//211 317//317 313//313
f 207//207 212//212 312//312
f 209//209 315//315 213//213
f 315//315 215//215 213//213
f 315//315 316//316 215//215
f 316//316 318//318 215//215
f 211//211 216//216 317//317
f 317//317 216//216 319//319
f 320//320 321//321 217//217
f 320//320 217//217 318//318
f 318//318 217//217 215//215
f 320//320 322//322 321//321
f 216//216 219//219 319//319
f 319//319 219//219 323//323
f 321//321 324//324 325//325
f 321//321 325//325 217//217
f 217//217 325//325 221//221
f 322//322 324//324 321//321
f 326//326 219//219 222//222
f 326//326 327//327 219//219
f 327//327 323//323 219//219
f 222//222 223//223 326//326
f 226//226 328//328 225//225
f 226//226 329//329 328//328
f 226//226 221//221 329//329
f 221//221 325//325 329//329
f 326//326 330//330 327//327
f 223//223 330//330 326//326
f 223//223 227//227 330//330
f 227//227 331//331 330//330
f 228//228 332//332 227//227
f 227//227 332//332 331//331
f 229//229 333//333 228//228
f 228//228 333//333 332//332
f 230//230 334//334 229//229
f 229//229 334//334 333//333
f 231//231 335//335 230//230
f 230//230 335//335 334//334
f 232//232 336//336 231//231
f 231//231 336//336 335//335
f 233//233 337//337 232//232
f 232//232 337//337 336//336
f 234//234 338//338 233//233
f 233//233 338//338 337//337
f 235//235 339//339 234//234
f 234//234 339//339 338//338
f 236//236 340//340 235//235
f 235//235 340//340 339//339
f 237//237 341//341 236//236
f 236//236 341//341 340//340
f 328//328 237//237 225//225
f 328//328 342//342 237//237
f 342//342 341//341 237//237
f 329//329 342//342 328//328
f 343//343 344//344 345//345
f 343//343 346//346 347//347
f 345//345 346//346 343//343
f 346//346 348//348 347//347
f 349//349 350//350 351//351
f 344//344 349//349 351//351
f 343//343 349//349 344//344
f 343//343 239//239 349//349
f 343//343 240//240 239//239
f 241//241 240//240 343//343
f 241//241 343//343 352//352
f 352//352 343//343 347//347
f 353//353 347//347 348//348
f 353//353 354//354 347//347
f 354//354 352//352 347//347
f 354//354 355//355 356//356
f 353//353 355//355 354//354
f 355//355 357//357 356//356
f 358//358 350//350 349//349
f 359//359 350//350 358//358
f 239//239 242//242 360//360
f 239//239 360//360 349//349
f 349//349 360//360 358//358
f 242//242 241//241 360//360
f 241//241 352//352 360//360
f 243//243 245//245 360//360
f 243//243 360//360 352//352
f 246//246 243//243 352//352
f 246//246 352//352 361//361
f 361//361 352//352 354//354
f 356//356 362//362 354//354
f 362//362 361//361 354//354
f 363//363 356//356 357//357
f 362//362 356//356 363//363
f 358//358 364//364 359//359
f 364//364 365//365 366//366
f 364//364 358//358 365//365
f 358//358 360//360 365//365
f 245//245 247//247 367//367
f 245//245 367//367 360//360
f 360//360 367//367 365//365
f 247//247 246//246 361//361
f 247//247 361//361 367//367
f 367//367 361//361 368//368
f 362//362 369//369 361//361
f 369//369 368//368 361//361
f 370//370 362//362 363//363
f 369//369 362//362 370//370
f 371//371 366//366 365//365
f 372//372 366//366 371//371
f 367//367 373//373 365//365
f 373//373 371//371 365//365
f 368//368 374//374 367//367
f 374//374 373//373 367//367
f 369//369 375//375 368//368
f 375//375 374//374 368//368
f 376//376 369//369 370//370
f 375//375 369//369 376//376
f 377//377 372//372 371//371
f 378//378 372//372 377//377
f 373//373 379//379 371//371
f 379//379 377//377 371//371
f 374//374 380//380 373//373
f 380//380 379//379 373//373
f 375//375 381//381 374//374
f 381//381 380//380 374//374
f 382//382 375//375 376//376
f 382//382 383//383 375//375
f 383//383 381//381 375//375
f 382//382 384//384 383//383
f 385//385 378//378 377//377
f 386//386 378//378 385//385
f 250//250 249//249 385//385
f 250//250 385//385 379//379
f 379//379 385//385 377//377
f 251//251 250//250 379//379
f 380//380 251//251 379//379
f 253//253 251//251 380//380
f 381//381 253//253 380//380
f 255//255 253//253 381//381
f 255//255 381//381 387//387
f 387//387 381//381 383//383
f 388//388 383//383 384//384
f 388//388 389//389 383//383
f 389//389 387//387 383//383
f 388//388 390//390 389//389
f 391//391 386//386 385//385
f 392//392 386//386 391//391
f 249//249 256//256 393//393
f 249//249 393//393 385//385
f 385//385 393//393 391//391
f 256//256 258//258 393//393
f 387//387 394//394 260//260
f 255//255 387//387 260//260
f 389//389 395//395 387//387
f 395//395 394//394 387//387
f 396//396 389//389 390//390
f 395//395 389//389 396//396
f 397//397 392//392 391//391
f 398//398 392//392 397//397
f 393//393 399//399 391//391
f 399//399 397//397 391//391
f 258//258 261//261 400//400
f 258//258 400//400 393//393
f 393//393 400//400 399//399
f 261//261 263//263 400//400
f 260//260 394//394 264//264
f 266//266 264//264 394//394
f 266//266 394//394 401//401
f 401//401 394//394 395//395
f 402//402 395//395 396//396
f 401//401 395//395 402//402
f 403//403 398//398 397//397
f 404//404 398//398 403//403
f 399//399 405//405 397//397
f 405//405 403//403 397//397
f 400//400 406//406 399//399
f 406//406 405//405 399//399
f 263//263 268//268 406//406
f 400//400 263//263 406//406
f 266//266 401//401 270//270
f 272//272 407//407 408//408
f 270//270 407//407 272//272
f 270//270 402//402 407//407
f 270//270 401//401 402//402
f 407//407 409//409 408//408
f 410//410 411//411 412//412
f 404//404 410//410 412//412
f 403//403 410//410 404//404
f 403//403 274//274 410//410
f 403//403 275//275 274//274
f 276//276 275//275 403//403
f 405//405 276//276 403//403
f 278//278 276//276 405//405
f 406//406 278//278 405//405
f 268//268 278//278 406//406
f 408//408 413//413 283//283
f 272//272 408//408 283//283
f 414//414 408//408 409//409
f 413//413 408//408 414//414
f 286//286 411//411 410//410
f 286//286 285//285 411//411
f 285//285 415//415 411//411
f 274//274 286//286 410//410
f 283//283 413//413 292//292
f 413//413 294//294 292//292
f 413//413 414//414 294//294
f 414//414 416//416 294//294
f 297//297 417//417 418//418
f 296//296 417//417 297//297
f 415//415 285//285 297//297
f 418//418 415//415 297//297
f 419//419 420//420 299//299
f 419//419 299//299 416//416
f 416//416 299//299 294//294
f 419//419 421//421 420//420
f 296//296 300//300 417//417
f 417//417 300//300 422//422
f 420//420 423//423 302//302
f 299//299 420//420 302//302
f 424//424 420//420 421//421
f 423//423 420//420 424//424
f 304//304 425//425 426//426
f 303//303 425//425 304//304
f 422//422 300//300 304//304
f 426//426 422//422 304//304
f 423//423 427//427 305//305
f 302//302 423//423 305//305
f 428//428 423//423 424//424
f 427//427 423//423 428//428
f 308//308 429//429 430//430
f 307//307 429//429 308//308
f 425//425 303//303 308//308
f 430//430 425//425 308//308
f 305//305 427//427 309//309
f 427//427 311//311 309//309
f 427//427 428//428 311//311
f 428//428 431//431 311//311
f 314//314 432//432 433//433
f 313//313 432//432 314//314
f 429//429 307//307 314//314
f 433//433 429//429 314//314
f 311//311 431//431 316//316
f 431//431 434//434 316//316
f 435//435 436//436 437//437
f 435//435 437//437 432//432
f 435//435 432//432 317//317
f 317//317 432//432 313//313
f 438//438 439//439 318//318
f 438//438 318//318 434//434
f 434//434 318//318 316//316
f 438//438 440//440 439//439
f 441//441 436//436 435//435
f 442//442 436//436 441//441
f 317//317 319//319 441//441
f 435//435 317//317 441//441
f 318//318 439//439 320//320
f 439//439 322//322 320//320
f 439//439 440//440 322//322
f 440//440 443//443 322//322
f 444//444 442//442 441//441
f 445//445 442//442 444//444
f 319//319 323//323 444//444
f 441//441 319//319 444//444
f 324//324 446//446 325//325
f 324//324 447//447 446//446
f 324//324 322//322 447//447
f 322//322 443//443 447//447
f 444//444 448//448 445//445
f 448//448 444//444 323//323
f 448//448 323//323 449//449
f 449//449 323//323 327//327
f 450//450 451//451 452//452
f 450//450 453//453 454//454
f 451//451 450//450 454//454
f 453//453 455//455 456//456
f 454//454 453//453 456//456
f 455//455 457//457 458//458
f 456//456 455//455 458//458
f 457//457 459//459 460//460
f 458//458 457//457 460//460
f 460//460 459//459 461//461
f 446//446 462//462 463//463
f 446//446 463//463 325//325
f 325//325 463//463 329//329
f 447//447 462//462 446//446
f 327//327 464//464 449//449
f 330//330 464//464 327//327
f 331//331 465//465 330//330
f 330//330 465//465 464//464
f 332//332 466//466 331//331
f 331//331 466//466 465//465
f 333//333 467//467 332//332
f 332//332 467//467 466//466
f 452//452 334//334 450//450
f 452//452 467//467 334//334
f 467//467 333//333 334//334
f 335//335 450//450 334//334
f 453//453 450//450 335//335
f 336//336 453//453 335//335
f 455//455 453//453 336//336
f 337//337 455//455 336//336
f 457//457 455//455 337//337
f 338//338 457//457 337//337
f 459//459 457//457 338//338
f 459//459 468//468 461//461
f 459//459 338//338 468//468
f 338//338 339//339 468//468
f 340//340 469//469 339//339
f 339//339 469//469 468//468
f 341//341 470//470 340//340
f 340//340 470//470 469//469
f 342//342 471//471 341//341
f 341//341 471//471 470//470
f 463//463 342//342 329//329
f 471//471 342//342 463//463
f 472//472 473//473 474//474
f 472//472 345//345 344//344
f 472//472 474//474 345//345
f 474//474 475//475 345//345
f 346//346 345//345 476//476
f 345//345 475//475 476//476
f 348//348 477//477 478//478
f 348//348 346//346 477//477
f 346//346 476//476 477//477
f 478//478 479//479 480//480
f 477//477 479//479 478//478
f 479//479 481//481 480//480
f 351//351 473//473 472//472
f 351//351 350//350 473//473
f 350//350 482//482 473//473
f 344//344 351//351 472//472
f 348//348 478//478 353//353
f 355//355 353//353 478//478
f 480//480 355//355 478//478
f 480//480 357//357 355//355
f 480//480 481//481 357//357
f 481//481 483//483 357//357
f 350//350 359//359 482//482
f 482//482 359//359 484//484
f 485//485 486//486 363//363
f 485//485 363//363 483//483
f 483//483 363//363 357//357
f 485//485 487//487 486//486
f 359//359 488//488 484//484
f 364//364 488//488 359//359
f 488//488 364//364 366//366
f 489//489 488//488 366//366
f 486//486 490//490 370//370
f 363//363 486//486 370//370
f 491//491 486//486 487//487
f 490//490 486//486 491//491
f 366//366 372//372 489//489
f 489//489 372//372 492//492
f 490//490 493//493 376//376
f 370//370 490//490 376//376
f 494//494 490//490 491//491
f 493//493 490//490 494//494
f 372//372 378//378 492//492
f 492//492 378//378 495//495
f 376//376 493//493 382//382
f 493//493 384//384 382//382
f 493//493 494//494 384//384
f 494//494 496//496 384//384
f 378//378 386//386 495//495
f 495//495 386//386 497//497
f 384//384 496//496 498//498
f 388//388 384//384 498//498
f 498//498 390//390 388//388
f 499//499 390//390 498//498
f 386//386 392//392 497//497
f 497//497 392//392 500//500
f 390//390 499//499 396//396
f 499//499 501//501 396//396
f 392//392 398//398 500//500
f 500//500 398//398 502//502
f 396//396 501//501 402//402
f 501//501 503//503 402//402
f 398//398 404//404 502//502
f 502//502 404//404 504//504
f 402//402 503//503 505//505
f 407//407 402//402 505//505
f 505//505 409//409 407//407
f 506//506 409//409 505//505
f 412//412 507//507 508//508
f 411//411 507//507 412//412
f 504//504 404//404 412//412
f 508//508 504//504 412//412
f 409//409 506//506 414//414
f 506//506 509//509 414//414
f 411//411 415//415 507//507
f 507//507 415//415 510//510
f 414//414 509//509 416//416
f 509//509 511//511 416//416
f 418//418 417//417 512//512
f 418//418 512//512 513//513
f 418//418 513//513 415//415
f 415//415 513//513 510//510
f 416//416 511//511 514//514
f 419//419 416//416 514//514
f 514//514 421//421 419//419
f 515//515 421//421 514//514
f 512//512 516//516 517//517
f 512//512 417//417 516//516
f 417//417 422//422 516//516
f 513//513 512//512 517//517
f 421//421 515//515 424//424
f 515//515 518//518 424//424
f 426//426 519//519 520//520
f 425//425 519//519 426//426
f 516//516 422//422 426//426
f 520//520 516//516 426//426
f 424//424 518//518 428//428
f 518//518 521//521 428//428
f 430//430 522//522 523//523
f 429//429 522//522 430//430
f 519//519 425//425 430//430
f 523//523 519//519 430//430
f 428//428 521//521 431//431
f 521//521 524//524 431//431
f 433//433 525//525 526//526
f 432//432 525//525 433//433
f 522//522 429//429 433//433
f 526//526 522//522 433//433
f 527//527 528//528 434//434
f 527//527 434//434 524//524
f 524//524 434//434 431//431
f 527//527 529//529 528//528
f 437//437 530//530 531//531
f 436//436 530//530 437//437
f 525//525 432//432 437//437
f 531//531 525//525 437//437
f 434//434 528//528 438//438
f 528//528 440//440 438//438
f 528//528 529//529 440//440
f 529//529 532//532 440//440
f 436//436 442//442 530//530
f 530//530 442//442 533//533
f 440//440 532//532 443//443
f 532//532 534//534 443//443
f 442//442 445//445 533//533
f 533//533 445//445 535//535
f 443//443 534//534 447//447
f 534//534 536//536 447//447
f 537//537 445//445 448//448
f 537//537 538//538 445//445
f 538//538 535//535 445//445
f 448//448 449//449 537//537
f 451//451 539//539 540//540
f 452//452 451//451 540//540
f 454//454 541//541 451//451
f 451//451 541//541 539//539
f 456//456 542//542 454//454
f 454//454 542//542 541//541
f 458//458 543//543 456//456
f 456//456 543//543 542//542
f 460//460 544//544 458//458
f 458//458 544//544 543//543
f 461//461 545//545 546//546
f 461//461 546//546 460//460
f 460//460 546//546 544//544
f 546//546 545//545 547//547
f 462//462 548//548 463//463
f 462//462 549//549 548//548
f 462//462 447//447 549//549
f 447//447 536//536 549//549
f 537//537 550//550 538//538
f 449//449 550//550 537//537
f 449//449 464//464 550//550
f 464//464 551//551 550//550
f 465//465 552//552 464//464
f 464//464 552//552 551//551
f 466//466 553//553 465//465
f 465//465 553//553 552//552
f 467//467 554//554 466//466
f 466//466 554//554 553//553
f 540//540 467//467 452//452
f 554//554 467//467 540//540
f 461//461 468//468 545//545
f 545//545 555//555 547//547
f 545//545 468//468 555//555
f 468//468 469//469 555//555
f 470//470 556//556 469//469
f 469//469 556//556 555//555
f 471//471 557//557 470//470
f 470//470 557//557 556//556
f 548//548 471//471 463//463
f 548//548 558//558 471//471
f 558//558 557//557 471//471
f 549//549 558//558 548//548
f 559//559 560//560 561//561
f 559//559 562//562 563//563
f 561//561 562//562 559//559
f 562//562 564//564 563//563
f 474//474 565//565 566//566
f 473//473 565//565 474//474
f 560//560 559//559 475//475
f 560//560 475//475 566//566
f 566//566 475//475 474//474
f 476//476 475//475 559//559
f 563//563 476//476 559//559
f 563//563 564//564 567//567
f 563//563 567//567 476//476
f 476//476 567//567 477//477
f 479//479 477//477 568//568
f 477//477 567//567 568//568
f 568//568 481//481 479//479
f 569//569 481//481 568//568
f 473//473 482//482 565//565
f 565//565 482//482 570//570
f 481//481 569//569 483//483
f 569//569 571//571 483//483
f 482//482 484//484 570//570
f 570//570 484//484 572//572
f 573//573 485//485 483//483
f 573//573 483//483 574//574
f 574//574 483//483 571//571
f 485//485 573//573 487//487
f 484//484 575//575 572//572
f 488//488 575//575 484//484
f 575//575 488//488 489//489
f 576//576 575//575 489//489
f 577//577 573//573 574//574
f 578//578 577//577 574//574
f 487//487 577//577 491//491
f 573//573 577//577 487//487
f 579//579 492//492 580//580
f 579//579 576//576 492//492
f 576//576 489//489 492//492
f 579//579 580//580 581//581
f 582//582 577//577 578//578
f 583//583 582//582 578//578
f 491//491 582//582 494//494
f 577//577 582//582 491//491
f 580//580 495//495 584//584
f 492//492 495//495 580//580
f 585//585 581//581 580//580
f 584//584 585//585 580//580
f 582//582 583//583 586//586
f 586//586 494//494 582//582
f 586//586 587//587 494//494
f 587//587 496//496 494//494
f 584//584 497//497 588//588
f 495//495 497//497 584//584
f 589//589 585//585 584//584
f 588//588 589//589 584//584
f 496//496 587//587 590//590
f 498//498 496//496 590//590
f 590//590 499//499 498//498
f 591//591 499//499 590//590
f 588//588 592//592 593//593
f 588//588 497//497 592//592
f 497//497 500//500 592//592
f 589//589 588//588 593//593
f 499//499 591//591 501//501
f 591//591 594//594 501//501
f 500//500 502//502 592//592
f 592//592 502//502 595//595
f 501//501 594//594 503//503
f 594//594 596//596 503//503
f 502//502 504//504 595//595
f 595//595 504//504 597//597
f 503//503 596//596 598//598
f 505//505 503//503 598//598
f 598//598 506//506 505//505
f 599//599 506//506 598//598
f 508//508 507//507 600//600
f 508//508 600//600 601//601
f 508//508 601//601 504//504
f 504//504 601//601 597//597
f 506//506 599//599 509//509
f 599//599 602//602 509//509
f 600//600 603//603 604//604
f 600//600 507//507 603//603
f 507//507 510//510 603//603
f 601//601 600//600 604//604
f 605//605 606//606 511//511
f 605//605 511//511 602//602
f 602//602 511//511 509//509
f 605//605 607//607 606//606
f 510//510 513//513 603//603
f 603//603 513//513 608//608
f 511//511 606//606 514//514
f 606//606 515//515 514//514
f 606//606 607//607 515//515
f 607//607 609//609 515//515
f 517//517 516//516 610//610
f 517//517 610//610 611//611
f 517//517 611//611 513//513
f 513//513 611//611 608//608
f 515//515 609//609 518//518
f 609//609 612//612 518//518
f 520//520 519//519 613//613
f 520//520 613//613 614//614
f 516//516 520//520 614//614
f 516//516 614//614 615//615
f 516//516 615//615 610//610
f 611//611 610//610 615//615
f 518//518 612//612 521//521
f 612//612 616//616 521//521
f 523//523 522//522 617//617
f 523//523 617//617 618//618
f 519//519 523//523 618//618
f 519//519 618//618 619//619
f 519//519 619//619 613//613
f 614//614 613//613 619//619
f 620//620 621//621 524//524
f 620//620 524//524 616//616
f 616//616 524//524 521//521
f 620//620 622//622 621//621
f 526//526 623//623 624//624
f 525//525 623//623 526//526
f 617//617 522//522 526//526
f 617//617 526//526 625//625
f 625//625 526//526 624//624
f 618//618 617//617 625//625
f 524//524 621//621 527//527
f 621//621 529//529 527//527
f 621//621 622//622 529//529
f 622//622 626//626 529//529
f 531//531 627//627 628//628
f 530//530 627//627 531//531
f 623//623 525//525 531//531
f 628//628 623//623 531//531
f 529//529 626//626 532//532
f 626//626 629//629 532//532
f 530//530 533//533 627//627
f 627//627 533//533 630//630
f 532//532 629//629 534//534
f 629//629 631//631 534//534
f 533//533 535//535 630//630
f 630//630 535//535 632//632
f 534//534 631//631 536//536
f 631//631 633//633 536//536
f 535//535 538//538 632//632
f 632//632 538//538 634//634
f 539//539 635//635 636//636
f 540//540 539//539 636//636
f 541//541 637//637 539//539
f 539//539 637//637 635//635
f 542//542 638//638 541//541
f 541//541 638//638 637//637
f 543//543 639//639 542//542
f 542//542 639//639 638//638
f 544//544 640//640 543//543
f 543//543 640//640 639//639
f 546//546 641//641 544//544
f 544//544 641//641 640//640
f 641//641 546//546 547//547
f 642//642 641//641 547//547
f 536//536 633//633 549//549
f 633//633 643//643 549//549
f 538//538 644//644 634//634
f 550//550 644//644 538//538
f 551//551 645//645 550//550
f 550//550 645//645 644//644
f 552//552 646//646 551//551
f 551//551 646//646 645//645
f 553//553 647//647 552//552
f 552//552 647//647 646//646
f 554//554 648//648 553//553
f 553//553 648//648 647//647
f 636//636 554//554 540//540
f 648//648 554//554 636//636
f 547//547 649//649 642//642
f 555//555 649//649 547//547
f 556//556 650//650 555//555
f 555//555 650//650 649//649
f 651//651 652//652 650//650
f 651//651 650//650 557//557
f 557//557 650//650 556//556
f 653//653 651//651 557//557
f 653//653 557//557 654//654
f 654//654 557//557 558//558
f 643//643 558//558 549//549
f 654//654 558//558 643//643
f 651//651 655//655 652//652
f 653//653 655//655 651//651
f 561//561 656//656 657//657
f 560//560 656//656 561//561
f 562//562 561//561 658//658
f 561//561 657//657 658//658
f 658//658 564//564 562//562
f 659//659 564//564 658//658
f 566//566 565//565 660//660
f 566//566 660//660 661//661
f 566//566 661//661 560//560
f 560//560 661//661 656//656
f 564//564 659//659 662//662
f 567//567 564//564 662//662
f 663//663 662//662 664//664
f 663//663 568//568 662//662
f 568//568 567//567 662//662
f 568//568 663//663 569//569
f 660//660 570//570 665//665
f 565//565 570//570 660//660
f 666//666 661//661 660//660
f 665//665 666//666 660//660
f 663//663 664//664 667//667
f 667//667 569//569 663//663
f 667//667 668//668 569//569
f 668//668 571//571 569//569
f 665//665 572//572 669//669
f 570//570 572//572 665//665
f 670//670 666//666 665//665
f 669//669 670//670 665//665
f 671//671 672//672 673//673
f 671//671 668//668 672//672
f 671//671 574//574 668//668
f 574//574 571//571 668//668
f 572//572 575//575 669//669
f 576//576 674//674 675//675
f 575//575 576//576 675//675
f 575//575 675//675 670//670
f 575//575 670//670 669//669
f 675//675 674//674 676//676
f 677//677 671//671 673//673
f 678//678 677//677 673//673
f 574//574 677//677 578//578
f 671//671 677//677 574//574
f 576//576 579//579 674//674
f 581//581 679//679 680//680
f 579//579 581//581 680//680
f 579//579 680//680 676//676
f 579//579 676//676 674//674
f 679//679 681//681 682//682
f 680//680 679//679 682//682
f 678//678 682//682 681//681
f 678//678 681//681 677//677
f 677//677 681//681 683//683
f 578//578 683//683 583//583
f 677//677 683//683 578//578
f 679//679 585//585 684//684
f 581//581 585//585 679//679
f 685//685 686//686 681//681
f 685//685 681//681 684//684
f 684//684 681//681 679//679
f 683//683 681//681 686//686
f 687//687 683//683 686//686
f 688//688 687//687 689//689
f 586//586 687//687 688//688
f 586//586 683//683 687//687
f 586//586 583//583 683//683
f 586//586 688//688 587//587
f 684//684 589//589 690//690
f 585//585 589//589 684//684
f 691//691 685//685 684//684
f 690//690 691//691 684//684
f 688//688 689//689 692//692
f 693//693 692//692 694//694
f 590//590 692//692 693//693
f 590//590 688//688 692//692
f 590//590 587//587 688//688
f 590//590 693//693 591//591
f 593//593 592//592 695//695
f 593//593 695//695 696//696
f 589//589 593//593 696//696
f 589//589 696//696 697//697
f 589//589 697//697 690//690
f 691//691 690//690 697//697
f 693//693 694//694 698//698
f 698//698 591//591 693//693
f 698//698 699//699 591//591
f 699//699 594//594 591//591
f 695//695 595//595 700//700
f 592//592 595//595 695//695
f 701//701 696//696 695//695
f 700//700 701//701 695//695
f 594//594 699//699 596//596
f 699//699 702//702 596//596
f 700//700 703//703 704//704
f 700//700 595//595 703//703
f 595//595 597//597 703//703
f 701//701 700//700 704//704
f 596//596 702//702 705//705
f 598//598 596//596 705//705
f 705//705 599//599 598//598
f 706//706 599//599 705//705
f 597//597 601//601 703//703
f 703//703 601//601 707//707
f 599//599 706//706 602//602
f 706//706 708//708 602//602
f 604//604 709//709 710//710
f 603//603 709//709 604//604
f 707//707 601//601 604//604
f 710//710 707//707 604//604
f 602//602 708//708 711//711
f 605//605 602//602 711//711
f 711//711 607//607 605//605
f 712//712 607//607 711//711
f 603//603 608//608 709//709
f 709//709 608//608 713//713
f 607//607 712//712 609//609
f 712//712 714//714 609//609
f 608//608 611//611 713//713
f 713//713 611//611 715//715
f 609//609 714//714 612//612
f 714//714 716//716 612//612
f 615//615 717//717 718//718
f 614//614 717//717 615//615
f 715//715 611//611 615//615
f 718//718 715//715 615//615
f 612//612 716//716 616//616
f 716//716 719//719 616//616
f 619//619 720//720 721//721
f 618//618 720//720 619//619
f 717//717 614//614 619//619
f 721//721 717//717 619//619
f 616//616 719//719 722//722
f 620//620 616//616 722//722
f 722//722 622//622 620//620
f 723//723 622//622 722//722
f 624//624 623//623 724//724
f 725//725 624//624 724//724
f 725//725 726//726 624//624
f 726//726 625//625 624//624
f 720//720 618//618 625//625
f 726//726 720//720 625//625
f 622//622 723//723 626//626
f 723//723 727//727 626//626
f 628//628 728//728 729//729
f 627//627 728//728 628//628
f 724//724 623//623 628//628
f 724//724 628//628 730//730
f 730//730 628//628 729//729
f 725//725 724//724 730//730
f 626//626 727//727 629//629
f 727//727 731//731 629//629
f 627//627 630//630 728//728
f 728//728 630//630 732//732
f 629//629 731//731 631//631
f 731//731 733//733 631//631
f 630//630 632//632 732//732
f 732//732 632//632 734//734
f 631//631 733//733 633//633
f 733//733 735//735 633//633
f 632//632 634//634 734//734
f 734//734 634//634 736//736
f 635//635 737//737 738//738
f 636//636 635//635 738//738
f 637//637 739//739 635//635
f 635//635 739//739 737//737
f 638//638 740//740 637//637
f 637//637 740//740 739//739
f 639//639 741//741 638//638
f 638//638 741//741 740//740
f 640//640 742//742 639//639
f 639//639 742//742 741//741
f 743//743 744//744 742//742
f 743//743 742//742 641//641
f 641//641 742//742 640//640
f 641//641 642//642 743//743
f 633//633 735//735 643//643
f 735//735 745//745 643//643
f 634//634 746//746 736//736
f 644//644 746//746 634//634
f 645//645 747//747 644//644
f 644//644 747//747 746//746
f 646//646 748//748 645//645
f 645//645 748//748 747//747
f 647//647 749//749 646//646
f 646//646 749//749 748//748
f 648//648 750//750 647//647
f 647//647 750//750 749//749
f 738//738 648//648 636//636
f 750//750 648//648 738//738
f 743//743 751//751 744//744
f 642//642 751//751 743//743
f 642//642 649//649 751//751
f 649//649 752//752 751//751
f 753//753 754//754 752//752
f 753//753 752//752 650//650
f 650//650 752//752 649//649
f 650//650 652//652 753//753
f 654//654 755//755 653//653
f 654//654 756//756 755//755
f 654//654 643//643 756//756
f 643//643 745//745 756//756
f 753//753 757//757 754//754
f 652//652 757//757 753//753
f 652//652 655//655 757//757
f 655//655 758//758 757//757
f 755//755 655//655 653//653
f 755//755 759//759 655//655
f 759//759 758//758 655//655
f 756//756 759//759 755//755
f 657//657 656//656 760//760
f 657//657 761//761 658//658
f 760//760 761//761 657//657
f 658//658 761//761 659//659
f 760//760 661//661 762//762
f 656//656 661//661 760//760
f 761//761 760//760 763//763
f 763//763 760//760 762//762
f 659//659 764//764 662//662
f 659//659 761//761 764//764
f 761//761 763//763 764//764
f 662//662 764//764 664//664
f 762//762 666//666 765//765
f 661//661 666//666 762//762
f 763//763 762//762 766//766
f 766//766 762//762 765//765
f 764//764 763//763 767//767
f 767//767 763//763 766//766
f 664//664 768//768 667//667
f 664//664 764//764 768//768
f 764//764 767//767 768//768
f 667//667 768//768 668//668
f 765//765 670//670 769//769
f 666//666 670//670 765//765
f 766//766 765//765 770//770
f 770//770 765//765 769//769
f 767//767 766//766 771//771
f 771//771 766//766 770//770
f 672//672 771//771 673//673
f 672//672 768//768 771//771
f 768//768 767//767 771//771
f 668//668 768//768 672//672
f 670//670 675//675 769//769
f 676//676 769//769 675//675
f 676//676 772//772 769//769
f 772//772 770//770 769//769
f 771//771 770//770 773//773
f 773//773 770//770 772//772
f 673//673 773//773 678//678
f 771//771 773//773 673//673
f 676//676 680//680 772//772
f 682//682 772//772 680//680
f 773//773 772//772 682//682
f 678//678 773//773 682//682
f 686//686 685//685 774//774
f 686//686 775//775 687//687
f 774//774 775//775 686//686
f 687//687 775//775 689//689
f 774//774 691//691 776//776
f 685//685 691//691 774//774
f 775//775 774//774 777//777
f 777//777 774//774 776//776
f 689//689 778//778 692//692
f 689//689 775//775 778//778
f 775//775 777//777 778//778
f 692//692 778//778 694//694
f 697//697 696//696 779//779
f 697//697 779//779 780//780
f 691//691 697//697 780//780
f 691//691 780//780 781//781
f 691//691 781//781 776//776
f 777//777 776//776 781//781
f 782//782 777//777 781//781
f 778//778 777//777 782//782
f 783//783 778//778 782//782
f 784//784 783//783 785//785
f 698//698 783//783 784//784
f 698//698 778//778 783//783
f 698//698 694//694 778//778
f 698//698 784//784 699//699
f 779//779 786//786 787//787
f 779//779 696//696 786//786
f 696//696 701//701 786//786
f 780//780 779//779 787//787
f 784//784 785//785 788//788
f 788//788 699//699 784//784
f 788//788 789//789 699//699
f 789//789 702//702 699//699
f 704//704 703//703 790//790
f 704//704 790//790 791//791
f 704//704 791//791 701//701
f 701//701 791//791 786//786
f 792//792 705//705 702//702
f 792//792 702//702 793//793
f 793//793 702//702 789//789
f 705//705 792//792 706//706
f 790//790 794//794 795//795
f 790//790 703//703 794//794
f 703//703 707//707 794//794
f 791//791 790//790 795//795
f 792//792 793//793 796//796
f 796//796 706//706 792//792
f 796//796 797//797 706//706
f 797//797 708//708 706//706
f 710//710 709//709 798//798
f 710//710 798//798 799//799
f 710//710 799//799 707//707
f 707//707 799//799 794//794
f 708//708 797//797 800//800
f 711//711 708//708 800//800
f 800//800 712//712 711//711
f 801//801 712//712 800//800
f 798//798 802//802 803//803
f 798//798 709//709 802//802
f 709//709 713//713 802//802
f 799//799 798//798 803//803
f 712//712 801//801 714//714
f 801//801 804//804 714//714
f 713//713 715//715 802//802
f 802//802 715//715 805//805
f 714//714 804//804 716//716
f 804//804 806//806 716//716
f 718//718 717//717 807//807
f 718//718 807//807 808//808
f 718//718 808//808 715//715
f 715//715 808//808 805//805
f 716//716 806//806 719//719
f 806//806 809//809 719//719
f 721//721 810//810 811//811
f 720//720 810//810 721//721
f 807//807 717//717 721//721
f 807//807 721//721 812//812
f 812//812 721//721 811//811
f 808//808 807//807 812//812
f 719//719 809//809 813//813
f 722//722 719//719 813//813
f 813//813 723//723 722//722
f 814//814 723//723 813//813
f 726//726 815//815 816//816
f 725//725 815//815 726//726
f 810//810 720//720 726//726
f 816//816 810//810 726//726
f 723//723 814//814 727//727
f 814//814 817//817 727//727
f 729//729 818//818 819//819
f 728//728 818//818 729//729
f 730//730 729//729 820//820
f 729//729 819//819 820//820
f 815//815 725//725 730//730
f 820//820 815//815 730//730
f 727//727 817//817 731//731
f 817//817 821//821 731//731
f 728//728 732//732 818//818
f 818//818 732//732 822//822
f 731//731 821//821 733//733
f 821//821 823//823 733//733
f 732//732 734//734 822//822
f 822//822 734//734 824//824
f 825//825 826//826 735//735
f 825//825 735//735 823//823
f 823//823 735//735 733//733
f 825//825 827//827 826//826
f 734//734 736//736 824//824
f 824//824 736//736 828//828
f 737//737 829//829 738//738
f 737//737 739//739 830//830
f 829//829 737//737 830//830
f 831//831 830//830 739//739
f 831//831 739//739 832//832
f 832//832 739//739 740//740
f 741//741 833//833 740//740
f 740//740 833//833 832//832
f 742//742 834//834 741//741
f 741//741 834//834 833//833
f 834//834 742//742 744//744
f 835//835 834//834 744//744
f 826//826 836//836 745//745
f 735//735 826//826 745//745
f 837//837 826//826 827//827
f 836//836 826//826 837//837
f 736//736 838//838 828//828
f 746//746 838//838 736//736
f 747//747 839//839 746//746
f 746//746 839//839 838//838
f 748//748 840//840 747//747
f 747//747 840//840 839//839
f 749//749 841//841 748//748
f 748//748 841//841 840//840
f 750//750 842//842 749//749
f 749//749 842//842 841//841
f 829//829 750//750 738//738
f 829//829 843//843 750//750
f 843//843 842//842 750//750
f 830//830 843//843 829//829
f 844//844 843//843 830//830
f 831//831 844//844 830//830
f 744//744 845//845 835//835
f 751//751 845//845 744//744
f 752//752 846//846 751//751
f 751//751 846//846 845//845
f 846//846 752//752 754//754
f 847//847 846//846 754//754
f 836//836 848//848 849//849
f 836//836 849//849 745//745
f 745//745 849//849 756//756
f 837//837 848//848 836//836
f 754//754 850//850 847//847
f 757//757 850//850 754//754
f 851//851 852//852 850//850
f 851//851 850//850 758//758
f 758//758 850//850 757//757
f 853//853 851//851 758//758
f 853//853 758//758 854//854
f 854//854 758//758 759//759
f 849//849 759//759 756//756
f 854//854 759//759 849//849
f 851//851 855//855 852//852
f 853//853 855//855 851//851
f 781//781 780//780 856//856
f 781//781 857//857 782//782
f 856//856 857//857 781//781
f 782//782 858//858 783//783
f 857//857 858//858 782//782
f 783//783 858//858 785//785
f 787//787 786//786 859//859
f 787//787 859//859 860//860
f 780//780 787//787 860//860
f 780//780 860//860 861//861
f 780//780 861//861 856//856
f 857//857 856//856 861//861
f 862//862 857//857 861//861
f 858//858 857//857 862//862
f 863//863 858//858 862//862
f 864//864 863//863 865//865
f 788//788 863//863 864//864
f 788//788 858//858 863//863
f 788//788 785//785 858//858
f 788//788 864//864 789//789
f 859//859 866//866 867//867
f 859//859 786//786 866//866
f 786//786 791//791 866//866
f 860//860 859//859 867//867
f 864//864 865//865 868//868
f 868//868 789//789 864//864
f 868//868 869//869 789//789
f 869//869 793//793 789//789
f 795//795 870//870 871//871
f 794//794 870//870 795//795
f 866//866 791//791 795//795
f 871//871 866//866 795//795
f 793//793 869//869 872//872
f 796//796 793//793 872//872
f 872//872 797//797 796//796
f 873//873 797//797 872//872
f 794//794 799//799 870//870
f 870//870 799//799 874//874
f 797//797 873//873 875//875
f 800//800 797//797 875//875
f 875//875 801//801 800//800
f 876//876 801//801 875//875
f 803//803 802//802 877//877
f 803//803 877//877 878//878
f 803//803 878//878 799//799
f 799//799 878//878 874//874
f 801//801 876//876 804//804
f 876//876 879//879 804//804
f 877//877 880//880 881//881
f 877//877 802//802 880//880
f 802//802 805//805 880//880
f 878//878 877//877 881//881
f 804//804 879//879 806//806
f 879//879 882//882 806//806
f 805//805 808//808 880//880
f 880//880 808//808 883//883
f 884//884 885//885 809//809
f 884//884 809//809 882//882
f 882//882 809//809 806//806
f 884//884 886//886 885//885
f 811//811 887//887 888//888
f 810//810 887//887 811//811
f 812//812 811//811 889//889
f 811//811 888//888 889//889
f 883//883 808//808 812//812
f 889//889 883//883 812//812
f 809//809 885//885 813//813
f 885//885 814//814 813//813
f 885//885 886//886 814//814
f 886//886 890//890 814//814
f 816//816 891//891 892//892
f 815//815 891//891 816//816
f 887//887 810//810 816//816
f 892//892 887//887 816//816
f 814//814 890//890 817//817
f 890//890 893//893 817//817
f 819//819 894//894 895//895
f 818//818 894//894 819//819
f 820//820 819//819 896//896
f 819//819 895//895 896//896
f 891//891 815//815 820//820
f 896//896 891//891 820//820
f 817//817 893//893 821//821
f 893//893 897//897 821//821
f 818//818 822//822 894//894
f 894//894 822//822 898//898
f 821//821 897//897 823//823
f 897//897 899//899 823//823
f 822//822 824//824 898//898
f 898//898 824//824 900//900
f 823//823 899//899 901//901
f 825//825 823//823 901//901
f 901//901 827//827 825//825
f 902//902 827//827 901//901
f 824//824 828//828 900//900
f 900//900 828//828 903//903
f 832//832 904//904 831//831
f 832//832 833//833 905//905
f 904//904 832//832 905//905
f 833//833 834//834 906//906
f 905//905 833//833 906//906
f 834//834 835//835 906//906
f 907//907 908//908 909//909
f 907//907 902//902 908//908
f 907//907 837//837 902//902
f 837//837 827//827 902//902
f 828//828 910//910 903//903
f 838//838 910//910 828//828
f 911//911 912//912 910//910
f 911//911 910//910 839//839
f 839//839 910//910 838//838
f 839//839 840//840 913//913
f 911//911 839//839 913//913
f 840//840 841//841 914//914
f 913//913 840//840 914//914
f 915//915 914//914 841//841
f 915//915 841//841 916//916
f 916//916 841//841 842//842
f 843//843 917//917 842//842
f 842//842 917//917 916//916
f 844//844 918//918 843//843
f 843//843 918//918 917//917
f 904//904 844//844 831//831
f 904//904 919//919 844//844
f 919//919 918//918 844//844
f 905//905 919//919 904//904
f 920//920 919//919 905//905
f 906//906 920//920 905//905
f 921//921 920//920 906//906
f 835//835 921//921 906//906
f 835//835 845//845 921//921
f 845//845 922//922 921//921
f 923//923 924//924 922//922
f 923//923 922//922 846//846
f 846//846 922//922 845//845
f 846//846 847//847 923//923
f 848//848 907//907 909//909
f 848//848 909//909 849//849
f 849//849 909//909 925//925
f 837//837 907//907 848//848
f 911//911 926//926 912//912
f 913//913 926//926 911//911
f 927//927 926//926 913//913
f 914//914 927//927 913//913
f 928//928 927//927 914//914
f 915//915 928//928 914//914
f 923//923 929//929 924//924
f 847//847 929//929 923//923
f 847//847 850//850 929//929
f 850//850 930//930 929//929
f 930//930 850//850 852//852
f 931//931 930//930 852//852
f 854//854 932//932 933//933
f 853//853 854//854 933//933
f 925//925 854//854 849//849
f 932//932 854//854 925//925
f 852//852 934//934 931//931
f 855//855 934//934 852//852
f 933//933 855//855 853//853
f 934//934 855//855 933//933
f 861//861 860//860 935//935
f 936//936 861//861 935//935
f 936//936 937//937 861//861
f 937//937 862//862 861//861
f 938//938 937//937 939//939
f 938//938 863//863 937//937
f 863//863 862//862 937//937
f 863//863 938//938 865//865
f 867//867 940//940 941//941
f 866//866 940//940 867//867
f 935//935 860//860 867//867
f 935//935 867//867 942//942
f 942//942 867//867 941//941
f 936//936 935//935 942//942
f 938//938 939//939 943//943
f 865//865 938//938 943//943
f 865//865 943//943 868//868
f 868//868 943//943 944//944
f 944//944 869//869 868//868
f 945//945 869//869 944//944
f 871//871 946//946 947//947
f 870//870 946//946 871//871
f 940//940 866//866 871//871
f 947//947 940//940 871//871
f 869//869 945//945 948//948
f 872//872 869//869 948//948
f 948//948 873//873 872//872
f 949//949 873//873 948//948
f 870//870 874//874 946//946
f 946//946 874//874 950//950
f 951//951 875//875 873//873
f 951//951 873//873 952//952
f 952//952 873//873 949//949
f 875//875 951//951 876//876
f 874//874 878//878 950//950
f 950//950 878//878 953//953
f 951//951 952//952 954//954
f 954//954 876//876 951//951
f 954//954 955//955 876//876
f 955//955 879//879 876//876
f 881//881 956//956 957//957
f 880//880 956//956 881//881
f 953//953 878//878 881//881
f 957//957 953//953 881//881
f 879//879 955//955 882//882
f 955//955 958//958 882//882
f 959//959 960//960 961//961
f 959//959 961//961 956//956
f 959//959 956//956 883//883
f 883//883 956//956 880//880
f 962//962 884//884 882//882
f 962//962 882//882 963//963
f 963//963 882//882 958//958
f 884//884 962//962 886//886
f 888//888 964//964 965//965
f 887//887 964//964 888//888
f 960//960 959//959 889//889
f 960//960 889//889 965//965
f 965//965 889//889 888//888
f 883//883 889//889 959//959
f 962//962 963//963 966//966
f 966//966 886//886 962//962
f 966//966 967//967 886//886
f 967//967 890//890 886//886
f 968//968 969//969 970//970
f 968//968 892//892 891//891
f 968//968 970//970 892//892
f 970//970 971//971 892//892
f 964//964 887//887 892//892
f 971//971 964//964 892//892
f 890//890 967//967 893//893
f 967//967 972//972 893//893
f 895//895 973//973 974//974
f 894//894 973//973 895//895
f 969//969 968//968 896//896
f 969//969 896//896 974//974
f 974//974 896//896 895//895
f 891//891 896//896 968//968
f 893//893 972//972 897//897
f 972//972 975//975 897//897
f 976//976 977//977 978//978
f 976//976 978//978 973//973
f 976//976 973//973 898//898
f 898//898 973//973 894//894
f 897//897 975//975 899//899
f 975//975 979//979 899//899
f 980//980 977//977 976//976
f 981//981 977//977 980//980
f 898//898 900//900 980//980
f 976//976 898//898 980//980
f 982//982 901//901 899//899
f 982//982 899//899 983//983
f 983//983 899//899 979//979
f 901//901 982//982 902//902
f 980//980 984//984 981//981
f 984//984 980//980 900//900
f 984//984 900//900 985//985
f 985//985 900//900 903//903
f 908//908 982//982 983//983
f 908//908 983//983 909//909
f 909//909 983//983 986//986
f 902//902 982//982 908//908
f 903//903 987//987 985//985
f 910//910 987//987 903//903
f 987//987 910//910 912//912
f 988//988 987//987 912//912
f 916//916 989//989 915//915
f 916//916 917//917 990//990
f 989//989 916//916 990//990
f 991//991 990//990 917//917
f 991//991 917//917 992//992
f 992//992 917//917 918//918
f 919//919 993//993 918//918
f 918//918 993//993 992//992
f 920//920 994//994 919//919
f 919//919 994//994 993//993
f 921//921 995//995 920//920
f 920//920 995//995 994//994
f 996//996 997//997 995//995
f 996//996 995//995 922//922
f 922//922 995//995 921//921
f 922//922 924//924 996//996
f 909//909 986//986 925//925
f 986//986 998//998 925//925
f 912//912 999//999 988//988
f 926//926 999//999 912//912
f 927//927 1000//1000 926//926
f 926//926 1000//1000 999//999
f 928//928 1001//1001 927//927
f 927//927 1001//1001 1000//1000
f 989//989 928//928 915//915
f 989//989 1002//1002 928//928
f 1002//1002 1001//1001 928//928
f 990//990 1002//1002 989//989
f 1003//1003 1002//1002 990//990
f 991//991 1003//1003 990//990
f 996//996 1004//1004 997//997
f 924//924 1004//1004 996//996
f 924//924 929//929 1004//1004
f 929//929 1005//1005 1004//1004
f 930//930 1006//1006 929//929
f 929//929 1006//1006 1005//1005
f 931//931 1007//1007 1008//1008
f 931//931 1008//1008 930//930
f 930//930 1008//1008 1006//1006
f 1007//1007 933//933 932//932
f 1007//1007 932//932 1008//1008
f 1008//1008 932//932 1009//1009
f 998//998 932//932 925//925
f 1009//1009 932//932 998//998
f 931//931 934//934 1007//1007
f 933//933 1007//1007 934//934
f 937//937 936//936 1010//1010
f 937//937 1010//1010 939//939
f 941//941 940//940 1011//1011
f 1012//1012 941//941 1011//1011
f 1012//1012 1013//1013 941//941
f 1013//1013 942//942 941//941
f 1010//1010 936//936 942//942
f 1010//1010 942//942 1014//1014
f 1014//1014 942//942 1013//1013
f 1015//1015 1014//1014 1016//1016
f 943//943 1014//1014 1015//1015
f 943//943 1010//1010 1014//1014
f 943//943 939//939 1010//1010
f 943//943 1017//1017 944//944
f 1015//1015 1017//1017 943//943
f 944//944 1017//1017 945//945
f 947//947 946//946 1018//1018
f 947//947 1018//1018 1019//1019
f 940//940 947//947 1019//1019
f 940//940 1019//1019 1020//1020
f 940//940 1020//1020 1011//1011
f 1012//1012 1011//1011 1020//1020
f 1015//1015 1016//1016 1021//1021
f 1017//1017 1015//1015 1021//1021
f 1022//1022 1017//1017 1021//1021
f 1023//1023 1022//1022 1024//1024
f 948//948 1022//1022 1023//1023
f 948//948 1017//1017 1022//1022
f 948//948 945//945 1017//1017
f 948//948 1023//1023 949//949
f 1018//1018 1025//1025 1026//1026
f 1018//1018 946//946 1025//1025
f 946//946 950//950 1025//1025
f 1019//1019 1018//1018 1026//1026
f 1023//1023 1024//1024 1027//1027
f 1027//1027 949//949 1023//1023
f 1027//1027 1028//1028 949//949
f 1028//1028 952//952 949//949
f 950//950 953//953 1025//1025
f 1025//1025 953//953 1029//1029
f 1030//1030 954//954 952//952
f 1030//1030 952//952 1031//1031
f 1031//1031 952//952 1028//1028
f 954//954 1030//1030 955//955
f 957//957 1032//1032 1033//1033
f 956//956 1032//1032 957//957
f 1029//1029 953//953 957//957
f 1033//1033 1029//1029 957//957
f 1030//1030 1031//1031 1034//1034
f 1034//1034 955//955 1030//1030
f 1034//1034 1035//1035 955//955
f 1035//1035 958//958 955//955
f 961//961 1036//1036 1037//1037
f 960//960 1036//1036 961//961
f 1032//1032 956//956 961//961
f 1037//1037 1032//1032 961//961
f 958//958 1035//1035 963//963
f 1035//1035 1038//1038 963//963
f 965//965 1039//1039 1040//1040
f 964//964 1039//1039 965//965
f 1036//1036 960//960 965//965
f 1040//1040 1036//1036 965//965
f 1041//1041 966//966 963//963
f 1041//1041 963//963 1042//1042
f 1042//1042 963//963 1038//1038
f 966//966 1041//1041 967//967
f 970//970 1043//1043 1044//1044
f 969//969 1043//1043 970//970
f 971//971 970//970 1045//1045
f 970//970 1044//1044 1045//1045
f 1039//1039 964//964 971//971
f 1045//1045 1039//1039 971//971
f 1041//1041 1042//1042 1046//1046
f 1046//1046 967//967 1041//1041
f 1046//1046 1047//1047 967//967
f 1047//1047 972//972 967//967
f 974//974 1048//1048 1049//1049
f 973//973 1048//1048 974//974
f 1043//1043 969//969 974//974
f 1049//1049 1043//1043 974//974
f 972//972 1047//1047 975//975
f 1047//1047 1050//1050 975//975
f 978//978 1051//1051 1052//1052
f 977//977 1051//1051 978//978
f 1048//1048 973//973 978//978
f 1052//1052 1048//1048 978//978
f 975//975 1050//1050 979//979
f 1050//1050 1053//1053 979//979
f 977//977 981//981 1051//1051
f 1051//1051 981//981 1054//1054
f 979//979 1053//1053 983//983
f 1053//1053 1055//1055 983//983
f 981//981 1056//1056 1054//1054
f 984//984 1056//1056 981//981
f 1056//1056 984//984 985//985
f 1057//1057 1056//1056 985//985
f 983//983 1055//1055 986//986
f 1055//1055 1058//1058 986//986
f 985//985 1059//1059 1057//1057
f 987//987 1059//1059 985//985
f 1059//1059 987//987 988//988
f 1060//1060 1059//1059 988//988
f 992//992 1061//1061 991//991
f 992//992 993//993 1062//1062
f 1061//1061 992//992 1062//1062
f 993//993 994//994 1063//1063
f 1062//1062 993//993 1063//1063
f 994//994 995//995 1064//1064
f 1063//1063 994//994 1064//1064
f 995//995 997//997 1064//1064
f 1065//1065 1066//1066 1067//1067
f 1065//1065 1058//1058 1066//1066
f 1065//1065 998//998 1058//1058
f 998//998 986//986 1058//1058
f 988//988 1068//1068 1060//1060
f 999//999 1068//1068 988//988
f 1000//1000 1069//1069 999//999
f 999//999 1069//1069 1068//1068
f 1001//1001 1070//1070 1000//1000
f 1000//1000 1070//1070 1069//1069
f 1002//1002 1071//1071 1001//1001
f 1001//1001 1071//1071 1070//1070
f 1003//1003 1072//1072 1002//1002
f 1002//1002 1072//1072 1071//1071
f 1061//1061 1003//1003 991//991
f 1061//1061 1073//1073 1003//1003
f 1073//1073 1072//1072 1003//1003
f 1062//1062 1073//1073 1061//1061
f 1074//1074 1073//1073 1062//1062
f 1063//1063 1074//1074 1062//1062
f 1075//1075 1074//1074 1063//1063
f 1064//1064 1075//1075 1063//1063
f 1076//1076 1075//1075 1064//1064
f 997//997 1076//1076 1064//1064
f 997//997 1004//1004 1076//1076
f 1004//1004 1077//1077 1076//1076
f 1005//1005 1078//1078 1004//1004
f 1004//1004 1078//1078 1077//1077
f 1006//1006 1079//1079 1005//1005
f 1005//1005 1079//1079 1078//1078
f 1008//1008 1080//1080 1006//1006
f 1006//1006 1080//1080 1079//1079
f 1067//1067 1009//1009 1065//1065
f 1067//1067 1080//1080 1009//1009
f 1080//1080 1008//1008 1009//1009
f 998//998 1065//1065 1009//1009
f 1013//1013 1012//1012 1081//1081
f 1013//1013 1082//1082 1014//1014
f 1081//1081 1082//1082 1013//1013
f 1014//1014 1082//1082 1016//1016
f 1020//1020 1019//1019 1083//1083
f 1020//1020 1081//1081 1012//1012
f 1020//1020 1083//1083 1081//1081
f 1083//1083 1084//1084 1081//1081
f 1082//1082 1081//1081 1085//1085
f 1085//1085 1081//1081 1084//1084
f 1016//1016 1086//1086 1021//1021
f 1016//1016 1082//1082 1086//1086
f 1082//1082 1085//1085 1086//1086
f 1021//1021 1087//1087 1022//1022
f 1086//1086 1087//1087 1021//1021
f 1022//1022 1087//1087 1024//1024
f 1026//1026 1025//1025 1088//1088
f 1026//1026 1088//1088 1089//1089
f 1019//1019 1026//1026 1089//1089
f 1019//1019 1089//1089 1090//1090
f 1019//1019 1090//1090 1083//1083
f 1084//1084 1083//1083 1090//1090
f 1091//1091 1084//1084 1090//1090
f 1085//1085 1084//1084 1091//1091
f 1092//1092 1085//1085 1091//1091
f 1086//1086 1085//1085 1092//1092
f 1093//1093 1086//1086 1092//1092
f 1093//1093 1094//1094 1095//1095
f 1093//1093 1095//1095 1086//1086
f 1086//1086 1095//1095 1087//1087
f 1024//1024 1096//1096 1027//1027
f 1024//1024 1087//1087 1096//1096
f 1087//1087 1095//1095 1096//1096
f 1027//1027 1096//1096 1028//1028
f 1088//1088 1029//1029 1097//1097
f 1025//1025 1029//1029 1088//1088
f 1098//1098 1089//1089 1088//1088
f 1097//1097 1098//1098 1088//1088
f 1095//1095 1094//1094 1099//1099
f 1099//1099 1100//1100 1101//1101
f 1099//1099 1101//1101 1095//1095
f 1095//1095 1101//1101 1096//1096
f 1028//1028 1101//1101 1031//1031
f 1096//1096 1101//1101 1028//1028
f 1033//1033 1032//1032 1102//1102
f 1033//1033 1097//1097 1029//1029
f 1033//1033 1102//1102 1097//1097
f 1102//1102 1103//1103 1097//1097
f 1104//1104 1098//1098 1097//1097
f 1103//1103 1104//1104 1097//1097
f 1101//1101 1100//1100 1105//1105
f 1106//1106 1105//1105 1107//1107
f 1034//1034 1105//1105 1106//1106
f 1034//1034 1101//1101 1105//1105
f 1034//1034 1031//1031 1101//1101
f 1034//1034 1106//1106 1035//1035
f 1037//1037 1036//1036 1108//1108
f 1037//1037 1108//1108 1109//1109
f 1032//1032 1037//1037 1109//1109
f 1032//1032 1109//1109 1110//1110
f 1032//1032 1110//1110 1102//1102
f 1103//1103 1102//1102 1110//1110
f 1111//1111 1103//1103 1110//1110
f 1104//1104 1103//1103 1111//1111
f 1112//1112 1106//1106 1107//1107
f 1113//1113 1112//1112 1107//1107
f 1035//1035 1112//1112 1038//1038
f 1106//1106 1112//1112 1035//1035
f 1040//1040 1114//1114 1115//1115
f 1039//1039 1114//1114 1040//1040
f 1108//1108 1036//1036 1040//1040
f 1108//1108 1040//1040 1116//1116
f 1116//1116 1040//1040 1115//1115
f 1109//1109 1108//1108 1116//1116
f 1112//1112 1113//1113 1117//1117
f 1117//1117 1038//1038 1112//1112
f 1117//1117 1118//1118 1038//1038
f 1118//1118 1042//1042 1038//1038
f 1044//1044 1119//1119 1120//1120
f 1043//1043 1119//1119 1044//1044
f 1045//1045 1044//1044 1121//1121
f 1044//1044 1120//1120 1121//1121
f 1114//1114 1039//1039 1045//1045
f 1121//1121 1114//1114 1045//1045
f 1122//1122 1046//1046 1042//1042
f 1122//1122 1042//1042 1123//1123
f 1123//1123 1042//1042 1118//1118
f 1046//1046 1122//1122 1047//1047
f 1049//1049 1124//1124 1125//1125
f 1048//1048 1124//1124 1049//1049
f 1119//1119 1043//1043 1049//1049
f 1125//1125 1119//1119 1049//1049
f 1122//1122 1123//1123 1126//1126
f 1126//1126 1047//1047 1122//1122
f 1126//1126 1127//1127 1047//1047
f 1127//1127 1050//1050 1047//1047
f 1052//1052 1051//1051 1128//1128
f 1052//1052 1128//1128 1129//1129
f 1052//1052 1129//1129 1048//1048
f 1048//1048 1129//1129 1124//1124
f 1050//1050 1127//1127 1053//1053
f 1127//1127 1130//1130 1053//1053
f 1128//1128 1054//1054 1131//1131
f 1051//1051 1054//1054 1128//1128
f 1132//1132 1129//1129 1128//1128
f 1131//1131 1132//1132 1128//1128
f 1053//1053 1130//1130 1055//1055
f 1130//1130 1133//1133 1055//1055
f 1054//1054 1056//1056 1131//1131
f 1131//1131 1056//1056 1057//1057
f 1131//1131 1057//1057 1132//1132
f 1132//1132 1057//1057 1134//1134
f 1055//1055 1133//1133 1058//1058
f 1133//1133 1135//1135 1058//1058
f 1057//1057 1136//1136 1134//1134
f 1059//1059 1136//1136 1057//1057
f 1060//1060 1137//1137 1138//1138
f 1060//1060 1138//1138 1059//1059
f 1059//1059 1138//1138 1136//1136
f 1138//1138 1137//1137 1139//1139
f 1140//1140 1141//1141 1142//1142
f 1140//1140 1067//1067 1066//1066
f 1140//1140 1066//1066 1141//1141
f 1141//1141 1066//1066 1143//1143
f 1135//1135 1066//1066 1058//1058
f 1143//1143 1066//1066 1135//1135
f 1060//1060 1068//1068 1137//1137
f 1137//1137 1144//1144 1139//1139
f 1137//1137 1068//1068 1144//1144
f 1068//1068 1069//1069 1144//1144
f 1070//1070 1145//1145 1069//1069
f 1069//1069 1145//1145 1144//1144
f 1071//1071 1146//1146 1070//1070
f 1070//1070 1146//1146 1145//1145
f 1072//1072 1147//1147 1071//1071
f 1071//1071 1147//1147 1146//1146
f 1073//1073 1148//1148 1072//1072
f 1072//1072 1148//1148 1147//1147
f 1074//1074 1149//1149 1073//1073
f 1073//1073 1149//1149 1148//1148
f 1075//1075 1150//1150 1074//1074
f 1074//1074 1150//1150 1149//1149
f 1076//1076 1151//1151 1075//1075
f 1075//1075 1151//1151 1150//1150
f 1077//1077 1152//1152 1076//1076
f 1076//1076 1152//1152 1151//1151
f 1078//1078 1153//1153 1077//1077
f 1077//1077 1153//1153 1152//1152
f 1079//1079 1154//1154 1078//1078
f 1078//1078 1154//1154 1153//1153
f 1142//1142 1080//1080 1140//1140
f 1142//1142 1154//1154 1080//1080
f 1154//1154 1079//1079 1080//1080
f 1067//1067 1140//1140 1080//1080
f 1090//1090 1089//1089 1155//1155
f 1090//1090 1156//1156 1091//1091
f 1155//1155 1156//1156 1090//1090
f 1091//1091 1157//1157 1092//1092
f 1156//1156 1157//1157 1091//1091
f 1092//1092 1158//1158 1093//1093
f 1157//1157 1158//1158 1092//1092
f 1093//1093 1158//1158 1094//1094
f 1155//1155 1098//1098 1159//1159
f 1089//1089 1098//1098 1155//1155
f 1156//1156 1155//1155 1160//1160
f 1160//1160 1155//1155 1159//1159
f 1157//1157 1156//1156 1161//1161
f 1161//1161 1156//1156 1160//1160
f 1158//1158 1157//1157 1162//1162
f 1162//1162 1157//1157 1161//1161
f 1094//1094 1163//1163 1099//1099
f 1094//1094 1158//1158 1163//1163
f 1158//1158 1162//1162 1163//1163
f 1099//1099 1163//1163 1100//1100
f 1159//1159 1104//1104 1164//1164
f 1098//1098 1104//1104 1159//1159
f 1160//1160 1159//1159 1165//1165
f 1165//1165 1159//1159 1164//1164
f 1161//1161 1160//1160 1166//1166
f 1166//1166 1160//1160 1165//1165
f 1162//1162 1161//1161 1167//1167
f 1167//1167 1161//1161 1166//1166
f 1163//1163 1162//1162 1168//1168
f 1168//1168 1162//1162 1167//1167
f 1100//1100 1169//1169 1105//1105
f 1100//1100 1163//1163 1169//1169
f 1163//1163 1168//1168 1169//1169
f 1105//1105 1169//1169 1107//1107
f 1110//1110 1109//1109 1170//1170
f 1110//1110 1171//1171 1111//1111
f 1170//1170 1171//1171 1110//1110
f 1111//1111 1164//1164 1104//1104
f 1111//1111 1171//1171 1164//1164
f 1171//1171 1172//1172 1164//1164
f 1165//1165 1164//1164 1173//1173
f 1173//1173 1164//1164 1172//1172
f 1166//1166 1165//1165 1174//1174
f 1174//1174 1165//1165 1173//1173
f 1167//1167 1166//1166 1175//1175
f 1175//1175 1166//1166 1174//1174
f 1168//1168 1167//1167 1176//1176
f 1176//1176 1167//1167 1175//1175
f 1169//1169 1168//1168 1177//1177
f 1177//1177 1168//1168 1176//1176
f 1107//1107 1177//1177 1113//1113
f 1169//1169 1177//1177 1107//1107
f 1115//1115 1114//1114 1178//1178
f 1179//1179 1115//1115 1178//1178
f 1179//1179 1180//1180 1115//1115
f 1180//1180 1116//1116 1115//1115
f 1170//1170 1109//1109 1116//1116
f 1170//1170 1116//1116 1181//1181
f 1181//1181 1116//1116 1180//1180
f 1171//1171 1170//1170 1181//1181
f 1182//1182 1171//1171 1181//1181
f 1172//1172 1171//1171 1182//1182
f 1183//1183 1172//1172 1182//1182
f 1173//1173 1172//1172 1183//1183
f 1184//1184 1173//1173 1183//1183
f 1174//1174 1173//1173 1184//1184
f 1185//1185 1174//1174 1184//1184
f 1175//1175 1174//1174 1185//1185
f 1186//1186 1175//1175 1185//1185
f 1176//1176 1175//1175 1186//1186
f 1187//1187 1176//1176 1186//1186
f 1187//1187 1188//1188 1189//1189
f 1187//1187 1189//1189 1176//1176
f 1176//1176 1189//1189 1177//1177
f 1113//1113 1190//1190 1117//1117
f 1113//1113 1177//1177 1190//1190
f 1177//1177 1189//1189 1190//1190
f 1117//1117 1190//1190 1118//1118
f 1120//1120 1119//1119 1191//1191
f 1192//1192 1120//1120 1191//1191
f 1192//1192 1193//1193 1120//1120
f 1193//1193 1121//1121 1120//1120
f 1178//1178 1114//1114 1121//1121
f 1178//1178 1121//1121 1194//1194
f 1194//1194 1121//1121 1193//1193
f 1179//1179 1178//1178 1194//1194
f 1189//1189 1188//1188 1195//1195
f 1195//1195 1196//1196 1197//1197
f 1195//1195 1197//1197 1189//1189
f 1189//1189 1197//1197 1190//1190
f 1118//1118 1197//1197 1123//1123
f 1190//1190 1197//1197 1118//1118
f 1125//1125 1124//1124 1198//1198
f 1125//1125 1198//1198 1199//1199
f 1119//1119 1125//1125 1199//1199
f 1119//1119 1199//1199 1200//1200
f 1119//1119 1200//1200 1191//1191
f 1192//1192 1191//1191 1200//1200
f 1197//1197 1196//1196 1201//1201
f 1202//1202 1201//1201 1203//1203
f 1126//1126 1201//1201 1202//1202
f 1126//1126 1197//1197 1201//1201
f 1126//1126 1123//1123 1197//1197
f 1126//1126 1202//1202 1127//1127
f 1198//1198 1204//1204 1205//1205
f 1198//1198 1124//1124 1204//1204
f 1124//1124 1129//1129 1204//1204
f 1199//1199 1198//1198 1205//1205
f 1202//1202 1203//1203 1206//1206
f 1206//1206 1127//1127 1202//1202
f 1206//1206 1207//1207 1127//1127
f 1207//1207 1130//1130 1127//1127
f 1129//1129 1132//1132 1204//1204
f 1204//1204 1132//1132 1208//1208
f 1209//1209 1210//1210 1211//1211
f 1209//1209 1207//1207 1210//1210
f 1209//1209 1133//1133 1207//1207
f 1133//1133 1130//1130 1207//1207
f 1212//1212 1134//1134 1213//1213
f 1212//1212 1208//1208 1134//1134
f 1208//1208 1132//1132 1134//1134
f 1212//1212 1213//1213 1214//1214
f 1215//1215 1209//1209 1211//1211
f 1216//1216 1215//1215 1211//1211
f 1133//1133 1215//1215 1135//1135
f 1209//1209 1215//1215 1133//1133
f 1134//1134 1136//1136 1213//1213
f 1213//1213 1217//1217 1214//1214
f 1213//1213 1136//1136 1217//1217
f 1136//1136 1138//1138 1217//1217
f 1139//1139 1218//1218 1219//1219
f 1139//1139 1219//1219 1138//1138
f 1138//1138 1219//1219 1217//1217
f 1219//1219 1218//1218 1220//1220
f 1221//1221 1222//1222 1223//1223
f 1221//1221 1142//1142 1141//1141
f 1221//1221 1141//1141 1222//1222
f 1222//1222 1141//1141 1224//1224
f 1216//1216 1143//1143 1215//1215
f 1216//1216 1224//1224 1143//1143
f 1224//1224 1141//1141 1143//1143
f 1135//1135 1215//1215 1143//1143
f 1139//1139 1144//1144 1218//1218
f 1218//1218 1225//1225 1220//1220
f 1218//1218 1144//1144 1225//1225
f 1144//1144 1145//1145 1225//1225
f 1146//1146 1226//1226 1145//1145
f 1145//1145 1226//1226 1225//1225
f 1147//1147 1227//1227 1146//1146
f 1146//1146 1227//1227 1226//1226
f 1148//1148 1228//1228 1147//1147
f 1147//1147 1228//1228 1227//1227
f 1149//1149 1229//1229 1148//1148
f 1148//1148 1229//1229 1228//1228
f 1150//1150 1230//1230 1149//1149
f 1149//1149 1230//1230 1229//1229
f 1151//1151 1231//1231 1150//1150
f 1150//1150 1231//1231 1230//1230
f 1152//1152 1232//1232 1151//1151
f 1151//1151 1232//1232 1231//1231
f 1153//1153 1233//1233 1152//1152
f 1152//1152 1233//1233 1232//1232
f 1223//1223 1154//1154 1221//1221
f 1223//1223 1233//1233 1154//1154
f 1233//1233 1153//1153 1154//1154
f 1142//1142 1221//1221 1154//1154
f 1180//1180 1179//1179 1234//1234
f 1180//1180 1235//1235 1181//1181
f 1234//1234 1235//1235 1180//1180
f 1181//1181 1236//1236 1182//1182
f 1235//1235 1236//1236 1181//1181
f 1182//1182 1237//1237 1183//1183
f 1236//1236 1237//1237 1182//1182
f 1183//1183 1238//1238 1184//1184
f 1237//1237 1238//1238 1183//1183
f 1184//1184 1239//1239 1185//1185
f 1238//1238 1239//1239 1184//1184
f 1185//1185 1240//1240 1186//1186
f 1239//1239 1240//1240 1185//1185
f 1186//1186 1241//1241 1187//1187
f 1240//1240 1241//1241 1186//1186
f 1187//1187 1241//1241 1188//1188
f 1193//1193 1192//1192 1242//1242
f 1243//1243 1193//1193 1242//1242
f 1243//1243 1244//1244 1193//1193
f 1244//1244 1194//1194 1193//1193
f 1234//1234 1179//1179 1194//1194
f 1234//1234 1194//1194 1245//1245
f 1245//1245 1194//1194 1244//1244
f 1235//1235 1234//1234 1245//1245
f 1246//1246 1235//1235 1245//1245
f 1236//1236 1235//1235 1246//1246
f 1247//1247 1236//1236 1246//1246
f 1237//1237 1236//1236 1247//1247
f 1248//1248 1237//1237 1247//1247
f 1238//1238 1237//1237 1248//1248
f 1249//1249 1238//1238 1248//1248
f 1239//1239 1238//1238 1249//1249
f 1250//1250 1239//1239 1249//1249
f 1250//1250 1251//1251 1252//1252
f 1250//1250 1252//1252 1239//1239
f 1239//1239 1252//1252 1240//1240
f 1241//1241 1240//1240 1253//1253
f 1253//1253 1240//1240 1252//1252
f 1188//1188 1254//1254 1195//1195
f 1188//1188 1241//1241 1254//1254
f 1241//1241 1253//1253 1254//1254
f 1195//1195 1254//1254 1196//1196
f 1200//1200 1255//1255 1256//1256
f 1199//1199 1255//1255 1200//1200
f 1242//1242 1192//1192 1200//1200
f 1242//1242 1200//1200 1257//1257
f 1257//1257 1200//1200 1256//1256
f 1243//1243 1242//1242 1257//1257
f 1252//1252 1251//1251 1258//1258
f 1253//1253 1252//1252 1258//1258
f 1259//1259 1253//1253 1258//1258
f 1254//1254 1253//1253 1259//1259
f 1260//1260 1254//1254 1259//1259
f 1261//1261 1260//1260 1262//1262
f 1201//1201 1260//1260 1261//1261
f 1201//1201 1254//1254 1260//1260
f 1201//1201 1196//1196 1254//1254
f 1201//1201 1261//1261 1203//1203
f 1205//1205 1204//1204 1263//1263
f 1205//1205 1263//1263 1264//1264
f 1205//1205 1264//1264 1199//1199
f 1199//1199 1264//1264 1255//1255
f 1261//1261 1262//1262 1265//1265
f 1266//1266 1265//1265 1267//1267
f 1206//1206 1265//1265 1266//1266
f 1206//1206 1261//1261 1265//1265
f 1206//1206 1203//1203 1261//1261
f 1206//1206 1266//1266 1207//1207
f 1263//1263 1208//1208 1268//1268
f 1204//1204 1208//1208 1263//1263
f 1269//1269 1264//1264 1263//1263
f 1268//1268 1269//1269 1263//1263
f 1270//1270 1271//1271 1272//1272
f 1267//1267 1271//1271 1270//1270
f 1266//1266 1267//1267 1270//1270
f 1266//1266 1270//1270 1211//1211
f 1266//1266 1211//1211 1210//1210
f 1207//1207 1266//1266 1210//1210
f 1208//1208 1212//1212 1268//1268
f 1268//1268 1212//1212 1214//1214
f 1268//1268 1214//1214 1269//1269
f 1269//1269 1214//1214 1273//1273
f 1274//1274 1275//1275 1276//1276
f 1272//1272 1275//1275 1274//1274
f 1272//1272 1274//1274 1270//1270
f 1270//1270 1274//1274 1277//1277
f 1211//1211 1277//1277 1216//1216
f 1270//1270 1277//1277 1211//1211
f 1214//1214 1278//1278 1273//1273
f 1217//1217 1278//1278 1214//1214
f 1219//1219 1279//1279 1217//1217
f 1217//1217 1279//1279 1278//1278
f 1220//1220 1280//1280 1281//1281
f 1220//1220 1281//1281 1219//1219
f 1219//1219 1281//1281 1279//1279
f 1280//1280 1282//1282 1283//1283
f 1281//1281 1280//1280 1283//1283
f 1282//1282 1284//1284 1285//1285
f 1283//1283 1282//1282 1285//1285
f 1285//1285 1284//1284 1286//1286
f 1287//1287 1288//1288 1289//1289
f 1287//1287 1290//1290 1291//1291
f 1288//1288 1287//1287 1291//1291
f 1290//1290 1292//1292 1293//1293
f 1291//1291 1290//1290 1293//1293
f 1276//1276 1293//1293 1292//1292
f 1274//1274 1276//1276 1292//1292
f 1274//1274 1292//1292 1223//1223
f 1274//1274 1223//1223 1222//1222
f 1224//1224 1274//1274 1222//1222
f 1277//1277 1274//1274 1224//1224
f 1216//1216 1277//1277 1224//1224
f 1220//1220 1225//1225 1280//1280
f 1226//1226 1280//1280 1225//1225
f 1282//1282 1280//1280 1226//1226
f 1227//1227 1282//1282 1226//1226
f 1284//1284 1282//1282 1227//1227
f 1284//1284 1294//1294 1286//1286
f 1284//1284 1227//1227 1294//1294
f 1227//1227 1228//1228 1294//1294
f 1229//1229 1295//1295 1228//1228
f 1228//1228 1295//1295 1294//1294
f 1230//1230 1296//1296 1229//1229
f 1229//1229 1296//1296 1295//1295
f 1289//1289 1231//1231 1287//1287
f 1289//1289 1296//1296 1231//1231
f 1296//1296 1230//1230 1231//1231
f 1232//1232 1287//1287 1231//1231
f 1290//1290 1287//1287 1232//1232
f 1233//1233 1290//1290 1232//1232
f 1292//1292 1290//1290 1233//1233
f 1223//1223 1292//1292 1233//1233
f 1244//1244 1243//1243 1297//1297
f 1244//1244 1298//1298 1245//1245
f 1297//1297 1298//1298 1244//1244
f 1245//1245 1299//1299 1246//1246
f 1298//1298 1299//1299 1245//1245
f 1246//1246 1300//1300 1247//1247
f 1299//1299 1300//1300 1246//1246
f 1247//1247 1301//1301 1248//1248
f 1300//1300 1301//1301 1247//1247
f 1248//1248 1302//1302 1249//1249
f 1301//1301 1302//1302 1248//1248
f 1249//1249 1303//1303 1250//1250
f 1302//1302 1303//1303 1249//1249
f 1250//1250 1303//1303 1251//1251
f 1256//1256 1255//1255 1304//1304
f 1256//1256 1305//1305 1257//1257
f 1304//1304 1305//1305 1256//1256
f 1257//1257 1305//1305 1306//1306
f 1243//1243 1257//1257 1306//1306
f 1243//1243 1306//1306 1307//1307
f 1243//1243 1307//1307 1297//1297
f 1298//1298 1297//1297 1307//1307
f 1308//1308 1298//1298 1307//1307
f 1299//1299 1298//1298 1308//1308
f 1309//1309 1299//1299 1308//1308
f 1300//1300 1299//1299 1309//1309
f 1310//1310 1300//1300 1309//1309
f 1301//1301 1300//1300 1310//1310
f 1311//1311 1301//1301 1310//1310
f 1302//1302 1301//1301 1311//1311
f 1312//1312 1302//1302 1311//1311
f 1312//1312 1313//1313 1314//1314
f 1312//1312 1314//1314 1302//1302
f 1302//1302 1314//1314 1303//1303
f 1251//1251 1315//1315 1258//1258
f 1251//1251 1303//1303 1315//1315
f 1303//1303 1314//1314 1315//1315
f 1258//1258 1316//1316 1259//1259
f 1315//1315 1316//1316 1258//1258
f 1259//1259 1317//1317 1260//1260
f 1316//1316 1317//1317 1259//1259
f 1260//1260 1317//1317 1262//1262
f 1304//1304 1264//1264 1318//1318
f 1255//1255 1264//1264 1304//1304
f 1319//1319 1320//1320 1305//1305
f 1319//1319 1305//1305 1318//1318
f 1318//1318 1305//1305 1304//1304
f 1306//1306 1305//1305 1320//1320
f 1314//1314 1313//1313 1321//1321
f 1315//1315 1314//1314 1321//1321
f 1322//1322 1315//1315 1321//1321
f 1322//1322 1323//1323 1324//1324
f 1322//1322 1324//1324 1315//1315
f 1315//1315 1324//1324 1316//1316
f 1317//1317 1316//1316 1325//1325
f 1325//1325 1316//1316 1324//1324
f 1262//1262 1326//1326 1265//1265
f 1262//1262 1317//1317 1326//1326
f 1317//1317 1325//1325 1326//1326
f 1265//1265 1326//1326 1267//1267
f 1318//1318 1269//1269 1327//1327
f 1264//1264 1269//1269 1318//1318
f 1328//1328 1319//1319 1318//1318
f 1327//1327 1328//1328 1318//1318
f 1329//1329 1324//1324 1323//1323
f 1330//1330 1329//1329 1323//1323
f 1325//1325 1324//1324 1331//1331
f 1331//1331 1324//1324 1329//1329
f 1271//1271 1331//1331 1272//1272
f 1271//1271 1326//1326 1331//1331
f 1326//1326 1325//1325 1331//1331
f 1267//1267 1326//1326 1271//1271
f 1327//1327 1273//1273 1332//1332
f 1269//1269 1273//1273 1327//1327
f 1333//1333 1328//1328 1327//1327
f 1333//1333 1327//1327 1334//1334
f 1334//1334 1327//1327 1332//1332
f 1333//1333 1334//1334 1335//1335
f 1336//1336 1337//1337 1338//1338
f 1330//1330 1337//1337 1336//1336
f 1330//1330 1336//1336 1329//1329
f 1329//1329 1336//1336 1339//1339
f 1275//1275 1339//1339 1276//1276
f 1275//1275 1331//1331 1339//1339
f 1331//1331 1329//1329 1339//1339
f 1272//1272 1331//1331 1275//1275
f 1273//1273 1278//1278 1332//1332
f 1279//1279 1332//1332 1278//1278
f 1334//1334 1332//1332 1279//1279
f 1334//1334 1340//1340 1335//1335
f 1334//1334 1279//1279 1340//1340
f 1279//1279 1281//1281 1340//1340
f 1283//1283 1341//1341 1281//1281
f 1281//1281 1341//1341 1340//1340
f 1285//1285 1342//1342 1283//1283
f 1283//1283 1342//1342 1341//1341
f 1286//1286 1343//1343 1344//1344
f 1286//1286 1344//1344 1285//1285
f 1285//1285 1344//1344 1342//1342
f 1343//1343 1345//1345 1346//1346
f 1344//1344 1343//1343 1346//1346
f 1345//1345 1347//1347 1348//1348
f 1346//1346 1345//1345 1348//1348
f 1347//1347 1289//1289 1288//1288
f 1347//1347 1288//1288 1348//1348
f 1348//1348 1288//1288 1349//1349
f 1338//1338 1291//1291 1336//1336
f 1338//1338 1349//1349 1291//1291
f 1349//1349 1288//1288 1291//1291
f 1293//1293 1336//1336 1291//1291
f 1339//1339 1336//1336 1293//1293
f 1276//1276 1339//1339 1293//1293
f 1286//1286 1294//1294 1343//1343
f 1295//1295 1343//1343 1294//1294
f 1345//1345 1343//1343 1295//1295
f 1296//1296 1345//1345 1295//1295
f 1347//1347 1345//1345 1296//1296
f 1289//1289 1347//1347 1296//1296
f 1307//1307 1306//1306 1350//1350
f 1307//1307 1351//1351 1308//1308
f 1350//1350 1351//1351 1307//1307
f 1308//1308 1352//1352 1309//1309
f 1351//1351 1352//1352 1308//1308
f 1309//1309 1353//1353 1310//1310
f 1352//1352 1353//1353 1309//1309
f 1310//1310 1354//1354 1311//1311
f 1353//1353 1354//1354 1310//1310
f 1311//1311 1355//1355 1312//1312
f 1354//1354 1355//1355 1311//1311
f 1312//1312 1355//1355 1313//1313
f 1320//1320 1319//1319 1356//1356
f 1320//1320 1350//1350 1306//1306
f 1320//1320 1356//1356 1350//1350
f 1356//1356 1357//1357 1350//1350
f 1351//1351 1350//1350 1358//1358
f 1358//1358 1350//1350 1357//1357
f 1352//1352 1351//1351 1359//1359
f 1359//1359 1351//1351 1358//1358
f 1353//1353 1352//1352 1360//1360
f 1360//1360 1352//1352 1359//1359
f 1354//1354 1353//1353 1361//1361
f 1361//1361 1353//1353 1360//1360
f 1355//1355 1354//1354 1362//1362
f 1362//1362 1354//1354 1361//1361
f 1313//1313 1363//1363 1321//1321
f 1313//1313 1355//1355 1363//1363
f 1355//1355 1362//1362 1363//1363
f 1321//1321 1364//1364 1322//1322
f 1363//1363 1364//1364 1321//1321
f 1322//1322 1364//1364 1323//1323
f 1356//1356 1328//1328 1365//1365
f 1319//1319 1328//1328 1356//1356
f 1357//1357 1356//1356 1366//1366
f 1366//1366 1356//1356 1365//1365
f 1358//1358 1357//1357 1367//1367
f 1367//1367 1357//1357 1366//1366
f 1359//1359 1358//1358 1368//1368
f 1368//1368 1358//1358 1367//1367
f 1360//1360 1359//1359 1369//1369
f 1369//1369 1359//1359 1368//1368
f 1361//1361 1360//1360 1370//1370
f 1370//1370 1360//1360 1369//1369
f 1362//1362 1361//1361 1371//1371
f 1371//1371 1361//1361 1370//1370
f 1363//1363 1362//1362 1372//1372
f 1372//1372 1362//1362 1371//1371
f 1364//1364 1363//1363 1373//1373
f 1373//1373 1363//1363 1372//1372
f 1323//1323 1373//1373 1330//1330
f 1364//1364 1373//1373 1323//1323
f 1328//1328 1333//1333 1365//1365
f 1335//1335 1365//1365 1333//1333
f 1335//1335 1374//1374 1365//1365
f 1374//1374 1366//1366 1365//1365
f 1367//1367 1366//1366 1375//1375
f 1375//1375 1366//1366 1374//1374
f 1368//1368 1367//1367 1376//1376
f 1376//1376 1367//1367 1375//1375
f 1369//1369 1368//1368 1377//1377
f 1377//1377 1368//1368 1376//1376
f 1370//1370 1369//1369 1378//1378
f 1378//1378 1369//1369 1377//1377
f 1371//1371 1370//1370 1379//1379
f 1379//1379 1370//1370 1378//1378
f 1372//1372 1371//1371 1380//1380
f 1380//1380 1371//1371 1379//1379
f 1337//1337 1380//1380 1338//1338
f 1337//1337 1373//1373 1380//1380
f 1373//1373 1372//1372 1380//1380
f 1330//1330 1373//1373 1337//1337
f 1335//1335 1340//1340 1374//1374
f 1341//1341 1374//1374 1340//1340
f 1375//1375 1374//1374 1341//1341
f 1342//1342 1375//1375 1341//1341
f 1376//1376 1375//1375 1342//1342
f 1344//1344 1376//1376 1342//1342
f 1377//1377 1376//1376 1344//1344
f 1346//1346 1377//1377 1344//1344
f 1378//1378 1377//1377 1346//1346
f 1348//1348 1378//1378 1346//1346
f 1379//1379 1378//1378 1348//1348
f 1349//1349 1379//1379 1348//1348
f 1380//1380 1379//1379 1349//1349
f 1338//1338 1380//1380 1349//1349
