# Murti generated mesh: 2010 verts, 4016 faces
o a_sphere_on_top_of_a_cube
v -0.212061 -0.241935 0.145161
v -0.209677 -0.241935 0.130501
v -0.209677 -0.270301 0.145161
v -0.209677 -0.241935 0.161987
v -0.215235 -0.209677 0.145161
v -0.209677 -0.209677 0.113729
v -0.209677 -0.231537 0.177419
v -0.213971 -0.209677 0.177419
v -0.209677 -0.209677 0.184596
v -0.214544 -0.177419 0.145161
v -0.209677 -0.177419 0.127792
v -0.215701 -0.177419 0.177419
v -0.209677 -0.177419 0.189152
v -0.214941 -0.145161 0.145161
v -0.209677 -0.145161 0.130305
v -0.217340 -0.145161 0.177419
v -0.209677 -0.145161 0.195067
v -0.215903 -0.112903 0.145161
v -0.209677 -0.112903 0.129226
v -0.220087 -0.112903 0.177419
v -0.209677 -0.112903 0.208374
v -0.217537 -0.080645 0.145161
v -0.209677 -0.080645 0.123745
v -0.222505 -0.080645 0.177419
v -0.209677 -0.109854 0.209677
v -0.215273 -0.080645 0.209677
v -0.209677 -0.080645 0.215510
v -0.216283 -0.048387 0.145161
v -0.209677 -0.048387 0.129173
v -0.222818 -0.048387 0.177419
v -0.216664 -0.048387 0.209677
v -0.209677 -0.048387 0.216942
v -0.210318 -0.016129 0.145161
v -0.209677 -0.016129 0.143854
v -0.218405 -0.016129 0.177419
v -0.209677 -0.016129 0.207295
v -0.209677 -0.019612 0.209677
v -0.209677 -0.013836 0.145161
v -0.210941 0.016129 0.177419
v -0.209677 0.016129 0.173279
v -0.209677 0.016129 0.181046
v -0.209677 0.024585 0.177419
v -0.213845 0.112903 0.177419
v -0.209677 0.112903 0.150355
v -0.209677 0.096762 0.177419
v -0.209677 0.112903 0.186336
v -0.218794 0.145161 0.145161
v -0.209677 0.145161 0.115953
v -0.209677 0.115111 0.145161
v -0.220173 0.145161 0.177419
v -0.209677 0.145161 0.199834
v -0.221026 0.177419 0.112903
v -0.209677 0.177419 0.085290
v -0.209677 0.147436 0.112903
v -0.225008 0.177419 0.145161
v -0.225376 0.177419 0.177419
v -0.209677 0.169669 0.209677
v -0.211648 0.177419 0.209677
v -0.209677 0.177419 0.211618
v -0.214905 0.209677 0.080645
v -0.209677 0.209677 0.071018
v -0.209677 0.187416 0.080645
v -0.224730 0.209677 0.112903
v -0.227706 0.209677 0.145161
v -0.227994 0.209677 0.177419
v -0.215841 0.209677 0.209677
v -0.209677 0.209677 0.215604
v -0.213672 0.241935 -0.177419
v -0.209677 0.241935 -0.185041
v -0.209677 0.219842 -0.177419
v -0.209677 0.213260 -0.145161
v -0.214133 0.241935 -0.145161
v -0.209677 0.241935 -0.126516
v -0.218348 0.241935 0.080645
v -0.209677 0.241935 0.063874
v -0.226195 0.241935 0.112903
v -0.230028 0.241935 0.145161
v -0.229814 0.241935 0.177419
v -0.218137 0.241935 0.209677
v -0.209677 0.241935 0.217577
v -0.218069 0.274194 -0.177419
v -0.209677 0.274194 -0.195857
v -0.218837 0.274194 -0.145161
v -0.209677 0.260432 -0.112903
v -0.212304 0.274194 -0.112903
v -0.209677 0.274194 -0.107103
v -0.217794 0.274194 0.080645
v -0.209677 0.274194 0.064270
v -0.227406 0.274194 0.112903
v -0.230987 0.274194 0.145161
v -0.231004 0.274194 0.177419
v -0.219470 0.274194 0.209677
v -0.209677 0.274194 0.218977
v -0.221288 0.306452 -0.177419
v -0.209677 0.306452 -0.204537
v -0.220942 0.306452 -0.145161
v -0.211705 0.306452 -0.112903
v -0.209677 0.306452 -0.108953
v -0.212572 0.306452 0.080645
v -0.209677 0.306452 0.075360
v -0.224755 0.306452 0.112903
v -0.228747 0.306452 0.145161
v -0.229020 0.306452 0.177419
v -0.216767 0.306452 0.209677
v -0.209677 0.306452 0.216572
v -0.220330 0.338710 -0.177419
v -0.209677 0.338710 -0.200140
v -0.218666 0.338710 -0.145161
v -0.209677 0.338710 -0.122677
v -0.209677 0.316995 -0.112903
v -0.209677 0.314047 0.080645
v -0.216197 0.338710 0.112903
v -0.209677 0.338710 0.099566
v -0.222776 0.338710 0.145161
v -0.224073 0.338710 0.177419
v -0.211718 0.338710 0.209677
v -0.209677 0.338710 0.211841
v -0.209677 0.364943 -0.177419
v -0.209677 0.356823 -0.145161
v -0.209677 0.348668 0.112903
v -0.209677 0.362275 0.145161
v -0.209677 0.366712 0.177419
v -0.209677 0.343055 0.209677
v -0.189258 -0.338710 -0.016129
v -0.177419 -0.338710 -0.036107
v -0.177419 -0.352512 -0.016129
v -0.177419 -0.361168 0.016129
v -0.200541 -0.338710 0.016129
v -0.177419 -0.362451 0.048387
v -0.204729 -0.338710 0.048387
v -0.177419 -0.357424 0.080645
v -0.199833 -0.338710 0.080645
v -0.177419 -0.351860 0.112903
v -0.192627 -0.338710 0.112903
v -0.177419 -0.344200 0.145161
v -0.183401 -0.338710 0.145161
v -0.177419 -0.338710 0.157456
v -0.188045 -0.306452 -0.016129
v -0.177419 -0.306452 -0.047890
v -0.197485 -0.306452 0.016129
v -0.203633 -0.306452 0.048387
v -0.205946 -0.306452 0.080645
v -0.204341 -0.306452 0.112903
v -0.200467 -0.306452 0.145161
v -0.177419 -0.326842 0.177419
v -0.190999 -0.306452 0.177419
v -0.177419 -0.306452 0.191886
v -0.179151 -0.274194 -0.048387
v -0.177419 -0.274194 -0.062257
v -0.177419 -0.304013 -0.048387
v -0.186816 -0.274194 -0.016129
v -0.193402 -0.274194 0.016129
v -0.200288 -0.274194 0.048387
v -0.205924 -0.274194 0.080645
v -0.208034 -0.274194 0.112903
v -0.209264 -0.274194 0.145161
v -0.201641 -0.274194 0.177419
v -0.177419 -0.274194 0.205626
v -0.179361 -0.241935 -0.145161
v -0.177419 -0.241935 -0.149723
v -0.177419 -0.246172 -0.145161
v -0.177419 -0.260419 -0.112903
v -0.183633 -0.241935 -0.112903
v -0.177419 -0.266200 -0.080645
v -0.182758 -0.241935 -0.080645
v -0.182556 -0.241935 -0.048387
v -0.185514 -0.241935 -0.016129
v -0.190242 -0.241935 0.016129
v -0.194912 -0.241935 0.048387
v -0.200546 -0.241935 0.080645
v -0.206712 -0.241935 0.112903
v -0.207171 -0.241935 0.177419
v -0.177419 -0.261042 0.209677
v -0.183077 -0.241935 0.209677
v -0.177419 -0.241935 0.213813
v -0.186623 -0.209677 -0.177419
v -0.177419 -0.209677 -0.189119
v -0.177419 -0.224853 -0.177419
v -0.193136 -0.209677 -0.145161
v -0.192829 -0.209677 -0.112903
v -0.190512 -0.209677 -0.080645
v -0.188395 -0.209677 -0.048387
v -0.188681 -0.209677 -0.016129
v -0.190651 -0.209677 0.016129
v -0.194644 -0.209677 0.048387
v -0.200175 -0.209677 0.080645
v -0.209501 -0.209677 0.112903
v -0.191896 -0.209677 0.209677
v -0.177419 -0.209677 0.220021
v -0.195321 -0.177419 -0.177419
v -0.177419 -0.177419 -0.205209
v -0.198358 -0.177419 -0.145161
v -0.195917 -0.177419 -0.112903
v -0.192378 -0.177419 -0.080645
v -0.189575 -0.177419 -0.048387
v -0.188368 -0.177419 -0.016129
v -0.189811 -0.177419 0.016129
v -0.192598 -0.177419 0.048387
v -0.197255 -0.177419 0.080645
v -0.205357 -0.177419 0.112903
v -0.196821 -0.177419 0.209677
v -0.177419 -0.177419 0.222877
v -0.197364 -0.145161 -0.177419
v -0.177419 -0.145161 -0.209259
v -0.199406 -0.145161 -0.145161
v -0.196586 -0.145161 -0.112903
v -0.192697 -0.145161 -0.080645
v -0.189742 -0.145161 -0.048387
v -0.187695 -0.145161 -0.016129
v -0.189021 -0.145161 0.016129
v -0.191692 -0.145161 0.048387
v -0.196248 -0.145161 0.080645
v -0.203547 -0.145161 0.112903
v -0.201067 -0.145161 0.209677
v -0.177419 -0.145161 0.224548
v -0.178517 -0.112903 -0.209677
v -0.177419 -0.112903 -0.210616
v -0.177419 -0.136828 -0.209677
v -0.196454 -0.112903 -0.177419
v -0.199049 -0.112903 -0.145161
v -0.196055 -0.112903 -0.112903
v -0.192481 -0.112903 -0.080645
v -0.188674 -0.112903 -0.048387
v -0.187149 -0.112903 -0.016129
v -0.187843 -0.112903 0.016129
v -0.190510 -0.112903 0.048387
v -0.195030 -0.112903 0.080645
v -0.203209 -0.112903 0.112903
v -0.208932 -0.112903 0.209677
v -0.177419 -0.112903 0.227335
v -0.179154 -0.080645 -0.209677
v -0.177419 -0.080645 -0.211170
v -0.196645 -0.080645 -0.177419
v -0.198803 -0.080645 -0.145161
v -0.195079 -0.080645 -0.112903
v -0.191499 -0.080645 -0.080645
v -0.188284 -0.080645 -0.048387
v -0.186215 -0.080645 -0.016129
v -0.186946 -0.080645 0.016129
v -0.189551 -0.080645 0.048387
v -0.195210 -0.080645 0.080645
v -0.205117 -0.080645 0.112903
v -0.177419 -0.080645 0.229189
v -0.186464 -0.048387 -0.209677
v -0.177419 -0.048387 -0.218531
v -0.197910 -0.048387 -0.177419
v -0.197848 -0.048387 -0.145161
v -0.194361 -0.048387 -0.112903
v -0.190588 -0.048387 -0.080645
v -0.186823 -0.048387 -0.048387
v -0.184822 -0.048387 -0.016129
v -0.185261 -0.048387 0.016129
v -0.187499 -0.048387 0.048387
v -0.193361 -0.048387 0.080645
v -0.202644 -0.048387 0.112903
v -0.177419 -0.048387 0.229755
v -0.191672 -0.016129 -0.209677
v -0.177419 -0.016129 -0.224676
v -0.199449 -0.016129 -0.177419
v -0.196889 -0.016129 -0.145161
v -0.192874 -0.016129 -0.112903
v -0.187524 -0.016129 -0.080645
v -0.181707 -0.016129 -0.048387
v -0.177419 -0.016129 -0.019191
v -0.177419 -0.017831 -0.016129
v -0.177531 -0.016129 0.016129
v -0.177419 -0.016129 0.010467
v -0.179908 -0.016129 0.048387
v -0.187899 -0.016129 0.080645
v -0.196770 -0.016129 0.112903
v -0.208333 -0.016129 0.209677
v -0.177419 -0.016129 0.224354
v -0.195928 0.016129 -0.209677
v -0.177419 0.016129 -0.231098
v -0.200275 0.016129 -0.177419
v -0.197100 0.016129 -0.145161
v -0.192072 0.016129 -0.112903
v -0.185714 0.016129 -0.080645
v -0.177419 0.016129 -0.054350
v -0.177419 0.005315 -0.048387
v -0.177419 -0.015720 0.016129
v -0.177419 -0.006702 0.048387
v -0.178836 0.016129 0.080645
v -0.177419 0.016129 0.074827
v -0.191101 0.016129 0.112903
v -0.201304 0.016129 0.145161
v -0.193693 0.016129 0.209677
v -0.177419 0.016129 0.218429
v -0.200563 0.048387 -0.209677
v -0.177419 0.048387 -0.237131
v -0.204663 0.048387 -0.177419
v -0.199078 0.048387 -0.145161
v -0.192768 0.048387 -0.112903
v -0.185001 0.048387 -0.080645
v -0.177419 0.048387 -0.057568
v -0.177419 0.028689 0.080645
v -0.188850 0.048387 0.112903
v -0.177419 0.048387 0.085072
v -0.197455 0.048387 0.145161
v -0.205266 0.048387 0.177419
v -0.184109 0.048387 0.209677
v -0.177419 0.048387 0.213526
v -0.202503 0.080645 -0.209677
v -0.177419 0.080645 -0.239049
v -0.207655 0.080645 -0.177419
v -0.200889 0.080645 -0.145161
v -0.194456 0.080645 -0.112903
v -0.187611 0.080645 -0.080645
v -0.177419 0.080645 -0.049628
v -0.178590 0.080645 0.080645
v -0.177419 0.080645 0.076760
v -0.177419 0.069354 0.080645
v -0.190626 0.080645 0.112903
v -0.199157 0.080645 0.145161
v -0.204451 0.080645 0.177419
v -0.184511 0.080645 0.209677
v -0.177419 0.080645 0.213869
v -0.200481 0.112903 -0.209677
v -0.177419 0.112903 -0.233268
v -0.208872 0.112903 -0.177419
v -0.201508 0.112903 -0.145161
v -0.195596 0.112903 -0.112903
v -0.188916 0.112903 -0.080645
v -0.177419 0.085246 -0.048387
v -0.180511 0.112903 -0.048387
v -0.177419 0.112903 -0.035463
v -0.178188 0.112903 0.048387
v -0.177419 0.112903 0.043741
v -0.177419 0.110166 0.048387
v -0.188160 0.112903 0.080645
v -0.197285 0.112903 0.112903
v -0.208725 0.112903 0.145161
v -0.192113 0.112903 0.209677
v -0.177419 0.112903 0.217936
v -0.196592 0.145161 -0.209677
v -0.177419 0.145161 -0.227465
v -0.205755 0.145161 -0.177419
v -0.203124 0.145161 -0.145161
v -0.197188 0.145161 -0.112903
v -0.191515 0.145161 -0.080645
v -0.184337 0.145161 -0.048387
v -0.177419 0.136496 -0.016129
v -0.179209 0.145161 -0.016129
v -0.177419 0.129888 0.016129
v -0.181192 0.145161 0.016129
v -0.187489 0.145161 0.048387
v -0.195512 0.145161 0.080645
v -0.208414 0.145161 0.112903
v -0.200648 0.145161 0.209677
v -0.177419 0.145161 0.221122
v -0.192593 0.177419 -0.209677
v -0.177419 0.177419 -0.222921
v -0.205933 0.177419 -0.177419
v -0.205485 0.177419 -0.145161
v -0.198874 0.177419 -0.112903
v -0.193527 0.177419 -0.080645
v -0.189320 0.177419 -0.048387
v -0.186270 0.177419 -0.016129
v -0.188602 0.177419 0.016129
v -0.194812 0.177419 0.048387
v -0.206976 0.177419 0.080645
v -0.177419 0.177419 0.224329
v -0.192845 0.209677 -0.209677
v -0.177419 0.209677 -0.223410
v -0.207610 0.209677 -0.177419
v -0.209034 0.209677 -0.145161
v -0.202205 0.209677 -0.112903
v -0.195725 0.209677 -0.080645
v -0.192104 0.209677 -0.048387
v -0.190021 0.209677 -0.016129
v -0.192314 0.209677 0.016129
v -0.198633 0.209677 0.048387
v -0.177419 0.209677 0.225614
v -0.195477 0.241935 -0.209677
v -0.177419 0.241935 -0.224727
v -0.206234 0.241935 -0.112903
v -0.197537 0.241935 -0.080645
v -0.193377 0.241935 -0.048387
v -0.190529 0.241935 -0.016129
v -0.193644 0.241935 0.016129
v -0.201146 0.241935 0.048387
v -0.177419 0.241935 0.226190
v -0.200659 0.274194 -0.209677
v -0.177419 0.274194 -0.226150
v -0.199115 0.274194 -0.080645
v -0.192474 0.274194 -0.048387
v -0.188836 0.274194 -0.016129
v -0.192389 0.274194 0.016129
v -0.201026 0.274194 0.048387
v -0.177419 0.274194 0.227149
v -0.205703 0.306452 -0.209677
v -0.177419 0.306452 -0.226246
v -0.195728 0.306452 -0.080645
v -0.185779 0.306452 -0.048387
v -0.178777 0.306452 -0.016129
v -0.183111 0.306452 0.016129
v -0.194835 0.306452 0.048387
v -0.177419 0.306452 0.226149
v -0.201687 0.338710 -0.209677
v -0.177419 0.338710 -0.223343
v -0.204411 0.338710 -0.112903
v -0.183120 0.338710 -0.080645
v -0.177419 0.338710 -0.070389
v -0.177419 0.321184 -0.048387
v -0.177419 0.308806 -0.016129
v -0.177419 0.315995 0.016129
v -0.177419 0.338008 0.048387
v -0.197316 0.338710 0.080645
v -0.177419 0.338710 0.049189
v -0.177419 0.338710 0.224926
v -0.180726 0.370968 -0.209677
v -0.177419 0.370968 -0.211696
v -0.205035 0.370968 -0.177419
v -0.198035 0.370968 -0.145161
v -0.177419 0.370968 -0.115999
v -0.177419 0.368974 -0.112903
v -0.177419 0.344794 -0.080645
v -0.177419 0.357002 0.080645
v -0.186673 0.370968 0.112903
v -0.177419 0.370968 0.101913
v -0.200648 0.370968 0.145161
v -0.205493 0.370968 0.177419
v -0.185247 0.370968 0.209677
v -0.177419 0.370968 0.214114
v -0.177419 0.373066 -0.209677
v -0.177419 0.386799 -0.177419
v -0.177419 0.383519 -0.145161
v -0.177419 0.376489 0.112903
v -0.177419 0.384107 0.145161
v -0.177419 0.386978 0.177419
v -0.177419 0.375564 0.209677
v -0.162266 -0.338710 -0.048387
v -0.145161 -0.338710 -0.065078
v -0.145161 -0.345581 -0.048387
v -0.145161 -0.360293 -0.016129
v -0.145161 -0.366196 0.016129
v -0.145161 -0.366293 0.048387
v -0.145161 -0.363144 0.080645
v -0.145161 -0.358192 0.112903
v -0.145161 -0.352621 0.145161
v -0.145161 -0.340731 0.177419
v -0.151232 -0.338710 0.177419
v -0.145161 -0.338710 0.179787
v -0.150228 -0.306452 -0.112903
v -0.145161 -0.306452 -0.120557
v -0.145161 -0.312360 -0.112903
v -0.145161 -0.328428 -0.080645
v -0.161541 -0.306452 -0.080645
v -0.177156 -0.306452 -0.048387
v -0.145161 -0.306452 0.202387
v -0.157595 -0.274194 -0.145161
v -0.145161 -0.274194 -0.160168
v -0.145161 -0.291581 -0.145161
v -0.170161 -0.274194 -0.112903
v -0.174727 -0.274194 -0.080645
v -0.145161 -0.294389 0.209677
v -0.169569 -0.274194 0.209677
v -0.145161 -0.274194 0.217708
v -0.160551 -0.241935 -0.177419
v -0.145161 -0.241935 -0.188320
v -0.145161 -0.259268 -0.177419
v -0.145161 -0.241935 0.222568
v -0.145161 -0.209677 -0.209228
v -0.145161 -0.209677 0.226484
v -0.171158 -0.177419 -0.209677
v -0.145161 -0.177419 -0.220619
v -0.145161 -0.208792 -0.209677
v -0.145161 -0.177419 0.227898
v -0.176780 -0.145161 -0.209677
v -0.145161 -0.145161 -0.220921
v -0.145161 -0.145161 0.229425
v -0.145161 -0.112903 -0.220627
v -0.145161 -0.112903 0.232135
v -0.145161 -0.080645 -0.221685
v -0.145161 -0.080645 0.233843
v -0.145161 -0.048387 -0.225698
v -0.145161 -0.048387 0.232689
v -0.145161 -0.016129 -0.230297
v -0.176934 -0.016129 -0.016129
v -0.145161 -0.016129 0.227312
v -0.145161 0.016129 -0.237662
v -0.175176 0.016129 -0.048387
v -0.171633 0.016129 -0.016129
v -0.170124 0.016129 0.016129
v -0.171619 0.016129 0.048387
v -0.145161 0.016129 0.221986
v -0.154679 0.048387 -0.241935
v -0.145161 0.048387 -0.243645
v -0.145161 0.039135 -0.241935
v -0.174010 0.048387 -0.048387
v -0.168788 0.048387 -0.016129
v -0.167086 0.048387 0.016129
v -0.167585 0.048387 0.048387
v -0.175087 0.048387 0.080645
v -0.145161 0.048387 0.218303
v -0.165006 0.080645 -0.241935
v -0.145161 0.080645 -0.245655
v -0.176859 0.080645 -0.048387
v -0.170174 0.080645 -0.016129
v -0.168508 0.080645 0.016129
v -0.169726 0.080645 0.048387
v -0.145161 0.080645 0.217921
v -0.145161 0.094590 -0.241935
v -0.145161 0.112903 -0.237057
v -0.172807 0.112903 -0.016129
v -0.173177 0.112903 0.016129
v -0.145161 0.112903 0.221263
v -0.145161 0.145161 -0.231419
v -0.145161 0.145161 0.223151
v -0.145161 0.177419 -0.227850
v -0.145161 0.177419 0.225544
v -0.145161 0.209677 -0.227988
v -0.145161 0.209677 0.226100
v -0.145161 0.241935 -0.228692
v -0.145161 0.241935 0.226577
v -0.145161 0.274194 -0.230005
v -0.145161 0.274194 0.227092
v -0.145161 0.306452 -0.229092
v -0.145161 0.306452 0.225977
v -0.145161 0.338710 -0.226526
v -0.159756 0.338710 -0.048387
v -0.147472 0.338710 -0.016129
v -0.155170 0.338710 0.016129
v -0.176729 0.338710 0.048387
v -0.145161 0.338710 0.224729
v -0.145161 0.370968 -0.216337
v -0.172371 0.370968 -0.112903
v -0.145161 0.370968 -0.101385
v -0.145161 0.357929 -0.080645
v -0.145161 0.346882 -0.048387
v -0.145161 0.340026 -0.016129
v -0.145161 0.344641 0.016129
v -0.145161 0.355112 0.048387
v -0.145161 0.368639 0.080645
v -0.145161 0.370968 0.084569
v -0.145161 0.370968 0.214196
v -0.145161 0.378195 -0.209677
v -0.145161 0.390800 -0.177419
v -0.145161 0.387984 -0.145161
v -0.145161 0.377683 -0.112903
v -0.145161 0.382566 0.112903
v -0.145161 0.388039 0.145161
v -0.145161 0.389790 0.177419
v -0.145161 0.376251 0.209677
v -0.112903 -0.338710 -0.057398
v -0.112903 -0.342619 -0.048387
v -0.112903 -0.355856 -0.016129
v -0.112903 -0.360989 0.016129
v -0.112903 -0.360759 0.048387
v -0.112903 -0.356632 0.080645
v -0.112903 -0.351825 0.112903
v -0.112903 -0.345208 0.145161
v -0.139698 -0.338710 0.177419
v -0.112903 -0.338710 0.159090
v -0.112903 -0.306452 -0.131407
v -0.112903 -0.314592 -0.112903
v -0.112903 -0.326855 -0.080645
v -0.112903 -0.328496 0.177419
v -0.112903 -0.306452 0.196166
v -0.112903 -0.274194 -0.175591
v -0.112903 -0.301207 -0.145161
v -0.112903 -0.284998 0.209677
v -0.112903 -0.274194 0.214741
v -0.112903 -0.241935 -0.196492
v -0.112903 -0.272634 -0.177419
v -0.112903 -0.241935 0.222465
v -0.143753 -0.209677 -0.209677
v -0.112903 -0.209677 -0.216885
v -0.112903 -0.222229 -0.209677
v -0.112903 -0.209677 0.226753
v -0.112903 -0.177419 -0.222971
v -0.112903 -0.177419 0.228927
v -0.112903 -0.145161 -0.222158
v -0.112903 -0.145161 0.231118
v -0.112903 -0.112903 -0.220546
v -0.112903 -0.112903 0.234443
v -0.112903 -0.080645 -0.220885
v -0.112903 -0.080645 0.234924
v -0.112903 -0.048387 -0.224268
v -0.112903 -0.048387 0.233270
v -0.112903 -0.016129 -0.228428
v -0.112903 -0.016129 0.227203
v -0.112903 0.016129 -0.233459
v -0.112903 0.016129 0.220132
v -0.132278 0.048387 -0.241935
v -0.112903 0.048387 -0.239431
v -0.112903 0.048387 0.214482
v -0.125751 0.080645 -0.241935
v -0.112903 0.080645 -0.239389
v -0.112903 0.080645 0.213193
v -0.112903 0.112903 -0.232854
v -0.112903 0.112903 0.217771
v -0.112903 0.145161 -0.228186
v -0.112903 0.145161 0.220399
v -0.112903 0.177419 -0.226052
v -0.112903 0.177419 0.223783
v -0.112903 0.209677 -0.226663
v -0.112903 0.209677 0.225006
v -0.112903 0.241935 -0.227757
v -0.112903 0.241935 0.225638
v -0.112903 0.274194 -0.228704
v -0.112903 0.274194 0.225915
v -0.112903 0.306452 -0.227477
v -0.112903 0.306452 0.224336
v -0.112903 0.338710 -0.225000
v -0.112903 0.338710 0.221860
v -0.112903 0.370968 -0.214236
v -0.112903 0.361280 -0.080645
v -0.112903 0.370968 -0.098042
v -0.112903 0.353348 -0.048387
v -0.112903 0.350065 -0.016129
v -0.112903 0.352596 0.016129
v -0.112903 0.359838 0.048387
v -0.127145 0.370968 0.080645
v -0.112903 0.370968 0.076992
v -0.118811 0.370968 0.209677
v -0.112903 0.369234 0.209677
v -0.112903 0.370968 0.208143
v -0.112903 0.375980 -0.209677
v -0.112903 0.390081 -0.177419
v -0.112903 0.387625 -0.145161
v -0.112903 0.378494 -0.112903
v -0.112903 0.372523 0.080645
v -0.112903 0.383278 0.112903
v -0.112903 0.387813 0.145161
v -0.112903 0.387798 0.177419
v -0.099386 -0.338710 -0.048387
v -0.080645 -0.338710 -0.038328
v -0.080645 -0.349175 -0.016129
v -0.080645 -0.352900 0.016129
v -0.080645 -0.350607 0.048387
v -0.080645 -0.342748 0.080645
v -0.088866 -0.338710 0.112903
v -0.080645 -0.338710 0.094425
v -0.102664 -0.338710 0.145161
v -0.085087 -0.306452 -0.112903
v -0.080645 -0.306452 -0.110397
v -0.080645 -0.319514 -0.080645
v -0.080645 -0.333272 -0.048387
v -0.080645 -0.332930 0.112903
v -0.080645 -0.322556 0.145161
v -0.087215 -0.306452 0.177419
v -0.080645 -0.306452 0.169255
v -0.080645 -0.274194 -0.173798
v -0.080645 -0.295523 -0.145161
v -0.080645 -0.305579 -0.112903
v -0.080645 -0.300651 0.177419
v -0.102697 -0.274194 0.209677
v -0.080645 -0.274194 0.196710
v -0.080645 -0.241935 -0.197487
v -0.080645 -0.271315 -0.177419
v -0.080645 -0.249099 0.209677
v -0.080645 -0.241935 0.212864
v -0.080645 -0.209677 -0.216641
v -0.080645 -0.222851 -0.209677
v -0.080645 -0.209677 0.222389
v -0.080645 -0.177419 -0.221840
v -0.080645 -0.177419 0.225766
v -0.080645 -0.145161 -0.220227
v -0.080645 -0.145161 0.228150
v -0.080645 -0.112903 -0.217276
v -0.080645 -0.112903 0.230716
v -0.080645 -0.080645 -0.217428
v -0.080645 -0.080645 0.232437
v -0.080645 -0.048387 -0.221112
v -0.080645 -0.048387 0.229726
v -0.080645 -0.016129 -0.225470
v -0.080645 -0.016129 0.222618
v -0.080645 0.016129 -0.229566
v -0.080645 0.016129 0.211032
v -0.080645 0.048387 -0.233013
v -0.101173 0.048387 0.209677
v -0.080645 0.020129 0.209677
v -0.080645 0.048387 0.199487
v -0.080645 0.080645 -0.232613
v -0.104798 0.080645 0.209677
v -0.080645 0.080645 0.197625
v -0.080645 0.112903 -0.227986
v -0.093281 0.112903 0.209677
v -0.080645 0.112903 0.203069
v -0.080645 0.145161 -0.224442
v -0.080645 0.143091 0.209677
v -0.080645 0.145161 0.210123
v -0.080645 0.177419 -0.223027
v -0.080645 0.177419 0.218857
v -0.080645 0.209677 -0.224228
v -0.080645 0.209677 0.222113
v -0.080645 0.241935 -0.225620
v -0.080645 0.241935 0.223809
v -0.080645 0.274194 -0.226776
v -0.080645 0.274194 0.224101
v -0.080645 0.306452 -0.225254
v -0.080645 0.306452 0.221951
v -0.080645 0.338710 -0.222310
v -0.080645 0.338710 0.217462
v -0.080645 0.370968 -0.210900
v -0.080645 0.362996 -0.080645
v -0.080645 0.370968 -0.097976
v -0.080645 0.357198 -0.048387
v -0.080645 0.355642 -0.016129
v -0.080645 0.357874 0.016129
v -0.080645 0.363037 0.048387
v -0.080645 0.370968 0.073343
v -0.080645 0.354971 0.209677
v -0.080645 0.370968 0.196183
v -0.080645 0.372318 -0.209677
v -0.080645 0.387524 -0.177419
v -0.080645 0.385943 -0.145161
v -0.080645 0.377659 -0.112903
v -0.080645 0.373497 0.080645
v -0.080645 0.381619 0.112903
v -0.080645 0.384922 0.145161
v -0.080645 0.383037 0.177419
v -0.048387 -0.338710 -0.018865
v -0.048387 -0.339829 -0.016129
v -0.048387 -0.343575 0.016129
v -0.056808 -0.338710 0.048387
v -0.048387 -0.338710 0.032197
v -0.073458 -0.338710 0.080645
v -0.048387 -0.306452 -0.092263
v -0.048387 -0.312299 -0.080645
v -0.048387 -0.326462 -0.048387
v -0.048387 -0.333058 0.048387
v -0.048387 -0.319748 0.080645
v -0.051867 -0.306452 0.112903
v -0.048387 -0.306452 0.105388
v -0.063853 -0.306452 0.145161
v -0.048387 -0.274194 -0.164860
v -0.048387 -0.289197 -0.145161
v -0.048387 -0.298427 -0.112903
v -0.048387 -0.303187 0.112903
v -0.048387 -0.290175 0.145161
v -0.058958 -0.274194 0.177419
v -0.048387 -0.274194 0.162759
v -0.048387 -0.241935 -0.193300
v -0.048387 -0.264007 -0.177419
v -0.048387 -0.260677 0.177419
v -0.075925 -0.241935 0.209677
v -0.048387 -0.241935 0.189562
v -0.048387 -0.209677 -0.210023
v -0.048387 -0.210361 -0.209677
v -0.054269 -0.209677 0.209677
v -0.048387 -0.209677 0.205369
v -0.048387 -0.177419 -0.216216
v -0.048387 -0.199244 0.209677
v -0.048387 -0.177419 0.216626
v -0.048387 -0.145161 -0.212835
v -0.048387 -0.145161 0.222410
v -0.048387 -0.125183 -0.209677
v -0.054257 -0.112903 -0.209677
v -0.048387 -0.112903 -0.207626
v -0.048387 -0.112903 0.225543
v -0.056247 -0.080645 -0.209677
v -0.048387 -0.080645 -0.206718
v -0.048387 -0.080645 0.227156
v -0.048387 -0.048387 -0.214192
v -0.048387 -0.068460 -0.209677
v -0.048387 -0.048387 0.224145
v -0.048387 -0.016129 -0.221259
v -0.048387 -0.016129 0.213384
v -0.048387 0.016129 -0.225796
v -0.078154 0.016129 0.209677
v -0.048387 -0.010060 0.209677
v -0.048387 0.016129 0.190594
v -0.048387 0.048387 -0.228523
v -0.050768 0.048387 0.177419
v -0.048387 0.044234 0.177419
v -0.048387 0.048387 0.174590
v -0.048387 0.080645 -0.227236
v -0.052125 0.080645 0.177419
v -0.048387 0.080645 0.173301
v -0.048387 0.112903 -0.223387
v -0.048387 0.090147 0.177419
v -0.048387 0.112903 0.184187
v -0.048387 0.145161 -0.219332
v -0.079833 0.145161 0.209677
v -0.048387 0.145161 0.194715
v -0.048387 0.177419 -0.217747
v -0.052522 0.177419 0.209677
v -0.048387 0.177419 0.207769
v -0.048387 0.209677 -0.221018
v -0.048387 0.182056 0.209677
v -0.048387 0.209677 0.217964
v -0.048387 0.241935 -0.223737
v -0.048387 0.241935 0.222514
v -0.048387 0.274194 -0.225332
v -0.048387 0.274194 0.223357
v -0.048387 0.306452 -0.223845
v -0.048387 0.306452 0.221280
v -0.048387 0.338710 -0.220300
v -0.048387 0.338710 0.215281
v -0.048387 0.366584 -0.209677
v -0.069191 0.370968 -0.209677
v -0.048387 0.370968 -0.206179
v -0.048387 0.365892 -0.080645
v -0.048387 0.370968 -0.093257
v -0.048387 0.360305 -0.048387
v -0.048387 0.359560 -0.016129
v -0.048387 0.361594 0.016129
v -0.048387 0.366122 0.048387
v -0.048387 0.370968 0.066938
v -0.048387 0.349935 0.209677
v -0.048387 0.370968 0.191797
v -0.048387 0.386182 -0.177419
v -0.048387 0.385072 -0.145161
v -0.048387 0.377998 -0.112903
v -0.048387 0.374489 0.080645
v -0.048387 0.380948 0.112903
v -0.048387 0.383215 0.145161
v -0.048387 0.379946 0.177419
v -0.035625 -0.338710 -0.016129
v -0.030415 -0.338710 0.016129
v -0.016129 -0.306452 -0.086516
v -0.016129 -0.309713 -0.080645
v -0.016129 -0.323462 -0.048387
v -0.016129 -0.336316 -0.016129
v -0.016129 -0.332002 0.016129
v -0.016129 -0.306932 0.048387
v -0.035076 -0.306452 0.080645
v -0.016129 -0.306452 0.048870
v -0.016129 -0.274194 -0.157714
v -0.016129 -0.284642 -0.145161
v -0.016129 -0.296457 -0.112903
v -0.016129 -0.290350 0.080645
v -0.021150 -0.274194 0.112903
v -0.016129 -0.274194 0.104574
v -0.034293 -0.274194 0.145161
v -0.016129 -0.241935 -0.184720
v -0.016129 -0.253904 -0.177419
v -0.016129 -0.268622 0.112903
v -0.016129 -0.251866 0.145161
v -0.034151 -0.241935 0.177419
v -0.016129 -0.241935 0.154246
v -0.047468 -0.209677 -0.209677
v -0.016129 -0.209677 -0.199305
v -0.016129 -0.219205 0.177419
v -0.016129 -0.209677 0.184025
v -0.031735 -0.177419 -0.209677
v -0.016129 -0.177419 -0.203033
v -0.037163 -0.177419 0.209677
v -0.016129 -0.177419 0.195466
v -0.041736 -0.145161 -0.209677
v -0.016129 -0.145161 -0.199271
v -0.021929 -0.145161 0.209677
v -0.016129 -0.145161 0.205518
v -0.016129 -0.112903 -0.196533
v -0.016129 -0.131703 0.209677
v -0.016129 -0.112903 0.214860
v -0.016129 -0.080645 -0.196462
v -0.016129 -0.080645 0.217948
v -0.037008 -0.048387 -0.209677
v -0.016129 -0.048387 -0.201556
v -0.016129 -0.048387 0.211346
v -0.016129 -0.016129 -0.211118
v -0.016129 -0.020433 -0.209677
v -0.041803 -0.016129 0.209677
v -0.016129 -0.045264 0.209677
v -0.016129 -0.016129 0.189815
v -0.016129 0.016129 -0.219901
v -0.032589 0.016129 0.177419
v -0.016129 -0.001954 0.177419
v -0.016129 0.016129 0.153853
v -0.016129 0.048387 -0.222878
v -0.021700 0.048387 0.112903
v -0.016129 0.039006 0.112903
v -0.016129 0.048387 0.103469
v -0.026758 0.048387 0.145161
v -0.016129 0.027007 0.145161
v -0.016129 0.080645 -0.221767
v -0.022545 0.080645 0.112903
v -0.016129 0.080645 0.096104
v -0.027180 0.080645 0.145161
v -0.016129 0.112903 -0.214678
v -0.016129 0.094523 0.112903
v -0.016129 0.106145 0.145161
v -0.039656 0.112903 0.177419
v -0.016129 0.112903 0.149276
v -0.016129 0.137382 -0.209677
v -0.019996 0.145161 -0.209677
v -0.016129 0.145161 -0.207832
v -0.017251 0.145161 0.177419
v -0.016129 0.145161 0.176280
v -0.021496 0.177419 -0.209677
v -0.016129 0.177419 -0.207619
v -0.016129 0.146191 0.177419
v -0.016129 0.177419 0.197208
v -0.016129 0.209677 -0.215857
v -0.016129 0.184378 -0.209677
v -0.016129 0.205725 0.209677
v -0.016129 0.209677 0.211573
v -0.016129 0.241935 -0.220903
v -0.016129 0.241935 0.221133
v -0.016129 0.274194 -0.223646
v -0.016129 0.274194 0.223510
v -0.016129 0.306452 -0.221910
v -0.016129 0.306452 0.221950
v -0.016129 0.338710 -0.218742
v -0.016129 0.338710 0.216531
v -0.016129 0.363919 -0.209677
v -0.016129 0.370968 -0.204417
v -0.016129 0.368752 -0.080645
v -0.016129 0.370968 -0.087256
v -0.016129 0.363707 -0.048387
v -0.016129 0.363513 -0.016129
v -0.016129 0.365989 0.016129
v -0.016129 0.369594 0.048387
v -0.016129 0.370968 0.054540
v -0.016129 0.351436 0.209677
v -0.016129 0.370968 0.191263
v -0.016129 0.385292 -0.177419
v -0.016129 0.384647 -0.145161
v -0.016129 0.378241 -0.112903
v -0.016129 0.376033 0.080645
v -0.016129 0.380603 0.112903
v -0.016129 0.382672 0.145161
v -0.016129 0.379358 0.177419
v 0.014668 -0.338710 -0.048387
v 0.016129 -0.338710 -0.049973
v 0.016129 -0.339337 -0.048387
v 0.016129 -0.344355 -0.016129
v -0.008079 -0.338710 -0.016129
v 0.016129 -0.340287 0.016129
v 0.008297 -0.338710 0.016129
v 0.016129 -0.338710 0.019159
v 0.013100 -0.306452 -0.112903
v 0.016129 -0.306452 -0.116152
v 0.016129 -0.308153 -0.112903
v 0.016129 -0.324277 -0.080645
v 0.016129 -0.306452 0.045929
v -0.010578 -0.306452 0.048387
v 0.016129 -0.274194 -0.162995
v 0.016129 -0.293423 -0.145161
v 0.016129 -0.304785 0.048387
v 0.016129 -0.280517 0.080645
v 0.016129 -0.274194 0.088161
v 0.016129 -0.241935 -0.182827
v 0.016129 -0.253619 -0.177419
v 0.016129 -0.255689 0.112903
v 0.000188 -0.241935 0.145161
v 0.016129 -0.241935 0.130552
v 0.016129 -0.209677 -0.194031
v 0.016129 -0.233988 0.145161
v -0.003492 -0.209677 0.177419
v 0.016129 -0.209677 0.165899
v 0.016129 -0.177419 -0.196687
v 0.016129 -0.191847 0.177419
v 0.016129 -0.177419 0.184906
v 0.016129 -0.145161 -0.194598
v 0.016129 -0.145161 0.194416
v 0.016129 -0.112903 -0.193146
v -0.002253 -0.112903 0.209677
v 0.016129 -0.112903 0.202500
v 0.016129 -0.080645 -0.193651
v 0.010390 -0.080645 0.209677
v 0.016129 -0.080645 0.207372
v 0.016129 -0.048387 -0.198685
v -0.011258 -0.048387 0.209677
v 0.016129 -0.048387 0.200118
v -0.005472 -0.016129 -0.209677
v 0.016129 -0.016129 -0.206766
v 0.016129 -0.016129 0.177649
v 0.016129 0.016129 -0.217966
v 0.016129 -0.008853 -0.209677
v -0.001308 0.016129 0.145161
v 0.016129 0.009698 0.145161
v 0.016129 0.016129 0.123801
v 0.016129 -0.015849 0.177419
v 0.016129 0.048387 -0.220361
v 0.011385 0.048387 0.080645
v 0.016129 0.044489 0.080645
v 0.016129 0.048387 0.076698
v 0.016129 0.020978 0.112903
v 0.016129 0.080645 -0.219340
v -0.003540 0.080645 0.080645
v 0.016129 0.080645 0.064009
v 0.016129 0.112903 -0.209989
v 0.016129 0.102252 0.080645
v 0.001695 0.112903 0.112903
v 0.016129 0.112903 0.093481
v -0.010335 0.112903 0.145161
v 0.016129 0.114671 -0.209677
v 0.016129 0.145161 -0.204665
v 0.016129 0.121427 0.112903
v 0.016129 0.129366 0.145161
v 0.016129 0.145161 0.161158
v 0.016129 0.177419 -0.205992
v 0.016129 0.158172 0.177419
v 0.016129 0.177419 0.192291
v 0.016129 0.209677 -0.216294
v 0.016129 0.187823 -0.209677
v 0.016129 0.206317 0.209677
v 0.016129 0.209677 0.211746
v 0.016129 0.241935 -0.221371
v 0.016129 0.241935 0.222650
v 0.016129 0.274194 -0.224361
v 0.016129 0.274194 0.225954
v 0.016129 0.306452 -0.221899
v 0.016129 0.306452 0.224781
v 0.016129 0.338710 -0.218432
v 0.016129 0.338710 0.219826
v 0.016129 0.361148 -0.209677
v 0.016129 0.370968 -0.201991
v 0.016129 0.370274 -0.080645
v 0.016129 0.370968 -0.083285
v 0.016129 0.366049 -0.048387
v 0.016129 0.366575 -0.016129
v 0.016129 0.369297 0.016129
v -0.006596 0.370968 0.048387
v 0.016129 0.370968 0.027058
v 0.016129 0.358402 0.209677
v 0.016129 0.370968 0.196374
v 0.016129 0.384576 -0.177419
v 0.016129 0.383697 -0.145161
v 0.016129 0.377380 -0.112903
v 0.016129 0.373971 0.048387
v 0.016129 0.378835 0.080645
v 0.016129 0.382357 0.112903
v 0.016129 0.383875 0.145161
v 0.016129 0.380863 0.177419
v 0.043986 -0.338710 -0.112903
v 0.048387 -0.338710 -0.121100
v 0.048387 -0.342172 -0.112903
v 0.048387 -0.352611 -0.080645
v 0.029589 -0.338710 -0.080645
v 0.048387 -0.358415 -0.048387
v 0.048387 -0.360587 -0.016129
v 0.048387 -0.355567 0.016129
v 0.048387 -0.345255 0.048387
v 0.038488 -0.338710 0.048387
v 0.048387 -0.338710 0.062045
v 0.031134 -0.306452 -0.145161
v 0.048387 -0.306452 -0.160376
v 0.048387 -0.324264 -0.145161
v 0.019247 -0.306452 0.048387
v 0.048387 -0.306641 0.080645
v 0.048312 -0.306452 0.080645
v 0.048387 -0.306452 0.080773
v 0.046702 -0.274194 -0.177419
v 0.048387 -0.274194 -0.177991
v 0.048387 -0.275762 -0.177419
v 0.048387 -0.284172 0.112903
v 0.040399 -0.274194 0.112903
v 0.048387 -0.274194 0.121130
v 0.048387 -0.241935 -0.186743
v 0.048387 -0.249930 0.145161
v 0.037422 -0.241935 0.145161
v 0.048387 -0.241935 0.149389
v 0.048387 -0.209677 -0.194473
v 0.048387 -0.209677 0.171772
v 0.048387 -0.177419 -0.196493
v 0.048387 -0.199410 0.177419
v 0.048387 -0.177419 0.185906
v 0.048387 -0.145161 -0.195732
v 0.048387 -0.145161 0.194213
v 0.048387 -0.112903 -0.195178
v 0.048387 -0.112903 0.200932
v 0.048387 -0.080645 -0.197614
v 0.048387 -0.080645 0.204933
v 0.048387 -0.048387 -0.205030
v 0.048387 -0.048387 0.198431
v 0.024792 -0.016129 -0.209677
v 0.048387 -0.016129 -0.216391
v 0.048387 -0.035862 -0.209677
v 0.048387 -0.016129 0.180857
v 0.048387 0.016129 -0.222066
v 0.048387 0.015953 0.145161
v 0.048387 0.016129 0.144671
v 0.048387 -0.011492 0.177419
v 0.048387 0.048387 -0.223984
v 0.048387 0.042911 0.080645
v 0.048387 0.048387 0.073837
v 0.048387 0.030420 0.112903
v 0.048387 0.080645 -0.222457
v 0.048387 0.080645 0.058397
v 0.048387 0.112903 -0.218165
v 0.048387 0.100041 0.080645
v 0.048387 0.112903 0.107707
v 0.032452 0.145161 -0.209677
v 0.048387 0.145161 -0.214136
v 0.048387 0.114337 0.112903
v 0.048387 0.123211 0.145161
v 0.048387 0.145161 0.168352
v 0.024984 0.177419 -0.209677
v 0.048387 0.177419 -0.217622
v 0.048387 0.151698 0.177419
v 0.048387 0.177419 0.197667
v 0.048387 0.209677 -0.222222
v 0.048387 0.196465 0.209677
v 0.048387 0.209677 0.217374
v 0.048387 0.241935 -0.225965
v 0.048387 0.241935 0.225948
v 0.048387 0.274194 -0.227921
v 0.048387 0.274194 0.230000
v 0.048387 0.306452 -0.225892
v 0.048387 0.306452 0.228842
v 0.048387 0.338710 -0.221286
v 0.048387 0.338710 0.224635
v 0.048387 0.368902 -0.209677
v 0.048387 0.370968 -0.207726
v 0.048387 0.369997 -0.080645
v 0.048387 0.370968 -0.084377
v 0.048387 0.367439 -0.048387
v 0.048387 0.369057 -0.016129
v 0.026256 0.370968 0.016129
v 0.048387 0.370968 -0.004807
v 0.048387 0.367155 0.209677
v 0.048387 0.370968 0.205427
v 0.048387 0.384990 -0.177419
v 0.048387 0.383774 -0.145161
v 0.048387 0.377261 -0.112903
v 0.048387 0.374261 0.016129
v 0.048387 0.378702 0.048387
v 0.048387 0.382629 0.080645
v 0.048387 0.385794 0.112903
v 0.048387 0.387368 0.145161
v 0.048387 0.385048 0.177419
v 0.074654 -0.370968 -0.048387
v 0.080645 -0.370968 -0.067811
v 0.080645 -0.372808 -0.048387
v 0.080645 -0.371589 -0.016129
v 0.077718 -0.370968 -0.016129
v 0.080645 -0.370968 -0.003947
v 0.061190 -0.338710 -0.145161
v 0.080645 -0.338710 -0.165494
v 0.080645 -0.352979 -0.145161
v 0.080645 -0.363222 -0.112903
v 0.080645 -0.369131 -0.080645
v 0.080645 -0.369186 0.016129
v 0.080645 -0.365461 0.048387
v 0.080645 -0.362545 0.080645
v 0.056633 -0.338710 0.080645
v 0.080645 -0.357320 0.112903
v 0.064743 -0.338710 0.112903
v 0.080645 -0.343299 0.145161
v 0.077382 -0.338710 0.145161
v 0.080645 -0.338710 0.149888
v 0.069196 -0.306452 -0.177419
v 0.080645 -0.306452 -0.183159
v 0.080645 -0.321298 -0.177419
v 0.057874 -0.306452 0.112903
v 0.069154 -0.306452 0.145161
v 0.080645 -0.306452 0.160075
v 0.080645 -0.274194 -0.188723
v 0.060897 -0.274194 0.145161
v 0.080645 -0.274194 0.165433
v 0.080645 -0.241935 -0.192697
v 0.080645 -0.241935 0.172096
v 0.080645 -0.209677 -0.197619
v 0.080645 -0.230498 0.177419
v 0.060448 -0.209677 0.177419
v 0.080645 -0.209677 0.184094
v 0.080645 -0.177419 -0.200302
v 0.080645 -0.177419 0.190857
v 0.080645 -0.145161 -0.201746
v 0.080645 -0.145161 0.196174
v 0.080645 -0.112903 -0.203934
v 0.080645 -0.112903 0.201985
v 0.075316 -0.080645 -0.209677
v 0.080645 -0.080645 -0.212530
v 0.080645 -0.091023 -0.209677
v 0.080645 -0.080645 0.205895
v 0.056619 -0.048387 -0.209677
v 0.080645 -0.048387 -0.220601
v 0.080645 -0.048387 0.201193
v 0.080645 -0.016129 -0.226018
v 0.080645 -0.016129 0.188850
v 0.080645 0.016129 -0.228704
v 0.048635 0.016129 0.145161
v 0.080645 0.016129 0.169326
v 0.080645 0.006727 0.177419
v 0.080645 0.048387 -0.229029
v 0.054288 0.048387 0.080645
v 0.065066 0.048387 0.112903
v 0.076639 0.048387 0.145161
v 0.080645 0.048387 0.148533
v 0.080645 0.080645 -0.227253
v 0.063401 0.080645 0.080645
v 0.068799 0.080645 0.112903
v 0.079244 0.080645 0.145161
v 0.080645 0.080645 0.146467
v 0.080645 0.112903 -0.224629
v 0.050150 0.112903 0.112903
v 0.061923 0.112903 0.145161
v 0.080645 0.112903 0.160450
v 0.080645 0.145161 -0.223466
v 0.080645 0.131260 0.177419
v 0.061849 0.145161 0.177419
v 0.080645 0.145161 0.185180
v 0.080645 0.177419 -0.225188
v 0.080645 0.177419 0.205052
v 0.080645 0.209677 -0.228103
v 0.080645 0.184228 0.209677
v 0.080645 0.209677 0.221870
v 0.080645 0.241935 -0.232831
v 0.080645 0.241935 0.228252
v 0.080645 0.274194 -0.235372
v 0.080645 0.274194 0.232050
v 0.080645 0.306452 -0.232040
v 0.080645 0.306452 0.231310
v 0.080645 0.338710 -0.226199
v 0.080645 0.338710 0.227258
v 0.055671 0.370968 -0.209677
v 0.080645 0.370968 -0.213342
v 0.067517 0.370968 -0.080645
v 0.080645 0.370968 -0.069581
v 0.080645 0.369701 -0.048387
v 0.060305 0.370968 -0.016129
v 0.080645 0.370968 -0.039496
v 0.062886 0.370968 0.209677
v 0.080645 0.370968 0.212942
v 0.080645 0.375081 -0.209677
v 0.080645 0.387228 -0.177419
v 0.080645 0.384332 -0.145161
v 0.080645 0.378370 -0.112903
v 0.080645 0.371621 -0.080645
v 0.080645 0.374019 -0.016129
v 0.080645 0.379069 0.016129
v 0.080645 0.383167 0.048387
v 0.080645 0.386597 0.080645
v 0.080645 0.390097 0.112903
v 0.080645 0.392378 0.145161
v 0.080645 0.389657 0.177419
v 0.080645 0.374364 0.209677
v 0.109885 -0.370968 -0.145161
v 0.112903 -0.370968 -0.148206
v 0.112903 -0.372278 -0.145161
v 0.112903 -0.377232 -0.112903
v 0.094688 -0.370968 -0.112903
v 0.112903 -0.377709 -0.080645
v 0.084948 -0.370968 -0.080645
v 0.112903 -0.377004 -0.048387
v 0.112903 -0.375044 -0.016129
v 0.112903 -0.375005 0.016129
v 0.086696 -0.370968 0.016129
v 0.112903 -0.377004 0.048387
v 0.090768 -0.370968 0.048387
v 0.112903 -0.379934 0.080645
v 0.090714 -0.370968 0.080645
v 0.112903 -0.381562 0.112903
v 0.092809 -0.370968 0.112903
v 0.112903 -0.379234 0.145161
v 0.099632 -0.370968 0.145161
v 0.112903 -0.370968 0.166480
v 0.094717 -0.338710 -0.177419
v 0.112903 -0.338710 -0.185933
v 0.112903 -0.350895 -0.177419
v 0.112903 -0.361494 0.177419
v 0.097687 -0.338710 0.177419
v 0.112903 -0.338710 0.190079
v 0.112903 -0.306452 -0.194691
v 0.092955 -0.306452 0.177419
v 0.112903 -0.306452 0.192261
v 0.112903 -0.274194 -0.197358
v 0.090810 -0.274194 0.177419
v 0.112903 -0.274194 0.192510
v 0.112903 -0.241935 -0.199942
v 0.086135 -0.241935 0.177419
v 0.112903 -0.241935 0.192244
v 0.112903 -0.209677 -0.206321
v 0.112903 -0.209677 0.195123
v 0.103801 -0.177419 -0.209677
v 0.112903 -0.177419 -0.213720
v 0.112903 -0.195995 -0.209677
v 0.112903 -0.177419 0.197397
v 0.096688 -0.145161 -0.209677
v 0.112903 -0.145161 -0.217317
v 0.112903 -0.145161 0.202798
v 0.089550 -0.112903 -0.209677
v 0.112903 -0.112903 -0.221642
v 0.112903 -0.112903 0.209180
v 0.112903 -0.080645 -0.226116
v 0.112903 -0.109838 0.209677
v 0.095031 -0.080645 0.209677
v 0.112903 -0.080645 0.213825
v 0.112903 -0.048387 -0.232076
v 0.112903 -0.058647 0.209677
v 0.112903 -0.048387 0.207497
v 0.112903 -0.016129 -0.238048
v 0.112903 -0.016129 0.197140
v 0.112207 0.016129 -0.241935
v 0.112903 0.016129 -0.242355
v 0.112903 0.013301 -0.241935
v 0.089671 0.016129 0.177419
v 0.112903 0.016129 0.188296
v 0.112903 0.019984 -0.241935
v 0.112903 0.048387 -0.239129
v 0.106892 0.048387 0.177419
v 0.112903 0.048387 0.181211
v 0.112903 0.080645 -0.234882
v 0.108270 0.080645 0.177419
v 0.112903 0.080645 0.180446
v 0.112903 0.112903 -0.230899
v 0.096297 0.112903 0.177419
v 0.112903 0.112903 0.187176
v 0.112903 0.145161 -0.230186
v 0.112903 0.145161 0.196677
v 0.112903 0.177419 -0.232986
v 0.112903 0.165391 0.209677
v 0.091342 0.177419 0.209677
v 0.112903 0.177419 0.216994
v 0.112903 0.209677 -0.241417
v 0.112903 0.209677 0.225035
v 0.098921 0.241935 -0.241935
v 0.112903 0.241935 -0.249546
v 0.112903 0.211426 -0.241935
v 0.112903 0.241935 0.230174
v 0.093047 0.274194 -0.241935
v 0.112903 0.274194 -0.251796
v 0.112903 0.274194 0.234850
v 0.107779 0.306452 -0.241935
v 0.112903 0.306452 -0.244214
v 0.112903 0.306452 0.234277
v 0.112903 0.313086 -0.241935
v 0.112903 0.338710 -0.233961
v 0.112903 0.338710 0.230145
v 0.112903 0.370968 -0.222239
v 0.105191 0.370968 -0.048387
v 0.112903 0.370968 0.218979
v 0.112903 0.384624 -0.209677
v 0.112903 0.390985 -0.177419
v 0.112903 0.386124 -0.145161
v 0.112903 0.379490 -0.112903
v 0.112903 0.372515 -0.080645
v 0.112903 0.371362 -0.048387
v 0.112903 0.377073 -0.016129
v 0.112903 0.382665 0.016129
v 0.112903 0.387276 0.048387
v 0.112903 0.391821 0.080645
v 0.112903 0.399292 0.112903
v 0.112903 0.401864 0.145161
v 0.112903 0.397578 0.177419
v 0.112903 0.381132 0.209677
v 0.145161 -0.370968 -0.161828
v 0.145161 -0.376958 -0.145161
v 0.145161 -0.379562 -0.112903
v 0.145161 -0.376839 -0.080645
v 0.145161 -0.374805 -0.048387
v 0.145161 -0.371475 -0.016129
v 0.145161 -0.373788 0.016129
v 0.145161 -0.379086 0.048387
v 0.145161 -0.384226 0.080645
v 0.145161 -0.387577 0.112903
v 0.145161 -0.387787 0.145161
v 0.145161 -0.379635 0.177419
v 0.123605 -0.370968 0.177419
v 0.145161 -0.370968 0.188865
v 0.145161 -0.338710 -0.190277
v 0.145161 -0.360148 -0.177419
v 0.145161 -0.338710 0.201548
v 0.145161 -0.306452 -0.197927
v 0.145161 -0.306452 0.202758
v 0.145161 -0.274194 -0.199941
v 0.145161 -0.274194 0.200842
v 0.145161 -0.241935 -0.202767
v 0.145161 -0.241935 0.198488
v 0.131568 -0.209677 -0.209677
v 0.145161 -0.209677 -0.212006
v 0.145161 -0.218240 -0.209677
v 0.145161 -0.209677 0.199737
v 0.145161 -0.177419 -0.218985
v 0.145161 -0.177419 0.202099
v 0.145161 -0.145161 -0.223369
v 0.145161 -0.145161 0.208242
v 0.145161 -0.112903 -0.227363
v 0.145161 -0.138345 0.209677
v 0.115541 -0.112903 0.209677
v 0.145161 -0.112903 0.214377
v 0.145161 -0.080645 -0.234575
v 0.145161 -0.080645 0.216491
v 0.138449 -0.048387 -0.241935
v 0.145161 -0.048387 -0.245250
v 0.145161 -0.057362 -0.241935
v 0.124506 -0.048387 0.209677
v 0.145161 -0.048387 0.213164
v 0.122583 -0.016129 -0.241935
v 0.145161 -0.016129 -0.250430
v 0.145161 -0.039620 0.209677
v 0.145161 -0.016129 0.200700
v 0.145161 0.016129 -0.249288
v 0.145161 0.016129 0.193882
v 0.126653 0.048387 -0.241935
v 0.145161 0.048387 -0.245709
v 0.145161 0.048387 0.189513
v 0.145161 0.067478 -0.241935
v 0.145161 0.080645 -0.239323
v 0.145161 0.080645 0.190434
v 0.145161 0.112903 -0.235011
v 0.145161 0.112903 0.193959
v 0.145161 0.145161 -0.234865
v 0.145161 0.145161 0.202266
v 0.143200 0.177419 -0.241935
v 0.145161 0.177419 -0.242712
v 0.145161 0.174783 -0.241935
v 0.145161 0.157752 0.209677
v 0.145161 0.177419 0.219053
v 0.114184 0.209677 -0.241935
v 0.145161 0.209677 -0.251723
v 0.145161 0.209677 0.225525
v 0.145161 0.241935 -0.256516
v 0.145161 0.241935 0.230655
v 0.145161 0.274194 -0.256865
v 0.145161 0.274194 0.235058
v 0.145161 0.306452 -0.252077
v 0.145161 0.306452 0.235283
v 0.145161 0.337573 -0.241935
v 0.145161 0.338710 -0.241432
v 0.145161 0.338710 0.231397
v 0.145161 0.370968 -0.226684
v 0.133705 0.370968 -0.080645
v 0.145161 0.369999 -0.080645
v 0.145161 0.370968 -0.083459
v 0.118574 0.370968 -0.048387
v 0.145161 0.368986 -0.048387
v 0.145161 0.370968 -0.040664
v 0.145161 0.370968 0.222662
v 0.145161 0.388808 -0.209677
v 0.145161 0.393432 -0.177419
v 0.145161 0.386446 -0.145161
v 0.145161 0.378627 -0.112903
v 0.145161 0.376194 -0.016129
v 0.145161 0.383593 0.016129
v 0.145161 0.390378 0.048387
v 0.145161 0.398847 0.080645
v 0.125132 0.403226 0.112903
v 0.145161 0.403226 0.093730
v 0.116510 0.403226 0.145161
v 0.132698 0.403226 0.177419
v 0.145161 0.403226 0.182972
v 0.145161 0.386036 0.209677
v 0.145161 0.409230 0.112903
v 0.145161 0.411947 0.145161
v 0.145161 0.406700 0.177419
v 0.177419 -0.370968 -0.145423
v 0.177419 -0.371054 -0.145161
v 0.177419 -0.371010 -0.112903
v 0.160383 -0.370968 -0.080645
v 0.177419 -0.370968 -0.112731
v 0.154097 -0.370968 -0.048387
v 0.146421 -0.370968 -0.016129
v 0.153952 -0.370968 0.016129
v 0.177419 -0.370968 0.042625
v 0.177419 -0.372628 0.048387
v 0.177419 -0.382239 0.080645
v 0.177419 -0.387330 0.112903
v 0.177419 -0.388469 0.145161
v 0.177419 -0.380307 0.177419
v 0.177419 -0.370968 0.189289
v 0.177419 -0.338710 -0.183511
v 0.177419 -0.349347 -0.177419
v 0.177419 -0.350863 -0.080645
v 0.177419 -0.338710 -0.057122
v 0.174863 -0.338710 -0.048387
v 0.172973 -0.338710 -0.016129
v 0.177419 -0.338710 -0.004901
v 0.177419 -0.351427 0.016129
v 0.177419 -0.338710 0.202770
v 0.177419 -0.306452 -0.191226
v 0.170896 -0.306452 -0.048387
v 0.177419 -0.306452 -0.074969
v 0.169688 -0.306452 -0.016129
v 0.177419 -0.306452 0.000595
v 0.177419 -0.306452 0.202855
v 0.177419 -0.274194 -0.191832
v 0.172093 -0.274194 -0.080645
v 0.177419 -0.300636 -0.080645
v 0.177419 -0.274194 -0.090362
v 0.165408 -0.274194 -0.048387
v 0.165141 -0.274194 -0.016129
v 0.177419 -0.274194 0.013073
v 0.177419 -0.274194 0.201514
v 0.177419 -0.241935 -0.194978
v 0.170794 -0.241935 -0.080645
v 0.177419 -0.241935 -0.092371
v 0.165556 -0.241935 -0.048387
v 0.164902 -0.241935 -0.016129
v 0.177419 -0.241935 0.008079
v 0.177419 -0.241935 0.197875
v 0.159492 -0.209677 -0.209677
v 0.177419 -0.209677 -0.205660
v 0.177419 -0.227852 -0.080645
v 0.177419 -0.211706 -0.048387
v 0.177419 -0.216532 -0.016129
v 0.177419 -0.209677 0.199348
v 0.177419 -0.177419 -0.216959
v 0.177419 -0.201104 -0.209677
v 0.177419 -0.177419 0.200703
v 0.177419 -0.145161 -0.223256
v 0.177419 -0.145161 0.205592
v 0.177419 -0.112903 -0.229354
v 0.177419 -0.115133 0.209677
v 0.177419 -0.112903 0.210005
v 0.177419 -0.080645 -0.239262
v 0.177419 -0.080645 0.213160
v 0.177419 -0.048387 -0.249716
v 0.177419 -0.073036 -0.241935
v 0.167327 -0.048387 0.209677
v 0.177419 -0.058476 0.209677
v 0.177419 -0.048387 0.207865
v 0.177419 -0.016129 -0.251012
v 0.177419 -0.016129 0.198463
v 0.177419 0.016129 -0.247615
v 0.177419 0.016129 0.191570
v 0.177419 0.040833 -0.241935
v 0.167247 0.048387 -0.241935
v 0.177419 0.048387 -0.240029
v 0.168621 0.048387 -0.016129
v 0.177419 0.024271 -0.016129
v 0.177419 0.048387 -0.040938
v 0.169010 0.048387 0.016129
v 0.177419 0.029150 0.016129
v 0.177419 0.048387 0.046467
v 0.177419 0.048387 0.188717
v 0.177419 0.080645 -0.233745
v 0.173615 0.080645 -0.048387
v 0.177419 0.061664 -0.048387
v 0.177419 0.080645 -0.057051
v 0.163514 0.080645 -0.016129
v 0.163159 0.080645 0.016129
v 0.177419 0.050774 0.048387
v 0.169391 0.080645 0.048387
v 0.177419 0.080645 0.060842
v 0.177419 0.080645 0.188421
v 0.177419 0.112903 -0.231689
v 0.169570 0.112903 -0.048387
v 0.177419 0.112903 -0.066660
v 0.162091 0.112903 -0.016129
v 0.162225 0.112903 0.016129
v 0.169978 0.112903 0.048387
v 0.177419 0.112903 0.061113
v 0.177419 0.112903 0.191944
v 0.177419 0.145161 -0.232771
v 0.170528 0.145161 -0.048387
v 0.177419 0.145161 -0.064657
v 0.163338 0.145161 -0.016129
v 0.165744 0.145161 0.016129
v 0.175413 0.145161 0.048387
v 0.177419 0.145161 0.051591
v 0.177419 0.145161 0.196894
v 0.177419 0.177419 -0.242711
v 0.177419 0.175337 -0.241935
v 0.177419 0.165637 -0.048387
v 0.177419 0.177419 -0.030932
v 0.173704 0.177419 -0.016129
v 0.177419 0.177419 0.005791
v 0.177419 0.173365 0.016129
v 0.177419 0.148276 0.048387
v 0.177419 0.172000 0.209677
v 0.177419 0.177419 0.212356
v 0.177419 0.209677 -0.252777
v 0.177419 0.183420 -0.016129
v 0.177419 0.209677 0.221605
v 0.177419 0.241935 -0.257272
v 0.177419 0.241935 0.226778
v 0.177419 0.274194 -0.258256
v 0.177419 0.274194 0.230008
v 0.177419 0.306452 -0.252752
v 0.177419 0.306452 0.231331
v 0.171065 0.338710 -0.241935
v 0.177419 0.338710 -0.242055
v 0.177419 0.338710 0.228394
v 0.177419 0.338972 -0.241935
v 0.177419 0.370968 -0.226724
v 0.169987 0.370968 -0.112903
v 0.177419 0.367684 -0.112903
v 0.177419 0.370968 -0.119112
v 0.177419 0.355185 -0.080645
v 0.177419 0.354778 -0.048387
v 0.158962 0.370968 -0.016129
v 0.177419 0.361717 -0.016129
v 0.177419 0.370968 0.001801
v 0.177419 0.370968 0.219796
v 0.177419 0.387744 -0.209677
v 0.177419 0.390624 -0.177419
v 0.177419 0.381272 -0.145161
v 0.177419 0.376961 0.016129
v 0.177419 0.388044 0.048387
v 0.177419 0.398840 0.080645
v 0.177419 0.403226 0.091887
v 0.177419 0.383181 0.209677
v 0.177419 0.403226 0.181154
v 0.177419 0.410353 0.112903
v 0.177419 0.412609 0.145161
v 0.177419 0.405748 0.177419
v 0.177553 -0.370968 -0.145161
v 0.177478 -0.370968 -0.112903
v 0.180360 -0.370968 0.048387
v 0.202975 -0.370968 0.080645
v 0.209677 -0.370968 0.090149
v 0.209677 -0.378730 0.112903
v 0.209677 -0.380741 0.145161
v 0.204116 -0.370968 0.177419
v 0.209677 -0.370968 0.172143
v 0.184478 -0.338710 -0.177419
v 0.194567 -0.338710 -0.145161
v 0.191528 -0.338710 -0.112903
v 0.182571 -0.338710 -0.080645
v 0.183921 -0.338710 0.016129
v 0.201400 -0.338710 0.048387
v 0.209677 -0.338710 0.059949
v 0.209677 -0.362917 0.080645
v 0.209677 -0.366293 0.177419
v 0.209677 -0.338710 0.190948
v 0.191188 -0.306452 -0.177419
v 0.196443 -0.306452 -0.145161
v 0.190487 -0.306452 -0.112903
v 0.178665 -0.306452 -0.080645
v 0.183369 -0.306452 0.016129
v 0.200590 -0.306452 0.048387
v 0.209677 -0.306452 0.060483
v 0.209677 -0.306452 0.193070
v 0.190787 -0.274194 -0.177419
v 0.194593 -0.274194 -0.145161
v 0.187784 -0.274194 -0.112903
v 0.178847 -0.274194 0.016129
v 0.197619 -0.274194 0.048387
v 0.209677 -0.274194 0.064444
v 0.209677 -0.274194 0.190945
v 0.193446 -0.241935 -0.177419
v 0.195495 -0.241935 -0.145161
v 0.187853 -0.241935 -0.112903
v 0.181753 -0.241935 0.016129
v 0.198816 -0.241935 0.048387
v 0.209677 -0.241935 0.062675
v 0.209677 -0.241935 0.188219
v 0.202197 -0.209677 -0.177419
v 0.203774 -0.209677 -0.145161
v 0.195034 -0.209677 -0.112903
v 0.185284 -0.209677 -0.080645
v 0.178352 -0.209677 -0.048387
v 0.180918 -0.209677 -0.016129
v 0.192583 -0.209677 0.016129
v 0.209677 -0.209677 0.045058
v 0.209677 -0.215142 0.048387
v 0.209677 -0.209677 0.189205
v 0.190461 -0.177419 -0.209677
v 0.209677 -0.177419 -0.190521
v 0.209677 -0.195724 -0.177419
v 0.209677 -0.197443 -0.145161
v 0.209677 -0.177419 -0.115467
v 0.208788 -0.177419 -0.112903
v 0.196521 -0.177419 -0.080645
v 0.193860 -0.177419 -0.048387
v 0.195859 -0.177419 -0.016129
v 0.207823 -0.177419 0.016129
v 0.209677 -0.177419 0.018954
v 0.209677 -0.177419 0.191467
v 0.207931 -0.145161 -0.209677
v 0.209677 -0.145161 -0.207954
v 0.209677 -0.175673 -0.112903
v 0.209677 -0.149996 -0.080645
v 0.209677 -0.145161 -0.057108
v 0.208567 -0.145161 -0.048387
v 0.209677 -0.145161 -0.040889
v 0.209677 -0.150683 -0.016129
v 0.209677 -0.174125 0.016129
v 0.209677 -0.145161 0.194343
v 0.209677 -0.112903 -0.220672
v 0.209677 -0.142535 -0.209677
v 0.209677 -0.141488 -0.048387
v 0.178088 -0.112903 0.209677
v 0.209677 -0.112903 0.196784
v 0.209677 -0.080645 -0.229278
v 0.184607 -0.080645 0.209677
v 0.209677 -0.080645 0.197551
v 0.196980 -0.048387 -0.241935
v 0.209677 -0.048387 -0.235864
v 0.207453 -0.048387 -0.048387
v 0.209677 -0.054961 -0.048387
v 0.209677 -0.048387 -0.057534
v 0.205436 -0.048387 -0.016129
v 0.209677 -0.059341 -0.016129
v 0.209677 -0.048387 0.003676
v 0.209677 -0.048387 0.194399
v 0.198576 -0.016129 -0.241935
v 0.209677 -0.016129 -0.235778
v 0.204279 -0.016129 -0.080645
v 0.209677 -0.032746 -0.080645
v 0.209677 -0.016129 -0.090031
v 0.197756 -0.016129 -0.048387
v 0.193619 -0.016129 -0.016129
v 0.209677 -0.043122 0.016129
v 0.196680 -0.016129 0.016129
v 0.204334 -0.016129 0.048387
v 0.209677 -0.024491 0.048387
v 0.209677 -0.016129 0.060360
v 0.209677 -0.016129 0.184571
v 0.187154 0.016129 -0.241935
v 0.209677 0.016129 -0.227900
v 0.195114 0.016129 -0.080645
v 0.209677 0.016129 -0.110481
v 0.188812 0.016129 -0.048387
v 0.180704 0.016129 -0.016129
v 0.182762 0.016129 0.016129
v 0.189466 0.016129 0.048387
v 0.209677 -0.000843 0.080645
v 0.199956 0.016129 0.080645
v 0.209677 0.016129 0.104031
v 0.203341 0.016129 0.177419
v 0.209677 0.003701 0.177419
v 0.209677 0.016129 0.166970
v 0.209677 0.048387 -0.219636
v 0.201652 0.048387 -0.112903
v 0.209677 0.020569 -0.112903
v 0.209677 0.048387 -0.128973
v 0.190778 0.048387 -0.080645
v 0.180209 0.048387 -0.048387
v 0.177987 0.048387 0.048387
v 0.190597 0.048387 0.080645
v 0.209677 0.028746 0.112903
v 0.203329 0.048387 0.112903
v 0.209677 0.048387 0.142971
v 0.195645 0.048387 0.177419
v 0.209677 0.048387 0.146398
v 0.209677 0.080645 -0.213373
v 0.196729 0.080645 -0.112903
v 0.209677 0.080645 -0.143591
v 0.185966 0.080645 -0.080645
v 0.186914 0.080645 0.080645
v 0.199680 0.080645 0.112903
v 0.209677 0.057620 0.145161
v 0.208366 0.080645 0.145161
v 0.194828 0.080645 0.177419
v 0.209677 0.109150 -0.209677
v 0.209157 0.112903 -0.209677
v 0.209677 0.112903 -0.208221
v 0.206956 0.112903 -0.145161
v 0.209677 0.088707 -0.145161
v 0.209677 0.112903 -0.152661
v 0.194795 0.112903 -0.112903
v 0.183482 0.112903 -0.080645
v 0.186618 0.112903 0.080645
v 0.199002 0.112903 0.112903
v 0.207545 0.112903 0.145161
v 0.198005 0.112903 0.177419
v 0.209677 0.145161 -0.216049
v 0.209677 0.115063 -0.209677
v 0.207997 0.145161 -0.145161
v 0.209677 0.145161 -0.148728
v 0.195059 0.145161 -0.112903
v 0.183924 0.145161 -0.080645
v 0.190046 0.145161 0.080645
v 0.200734 0.145161 0.112903
v 0.209677 0.145161 0.140265
v 0.209677 0.128979 0.145161
v 0.209677 0.145161 0.151310
v 0.201409 0.145161 0.177419
v 0.178763 0.177419 -0.241935
v 0.209677 0.177419 -0.225635
v 0.209677 0.149813 -0.145161
v 0.209677 0.177419 -0.132312
v 0.198827 0.177419 -0.112903
v 0.190305 0.177419 -0.080645
v 0.181519 0.177419 -0.048387
v 0.179223 0.177419 0.016129
v 0.189133 0.177419 0.048387
v 0.196586 0.177419 0.080645
v 0.209677 0.177419 0.110562
v 0.209677 0.173463 0.112903
v 0.209677 0.168311 0.177419
v 0.180885 0.177419 0.209677
v 0.209677 0.177419 0.180956
v 0.203322 0.209677 -0.241935
v 0.209677 0.209677 -0.238197
v 0.209252 0.209677 -0.112903
v 0.209677 0.209677 -0.113539
v 0.194859 0.209677 -0.080645
v 0.191283 0.209677 -0.048387
v 0.189256 0.209677 -0.016129
v 0.191906 0.209677 0.016129
v 0.196943 0.209677 0.048387
v 0.209562 0.209677 0.080645
v 0.209677 0.209677 0.080863
v 0.195455 0.209677 0.209677
v 0.209677 0.209677 0.194657
v 0.209677 0.241935 -0.249507
v 0.209677 0.219112 -0.241935
v 0.209677 0.210619 -0.112903
v 0.209677 0.241935 -0.093217
v 0.202376 0.241935 -0.080645
v 0.197245 0.241935 -0.048387
v 0.196141 0.241935 -0.016129
v 0.199837 0.241935 0.016129
v 0.209677 0.241935 0.044445
v 0.209677 0.238956 0.048387
v 0.209677 0.209882 0.080645
v 0.209677 0.241028 0.209677
v 0.209677 0.241935 0.210077
v 0.209677 0.274194 -0.250694
v 0.209677 0.266598 -0.080645
v 0.209677 0.274194 -0.070921
v 0.204015 0.274194 -0.048387
v 0.204809 0.274194 -0.016129
v 0.209677 0.274194 0.003646
v 0.209677 0.267554 0.016129
v 0.209677 0.274194 0.217970
v 0.209677 0.306452 -0.243168
v 0.206112 0.306452 -0.080645
v 0.209677 0.288357 -0.080645
v 0.209677 0.306452 -0.087315
v 0.202189 0.306452 -0.048387
v 0.204456 0.306452 -0.016129
v 0.209677 0.306452 0.000294
v 0.209677 0.306452 0.218902
v 0.209677 0.309156 -0.241935
v 0.177706 0.338710 -0.241935
v 0.209677 0.338710 -0.228189
v 0.203240 0.338710 -0.112903
v 0.209677 0.328793 -0.112903
v 0.209677 0.338710 -0.124171
v 0.192368 0.338710 -0.080645
v 0.191014 0.338710 -0.048387
v 0.195329 0.338710 -0.016129
v 0.209677 0.323284 0.016129
v 0.204674 0.338710 0.016129
v 0.209677 0.338710 0.024935
v 0.209677 0.338710 0.213894
v 0.207021 0.370968 -0.209677
v 0.209677 0.368527 -0.209677
v 0.209677 0.370968 -0.198224
v 0.193599 0.370968 -0.145161
v 0.209677 0.354699 -0.145161
v 0.209677 0.370968 -0.171730
v 0.185300 0.370968 0.016129
v 0.209677 0.361277 0.048387
v 0.202752 0.370968 0.048387
v 0.209677 0.370968 0.060452
v 0.195197 0.370968 0.209677
v 0.209677 0.348937 0.209677
v 0.209677 0.370968 0.196565
v 0.209677 0.373868 -0.177419
v 0.209677 0.381186 0.080645
v 0.191733 0.403226 0.112903
v 0.209677 0.392099 0.112903
v 0.196248 0.403226 0.145161
v 0.209677 0.394303 0.145161
v 0.182142 0.403226 0.177419
v 0.209677 0.386678 0.177419
v 0.220243 -0.370968 0.112903
v 0.223322 -0.370968 0.145161
v 0.220643 -0.338710 0.080645
v 0.232411 -0.338710 0.112903
v 0.235301 -0.338710 0.145161
v 0.224496 -0.338710 0.177419
v 0.221248 -0.306452 0.080645
v 0.232044 -0.306452 0.112903
v 0.237069 -0.306452 0.145161
v 0.226333 -0.306452 0.177419
v 0.220017 -0.274194 0.080645
v 0.229498 -0.274194 0.112903
v 0.232769 -0.274194 0.145161
v 0.223705 -0.274194 0.177419
v 0.220875 -0.241935 0.080645
v 0.228436 -0.241935 0.112903
v 0.231189 -0.241935 0.145161
v 0.220874 -0.241935 0.177419
v 0.211990 -0.209677 0.048387
v 0.225264 -0.209677 0.080645
v 0.231610 -0.209677 0.112903
v 0.231794 -0.209677 0.145161
v 0.222027 -0.209677 0.177419
v 0.217443 -0.177419 -0.177419
v 0.217857 -0.177419 -0.145161
v 0.223280 -0.177419 0.048387
v 0.230391 -0.177419 0.080645
v 0.236499 -0.177419 0.112903
v 0.236206 -0.177419 0.145161
v 0.224555 -0.177419 0.177419
v 0.224718 -0.145161 -0.177419
v 0.225620 -0.145161 -0.145161
v 0.221436 -0.145161 -0.112903
v 0.212535 -0.145161 -0.080645
v 0.213135 -0.145161 -0.016129
v 0.222101 -0.145161 0.016129
v 0.229259 -0.145161 0.048387
v 0.235976 -0.145161 0.080645
v 0.241935 -0.145161 0.109181
v 0.241935 -0.149207 0.112903
v 0.241935 -0.145161 0.121563
v 0.239580 -0.145161 0.145161
v 0.227590 -0.145161 0.177419
v 0.220652 -0.112903 -0.209677
v 0.230072 -0.112903 -0.177419
v 0.229389 -0.112903 -0.145161
v 0.226095 -0.112903 -0.112903
v 0.219617 -0.112903 -0.080645
v 0.217299 -0.112903 -0.048387
v 0.219562 -0.112903 -0.016129
v 0.225381 -0.112903 0.016129
v 0.231398 -0.112903 0.048387
v 0.237013 -0.112903 0.080645
v 0.241935 -0.112903 0.105484
v 0.241935 -0.117410 0.145161
v 0.241935 -0.112903 0.146006
v 0.229609 -0.112903 0.177419
v 0.227381 -0.080645 -0.209677
v 0.233955 -0.080645 -0.177419
v 0.231682 -0.080645 -0.145161
v 0.227014 -0.080645 -0.112903
v 0.220493 -0.080645 -0.080645
v 0.217342 -0.080645 -0.048387
v 0.217201 -0.080645 -0.016129
v 0.222615 -0.080645 0.016129
v 0.228063 -0.080645 0.048387
v 0.232879 -0.080645 0.080645
v 0.241935 -0.103666 0.112903
v 0.238150 -0.080645 0.112903
v 0.237553 -0.080645 0.145161
v 0.241935 -0.110412 0.145161
v 0.228837 -0.080645 0.177419
v 0.229730 -0.048387 -0.209677
v 0.234168 -0.048387 -0.177419
v 0.229679 -0.048387 -0.145161
v 0.224641 -0.048387 -0.112903
v 0.214788 -0.048387 -0.080645
v 0.212370 -0.048387 0.016129
v 0.221156 -0.048387 0.048387
v 0.226486 -0.048387 0.080645
v 0.230700 -0.048387 0.112903
v 0.232302 -0.048387 0.145161
v 0.225305 -0.048387 0.177419
v 0.227977 -0.016129 -0.209677
v 0.230825 -0.016129 -0.177419
v 0.226786 -0.016129 -0.145161
v 0.220414 -0.016129 -0.112903
v 0.217178 -0.016129 0.080645
v 0.223174 -0.016129 0.112903
v 0.224636 -0.016129 0.145161
v 0.216473 -0.016129 0.177419
v 0.223506 0.016129 -0.209677
v 0.226216 0.016129 -0.177419
v 0.222323 0.016129 -0.145161
v 0.211211 0.016129 -0.112903
v 0.213177 0.016129 0.112903
v 0.217699 0.016129 0.145161
v 0.217767 0.048387 -0.209677
v 0.222485 0.048387 -0.177419
v 0.217493 0.048387 -0.145161
v 0.210120 0.048387 0.145161
v 0.212886 0.080645 -0.209677
v 0.219574 0.080645 -0.177419
v 0.210605 0.080645 -0.145161
v 0.217205 0.112903 -0.177419
v 0.215188 0.145161 -0.209677
v 0.219793 0.145161 -0.177419
v 0.211402 0.145161 0.145161
v 0.222464 0.177419 -0.209677
v 0.223841 0.177419 -0.177419
v 0.217511 0.177419 -0.145161
v 0.211002 0.177419 0.112903
v 0.218000 0.177419 0.145161
v 0.212482 0.177419 0.177419
v 0.228927 0.209677 -0.209677
v 0.228498 0.209677 -0.177419
v 0.223129 0.209677 -0.145161
v 0.220987 0.209677 0.112903
v 0.224120 0.209677 0.145161
v 0.220840 0.209677 0.177419
v 0.218130 0.241935 -0.241935
v 0.236148 0.241935 -0.209677
v 0.234548 0.241935 -0.177419
v 0.226438 0.241935 -0.145161
v 0.219788 0.241935 -0.112903
v 0.211408 0.241935 0.048387
v 0.221482 0.241935 0.080645
v 0.225763 0.241935 0.112903
v 0.227623 0.241935 0.145161
v 0.225858 0.241935 0.177419
v 0.210077 0.241935 0.209677
v 0.220104 0.274194 -0.241935
v 0.240413 0.274194 -0.209677
v 0.239030 0.274194 -0.177419
v 0.228707 0.274194 -0.145161
v 0.222768 0.274194 -0.112903
v 0.212288 0.274194 -0.080645
v 0.212798 0.274194 0.016129
v 0.221407 0.274194 0.048387
v 0.225456 0.274194 0.080645
v 0.228932 0.274194 0.112903
v 0.231748 0.274194 0.145161
v 0.229088 0.274194 0.177419
v 0.217982 0.274194 0.209677
v 0.211104 0.306452 -0.241935
v 0.234194 0.306452 -0.209677
v 0.235252 0.306452 -0.177419
v 0.226584 0.306452 -0.145161
v 0.220097 0.306452 -0.112903
v 0.214398 0.306452 0.016129
v 0.222440 0.306452 0.048387
v 0.226694 0.306452 0.080645
v 0.230886 0.306452 0.112903
v 0.233197 0.306452 0.145161
v 0.230020 0.306452 0.177419
v 0.218694 0.306452 0.209677
v 0.225305 0.338710 -0.209677
v 0.227131 0.338710 -0.177419
v 0.219384 0.338710 -0.145161
v 0.219758 0.338710 0.048387
v 0.225423 0.338710 0.080645
v 0.230002 0.338710 0.112903
v 0.232036 0.338710 0.145161
v 0.228216 0.338710 0.177419
v 0.213847 0.338710 0.209677
v 0.212549 0.370968 -0.177419
v 0.218099 0.370968 0.080645
v 0.224737 0.370968 0.112903
v 0.226163 0.370968 0.145161
v 0.221276 0.370968 0.177419
v 0.242844 -0.145161 0.112903
v 0.243571 -0.112903 0.112903
v 0.242343 -0.112903 0.145161
vn -0.992373 -0.120543 0.025791
vn -0.981989 -0.088557 -0.166900
vn -0.994379 -0.087182 -0.060080
vn -0.981060 -0.121981 0.150471
vn -0.996577 -0.045019 -0.069337
vn -0.977810 0.018215 -0.208703
vn -0.954811 -0.197224 0.222350
vn -0.980732 -0.101406 0.166978
vn -0.816041 -0.133264 0.562422
vn -0.992520 0.007527 -0.121852
vn -0.954387 0.054387 -0.293577
vn -0.990245 -0.038134 0.134015
vn -0.847055 -0.090534 0.523739
vn -0.985506 -0.029819 -0.166997
vn -0.938878 0.001963 -0.344245
vn -0.990304 -0.069713 0.120156
vn -0.876914 -0.117749 0.466000
vn -0.976431 -0.044040 -0.211291
vn -0.930637 -0.041425 -0.363592
vn -0.991797 -0.088782 0.091963
vn -0.912818 -0.136685 0.384813
vn -0.970751 -0.012489 -0.239765
vn -0.929095 0.017749 -0.369414
vn -0.998479 -0.043775 0.033517
vn -0.902012 -0.170337 0.396687
vn -0.932334 -0.091307 0.349881
vn -0.465030 -0.088495 0.880861
vn -0.957302 0.105396 -0.269194
vn -0.912851 0.135640 -0.385103
vn -0.997658 0.058488 -0.035455
vn -0.955869 0.077808 0.283303
vn -0.448894 0.072054 0.890675
vn -0.942939 0.194220 -0.270454
vn -0.901274 0.210777 -0.378521
vn -0.981653 0.190355 0.011033
vn -0.930822 0.229779 0.284205
vn -0.514727 0.212991 0.830477
vn -0.923603 0.258813 -0.282794
vn -0.956075 0.224563 -0.188391
vn -0.935605 0.211243 -0.282879
vn -0.877638 0.288262 0.382958
vn -0.901417 0.175328 0.395862
vn -0.970444 -0.227177 0.081419
vn -0.949155 -0.279181 -0.145477
vn -0.959078 -0.282273 -0.022185
vn -0.799529 -0.251909 0.545247
vn -0.963051 -0.235455 -0.130745
vn -0.904871 -0.315544 -0.285726
vn -0.915266 -0.292568 -0.276932
vn -0.958973 -0.175221 0.222864
vn -0.828074 -0.205129 0.521742
vn -0.952172 -0.197023 -0.233561
vn -0.883110 -0.273526 -0.381181
vn -0.858644 -0.352200 -0.372405
vn -0.990551 -0.125546 -0.055200
vn -0.973288 -0.130997 0.188546
vn -0.828127 -0.208014 0.520515
vn -0.886879 -0.137544 0.441053
vn -0.400493 -0.124817 0.907759
vn -0.939394 -0.117933 -0.321917
vn -0.882917 -0.116565 -0.454830
vn -0.870409 -0.205204 -0.447526
vn -0.980832 -0.076981 -0.179004
vn -0.995384 -0.080037 -0.052953
vn -0.981568 -0.070333 0.177700
vn -0.889668 -0.082574 0.449080
vn -0.385360 -0.071528 0.919990
vn -0.986104 -0.150345 -0.070681
vn -0.864341 -0.151020 -0.479695
vn -0.941013 -0.181271 -0.285718
vn -0.985401 -0.167156 0.032318
vn -0.981601 -0.153195 0.113979
vn -0.958256 -0.161267 0.236088
vn -0.945181 -0.045656 -0.323340
vn -0.883633 -0.029749 -0.467234
vn -0.981230 -0.049453 -0.186394
vn -0.997478 -0.047504 -0.052731
vn -0.982825 -0.049132 0.177878
vn -0.889566 -0.049357 0.454133
vn -0.377863 -0.040553 0.924973
vn -0.982430 -0.107191 -0.152776
vn -0.879658 -0.127554 -0.458184
vn -0.990582 -0.089144 0.103928
vn -0.948807 -0.175803 0.262411
vn -0.968374 -0.074698 0.238059
vn -0.923378 -0.072403 0.377001
vn -0.930768 0.072942 -0.358261
vn -0.878381 0.108948 -0.465379
vn -0.980644 0.028744 -0.193676
vn -0.998152 0.017198 -0.058290
vn -0.983449 0.016924 0.180391
vn -0.893557 0.008056 0.448877
vn -0.381137 0.000187 0.924519
vn -0.985132 -0.024085 -0.170102
vn -0.889124 -0.001900 -0.457663
vn -0.993401 -0.017716 0.113315
vn -0.957435 0.043814 0.285305
vn -0.906927 0.069576 0.415502
vn -0.904091 0.197865 -0.378773
vn -0.859589 0.194200 -0.472645
vn -0.956488 0.166097 -0.239881
vn -0.990050 0.122868 -0.068586
vn -0.977244 0.106799 0.183271
vn -0.903255 0.093686 0.418751
vn -0.384061 0.079868 0.919847
vn -0.963658 0.162412 -0.212097
vn -0.825942 0.260062 -0.500187
vn -0.967826 0.195257 0.158704
vn -0.795087 0.439977 0.417441
vn -0.875103 0.196403 0.442290
vn -0.795258 0.386177 -0.467367
vn -0.903635 0.309861 -0.295686
vn -0.780856 0.425869 -0.457055
vn -0.937755 0.324346 -0.124160
vn -0.945601 0.309694 0.099645
vn -0.902131 0.244409 0.355560
vn -0.389731 0.167506 0.905567
vn -0.880685 0.471437 -0.046282
vn -0.765080 0.546253 0.340971
vn -0.701644 0.624161 -0.343684
vn -0.832476 0.540537 -0.121665
vn -0.808433 0.531567 0.252729
vn -0.657631 0.543788 0.521360
vn -0.903615 -0.260467 -0.340054
vn -0.815067 -0.266532 -0.514418
vn -0.339585 -0.878374 -0.336364
vn -0.421103 -0.898006 -0.127503
vn -0.912195 -0.365824 -0.184587
vn -0.430659 -0.901759 0.036938
vn -0.895513 -0.444838 0.013243
vn -0.419180 -0.896928 0.140741
vn -0.860698 -0.490506 0.136397
vn -0.397849 -0.900449 0.175808
vn -0.843182 -0.504275 0.186418
vn -0.369330 -0.887241 0.276402
vn -0.819520 -0.504107 0.272513
vn -0.409712 -0.808474 0.422499
vn -0.954657 0.012382 -0.297452
vn -0.944462 -0.086025 -0.317162
vn -0.964721 0.093897 -0.245959
vn -0.988735 0.061109 -0.136633
vn -0.997072 -0.076136 0.007061
vn -0.969701 -0.229087 0.084846
vn -0.913983 -0.349826 0.205565
vn -0.562088 -0.617390 0.550351
vn -0.815830 -0.372738 0.442140
vn -0.380885 -0.470458 0.795987
vn -0.984253 -0.053430 -0.168498
vn -0.980317 -0.154160 -0.123344
vn -0.987741 -0.066236 -0.141351
vn -0.978211 0.049856 -0.201537
vn -0.972726 0.105994 -0.206323
vn -0.973343 0.135293 -0.185198
vn -0.989311 0.079062 -0.122530
vn -0.999078 -0.029234 -0.031434
vn -0.983665 -0.148804 0.101298
vn -0.861441 -0.222428 0.456558
vn -0.566403 -0.326606 0.756648
vn -0.926240 -0.357743 -0.118736
vn -0.734791 -0.544835 -0.404027
vn -0.798084 -0.538506 -0.270321
vn -0.878624 -0.442233 -0.180141
vn -0.963199 -0.267691 -0.024276
vn -0.952415 -0.299611 -0.056033
vn -0.980339 -0.197245 0.005413
vn -0.990478 -0.132984 -0.035615
vn -0.991016 -0.038629 -0.128041
vn -0.988034 0.036095 -0.149953
vn -0.982958 0.075247 -0.167722
vn -0.978237 0.071179 -0.194898
vn -0.991291 0.011643 -0.131178
vn -0.865168 -0.173817 0.470395
vn -0.678351 -0.212811 0.703243
vn -0.738883 -0.181120 0.649036
vn -0.308318 -0.173009 0.935419
vn -0.915206 -0.313434 -0.253293
vn -0.601239 -0.399354 -0.692119
vn -0.643540 -0.551746 -0.530502
vn -0.967324 -0.246388 -0.059802
vn -0.978839 -0.203352 0.022840
vn -0.986471 -0.150951 0.063943
vn -0.993561 -0.110268 0.026033
vn -0.997420 -0.055177 -0.045927
vn -0.994992 -0.001324 -0.099946
vn -0.988765 0.036477 -0.144963
vn -0.974221 0.055338 -0.218703
vn -0.971833 0.001828 -0.235665
vn -0.741708 -0.143614 0.655167
vn -0.330863 -0.129333 0.934774
vn -0.941024 -0.147027 -0.304723
vn -0.738630 -0.213787 -0.639313
vn -0.993343 -0.112430 -0.025076
vn -0.994289 -0.067071 0.083007
vn -0.994959 -0.039195 0.092301
vn -0.997825 -0.020040 0.062807
vn -0.999909 0.008163 -0.010762
vn -0.997452 0.023071 -0.067508
vn -0.991965 0.039727 -0.120117
vn -0.979207 0.059256 -0.194018
vn -0.961739 0.088334 -0.259334
vn -0.704800 -0.090107 0.703660
vn -0.333732 -0.064196 0.940480
vn -0.936468 -0.023238 -0.349981
vn -0.843008 -0.051588 -0.535421
vn -0.999858 -0.014939 0.007804
vn -0.994981 -0.005691 0.099902
vn -0.994146 0.000991 0.108041
vn -0.997216 0.010455 0.073834
vn -0.999790 0.017819 0.010101
vn -0.997606 0.029848 -0.062383
vn -0.993240 0.031728 -0.111661
vn -0.982226 0.028894 -0.185464
vn -0.965411 0.030657 -0.258923
vn -0.623165 -0.112749 0.773920
vn -0.332251 -0.063272 0.941067
vn -0.865630 -0.008785 -0.500608
vn -0.325742 -0.013128 -0.945368
vn -0.353184 -0.034082 -0.934933
vn -0.965869 0.010082 -0.258835
vn -0.999790 0.015970 0.012813
vn -0.994696 0.022378 0.100396
vn -0.993534 0.017031 0.112248
vn -0.996513 0.020946 0.080764
vn -0.999558 0.025444 0.015381
vn -0.998064 0.029173 -0.054932
vn -0.992826 0.027092 -0.116462
vn -0.979422 0.006825 -0.201707
vn -0.960135 -0.008844 -0.279398
vn -0.495202 -0.144643 0.856652
vn -0.339860 -0.093959 0.935771
vn -0.888925 -0.084742 -0.450146
vn -0.363530 -0.096690 -0.926551
vn -0.958954 -0.012847 -0.283271
vn -0.999669 0.015130 0.020788
vn -0.993687 0.023337 0.109736
vn -0.993697 0.031946 0.107454
vn -0.995952 0.031270 0.084269
vn -0.999208 0.034744 0.019417
vn -0.997890 0.042015 -0.049507
vn -0.990724 0.044885 -0.128264
vn -0.973526 0.034059 -0.226023
vn -0.951485 -0.003697 -0.307674
vn -0.269816 -0.039668 0.962095
vn -0.907834 -0.140034 -0.395256
vn -0.401523 -0.165532 -0.900765
vn -0.979755 -0.060550 -0.190825
vn -0.998713 0.020894 0.046209
vn -0.991725 0.043192 0.120894
vn -0.989635 0.070482 0.125123
vn -0.992112 0.086506 0.090720
vn -0.988907 0.142654 0.041395
vn -0.988907 0.142108 -0.043236
vn -0.981612 0.134052 -0.135895
vn -0.968006 0.112767 -0.224161
vn -0.942953 0.102086 -0.316889
vn -0.218231 0.065346 0.973707
vn -0.915129 -0.110747 -0.387652
vn -0.431362 -0.157810 -0.888270
vn -0.994010 -0.052119 -0.096062
vn -0.995581 0.003900 0.093828
vn -0.988579 0.037519 0.145962
vn -0.984828 0.068604 0.159397
vn -0.975558 0.149759 0.160810
vn -0.965420 0.218882 0.141616
vn -0.971336 0.237692 -0.003072
vn -0.971637 0.234025 -0.033965
vn -0.973891 0.226337 -0.017511
vn -0.958895 0.239658 -0.151934
vn -0.945098 0.206601 -0.253190
vn -0.931785 0.180184 -0.315135
vn -0.614494 0.266925 0.742394
vn -0.256326 0.176443 0.950350
vn -0.915942 -0.130452 -0.379516
vn -0.486399 -0.168847 -0.857267
vn -0.996044 -0.085749 -0.023337
vn -0.991128 -0.030209 0.129432
vn -0.984427 0.003630 0.175754
vn -0.972082 0.054614 0.228195
vn -0.945365 0.106781 0.308030
vn -0.964470 0.196085 0.177056
vn -0.970475 0.235037 -0.054177
vn -0.958228 0.247926 -0.142590
vn -0.931499 0.191282 -0.309388
vn -0.962049 0.166769 -0.215987
vn -0.942368 0.139992 -0.303883
vn -0.938543 0.176679 -0.296515
vn -0.749333 0.240051 0.617151
vn -0.251345 0.168207 0.953170
vn -0.907071 -0.097587 -0.409511
vn -0.535950 -0.104813 -0.837718
vn -0.993670 -0.108876 0.027671
vn -0.983063 -0.069357 0.169636
vn -0.978182 -0.047288 0.202296
vn -0.964415 -0.035814 0.261958
vn -0.947883 -0.007955 0.318518
vn -0.924554 0.096673 -0.368583
vn -0.947537 -0.001503 -0.319642
vn -0.919939 -0.020730 -0.391514
vn -0.969552 0.036867 -0.242095
vn -0.968339 0.109964 0.224116
vn -0.768537 0.102622 0.631522
vn -0.226734 0.090431 0.969749
vn -0.893343 -0.011894 -0.449219
vn -0.550653 0.094768 -0.829337
vn -0.997837 -0.056584 0.033466
vn -0.980349 -0.045543 0.191944
vn -0.978793 -0.044362 0.199992
vn -0.964887 -0.064793 0.254547
vn -0.944781 -0.078439 0.318175
vn -0.929165 -0.179283 -0.323279
vn -0.942778 -0.208537 -0.260159
vn -0.951585 -0.100673 -0.290432
vn -0.939425 -0.153985 -0.306217
vn -0.965270 -0.145527 -0.216970
vn -0.971060 -0.154035 0.182526
vn -0.781731 -0.069488 0.619732
vn -0.208569 -0.041907 0.977109
vn -0.868821 0.089450 -0.486980
vn -0.482584 0.146410 -0.863526
vn -0.999485 0.021723 -0.023624
vn -0.979383 -0.036828 0.198627
vn -0.980990 -0.044007 0.189003
vn -0.972898 -0.064214 0.222139
vn -0.950880 -0.104577 0.291362
vn -0.964993 -0.106348 0.239748
vn -0.962568 -0.142450 0.230588
vn -0.934480 -0.257213 -0.246149
vn -0.959177 -0.240747 -0.148396
vn -0.948173 -0.247987 -0.198672
vn -0.921314 -0.256899 -0.291861
vn -0.917856 -0.256913 -0.302550
vn -0.927901 -0.271959 -0.255024
vn -0.693791 -0.193842 0.693598
vn -0.228124 -0.108104 0.967612
vn -0.855284 0.088899 -0.510476
vn -0.369546 0.145205 -0.917797
vn -0.993444 0.038013 -0.107817
vn -0.986783 -0.033249 0.158600
vn -0.983186 -0.051725 0.175129
vn -0.979452 -0.079938 0.185159
vn -0.973776 -0.137236 0.181459
vn -0.976152 -0.193817 0.097790
vn -0.979306 -0.198177 0.041057
vn -0.971941 -0.224469 -0.070316
vn -0.961048 -0.235162 -0.145212
vn -0.936239 -0.259525 -0.236861
vn -0.917509 -0.266972 -0.294794
vn -0.897914 -0.292922 -0.328553
vn -0.534470 -0.173505 0.827187
vn -0.258762 -0.103854 0.960342
vn -0.839793 0.037565 -0.541605
vn -0.353764 0.061701 -0.933297
vn -0.982664 -0.016558 -0.184655
vn -0.989606 -0.078389 0.120559
vn -0.980147 -0.073901 0.183985
vn -0.987264 -0.065746 0.144872
vn -0.986674 -0.108560 0.121201
vn -0.987718 -0.154719 0.021798
vn -0.977533 -0.167311 -0.128208
vn -0.951249 -0.175147 -0.253868
vn -0.906139 -0.251006 -0.340453
vn -0.201253 -0.077511 0.976468
vn -0.811832 -0.033502 -0.582929
vn -0.362028 -0.025816 -0.931810
vn -0.946877 -0.068197 -0.314283
vn -0.988117 -0.107150 0.110202
vn -0.972346 -0.100889 0.210629
vn -0.986375 -0.064339 0.151410
vn -0.993943 -0.055564 0.094817
vn -0.997874 -0.065128 -0.002501
vn -0.986921 -0.083362 -0.137976
vn -0.948723 -0.115755 -0.294152
vn -0.157170 -0.031881 0.987057
vn -0.794986 -0.101340 -0.598103
vn -0.353551 -0.045622 -0.934302
vn -0.955523 -0.120703 0.269086
vn -0.979225 -0.050117 0.196488
vn -0.994003 -0.004405 0.109260
vn -0.999873 0.012152 -0.010353
vn -0.986466 -0.002739 -0.163940
vn -0.948980 -0.046182 -0.311935
vn -0.136396 -0.025314 0.990331
vn -0.715326 -0.108153 -0.690371
vn -0.335763 -0.035764 -0.941267
vn -0.952464 0.026181 0.303525
vn -0.979721 0.119848 0.160571
vn -0.985169 0.171458 -0.006705
vn -0.969717 0.145044 -0.196496
vn -0.941102 0.070433 -0.330704
vn -0.134107 0.010102 0.990915
vn -0.605725 -0.026204 -0.795242
vn -0.302145 0.042262 -0.952325
vn -0.888430 0.219481 0.403139
vn -0.922592 0.281114 0.264195
vn -0.947768 0.308979 0.079167
vn -0.926121 0.323982 -0.193224
vn -0.871056 0.311142 -0.380068
vn -0.162097 0.052397 0.985383
vn -0.615785 0.262680 -0.742838
vn -0.246677 0.187913 -0.950705
vn -0.774014 0.422981 0.471157
vn -0.779233 0.456748 0.429158
vn -0.692648 0.573073 0.437979
vn -0.720503 0.625211 0.299978
vn -0.730142 0.683180 -0.012576
vn -0.759726 0.580849 -0.292285
vn -0.797800 0.432947 -0.419611
vn -0.698079 0.550686 -0.457637
vn -0.505901 0.745392 -0.434113
vn -0.154926 0.153200 0.975975
vn -0.617927 0.425509 -0.661142
vn -0.134219 0.377901 -0.916066
vn -0.634872 0.698392 -0.330432
vn -0.597897 0.770589 0.220706
vn -0.610909 0.660852 0.435964
vn -0.493287 0.709519 0.503241
vn -0.404239 0.799954 0.443469
vn -0.485578 0.752736 -0.444524
vn -0.614213 0.698130 -0.367909
vn -0.275014 0.849949 -0.449394
vn -0.582094 0.788008 -0.200525
vn -0.540867 0.839294 0.055209
vn -0.580145 0.698786 0.418484
vn -0.161756 0.350715 0.922407
vn -0.250535 0.889391 -0.382382
vn -0.311057 0.947342 -0.076070
vn -0.278391 0.926042 0.254842
vn -0.273704 0.932525 -0.235550
vn -0.293152 0.948139 -0.122859
vn -0.253251 0.948327 0.191153
vn -0.106770 0.888464 0.446353
vn -0.610153 -0.576180 -0.543810
vn -0.322290 -0.791553 -0.519204
vn -0.051097 -0.908802 -0.414087
vn -0.008821 -0.961042 -0.276260
vn -0.009708 -0.994431 -0.104944
vn 0.025112 -0.998617 0.046179
vn 0.021036 -0.990854 0.133289
vn 0.008986 -0.985544 0.169183
vn -0.049976 -0.965663 0.254946
vn -0.047092 -0.928687 0.367863
vn -0.310607 -0.695505 0.647916
vn 0.013916 -0.600434 0.799553
vn -0.818568 -0.505141 -0.273456
vn -0.442247 -0.750870 -0.490522
vn -0.104221 -0.899134 -0.425083
vn -0.280991 -0.846465 -0.452263
vn -0.799538 -0.450417 -0.397319
vn -0.808012 -0.345488 -0.477237
vn -0.087180 -0.519632 0.849931
vn -0.755672 -0.530534 -0.384048
vn -0.495102 -0.622143 -0.606475
vn -0.356415 -0.737868 -0.573166
vn -0.848967 -0.484267 -0.211521
vn -0.897312 -0.362066 -0.252469
vn -0.126680 -0.438022 0.889994
vn -0.325989 -0.279251 0.903189
vn -0.110603 -0.242209 0.963899
vn -0.652052 -0.556751 -0.514643
vn -0.378168 -0.512034 -0.771240
vn -0.328787 -0.581753 -0.743950
vn -0.105475 -0.159664 0.981520
vn -0.401548 -0.470452 -0.785770
vn -0.094147 -0.091191 0.991373
vn -0.422718 -0.212395 -0.881021
vn -0.240443 -0.152015 -0.958686
vn -0.288430 -0.317223 -0.903426
vn -0.088642 -0.049996 0.994808
vn -0.381355 -0.041744 -0.923486
vn -0.191303 -0.001825 -0.981529
vn -0.097303 -0.069003 0.992860
vn -0.161195 -0.002403 -0.986920
vn -0.105374 -0.071827 0.991835
vn -0.135174 -0.090949 -0.986639
vn -0.086028 -0.011099 0.996231
vn -0.083106 -0.136443 -0.987156
vn -0.056793 0.103215 0.993036
vn -0.064140 -0.175171 -0.982446
vn -0.980977 0.184347 0.060829
vn -0.050012 0.169831 0.984203
vn -0.026943 -0.191482 -0.981126
vn -0.982119 0.098623 0.160362
vn -0.990283 0.118679 0.072495
vn -0.988060 0.153976 -0.005274
vn -0.976464 0.171561 -0.130711
vn -0.041176 0.153008 0.987367
vn -0.196486 -0.124827 -0.972528
vn -0.075980 -0.077086 -0.994125
vn 0.058843 -0.181442 -0.981640
vn -0.978069 -0.030972 0.205966
vn -0.995094 0.013684 0.097984
vn -0.999696 0.020327 0.013929
vn -0.993289 0.042022 -0.107755
vn -0.969487 0.023536 -0.244010
vn -0.021175 0.069244 0.997375
vn -0.199533 0.000054 -0.979891
vn 0.024721 0.025081 -0.999380
vn -0.972862 -0.089580 0.213343
vn -0.990702 -0.079620 0.110320
vn -0.996352 -0.083821 0.016050
vn -0.981959 -0.128056 -0.139134
vn 0.009529 -0.044897 0.998946
vn -0.053820 0.263176 -0.963245
vn -0.010686 0.196057 -0.980534
vn -0.986308 -0.135727 0.093673
vn -0.983929 -0.172925 -0.044516
vn 0.015588 -0.093736 0.995475
vn -0.011096 0.141288 -0.989906
vn 0.019178 -0.074163 0.997062
vn -0.039247 0.043872 -0.998266
vn 0.017318 -0.054504 0.998363
vn -0.044762 -0.018641 -0.998824
vn 0.013388 -0.019957 0.999711
vn -0.044306 -0.033785 -0.998447
vn 0.011652 -0.018476 0.999761
vn -0.036236 -0.009520 -0.999298
vn 0.018493 0.009936 0.999780
vn -0.022398 0.057183 -0.998112
vn 0.025806 0.038854 0.998912
vn -0.032074 0.200512 -0.979166
vn -0.574890 0.742202 0.344438
vn -0.669348 0.734948 0.108741
vn -0.654521 0.715616 -0.243916
vn -0.539991 0.763835 -0.353505
vn 0.039014 0.186897 0.981604
vn -0.010068 0.388547 -0.921374
vn -0.224674 0.876534 0.425686
vn -0.144479 0.840178 0.522711
vn -0.211948 0.881450 0.422048
vn -0.307790 0.918963 0.246520
vn -0.312073 0.949967 -0.013174
vn -0.304187 0.922862 -0.236209
vn -0.298496 0.881956 -0.364764
vn -0.223710 0.881372 -0.416098
vn -0.151178 0.908353 -0.389924
vn 0.069408 0.389008 0.918616
vn -0.024729 0.894768 -0.445847
vn -0.057730 0.985884 -0.157165
vn -0.065845 0.978516 0.195373
vn -0.111286 0.920165 0.375382
vn -0.089533 0.959247 -0.268009
vn -0.058915 0.991846 -0.113004
vn -0.034247 0.991279 0.127255
vn 0.034330 0.900609 0.433272
vn 0.118600 -0.885804 -0.448648
vn 0.163612 -0.905785 -0.390876
vn 0.163172 -0.948795 -0.270485
vn 0.207632 -0.975865 -0.067649
vn 0.251433 -0.964386 0.082107
vn 0.273917 -0.953690 0.124277
vn 0.326535 -0.928891 0.174747
vn 0.261731 -0.928553 0.263224
vn 0.300747 -0.838821 0.453796
vn 0.371925 -0.824228 0.426990
vn -0.045535 -0.895279 -0.443174
vn 0.123768 -0.917634 -0.377664
vn 0.119983 -0.907206 -0.403214
vn 0.463172 -0.695446 0.549387
vn 0.301360 -0.562007 0.770280
vn -0.176990 -0.722727 -0.668087
vn 0.016264 -0.843428 -0.536996
vn 0.303789 -0.474452 0.826201
vn 0.172849 -0.253751 0.951701
vn -0.152148 -0.533353 -0.832097
vn -0.072988 -0.558979 -0.825963
vn 0.116129 -0.169531 0.978659
vn -0.214413 -0.519966 -0.826839
vn -0.096624 -0.294202 -0.950846
vn -0.078359 -0.524820 -0.847599
vn 0.085633 -0.121920 0.988839
vn -0.017686 -0.082611 -0.996425
vn 0.035720 -0.070221 0.996892
vn 0.013414 0.034883 -0.999301
vn 0.017518 -0.083015 0.996394
vn 0.048664 0.022900 -0.998553
vn 0.024352 -0.061291 0.997823
vn 0.067996 -0.059726 -0.995896
vn 0.030774 0.009193 0.999484
vn 0.074158 -0.119535 -0.990057
vn 0.043673 0.120572 0.991743
vn 0.086521 -0.153125 -0.984412
vn 0.074705 0.195573 0.977840
vn 0.116398 -0.158676 -0.980445
vn 0.151495 0.203457 0.967292
vn 0.156300 -0.049855 -0.986450
vn 0.150733 -0.114287 -0.981946
vn 0.209408 0.105234 0.972149
vn 0.189455 0.111609 -0.975526
vn 0.178742 0.092823 -0.979508
vn 0.206512 -0.076112 0.975479
vn 0.141961 0.164754 -0.976065
vn 0.210501 -0.104190 0.972026
vn 0.105340 0.105834 -0.988788
vn 0.169303 -0.087751 0.981650
vn 0.075795 0.022268 -0.996875
vn 0.126248 -0.094398 0.987497
vn 0.059202 -0.027391 -0.997870
vn 0.071269 -0.038324 0.996721
vn 0.050952 -0.035001 -0.998088
vn 0.049561 -0.020793 0.998555
vn 0.052677 0.001631 -0.998610
vn 0.048771 0.017680 0.998653
vn 0.057315 0.059198 -0.996600
vn 0.065538 0.059228 0.996091
vn 0.064432 0.200100 -0.977655
vn 0.110396 0.228161 0.967344
vn 0.077968 0.370390 -0.925598
vn -0.074217 0.947250 0.311785
vn -0.038406 0.871904 0.488169
vn -0.148614 0.973084 0.176130
vn -0.216662 0.975758 0.030896
vn -0.198770 0.968987 -0.146815
vn -0.135159 0.941454 -0.308862
vn -0.107558 0.918284 -0.381033
vn -0.066248 0.937325 -0.342103
vn 0.148027 0.432110 0.889589
vn 0.184158 0.462048 0.867524
vn 0.173167 0.856192 0.486774
vn 0.075917 0.877751 -0.473065
vn 0.053075 0.983257 -0.174321
vn 0.028656 0.984276 0.174298
vn 0.002536 0.942166 0.335137
vn -0.023528 0.947762 -0.318111
vn 0.029022 0.978226 -0.205505
vn 0.052937 0.996479 -0.065013
vn 0.109076 0.958445 0.263602
vn 0.260226 -0.863257 -0.432516
vn 0.248649 -0.868791 -0.428224
vn 0.240248 -0.938587 -0.247658
vn 0.248943 -0.967330 -0.047969
vn 0.332537 -0.932889 0.138339
vn 0.395607 -0.900701 0.179533
vn 0.491386 -0.842403 0.221126
vn 0.520484 -0.816878 0.248610
vn 0.533943 -0.795990 0.285141
vn 0.239051 -0.898394 -0.368432
vn 0.235379 -0.890359 -0.389689
vn 0.211661 -0.898102 -0.385502
vn 0.213460 -0.891887 -0.398713
vn 0.617114 -0.738415 0.271872
vn 0.594918 -0.714549 0.368092
vn 0.538222 -0.591867 0.600008
vn 0.612921 -0.653677 0.443886
vn 0.108442 -0.777952 -0.618896
vn 0.172265 -0.880787 -0.441066
vn 0.189968 -0.932048 -0.308543
vn 0.580432 -0.544947 0.605088
vn 0.455306 -0.457243 0.763954
vn 0.530126 -0.449780 0.718794
vn 0.030176 -0.548749 -0.835443
vn 0.097331 -0.613799 -0.783439
vn 0.531125 -0.393135 0.750567
vn 0.297384 -0.238567 0.924472
vn 0.075479 -0.266435 -0.960893
vn 0.100851 -0.491789 -0.864854
vn 0.249364 -0.181813 0.951190
vn 0.113001 -0.064310 -0.991512
vn 0.167908 -0.083508 0.982259
vn 0.140509 0.072045 -0.987455
vn 0.153857 -0.096587 0.983361
vn 0.179014 0.052065 -0.982468
vn 0.133021 -0.062290 0.989154
vn 0.192077 -0.075952 -0.978436
vn 0.124332 0.010362 0.992187
vn 0.140747 -0.123298 -0.982338
vn 0.142224 0.145264 0.979117
vn 0.127462 -0.147007 -0.980888
vn 0.205754 0.268489 0.941052
vn 0.131786 -0.129956 -0.982723
vn 0.281623 0.281037 0.917446
vn 0.164753 -0.044685 -0.985322
vn 0.414208 0.174226 0.893351
vn 0.426982 0.304696 0.851379
vn 0.529801 0.128812 0.838283
vn 0.170648 0.090618 -0.981156
vn 0.430212 -0.020091 0.902504
vn 0.513032 -0.100079 0.852515
vn 0.142298 0.126090 -0.981760
vn 0.416569 -0.153604 0.896034
vn 0.468643 -0.196703 0.861209
vn 0.129339 0.082241 -0.988184
vn 0.410171 -0.172820 0.895485
vn 0.267510 -0.172031 0.948074
vn 0.123838 0.007193 -0.992276
vn 0.186694 -0.171844 0.967272
vn 0.096081 -0.049057 -0.994164
vn 0.097966 -0.064873 0.993073
vn 0.067849 -0.045125 -0.996675
vn 0.062896 -0.045345 0.996989
vn 0.055965 0.001880 -0.998431
vn 0.045390 0.022968 0.998705
vn 0.058649 0.066366 -0.996070
vn 0.057809 0.091584 0.994118
vn 0.071154 0.216405 -0.973707
vn 0.095988 0.257090 0.961609
vn 0.079948 0.349756 -0.933423
vn -0.073208 0.963991 0.255658
vn -0.025284 0.900916 0.433257
vn -0.099768 0.987826 0.119356
vn -0.135947 0.990716 -0.000526
vn -0.135598 0.984511 -0.111137
vn -0.097296 0.964577 -0.245204
vn -0.053879 0.955739 -0.289239
vn 0.138211 0.558276 0.818062
vn 0.157006 0.781796 0.603443
vn 0.075727 0.881176 -0.466685
vn 0.062259 0.977163 -0.203166
vn 0.037387 0.988073 0.149378
vn 0.008989 0.953694 0.300643
vn -0.016136 0.968900 -0.246924
vn 0.027393 0.982885 -0.182173
vn 0.071855 0.997191 -0.021134
vn 0.107292 0.964950 0.239498
vn 0.205258 -0.893438 -0.399547
vn 0.234490 -0.965927 -0.109541
vn 0.310791 -0.950237 0.021400
vn 0.459534 -0.853734 0.244880
vn 0.369623 -0.872870 0.318554
vn 0.529935 -0.805019 0.266672
vn 0.163652 -0.906066 -0.390208
vn 0.121463 -0.904131 -0.409627
vn 0.142609 -0.911365 -0.386105
vn 0.544767 -0.751179 0.372773
vn 0.613594 -0.719677 0.324911
vn 0.650461 -0.698491 0.298346
vn 0.659530 -0.668703 0.343303
vn 0.663445 -0.677528 0.317484
vn 0.153623 -0.782645 -0.603214
vn 0.131287 -0.895256 -0.425771
vn 0.131966 -0.940820 -0.312159
vn 0.677333 -0.662321 0.320236
vn 0.683652 -0.602459 0.411902
vn 0.630766 -0.483269 0.607113
vn 0.661713 -0.553303 0.505956
vn 0.185191 -0.500798 -0.845521
vn 0.176969 -0.644662 -0.743702
vn 0.619139 -0.491489 0.612459
vn 0.544626 -0.396408 0.739083
vn 0.543723 -0.409987 0.732309
vn 0.185964 -0.227624 -0.955827
vn 0.230395 -0.447428 -0.864133
vn 0.494650 -0.317530 0.809009
vn 0.529532 -0.324658 0.783705
vn 0.237693 -0.020900 -0.971115
vn 0.464696 -0.270818 0.843040
vn 0.335417 -0.163814 0.927718
vn 0.275963 0.109770 -0.954880
vn 0.281630 -0.137489 0.949621
vn 0.309359 0.144627 -0.939883
vn 0.298528 0.030521 -0.953913
vn 0.341149 0.077928 -0.936773
vn 0.223041 -0.067608 0.972462
vn 0.311889 -0.094708 -0.945386
vn 0.320852 -0.056037 -0.945470
vn 0.227591 0.012161 0.973681
vn 0.242467 -0.181161 -0.953095
vn 0.354244 -0.209839 -0.911306
vn 0.268687 0.200799 0.942065
vn 0.194722 -0.163723 -0.967098
vn 0.315768 0.332151 0.888800
vn 0.171247 -0.134927 -0.975945
vn 0.507639 0.391594 0.767435
vn 0.455760 0.513594 0.726983
vn 0.519861 0.439394 0.732583
vn 0.160785 -0.027813 -0.986597
vn 0.570475 0.225622 0.789717
vn 0.619251 0.348968 0.703385
vn 0.788594 0.158127 0.594235
vn 0.162259 0.081335 -0.983390
vn 0.605984 0.000272 0.795477
vn 0.790397 -0.041404 0.611194
vn 0.187051 0.132974 -0.973309
vn 0.686440 -0.274695 0.673307
vn 0.511961 -0.243681 0.823720
vn 0.229507 0.095770 -0.968584
vn 0.415095 -0.269899 0.868821
vn 0.419294 -0.327155 0.846854
vn 0.206900 -0.050341 -0.977066
vn 0.358622 -0.303266 0.882848
vn 0.294966 -0.369789 0.881051
vn 0.114315 -0.082086 -0.990047
vn 0.259287 -0.284716 0.922880
vn 0.164709 -0.167926 0.971942
vn 0.082345 -0.076136 -0.993691
vn 0.064020 -0.105804 0.992324
vn 0.054180 -0.007416 -0.998504
vn 0.016702 0.011578 0.999794
vn 0.053418 0.075852 -0.995687
vn 0.010420 0.113951 0.993432
vn 0.055890 0.239902 -0.969187
vn 0.012829 0.259497 0.965659
vn 0.061222 0.394848 -0.916704
vn 0.093113 0.844054 -0.528112
vn 0.043379 0.845927 -0.531531
vn -0.089360 0.972270 0.216117
vn -0.054914 0.926530 0.372191
vn -0.101645 0.990231 0.095452
vn -0.119224 0.992705 -0.017943
vn -0.120575 0.987975 -0.096787
vn -0.095994 0.975963 -0.195656
vn -0.068065 0.970253 -0.232328
vn 0.019896 0.598048 0.801213
vn 0.064680 0.737967 0.671730
vn 0.040394 0.973251 -0.226167
vn 0.018926 0.991999 0.124818
vn -0.008471 0.965239 0.261232
vn -0.028084 0.979088 -0.201489
vn 0.008094 0.989922 -0.141382
vn 0.029745 0.999503 0.010401
vn 0.049816 0.969057 0.241758
vn 0.105986 -0.971107 -0.213817
vn 0.249928 -0.965848 0.068366
vn -0.061797 -0.921040 -0.384533
vn -0.241284 -0.879741 -0.409680
vn -0.175358 -0.905555 -0.386289
vn -0.040585 -0.970279 -0.238561
vn 0.186086 -0.888512 0.419426
vn 0.351675 -0.753767 0.555122
vn 0.627367 -0.692672 0.355831
vn 0.302387 -0.848490 0.434312
vn 0.065226 -0.743360 -0.665704
vn -0.071999 -0.857782 -0.508947
vn -0.104926 -0.933295 -0.343440
vn 0.417324 -0.776408 0.472262
vn 0.684356 -0.638321 0.352424
vn 0.319612 -0.769644 0.552718
vn 0.699879 -0.608575 0.373906
vn 0.152135 -0.469428 -0.869766
vn 0.049340 -0.605876 -0.794028
vn 0.525529 -0.749744 0.402124
vn 0.578700 -0.654626 0.486386
vn 0.648168 -0.497779 0.576276
vn 0.555674 -0.584231 0.591524
vn 0.343138 -0.149804 -0.927262
vn 0.203041 -0.310483 -0.928641
vn 0.491952 -0.577650 0.651386
vn 0.457365 -0.366133 0.810410
vn 0.381375 0.012806 -0.924332
vn 0.252509 -0.046498 -0.966477
vn 0.534036 -0.269130 0.801482
vn 0.440880 -0.289079 0.849740
vn 0.385218 0.128236 -0.913872
vn 0.265604 0.098656 -0.959021
vn 0.489245 -0.212426 0.845881
vn 0.337762 -0.262093 0.904004
vn 0.220972 0.040176 -0.974452
vn 0.419770 -0.232725 0.877287
vn 0.324188 -0.113445 0.939166
vn 0.179671 -0.064215 -0.981629
vn 0.303729 0.064730 0.950557
vn 0.356267 -0.242698 -0.902314
vn 0.189068 -0.203887 -0.960564
vn 0.368778 0.262454 0.891696
vn 0.216921 -0.230393 -0.948612
vn 0.219564 -0.277206 -0.935387
vn 0.523038 0.493944 0.694586
vn 0.407539 0.507205 0.759378
vn 0.406947 0.541302 0.735790
vn 0.129285 -0.159269 -0.978733
vn 0.647178 0.467235 0.602372
vn 0.390110 0.702605 0.595114
vn 0.644365 0.536450 0.544990
vn 0.121647 -0.024814 -0.992263
vn 0.964257 0.173583 0.200193
vn 0.509452 0.733220 0.450385
vn 0.743252 0.249660 0.620682
vn 0.861685 0.260101 0.435713
vn 0.646591 0.686859 0.331881
vn 0.137444 0.108198 -0.984582
vn 0.962115 -0.087025 0.258382
vn 0.856982 -0.103242 0.504899
vn 0.909037 -0.133739 0.394672
vn 0.196645 0.202265 -0.959385
vn 0.752193 -0.562184 0.343737
vn 0.802990 -0.371426 0.466100
vn 0.686273 -0.379724 0.620353
vn 0.506296 -0.563450 0.652831
vn 0.237830 0.195056 -0.951520
vn 0.319510 0.042811 -0.946615
vn 0.127777 0.095896 -0.987156
vn 0.584978 -0.390359 0.710929
vn 0.328274 -0.652849 0.682660
vn 0.294008 -0.108828 -0.949587
vn 0.115093 -0.041142 -0.992502
vn 0.318358 -0.511591 0.798074
vn 0.223116 -0.470160 0.853914
vn 0.115197 -0.157529 -0.980772
vn 0.039685 -0.273802 -0.960967
vn 0.168165 -0.367868 0.914545
vn 0.074779 -0.262917 0.961916
vn 0.030688 -0.114154 -0.992989
vn -0.003046 -0.181004 0.983478
vn 0.017614 -0.018164 -0.999680
vn -0.038115 -0.014767 0.999164
vn 0.024383 0.081420 -0.996382
vn -0.054856 0.108368 0.992596
vn 0.023571 0.211333 -0.977130
vn -0.068173 0.253799 0.964852
vn 0.037780 0.403953 -0.913999
vn 0.033937 0.824990 -0.564127
vn -0.067271 0.983198 0.169696
vn -0.041283 0.951275 0.305567
vn -0.089302 0.992811 0.079700
vn -0.106494 0.993746 -0.033587
vn -0.118726 0.989104 -0.087050
vn -0.113450 0.982660 -0.146657
vn -0.101445 0.975825 -0.193586
vn -0.086963 0.605066 0.791411
vn -0.035006 0.747590 0.663238
vn 0.025660 0.973757 -0.226139
vn 0.023111 0.993606 0.110514
vn 0.004092 0.974576 0.224018
vn -0.075269 0.984651 -0.157471
vn -0.028572 0.993619 -0.109112
vn -0.012812 0.999778 0.016711
vn -0.015777 0.968869 0.247073
vn -0.338054 -0.904915 -0.258550
vn -0.514624 -0.776325 -0.363980
vn -0.503299 -0.852297 -0.142410
vn -0.376772 -0.926123 0.018402
vn -0.244059 -0.969392 0.026712
vn -0.363864 -0.913135 0.183815
vn -0.133071 -0.821956 0.553788
vn -0.608441 -0.569403 0.552793
vn -0.335527 -0.868144 -0.365716
vn -0.551618 -0.749592 -0.365827
vn -0.559083 -0.739791 -0.374346
vn -0.529263 -0.766842 -0.363091
vn -0.333031 -0.624749 0.706243
vn 0.053680 -0.806411 0.588915
vn -0.232192 -0.629846 -0.741202
vn -0.344157 -0.810224 -0.474439
vn 0.120751 -0.836891 0.533884
vn -0.229313 -0.786656 0.573226
vn -0.193205 -0.760566 0.619848
vn -0.020243 -0.362074 -0.931930
vn -0.169995 -0.514103 -0.840714
vn -0.039137 -0.803367 0.594196
vn 0.400769 -0.700620 0.590352
vn -0.133023 -0.801963 0.582374
vn 0.061139 -0.198027 -0.978288
vn 0.204721 -0.697763 0.686451
vn 0.422992 -0.544684 0.724153
vn -0.033756 -0.590254 0.806512
vn 0.089094 0.003127 -0.996018
vn 0.167185 -0.495649 0.852280
vn 0.184687 -0.329323 0.925979
vn 0.054913 0.054509 -0.997002
vn 0.128299 -0.258208 0.957532
vn 0.022659 0.013016 -0.999659
vn 0.353614 -0.202698 0.913165
vn 0.174543 -0.207054 0.962634
vn -0.007532 -0.095699 -0.995382
vn 0.327222 -0.011250 0.944881
vn 0.150156 0.038012 0.987931
vn -0.066077 -0.203770 -0.976786
vn 0.312869 0.217973 0.924446
vn 0.185253 0.409038 0.893515
vn 0.116739 -0.324518 -0.938648
vn -0.020749 -0.272134 -0.962036
vn 0.118506 0.556030 0.822670
vn -0.025634 -0.182924 -0.982793
vn -0.117162 -0.320649 -0.939924
vn 0.371360 0.774900 0.511489
vn 0.054186 0.823167 0.565209
vn 0.157297 0.918486 0.362824
vn 0.102672 0.768120 0.632020
vn -0.020065 -0.018357 -0.999630
vn 0.585479 0.399126 0.705629
vn 0.111976 0.830437 0.545743
vn 0.341670 0.377052 0.860868
vn 0.121740 0.868905 0.479775
vn -0.001602 0.149978 -0.988688
vn 0.697729 -0.094940 0.710043
vn 0.266866 -0.091261 0.959403
vn -0.126932 0.196917 -0.972169
vn 0.431708 -0.644204 0.631371
vn 0.617760 -0.701314 0.355711
vn 0.001033 -0.882608 0.470108
vn 0.591742 -0.765003 0.254190
vn 0.036939 0.180717 -0.982841
vn -0.041589 0.036153 -0.998481
vn 0.090270 -0.956280 0.278173
vn 0.181092 -0.872275 0.454249
vn 0.108726 -0.718469 0.687009
vn -0.040386 -0.136325 -0.989841
vn 0.082446 -0.649678 0.755725
vn -0.049144 -0.565040 0.823598
vn -0.098165 -0.193298 -0.976217
vn -0.148779 -0.294292 -0.944064
vn -0.011693 -0.482224 0.875970
vn -0.082269 -0.345984 0.934627
vn -0.085730 -0.115650 -0.989583
vn -0.089266 -0.198524 0.976022
vn -0.067690 -0.006572 -0.997685
vn -0.098180 -0.034694 0.994564
vn -0.057620 0.087633 -0.994485
vn -0.107993 0.096283 0.989478
vn -0.062724 0.229792 -0.971216
vn -0.119482 0.265193 0.956764
vn -0.016412 0.438362 -0.898648
vn -0.028243 0.837947 -0.545021
vn -0.025361 0.991792 0.125320
vn -0.002618 0.971290 0.237883
vn -0.059058 0.996697 0.055739
vn -0.082909 0.995797 -0.038917
vn -0.104454 0.989314 -0.101723
vn -0.135047 0.978779 -0.154122
vn -0.141994 0.979918 -0.139991
vn -0.141387 0.558427 0.817416
vn -0.118737 0.793297 0.597145
vn 0.008647 0.975983 -0.217675
vn 0.013251 0.993771 0.110647
vn 0.016148 0.979158 0.202459
vn -0.126294 0.981168 -0.146147
vn -0.101783 0.987294 -0.122029
vn -0.085546 0.992852 -0.083223
vn -0.078954 0.996739 0.016680
vn -0.083991 0.963080 0.255779
vn -0.672535 -0.667032 -0.320571
vn -0.668931 -0.645249 -0.369033
vn -0.521648 -0.816978 -0.245824
vn -0.502869 -0.836900 -0.216151
vn -0.632667 -0.721747 -0.280739
vn -0.467463 -0.876638 -0.113948
vn -0.418009 -0.908230 0.019648
vn -0.430931 -0.885083 0.175862
vn -0.518988 -0.818338 0.246931
vn -0.685199 -0.461532 0.563463
vn -0.760365 -0.513295 0.397960
vn -0.585635 -0.602506 -0.542235
vn -0.572287 -0.466144 -0.674683
vn -0.638396 -0.594804 -0.488527
vn -0.611336 -0.550644 0.568383
vn -0.838280 -0.273609 0.471619
vn -0.621512 -0.548614 0.559237
vn -0.787151 -0.488981 0.375887
vn -0.425013 -0.516204 -0.743571
vn -0.254271 -0.248958 -0.934541
vn -0.527564 -0.365700 -0.766772
vn -0.680508 -0.570658 0.459629
vn -0.555551 -0.629201 0.543570
vn -0.692802 -0.500993 0.518682
vn -0.153166 -0.238525 -0.958982
vn -0.562110 -0.587403 0.582228
vn -0.297722 -0.669272 0.680762
vn -0.463773 -0.433510 0.772647
vn -0.066043 -0.138254 -0.988192
vn -0.336907 -0.500370 0.797574
vn -0.059352 -0.016056 -0.998108
vn -0.133100 -0.444511 0.885830
vn -0.110363 -0.278377 0.954110
vn -0.103473 0.013554 -0.994540
vn -0.034759 -0.218917 0.975124
vn -0.160815 -0.032903 -0.986436
vn 0.007676 -0.163730 0.986475
vn -0.258045 -0.164356 -0.952050
vn 0.018511 0.043069 0.998901
vn -0.248277 -0.252833 -0.935112
vn -0.030410 0.362512 0.931483
vn -0.275202 -0.326446 -0.904266
vn -0.263783 -0.223929 -0.938229
vn -0.353359 -0.301232 -0.885662
vn -0.129451 0.452920 0.882103
vn -0.175660 -0.102516 -0.979099
vn -0.309350 0.713169 0.629041
vn -0.235679 0.902548 0.360365
vn -0.223426 0.696798 0.681582
vn -0.138613 -0.000441 -0.990347
vn -0.314230 0.871062 0.377507
vn 0.012985 0.469397 0.882892
vn -0.345161 0.840889 0.416858
vn -0.147419 0.115540 -0.982302
vn -0.377712 -0.090947 0.921446
vn -0.205311 0.116087 -0.971788
vn -0.254388 -0.761912 0.595632
vn -0.461744 -0.808529 0.364791
vn -0.281711 0.043250 -0.958524
vn -0.262540 0.023981 -0.964623
vn -0.214996 -0.927654 0.305344
vn -0.328054 -0.797569 0.506226
vn -0.307665 -0.702333 0.641927
vn -0.313136 -0.104312 -0.943962
vn -0.254911 -0.135504 -0.957423
vn -0.165893 -0.672382 0.721375
vn -0.199320 -0.560184 0.804031
vn -0.180359 -0.124405 -0.975702
vn -0.164550 -0.512624 0.842698
vn -0.138486 -0.347170 0.927521
vn -0.164131 -0.096946 -0.981663
vn -0.099891 -0.176747 0.979174
vn -0.167489 0.000341 -0.985874
vn -0.095356 -0.043228 0.994504
vn -0.155285 0.101885 -0.982602
vn -0.102011 0.084113 0.991221
vn -0.129771 0.260239 -0.956784
vn -0.111073 0.307261 0.945121
vn -0.098940 0.416217 -0.903866
vn -0.110007 0.893127 -0.436145
vn -0.035186 0.995811 0.084393
vn -0.005403 0.975950 0.217929
vn -0.043500 0.998339 0.037787
vn -0.085988 0.993644 -0.072649
vn -0.152094 0.976079 -0.155364
vn -0.148208 0.976554 -0.156133
vn -0.142514 0.497829 0.855486
vn -0.143633 0.843909 0.516901
vn -0.058951 0.973647 -0.220309
vn -0.014339 0.993326 0.114446
vn -0.018008 0.978842 0.203824
vn -0.144011 0.979612 -0.140074
vn -0.136275 0.983018 -0.122904
vn -0.125032 0.985488 -0.114810
vn -0.124107 0.989190 -0.078103
vn -0.128353 0.991632 0.013806
vn -0.131308 0.954410 0.268067
vn -0.375780 -0.926049 -0.034972
vn -0.402605 -0.906929 -0.124050
vn -0.160530 -0.987003 0.007420
vn -0.131616 -0.990976 0.025383
vn -0.326050 -0.943695 0.055957
vn -0.179800 -0.982225 0.053904
vn -0.599123 -0.604588 -0.524904
vn -0.537454 -0.618257 -0.573499
vn -0.517224 -0.784158 -0.342893
vn -0.514730 -0.829801 -0.215600
vn -0.469683 -0.863815 -0.182269
vn -0.361470 -0.925904 0.109731
vn -0.472732 -0.870608 0.136256
vn -0.629161 -0.763233 0.147081
vn -0.855996 -0.453023 0.249079
vn -0.720390 -0.671560 0.173333
vn -0.884996 -0.364224 0.290039
vn -0.758814 -0.563602 0.326425
vn -0.858881 -0.252497 0.445610
vn -0.799742 -0.329971 0.501529
vn -0.567725 -0.439048 -0.696366
vn -0.349737 -0.224567 -0.909535
vn -0.475313 -0.379923 -0.793559
vn -0.912090 -0.264185 0.313525
vn -0.865182 -0.201791 0.459064
vn -0.810509 -0.139984 0.568753
vn -0.275810 -0.149605 -0.949498
vn -0.801175 -0.306060 0.514243
vn -0.707060 -0.172510 0.685789
vn -0.191606 -0.141040 -0.971285
vn -0.569782 -0.310278 0.760970
vn -0.175460 -0.119199 -0.977244
vn -0.398205 -0.340307 0.851836
vn -0.318073 -0.346044 0.882657
vn -0.317758 -0.216452 0.923135
vn -0.247492 -0.070135 -0.966348
vn -0.179950 -0.173783 0.968203
vn -0.293818 -0.042668 -0.954909
vn -0.124986 -0.173501 0.976871
vn -0.347054 -0.122971 -0.929748
vn -0.122057 -0.151166 0.980944
vn -0.407388 -0.230812 -0.883607
vn -0.401960 -0.198515 -0.893879
vn -0.469291 -0.209097 -0.857930
vn -0.135239 0.044197 0.989827
vn -0.416563 -0.234015 -0.878471
vn -0.354043 -0.202440 -0.913056
vn -0.152455 0.301487 0.941203
vn -0.299694 -0.135891 -0.944308
vn -0.248993 0.352889 0.901927
vn -0.286126 -0.038017 -0.957438
vn -0.662846 0.582761 0.470132
vn -0.542201 0.479443 0.690038
vn -0.388342 0.550594 0.738943
vn -0.212487 0.026812 -0.976796
vn -0.896915 0.260488 0.357337
vn -0.866931 0.393353 0.306112
vn -0.839313 0.392078 0.376602
vn -0.654530 0.316103 0.686781
vn -0.208437 0.087270 -0.974134
vn -0.919057 -0.227474 0.321854
vn -0.946115 -0.185943 0.265126
vn -0.894025 -0.153526 0.420891
vn -0.736866 -0.070174 0.672387
vn -0.213465 0.078420 -0.973798
vn -0.799551 -0.555770 0.227680
vn -0.758017 -0.511717 0.404421
vn -0.635934 -0.400672 0.659582
vn -0.230877 -0.019564 -0.972786
vn -0.483729 -0.580767 0.654764
vn -0.333637 -0.590342 0.734971
vn -0.314479 -0.459359 0.830718
vn -0.217682 -0.083770 -0.972418
vn -0.257749 -0.517295 0.816071
vn -0.261910 -0.135568 -0.955523
vn -0.183958 -0.480119 0.857697
vn -0.136472 -0.288646 0.947660
vn -0.314010 -0.110344 -0.942986
vn -0.069636 -0.150562 0.986145
vn -0.283802 0.049215 -0.957619
vn -0.072517 -0.049584 0.996134
vn -0.237152 0.163395 -0.957633
vn -0.083648 0.073757 0.993762
vn -0.185420 0.273535 -0.943821
vn -0.083764 0.244751 0.965961
vn -0.129341 0.424422 -0.896179
vn -0.190613 0.413694 -0.890238
vn -0.046506 0.982643 0.179581
vn -0.050733 0.996940 0.059471
vn -0.075936 0.997110 -0.002095
vn -0.152212 0.978406 -0.139836
vn -0.088456 0.987281 -0.132104
vn -0.154677 0.847427 0.507880
vn -0.119352 0.416577 0.901232
vn -0.150265 0.920573 -0.360507
vn -0.084839 0.992850 -0.083976
vn -0.041248 0.990544 0.130848
vn -0.029927 0.979945 0.197010
vn -0.034831 0.989169 0.142592
vn -0.110916 0.981687 -0.154881
vn -0.127357 0.982002 -0.139473
vn -0.138038 0.982873 -0.122088
vn -0.162013 0.978492 -0.127689
vn -0.203800 0.975125 -0.087158
vn -0.208244 0.977909 0.018150
vn -0.180132 0.946447 0.267937
vn -0.157037 0.857197 0.490462
vn -0.454767 -0.817261 -0.353938
vn -0.339522 -0.781281 -0.523761
vn -0.127386 -0.976765 -0.172348
vn -0.128197 -0.990659 -0.046489
vn -0.351364 -0.929086 -0.115511
vn -0.097984 -0.995148 -0.008971
vn -0.250883 -0.964423 -0.083341
vn -0.002622 -0.998558 0.053613
vn -0.014212 -0.999786 0.015000
vn -0.062768 -0.997205 -0.040513
vn -0.240731 -0.970413 0.018622
vn -0.144895 -0.986498 -0.076335
vn -0.385857 -0.922553 0.003166
vn -0.229376 -0.971115 -0.065740
vn -0.520595 -0.853611 0.018148
vn -0.303732 -0.952715 0.009028
vn -0.652377 -0.747854 0.122958
vn -0.357638 -0.916066 0.181435
vn -0.716762 -0.643418 0.268822
vn -0.584062 -0.696826 0.416300
vn -0.469640 -0.633694 -0.614711
vn -0.269692 -0.335885 -0.902467
vn -0.260906 -0.701373 -0.663328
vn -0.674374 -0.491766 0.550804
vn -0.737247 -0.220157 0.638747
vn -0.429353 -0.275594 0.860061
vn -0.211078 -0.179054 -0.960930
vn -0.685352 -0.065357 0.725273
vn -0.441455 -0.041319 0.896332
vn -0.167076 -0.083704 -0.982384
vn -0.608093 -0.054331 0.792004
vn -0.409296 0.005423 0.912386
vn -0.158902 -0.129814 -0.978723
vn -0.511968 -0.169981 0.842018
vn -0.349851 -0.060146 0.934873
vn -0.230800 -0.183010 -0.955635
vn -0.221067 -0.091882 0.970921
vn -0.382744 -0.142907 -0.912735
vn -0.233069 -0.155899 -0.959883
vn -0.223522 -0.216444 -0.950363
vn -0.170473 -0.116417 0.978461
vn -0.416787 -0.083531 -0.905158
vn -0.278713 -0.118307 -0.953060
vn -0.180117 -0.177553 0.967488
vn -0.460778 -0.122793 -0.878980
vn -0.300760 -0.140242 -0.943332
vn -0.197740 -0.169256 0.965532
vn -0.297201 -0.175310 -0.938583
vn -0.232257 -0.145261 0.961746
vn -0.241072 0.034415 0.969897
vn -0.139579 0.005592 0.990195
vn -0.327339 -0.184704 -0.926679
vn -0.188763 0.186410 0.964168
vn -0.187168 0.272379 0.943810
vn -0.361320 -0.126585 -0.923810
vn -0.173372 0.280934 0.943938
vn -0.386924 -0.098694 -0.916815
vn -0.213717 0.070370 -0.974358
vn -0.359533 -0.118732 -0.925548
vn -0.575612 0.338988 0.744149
vn -0.246729 0.262423 0.932876
vn -0.335407 0.091223 -0.937646
vn -0.257462 0.091583 -0.961939
vn -0.708417 0.147777 0.690151
vn -0.291370 0.139688 0.946357
vn -0.184033 0.115498 -0.976111
vn -0.690766 -0.156193 0.706008
vn -0.321437 -0.063916 0.944771
vn -0.162283 0.075570 -0.983846
vn -0.577732 -0.350242 0.737263
vn -0.317134 -0.234442 0.918947
vn -0.176437 -0.029230 -0.983878
vn -0.236067 -0.393302 0.888586
vn -0.259360 -0.162152 -0.952071
vn -0.216801 -0.526314 0.822187
vn -0.290622 -0.457868 0.840176
vn -0.134263 -0.354776 0.925261
vn -0.390116 -0.190764 -0.900788
vn -0.057079 -0.198249 0.978488
vn -0.455895 -0.147042 -0.877803
vn -0.318695 -0.136793 -0.937935
vn -0.351897 -0.226712 -0.908169
vn -0.041341 -0.145843 0.988444
vn -0.455759 0.019266 -0.889895
vn -0.265661 0.063219 -0.961991
vn -0.048739 -0.061131 0.996939
vn -0.394657 0.170562 -0.902859
vn -0.218538 0.230442 -0.948229
vn -0.056816 0.068122 0.996058
vn -0.280950 0.286268 -0.916034
vn -0.242765 0.298154 -0.923130
vn -0.076528 0.243753 0.966813
vn -0.173134 0.485088 -0.857155
vn -0.051300 0.998558 0.015845
vn -0.111142 0.399708 0.909879
vn -0.165851 0.919239 -0.357063
vn -0.114232 0.992572 -0.041854
vn -0.036232 0.984527 0.171447
vn -0.014011 0.979391 0.201487
vn 0.009342 0.985796 0.167686
vn -0.014525 0.996456 -0.082846
vn -0.032158 0.982626 -0.182791
vn -0.077251 0.983459 -0.163834
vn -0.126746 0.979546 -0.156283
vn -0.172250 0.971079 -0.165336
vn -0.242778 0.956613 -0.161093
vn -0.283060 0.958913 0.019052
vn -0.228729 0.919998 0.318256
vn -0.159066 0.827338 0.538712
vn -0.066083 -0.867488 -0.493050
vn 0.079233 -0.988262 -0.130612
vn 0.048062 -0.998418 -0.029189
vn 0.138109 -0.987982 0.069407
vn 0.115022 -0.991192 0.065640
vn 0.120951 -0.992422 0.021645
vn 0.127204 -0.985478 -0.112479
vn 0.060812 -0.984381 -0.165217
vn -0.032999 -0.991218 -0.128055
vn -0.084887 -0.995093 -0.050843
vn -0.127737 -0.982726 0.133915
vn -0.196495 -0.918568 0.342962
vn -0.412397 -0.592538 0.691973
vn -0.202451 -0.518580 0.830715
vn -0.010120 -0.358359 -0.933529
vn 0.106985 -0.696457 -0.709579
vn -0.180031 -0.215456 0.959775
vn 0.056659 -0.151488 -0.986834
vn -0.156869 0.005503 0.987604
vn 0.076741 -0.066150 -0.994854
vn -0.124648 0.051941 0.990841
vn 0.080789 -0.188272 -0.978788
vn -0.085169 0.015288 0.996249
vn -0.170060 -0.260576 -0.950358
vn -0.043569 -0.227722 -0.972751
vn 0.083697 -0.283822 -0.955217
vn -0.064540 -0.056461 0.996317
vn -0.076449 -0.160603 -0.984054
vn -0.059730 -0.121662 0.990773
vn -0.079413 -0.139620 -0.987016
vn -0.026108 -0.173933 0.984411
vn -0.120183 -0.166773 -0.978643
vn -0.014025 -0.187891 0.982090
vn -0.156145 -0.157915 0.975029
vn -0.020619 -0.121434 0.992385
vn -0.201859 -0.244322 -0.948451
vn 0.035337 -0.004507 0.999365
vn -0.363643 -0.231878 -0.902217
vn -0.242353 -0.189789 -0.951444
vn -0.166719 -0.307157 -0.936942
vn -0.161742 0.321366 0.933040
vn -0.005089 0.156973 0.987590
vn -0.360891 -0.152890 -0.919990
vn -0.168254 -0.060620 -0.983878
vn 0.031905 0.362599 0.931399
vn -0.041257 0.279442 0.959276
vn -0.068452 0.079168 -0.994508
vn -0.063919 0.184211 0.980806
vn -0.198714 0.132361 -0.971079
vn -0.028371 0.148887 -0.988447
vn -0.116246 0.053881 0.991758
vn -0.050596 0.193984 -0.979699
vn -0.005501 0.151437 -0.988452
vn -0.112271 -0.078442 0.990577
vn -0.003517 0.060258 -0.998177
vn -0.066416 -0.185827 0.980335
vn -0.060144 -0.095193 -0.993640
vn 0.046904 -0.313420 0.948456
vn -0.278690 -0.236749 -0.930743
vn -0.148740 -0.268563 -0.951709
vn 0.021065 -0.264864 -0.964056
vn -0.007525 -0.486508 0.873644
vn 0.055134 -0.286647 0.956449
vn -0.287103 -0.253003 -0.923884
vn -0.145617 -0.227035 -0.962939
vn 0.066173 -0.190244 0.979504
vn -0.110365 -0.087105 -0.990067
vn 0.053601 -0.147534 0.987603
vn -0.110260 0.079222 -0.990740
vn 0.064617 -0.061302 0.996026
vn -0.094349 0.233266 -0.967825
vn 0.049938 0.052202 0.997387
vn -0.166002 0.305363 -0.937655
vn -0.089560 0.399847 -0.912196
vn 0.019091 0.199170 0.979779
vn -0.045038 0.566608 -0.822756
vn 0.075615 0.996075 0.046016
vn 0.377873 0.915279 0.139557
vn 0.169755 0.952331 0.253473
vn 0.069220 0.993215 -0.093449
vn 0.290961 0.954350 -0.067515
vn 0.262441 0.938330 -0.225083
vn 0.002603 0.408451 0.912777
vn -0.024595 0.918798 -0.393961
vn 0.008850 0.999168 0.039816
vn 0.043956 0.976970 0.208802
vn 0.114753 0.961693 0.248954
vn 0.126525 0.966654 -0.222646
vn 0.073376 0.971347 -0.226054
vn -0.012343 0.972920 -0.230811
vn -0.140096 0.961218 -0.237558
vn -0.291167 0.937241 -0.191838
vn -0.083744 0.944811 -0.316732
vn -0.297027 0.954865 -0.002934
vn -0.279705 0.943387 0.178284
vn -0.104329 0.837164 0.536910
vn -0.046636 0.797827 0.601080
vn -0.141174 0.981752 -0.127406
vn -0.126392 0.988793 0.079454
vn -0.048437 0.966634 0.251540
vn 0.250534 -0.831184 -0.496352
vn 0.182771 -0.983155 -0.001269
vn 0.249962 -0.967835 0.028535
vn 0.682364 -0.691591 0.236814
vn 0.776194 -0.534600 0.334254
vn 0.731432 -0.670825 0.122477
vn 0.731972 -0.681241 0.011292
vn 0.625101 -0.717714 -0.306816
vn 0.510930 -0.748669 -0.422427
vn 0.263566 -0.934331 -0.239914
vn 0.225241 -0.949364 -0.219031
vn 0.139639 -0.986031 -0.090801
vn 0.088238 -0.992454 0.085137
vn 0.111354 -0.928182 0.355075
vn 0.163932 -0.461529 0.871847
vn 0.242633 -0.322345 -0.914999
vn 0.386309 -0.704055 -0.595880
vn 0.783007 -0.544273 0.301110
vn 0.971917 0.032961 0.233003
vn 0.942999 -0.304875 0.133435
vn 0.902649 -0.424949 -0.068143
vn 0.852398 -0.379713 -0.359492
vn 0.676707 -0.606139 -0.417927
vn 0.127802 -0.171645 0.976834
vn 0.385303 -0.105742 -0.916712
vn 0.979959 0.152489 0.128171
vn 0.959334 0.163438 0.230143
vn 0.981372 0.126870 -0.144265
vn 0.926242 0.087353 -0.366668
vn 0.155775 0.011775 0.987722
vn 0.436109 -0.052091 -0.898385
vn 0.966248 0.100200 0.237329
vn 0.899976 0.169112 0.401802
vn 0.892288 0.060152 0.447441
vn 0.993695 0.067260 0.089697
vn 0.978804 0.069119 -0.192785
vn 0.917988 0.073181 -0.389799
vn 0.153708 0.073511 0.985378
vn 0.502247 -0.168841 -0.848081
vn 0.952089 -0.090509 0.292121
vn 0.871912 -0.175725 0.457044
vn 0.978244 -0.167589 0.122280
vn 0.970668 -0.199007 -0.134906
vn 0.888560 -0.151328 -0.433084
vn 0.160549 0.029616 0.986583
vn 0.160914 -0.312540 -0.936176
vn 0.550882 -0.313178 -0.773594
vn 0.896624 -0.382812 0.222532
vn 0.917873 -0.394614 0.042299
vn 0.864402 -0.430875 -0.259145
vn 0.163517 -0.045854 0.985474
vn 0.138766 -0.209081 -0.968003
vn 0.488519 -0.336620 -0.805007
vn 0.172326 -0.105718 0.979351
vn 0.195271 -0.205493 -0.958980
vn 0.251264 -0.118189 0.960676
vn 0.052309 -0.235974 -0.970351
vn 0.112667 -0.160069 0.980655
vn 0.156081 -0.084011 0.984165
vn 0.129537 -0.271609 -0.953650
vn 0.159601 0.044938 0.986158
vn 0.027142 -0.171317 -0.984842
vn 0.130897 -0.313798 -0.940424
vn 0.154997 0.206772 0.966034
vn 0.376126 0.149984 0.914349
vn 0.267518 0.236890 0.933979
vn 0.164351 0.026330 -0.986050
vn 0.233854 0.239691 0.942263
vn 0.202594 0.141349 -0.969008
vn 0.279885 0.164024 0.945918
vn 0.254787 0.218904 -0.941894
vn 0.170021 0.200954 -0.964733
vn 0.423428 0.195876 -0.884501
vn 0.963554 0.236298 0.125405
vn 0.926240 0.348555 0.143491
vn 0.911876 0.248971 0.326336
vn 0.954024 0.260284 -0.148630
vn 0.920297 0.376131 -0.107605
vn 0.896234 0.370431 -0.244018
vn 0.239674 0.027610 0.970461
vn 0.360802 0.130047 -0.923531
vn 0.946125 0.125404 0.298531
vn 0.919677 0.176703 0.350671
vn 0.921877 0.114430 0.370202
vn 0.988152 0.085749 0.127290
vn 0.990486 0.092579 -0.101816
vn 0.907118 0.241054 -0.345008
vn 0.942106 0.116612 -0.314384
vn 0.874578 0.101405 -0.474162
vn 0.268863 -0.062689 0.961136
vn 0.372087 -0.001972 -0.928196
vn 0.959075 0.031895 0.281350
vn 0.919740 0.024502 0.391764
vn 0.993368 0.004501 0.114891
vn 0.990607 -0.046991 -0.128411
vn 0.953912 -0.061263 -0.293765
vn 0.884553 -0.044023 -0.464358
vn 0.333513 -0.139577 0.932356
vn 0.270307 -0.187844 -0.944272
vn 0.945860 -0.165062 0.279471
vn 0.910449 -0.164940 0.379311
vn 0.983586 -0.147488 0.103952
vn 0.964390 -0.221344 -0.144771
vn 0.934805 -0.219948 -0.278861
vn 0.892500 -0.131871 -0.431340
vn 0.389659 -0.264690 0.882103
vn -0.002894 -0.285873 -0.958263
vn 0.245779 -0.284597 -0.926605
vn 0.909185 -0.312202 0.275522
vn 0.894753 -0.399248 0.200046
vn 0.939092 -0.338814 0.057542
vn 0.901567 -0.405187 -0.151659
vn 0.889395 -0.374499 -0.262158
vn 0.870611 -0.362820 -0.332262
vn 0.416996 -0.385100 0.823294
vn 0.270509 -0.253054 0.928864
vn 0.145010 -0.215919 -0.965583
vn 0.899979 -0.434567 -0.034501
vn 0.297051 -0.200549 0.933563
vn 0.077855 -0.069718 -0.994524
vn 0.273224 -0.125402 0.953741
vn 0.099687 0.064852 -0.992903
vn 0.271558 -0.085308 0.958634
vn 0.150996 0.237539 -0.959570
vn 0.239660 0.030991 0.970362
vn -0.014595 0.314231 -0.949234
vn 0.127702 0.316301 -0.940025
vn 0.247377 0.181043 0.951855
vn 0.274766 0.444495 -0.852600
vn 0.177293 0.510446 -0.841435
vn 0.312897 0.907277 0.280969
vn 0.567000 0.765263 0.304769
vn 0.518253 0.766283 0.379768
vn 0.595211 0.781682 0.186272
vn 0.550942 0.833304 -0.045475
vn 0.378813 0.870645 -0.313811
vn 0.598499 0.772015 -0.213991
vn 0.607900 0.703192 -0.368752
vn 0.254089 0.399436 0.880846
vn 0.271861 0.888552 -0.369550
vn 0.241504 0.969112 0.049982
vn 0.289143 0.915736 0.278968
vn 0.284030 0.912357 -0.294842
vn 0.329639 0.894838 -0.301005
vn 0.246840 0.920565 -0.302706
vn 0.252585 0.906869 -0.337326
vn 0.225249 0.747941 0.624377
vn 0.174114 0.813435 0.554984
vn 0.097166 0.975285 -0.198441
vn 0.155661 0.987525 0.023760
vn 0.132117 0.968542 0.210882
vn 0.884974 -0.455359 -0.097311
vn 0.908585 -0.397788 0.127431
vn 0.750583 -0.494427 -0.438369
vn 0.617370 -0.648825 -0.444838
vn 0.506888 -0.801472 -0.317345
vn 0.386342 -0.910808 -0.145494
vn 0.324283 -0.938249 0.120539
vn 0.318766 -0.834334 0.449750
vn 0.717999 -0.581237 0.382937
vn 0.891174 -0.265670 -0.367734
vn 0.973845 -0.221827 -0.049172
vn 0.964374 -0.194951 0.178822
vn 0.958141 -0.142733 0.248181
vn 0.892720 -0.167989 -0.418128
vn 0.807739 -0.297055 -0.509231
vn 0.820946 -0.238323 -0.518893
vn 0.802761 -0.415191 -0.428008
vn 0.498379 -0.408192 0.764851
vn 0.447201 -0.193302 0.873296
vn 0.928027 -0.049542 -0.369203
vn 0.999733 -0.020961 -0.009705
vn 0.971988 0.033819 0.232584
vn 0.949322 0.090430 0.301016
vn 0.888923 0.074985 -0.451876
vn 0.856778 0.045225 -0.513698
vn 0.847453 0.024350 -0.530312
vn 0.461433 0.015069 0.887047
vn 0.938358 -0.037580 -0.343617
vn 0.998995 0.011493 0.043321
vn 0.955375 0.062509 0.288705
vn 0.873608 -0.000788 -0.486630
vn 0.846666 0.038930 -0.530699
vn 0.827975 0.029137 -0.560008
vn 0.449238 0.075576 0.890210
vn 0.913735 -0.194609 -0.356674
vn 0.986205 -0.143709 0.082144
vn 0.944014 -0.115307 0.309099
vn 0.874127 -0.237324 -0.423768
vn 0.846030 -0.180016 -0.501824
vn 0.819231 -0.107731 -0.563254
vn 0.431121 0.003086 0.902289
vn 0.872661 -0.306505 -0.380156
vn 0.940076 -0.327566 0.094649
vn 0.917862 -0.291105 0.269793
vn 0.909125 -0.337294 0.244383
vn 0.904612 -0.423295 0.049995
vn 0.883965 -0.390060 -0.257796
vn 0.845556 -0.341385 -0.410478
vn 0.801537 -0.354928 -0.481211
vn 0.787706 -0.297537 -0.539436
vn 0.441300 -0.045673 0.896197
vn 0.546151 -0.284962 -0.787728
vn 0.705028 -0.359728 -0.611172
vn 0.859880 -0.423477 -0.285086
vn 0.908407 -0.398949 0.125044
vn 0.899639 -0.358399 0.249399
vn 0.877175 -0.384760 0.287271
vn 0.902801 -0.380033 0.201310
vn 0.912848 -0.405618 0.046716
vn 0.889989 -0.428984 -0.154571
vn 0.851832 -0.413022 -0.322173
vn 0.825380 -0.349265 -0.443578
vn 0.457873 -0.085693 0.884878
vn 0.404811 -0.272119 -0.872972
vn 0.797501 -0.276726 -0.536111
vn 0.874276 -0.386687 0.293455
vn 0.873519 -0.434175 0.220127
vn 0.948303 -0.296303 0.113691
vn 0.905504 -0.423701 0.023239
vn 0.884528 -0.452611 -0.112935
vn 0.867423 -0.435423 -0.240801
vn 0.862406 -0.375023 -0.340021
vn 0.531540 -0.066563 0.844414
vn 0.374048 -0.255697 -0.891463
vn 0.802612 -0.300740 -0.515140
vn 0.962360 -0.259361 -0.081204
vn 0.377048 -0.100348 0.920742
vn 0.514802 -0.054384 0.855583
vn 0.524599 -0.193076 -0.829167
vn 0.415136 -0.005178 0.909744
vn 0.569173 0.061211 0.819936
vn 0.404412 -0.100977 -0.908986
vn 0.620605 -0.118618 -0.775099
vn 0.942258 0.311531 0.122874
vn 0.949232 0.288854 0.124591
vn 0.928868 0.304558 0.210831
vn 0.925965 0.371577 -0.067223
vn 0.945854 0.323910 -0.021024
vn 0.915983 0.352910 -0.190865
vn 0.509817 0.190572 0.838910
vn 0.457939 0.101892 -0.883125
vn 0.725000 0.062787 -0.685881
vn 0.933527 0.275971 0.228839
vn 0.896143 0.280535 0.343842
vn 0.864555 0.256714 0.432021
vn 0.940656 0.292765 0.171625
vn 0.935483 0.353225 0.010200
vn 0.878149 0.426886 -0.215924
vn 0.899495 0.403544 -0.167515
vn 0.857410 0.435927 -0.273523
vn 0.864256 0.437889 -0.247619
vn 0.843891 0.431707 -0.318553
vn 0.456667 0.245465 0.855104
vn 0.512956 0.192385 -0.836579
vn 0.646861 0.176940 -0.741797
vn 0.922224 0.218137 0.319249
vn 0.865023 0.260629 0.428728
vn 0.943514 0.258910 0.206754
vn 0.937371 0.327320 0.119152
vn 0.917912 0.372823 -0.135799
vn 0.900275 0.353381 -0.254218
vn 0.827431 0.450302 -0.335537
vn 0.880604 0.337692 -0.332416
vn 0.854571 0.394592 -0.337648
vn 0.562414 0.220526 0.796906
vn 0.838932 0.305647 0.450303
vn 0.884731 0.247211 0.395142
vn 0.607685 0.169494 -0.775880
vn 0.915439 0.171062 0.364294
vn 0.865001 0.252966 0.433339
vn 0.888045 0.193210 0.417188
vn 0.940480 0.133359 0.312590
vn 0.937959 0.207637 0.277705
vn 0.913921 0.242771 -0.325287
vn 0.916204 0.195088 -0.350017
vn 0.915503 0.281484 -0.287438
vn 0.938224 0.172947 -0.299708
vn 0.952459 0.236213 -0.192420
vn 0.784110 0.107133 0.611305
vn 0.901017 0.154986 0.405152
vn 0.582765 0.109065 -0.805289
vn 0.929153 0.102667 0.355153
vn 0.910081 0.136624 0.391264
vn 0.938436 0.124931 0.322072
vn 0.920778 0.061727 -0.385172
vn 0.947208 0.064400 -0.314087
vn 0.981082 0.053880 -0.185943
vn 0.990891 0.027914 0.131739
vn 0.773402 -0.023712 0.633473
vn 0.604864 0.102136 -0.789752
vn 0.568416 -0.143346 -0.810158
vn 0.966879 0.090142 -0.238786
vn 0.930461 0.028695 0.365265
vn 0.945004 0.097429 0.312211
vn 0.948074 -0.013716 0.317754
vn 0.940721 0.016899 0.338760
vn 0.938520 0.046853 0.342031
vn 0.925851 -0.058885 -0.373273
vn 0.947109 -0.010632 -0.320736
vn 0.997634 -0.040627 -0.055458
vn 0.830373 -0.064479 0.553465
vn 0.529503 -0.156221 -0.833799
vn 0.929826 -0.170057 -0.326349
vn 0.920519 -0.081201 0.382166
vn 0.929634 -0.152394 0.335494
vn 0.939535 -0.075171 0.334102
vn 0.938427 -0.103907 0.329482
vn 0.926458 -0.191217 -0.324209
vn 0.934613 -0.149975 -0.322499
vn 0.929933 -0.196569 -0.310783
vn 0.968999 -0.120563 0.215650
vn 0.927790 -0.245135 0.281272
vn 0.789719 -0.189262 0.583544
vn 0.419515 -0.310805 -0.852882
vn 0.552326 -0.261033 -0.791706
vn 0.844008 -0.239720 0.479776
vn 0.862010 -0.224837 0.454299
vn 0.912757 -0.187122 0.363125
vn 0.954154 -0.174524 0.243170
vn 0.931564 -0.286226 0.224196
vn 0.924272 -0.344868 -0.163665
vn 0.913297 -0.288092 -0.287911
vn 0.912491 -0.276032 -0.301937
vn 0.867502 -0.312784 -0.386790
vn 0.904093 -0.290533 -0.313378
vn 0.771215 -0.292128 0.565587
vn 0.662407 -0.307904 0.682944
vn 0.716609 -0.273851 0.641465
vn 0.389099 -0.291787 -0.873763
vn 0.670041 -0.258640 -0.695809
vn 0.873291 -0.254225 0.415610
vn 0.888983 -0.254362 0.380801
vn 0.949375 -0.198794 0.243245
vn 0.970834 -0.215137 0.105813
vn 0.952061 -0.305739 -0.010139
vn 0.946483 -0.302413 -0.112767
vn 0.915465 -0.302767 -0.265058
vn 0.897432 -0.321221 -0.302379
vn 0.880274 -0.317645 -0.352447
vn 0.634950 -0.279970 0.720038
vn 0.756776 -0.269806 0.595395
vn 0.324955 -0.123607 -0.937617
vn 0.731073 -0.273416 -0.625121
vn 0.841786 -0.288136 0.456480
vn 0.846590 -0.266630 0.460644
vn 0.929132 -0.237338 0.283520
vn 0.974733 -0.209752 0.076812
vn 0.974417 -0.223935 -0.019080
vn 0.940917 -0.288110 -0.177956
vn 0.876998 -0.368295 -0.308599
vn 0.878133 -0.361129 -0.313796
vn 0.893085 -0.329490 -0.306327
vn 0.616158 -0.280994 0.735793
vn 0.452759 -0.155385 0.877989
vn 0.365561 0.098583 -0.925552
vn 0.907775 -0.276566 0.315367
vn 0.964451 0.086272 0.249784
vn 0.994159 -0.066710 0.084834
vn 0.980292 -0.169540 -0.101405
vn 0.951991 -0.203068 -0.229079
vn 0.885620 -0.362089 -0.290807
vn 0.451785 -0.091520 0.887420
vn 0.346627 0.254093 -0.902932
vn 0.940691 0.284612 0.184650
vn 0.917842 0.161000 0.362829
vn 0.852901 0.345926 0.391017
vn 0.977074 0.212814 -0.006072
vn 0.973846 0.161958 -0.159352
vn 0.961116 0.040691 -0.273132
vn 0.461270 0.065341 0.884850
vn 0.376640 0.390083 -0.840225
vn 0.363166 0.392910 -0.844827
vn 0.516750 0.408770 -0.752248
vn 0.751776 0.568260 0.334535
vn 0.824860 0.419669 0.378793
vn 0.723101 0.552477 0.414602
vn 0.839826 0.525050 0.137893
vn 0.881662 0.471201 -0.025325
vn 0.877020 0.435693 -0.202504
vn 0.903257 0.275792 -0.328733
vn 0.844053 0.413579 -0.341361
vn 0.862853 0.311688 -0.397913
vn 0.446347 0.221123 0.867109
vn 0.470677 0.805024 -0.361109
vn 0.540678 0.450063 -0.710711
vn 0.851151 0.512157 -0.115051
vn 0.626677 0.672854 0.393120
vn 0.722708 0.571323 0.388952
vn 0.598948 0.713900 0.362779
vn 0.722384 0.606480 -0.332180
vn 0.804263 0.440070 -0.399375
vn 0.652015 0.654694 -0.382428
vn 0.804294 0.481481 -0.348263
vn 0.498494 0.578095 0.645995
vn 0.723506 0.341344 0.600020
vn 0.590283 0.582952 0.558331
vn 0.486446 0.872664 0.042761
vn 0.533508 0.790349 -0.301195
vn 0.488705 0.862709 -0.130000
vn 0.636040 0.745756 -0.198246
vn 0.495396 0.860986 0.115268
vn 0.721520 0.692135 0.018907
vn 0.472842 0.772167 0.424475
vn 0.645622 0.712093 0.275854
vn 0.877285 -0.429004 -0.215235
vn 0.832613 -0.527161 0.169875
vn 0.908257 -0.156713 -0.387958
vn 0.966702 -0.152059 -0.205830
vn 0.970966 -0.208188 0.117826
vn 0.849779 -0.265601 0.455336
vn 0.921229 0.029045 -0.387934
vn 0.971016 0.047767 -0.234193
vn 0.995038 0.041437 0.090461
vn 0.869547 -0.009627 0.493756
vn 0.929454 0.006372 -0.368883
vn 0.978983 0.050727 -0.197532
vn 0.992366 0.087876 0.086525
vn 0.881428 0.083077 0.464955
vn 0.936767 -0.115059 -0.330499
vn 0.987557 -0.029024 -0.154563
vn 0.993773 0.009540 0.111011
vn 0.893468 0.033909 0.447845
vn 0.903107 -0.236695 -0.358292
vn 0.953007 -0.141342 -0.267954
vn 0.986470 -0.127050 -0.103607
vn 0.986462 -0.080208 0.143036
vn 0.893216 -0.040692 0.447783
vn 0.943781 -0.261094 -0.202747
vn 0.943430 -0.315424 0.102211
vn 0.926493 -0.256636 -0.275224
vn 0.952699 -0.193234 -0.234572
vn 0.982758 -0.157318 -0.097147
vn 0.976484 -0.118535 0.180082
vn 0.873030 -0.084734 0.480248
vn 0.957227 -0.201828 -0.207319
vn 0.982910 -0.177729 0.047956
vn 0.949455 -0.239420 0.203010
vn 0.942678 -0.276281 0.187156
vn 0.962936 -0.214106 -0.164051
vn 0.942108 -0.210381 -0.261099
vn 0.973927 -0.104300 -0.201462
vn 0.972781 -0.116043 -0.200578
vn 0.972930 -0.105800 -0.205458
vn 0.979348 -0.191742 0.064121
vn 0.989864 -0.100105 0.100742
vn 0.969502 -0.104194 0.221834
vn 0.856399 -0.073438 0.511065
vn 0.886051 -0.199892 -0.418279
vn 0.987508 -0.127148 -0.093069
vn 0.993709 -0.094455 0.060173
vn 0.984810 -0.080394 0.153902
vn 0.983038 -0.104717 0.150568
vn 0.992494 -0.122295 0.000208
vn 0.990631 -0.032950 -0.132531
vn 0.980970 -0.020877 -0.193036
vn 0.983694 0.016502 -0.179094
vn 0.982026 0.049160 -0.182234
vn 0.979135 -0.003246 -0.203186
vn 0.962211 -0.081146 0.259935
vn 0.924807 0.110234 0.364116
vn 0.871311 -0.006825 0.490684
vn 0.906660 -0.105687 -0.408408
vn 0.995361 -0.066435 -0.069593
vn 0.994853 -0.010741 0.100759
vn 0.983063 0.032102 0.180434
vn 0.986015 0.053433 0.157860
vn 0.987901 0.135161 0.076048
vn 0.979203 0.176075 -0.100796
vn 0.967424 0.176395 -0.181590
vn 0.975631 0.149426 -0.160673
vn 0.975394 0.160451 -0.151200
vn 0.983211 0.163307 -0.081404
vn 0.982227 0.173761 -0.070978
vn 0.973243 0.121754 0.194868
vn 0.987205 0.156119 0.032457
vn 0.852984 0.044773 0.520013
vn 0.928353 0.012252 -0.371499
vn 0.999304 0.035133 -0.012553
vn 0.987455 0.070441 0.141315
vn 0.973813 0.091796 0.207995
vn 0.953853 0.183817 0.237438
vn 0.915292 0.340669 -0.214906
vn 0.929167 0.301626 -0.213705
vn 0.962274 0.227880 -0.148660
vn 0.970961 0.220782 -0.092136
vn 0.972410 0.211591 0.098223
vn 0.889237 0.153222 0.431023
vn 0.937793 0.107951 -0.329985
vn 0.993488 0.113545 0.009433
vn 0.973470 0.137094 0.183198
vn 0.944062 0.185891 0.272380
vn 0.915864 0.333357 -0.223756
vn 0.959957 0.254399 -0.117319
vn 0.972562 0.221494 0.071154
vn 0.902757 0.239209 0.357503
vn 0.942456 0.143373 -0.302028
vn 0.990846 0.133006 0.023088
vn 0.968892 0.139330 0.204538
vn 0.926495 0.201902 0.317558
vn 0.943229 0.283951 -0.172314
vn 0.964844 0.247682 0.087920
vn 0.950022 0.137562 -0.280239
vn 0.990556 0.132605 0.034843
vn 0.954557 0.170138 0.244690
vn 0.972050 0.227453 0.058170
vn 0.961178 0.108826 -0.253561
vn 0.995448 0.095301 -0.000956
vn 0.954437 0.132066 0.267599
vn 0.999954 0.001874 -0.009457
vn 0.953980 -0.158325 -0.254668
vn 0.983212 -0.120842 0.136714
vn 0.976372 -0.213925 -0.030549
vn 0.939401 -0.195332 -0.281728
vn 0.986500 -0.154462 0.054391
vn 0.935645 -0.186778 0.299470
vn 0.944380 -0.245937 -0.218315
vn 0.978745 -0.205070 0.001934
vn 0.948977 -0.234234 0.211132
vn 0.935560 -0.214912 -0.280252
vn 0.982979 -0.158387 0.093091
vn 0.947460 -0.171529 0.269997
vn 0.959254 -0.222481 -0.174166
vn 0.984393 -0.174184 -0.025130
vn 0.934130 -0.198980 0.296325
vn 0.815164 -0.142760 -0.561362
vn 0.968095 -0.164787 -0.188781
vn 0.976264 -0.154109 0.152180
vn 0.973411 -0.101524 0.205338
vn 0.931650 -0.174043 0.318963
vn 0.935609 -0.260142 -0.238667
vn 0.954835 -0.200753 -0.219063
vn 0.988134 -0.122622 -0.092492
vn 0.992850 -0.119323 -0.003401
vn 0.959531 -0.138326 0.245288
vn 0.867573 -0.195628 0.457216
vn 0.797576 0.106915 -0.593668
vn 0.958979 0.028293 -0.282060
vn 0.985033 -0.018075 0.171413
vn 0.971567 -0.010553 0.236530
vn 0.971168 -0.017386 0.237763
vn 0.934523 -0.036812 0.353993
vn 0.956826 -0.128734 -0.260598
vn 0.973822 -0.140683 -0.178546
vn 0.982326 -0.113572 -0.148785
vn 0.991915 -0.080297 -0.098270
vn 0.996898 -0.078539 0.005179
vn 0.976516 -0.066403 0.204956
vn 0.894693 -0.111365 0.432576
vn 0.774554 0.238880 -0.585665
vn 0.915834 0.223995 -0.333279
vn 0.974601 0.187394 0.122620
vn 0.961009 0.133596 0.242102
vn 0.942979 0.181876 0.278767
vn 0.953194 0.082404 -0.290915
vn 0.980317 0.015039 -0.196857
vn 0.991419 -0.000414 -0.130725
vn 0.995391 -0.011400 -0.095220
vn 0.999893 -0.003754 0.014137
vn 0.972538 0.025839 0.231307
vn 0.898807 0.030161 0.437305
vn 0.877794 0.350791 -0.326226
vn 0.945844 0.318404 0.063230
vn 0.905300 0.328939 0.268758
vn 0.936128 0.223342 -0.271630
vn 0.979099 0.127154 -0.158735
vn 0.990356 0.099486 -0.096427
vn 0.993170 0.112331 0.031546
vn 0.965155 0.111588 0.236694
vn 0.884023 0.147644 0.443514
vn 0.886053 0.454777 0.089933
vn 0.894881 0.386290 -0.223536
vn 0.923966 0.366788 -0.108407
vn 0.931909 0.360582 0.039061
vn 0.911362 0.295933 0.286081
vn 0.999190 -0.039531 -0.007588
vn 0.999561 0.028468 -0.008190
vn 0.997944 -0.029620 0.056834
f 1//1 2//2 3//3
f 3//3 4//4 1//1
f 5//5 2//2 1//1
f 6//6 2//2 5//5
f 7//7 1//1 4//4
f 7//7 8//8 1//1
f 8//8 5//5 1//1
f 7//7 9//9 8//8
f 10//10 6//6 5//5
f 11//11 6//6 10//10
f 8//8 12//12 5//5
f 12//12 10//10 5//5
f 13//13 8//8 9//9
f 12//12 8//8 13//13
f 14//14 11//11 10//10
f 15//15 11//11 14//14
f 12//12 16//16 10//10
f 16//16 14//14 10//10
f 17//17 12//12 13//13
f 16//16 12//12 17//17
f 18//18 15//15 14//14
f 19//19 15//15 18//18
f 16//16 20//20 14//14
f 20//20 18//18 14//14
f 21//21 16//16 17//17
f 20//20 16//16 21//21
f 22//22 19//19 18//18
f 23//23 19//19 22//22
f 20//20 24//24 18//18
f 24//24 22//22 18//18
f 25//25 20//20 21//21
f 25//25 26//26 20//20
f 26//26 24//24 20//20
f 25//25 27//27 26//26
f 28//28 23//23 22//22
f 29//29 23//23 28//28
f 24//24 30//30 22//22
f 30//30 28//28 22//22
f 26//26 31//31 24//24
f 31//31 30//30 24//24
f 32//32 26//26 27//27
f 31//31 26//26 32//32
f 33//33 29//29 28//28
f 34//34 29//29 33//33
f 30//30 35//35 28//28
f 35//35 33//33 28//28
f 36//36 31//31 37//37
f 36//36 35//35 31//31
f 35//35 30//30 31//31
f 32//32 37//37 31//31
f 33//33 38//38 34//34
f 38//38 39//39 40//40
f 38//38 33//33 39//39
f 33//33 35//35 39//39
f 41//41 35//35 36//36
f 39//39 35//35 41//41
f 39//39 42//42 40//40
f 41//41 42//42 39//39
f 43//43 44//44 45//45
f 45//45 46//46 43//43
f 47//47 48//48 49//49
f 44//44 47//47 49//49
f 44//44 43//43 47//47
f 43//43 50//50 47//47
f 51//51 43//43 46//46
f 50//50 43//43 51//51
f 52//52 53//53 54//54
f 48//48 52//52 54//54
f 48//48 47//47 52//52
f 47//47 55//55 52//52
f 50//50 56//56 47//47
f 56//56 55//55 47//47
f 57//57 50//50 51//51
f 57//57 58//58 50//50
f 58//58 56//56 50//50
f 57//57 59//59 58//58
f 60//60 61//61 62//62
f 53//53 60//60 62//62
f 53//53 52//52 60//60
f 52//52 63//63 60//60
f 55//55 64//64 52//52
f 64//64 63//63 52//52
f 56//56 65//65 55//55
f 65//65 64//64 55//55
f 58//58 66//66 56//56
f 66//66 65//65 56//56
f 67//67 58//58 59//59
f 66//66 58//58 67//67
f 68//68 69//69 70//70
f 68//68 71//71 72//72
f 70//70 71//71 68//68
f 71//71 73//73 72//72
f 74//74 61//61 60//60
f 75//75 61//61 74//74
f 63//63 76//76 60//60
f 76//76 74//74 60//60
f 64//64 77//77 63//63
f 77//77 76//76 63//63
f 65//65 78//78 64//64
f 78//78 77//77 64//64
f 66//66 79//79 65//65
f 79//79 78//78 65//65
f 80//80 66//66 67//67
f 79//79 66//66 80//80
f 81//81 69//69 68//68
f 82//82 69//69 81//81
f 72//72 83//83 68//68
f 83//83 81//81 68//68
f 84//84 72//72 73//73
f 84//84 85//85 72//72
f 85//85 83//83 72//72
f 84//84 86//86 85//85
f 87//87 75//75 74//74
f 88//88 75//75 87//87
f 76//76 89//89 74//74
f 89//89 87//87 74//74
f 77//77 90//90 76//76
f 90//90 89//89 76//76
f 78//78 91//91 77//77
f 91//91 90//90 77//77
f 79//79 92//92 78//78
f 92//92 91//91 78//78
f 93//93 79//79 80//80
f 92//92 79//79 93//93
f 94//94 82//82 81//81
f 95//95 82//82 94//94
f 83//83 96//96 81//81
f 96//96 94//94 81//81
f 85//85 97//97 83//83
f 97//97 96//96 83//83
f 98//98 85//85 86//86
f 97//97 85//85 98//98
f 99//99 88//88 87//87
f 100//100 88//88 99//99
f 89//89 101//101 87//87
f 101//101 99//99 87//87
f 90//90 102//102 89//89
f 102//102 101//101 89//89
f 91//91 103//103 90//90
f 103//103 102//102 90//90
f 92//92 104//104 91//91
f 104//104 103//103 91//91
f 105//105 92//92 93//93
f 104//104 92//92 105//105
f 106//106 95//95 94//94
f 107//107 95//95 106//106
f 96//96 108//108 94//94
f 108//108 106//106 94//94
f 109//109 97//97 110//110
f 109//109 108//108 97//97
f 108//108 96//96 97//97
f 98//98 110//110 97//97
f 99//99 111//111 100//100
f 111//111 112//112 113//113
f 111//111 99//99 112//112
f 99//99 101//101 112//112
f 102//102 114//114 101//101
f 114//114 112//112 101//101
f 103//103 115//115 102//102
f 115//115 114//114 102//102
f 104//104 116//116 103//103
f 116//116 115//115 103//103
f 117//117 104//104 105//105
f 116//116 104//104 117//117
f 106//106 118//118 107//107
f 108//108 118//118 106//106
f 119//119 118//118 108//108
f 109//109 119//119 108//108
f 112//112 120//120 113//113
f 114//114 120//120 112//112
f 121//121 120//120 114//114
f 115//115 121//121 114//114
f 122//122 121//121 115//115
f 116//116 122//122 115//115
f 123//123 122//122 116//116
f 117//117 123//123 116//116
f 124//124 125//125 126//126
f 124//124 127//127 128//128
f 126//126 127//127 124//124
f 128//128 129//129 130//130
f 127//127 129//129 128//128
f 130//130 131//131 132//132
f 129//129 131//131 130//130
f 132//132 133//133 134//134
f 131//131 133//133 132//132
f 134//134 135//135 136//136
f 133//133 135//135 134//134
f 135//135 137//137 136//136
f 138//138 125//125 124//124
f 139//139 125//125 138//138
f 128//128 140//140 124//124
f 140//140 138//138 124//124
f 130//130 141//141 128//128
f 141//141 140//140 128//128
f 132//132 142//142 130//130
f 142//142 141//141 130//130
f 134//134 143//143 132//132
f 143//143 142//142 132//132
f 136//136 144//144 134//134
f 144//144 143//143 134//134
f 145//145 136//136 137//137
f 145//145 146//146 136//136
f 146//146 144//144 136//136
f 145//145 147//147 146//146
f 148//148 149//149 150//150
f 139//139 148//148 150//150
f 139//139 138//138 148//148
f 138//138 151//151 148//148
f 140//140 152//152 138//138
f 152//152 151//151 138//138
f 141//141 153//153 140//140
f 153//153 152//152 140//140
f 142//142 154//154 141//141
f 154//154 153//153 141//141
f 143//143 155//155 142//142
f 155//155 154//154 142//142
f 144//144 156//156 143//143
f 156//156 155//155 143//143
f 146//146 157//157 144//144
f 157//157 156//156 144//144
f 158//158 146//146 147//147
f 157//157 146//146 158//158
f 159//159 160//160 161//161
f 159//159 162//162 163//163
f 161//161 162//162 159//159
f 163//163 164//164 165//165
f 162//162 164//164 163//163
f 149//149 165//165 164//164
f 149//149 148//148 165//165
f 148//148 166//166 165//165
f 151//151 167//167 148//148
f 167//167 166//166 148//148
f 152//152 168//168 151//151
f 168//168 167//167 151//151
f 153//153 169//169 152//152
f 169//169 168//168 152//152
f 154//154 170//170 153//153
f 170//170 169//169 153//153
f 155//155 171//171 154//154
f 171//171 170//170 154//154
f 3//3 2//2 171//171
f 3//3 171//171 156//156
f 156//156 171//171 155//155
f 4//4 3//3 156//156
f 4//4 156//156 172//172
f 172//172 156//156 157//157
f 173//173 157//157 158//158
f 173//173 174//174 157//157
f 174//174 172//172 157//157
f 173//173 175//175 174//174
f 176//176 177//177 178//178
f 160//160 176//176 178//178
f 160//160 159//159 176//176
f 159//159 179//179 176//176
f 163//163 180//180 159//159
f 180//180 179//179 159//159
f 165//165 181//181 163//163
f 181//181 180//180 163//163
f 166//166 182//182 165//165
f 182//182 181//181 165//165
f 167//167 183//183 166//166
f 183//183 182//182 166//166
f 168//168 184//184 167//167
f 184//184 183//183 167//167
f 169//169 185//185 168//168
f 185//185 184//184 168//168
f 170//170 186//186 169//169
f 186//186 185//185 169//169
f 171//171 187//187 170//170
f 187//187 186//186 170//170
f 2//2 6//6 187//187
f 171//171 2//2 187//187
f 4//4 172//172 7//7
f 9//9 7//7 172//172
f 9//9 172//172 188//188
f 188//188 172//172 174//174
f 189//189 174//174 175//175
f 188//188 174//174 189//189
f 190//190 177//177 176//176
f 191//191 177//177 190//190
f 179//179 192//192 176//176
f 192//192 190//190 176//176
f 180//180 193//193 179//179
f 193//193 192//192 179//179
f 181//181 194//194 180//180
f 194//194 193//193 180//180
f 182//182 195//195 181//181
f 195//195 194//194 181//181
f 183//183 196//196 182//182
f 196//196 195//195 182//182
f 184//184 197//197 183//183
f 197//197 196//196 183//183
f 185//185 198//198 184//184
f 198//198 197//197 184//184
f 186//186 199//199 185//185
f 199//199 198//198 185//185
f 187//187 200//200 186//186
f 200//200 199//199 186//186
f 6//6 11//11 200//200
f 187//187 6//6 200//200
f 188//188 201//201 13//13
f 9//9 188//188 13//13
f 202//202 188//188 189//189
f 201//201 188//188 202//202
f 203//203 191//191 190//190
f 204//204 191//191 203//203
f 192//192 205//205 190//190
f 205//205 203//203 190//190
f 193//193 206//206 192//192
f 206//206 205//205 192//192
f 194//194 207//207 193//193
f 207//207 206//206 193//193
f 195//195 208//208 194//194
f 208//208 207//207 194//194
f 196//196 209//209 195//195
f 209//209 208//208 195//195
f 197//197 210//210 196//196
f 210//210 209//209 196//196
f 198//198 211//211 197//197
f 211//211 210//210 197//197
f 199//199 212//212 198//198
f 212//212 211//211 198//198
f 200//200 213//213 199//199
f 213//213 212//212 199//199
f 11//11 15//15 213//213
f 200//200 11//11 213//213
f 201//201 214//214 17//17
f 13//13 201//201 17//17
f 215//215 201//201 202//202
f 214//214 201//201 215//215
f 216//216 217//217 218//218
f 204//204 216//216 218//218
f 204//204 203//203 216//216
f 203//203 219//219 216//216
f 205//205 220//220 203//203
f 220//220 219//219 203//203
f 206//206 221//221 205//205
f 221//221 220//220 205//205
f 207//207 222//222 206//206
f 222//222 221//221 206//206
f 208//208 223//223 207//207
f 223//223 222//222 207//207
f 209//209 224//224 208//208
f 224//224 223//223 208//208
f 210//210 225//225 209//209
f 225//225 224//224 209//209
f 211//211 226//226 210//210
f 226//226 225//225 210//210
f 212//212 227//227 211//211
f 227//227 226//226 211//211
f 213//213 228//228 212//212
f 228//228 227//227 212//212
f 15//15 19//19 228//228
f 213//213 15//15 228//228
f 214//214 229//229 21//21
f 17//17 214//214 21//21
f 230//230 214//214 215//215
f 229//229 214//214 230//230
f 231//231 217//217 216//216
f 232//232 217//217 231//231
f 219//219 233//233 216//216
f 233//233 231//231 216//216
f 220//220 234//234 219//219
f 234//234 233//233 219//219
f 221//221 235//235 220//220
f 235//235 234//234 220//220
f 222//222 236//236 221//221
f 236//236 235//235 221//221
f 223//223 237//237 222//222
f 237//237 236//236 222//222
f 224//224 238//238 223//223
f 238//238 237//237 223//223
f 225//225 239//239 224//224
f 239//239 238//238 224//224
f 226//226 240//240 225//225
f 240//240 239//239 225//225
f 227//227 241//241 226//226
f 241//241 240//240 226//226
f 228//228 242//242 227//227
f 242//242 241//241 227//227
f 19//19 23//23 242//242
f 228//228 19//19 242//242
f 21//21 229//229 25//25
f 229//229 27//27 25//25
f 229//229 230//230 27//27
f 230//230 243//243 27//27
f 244//244 232//232 231//231
f 245//245 232//232 244//244
f 233//233 246//246 231//231
f 246//246 244//244 231//231
f 234//234 247//247 233//233
f 247//247 246//246 233//233
f 235//235 248//248 234//234
f 248//248 247//247 234//234
f 236//236 249//249 235//235
f 249//249 248//248 235//235
f 237//237 250//250 236//236
f 250//250 249//249 236//236
f 238//238 251//251 237//237
f 251//251 250//250 237//237
f 239//239 252//252 238//238
f 252//252 251//251 238//238
f 240//240 253//253 239//239
f 253//253 252//252 239//239
f 241//241 254//254 240//240
f 254//254 253//253 240//240
f 242//242 255//255 241//241
f 255//255 254//254 241//241
f 23//23 29//29 255//255
f 242//242 23//23 255//255
f 27//27 243//243 32//32
f 243//243 256//256 32//32
f 257//257 245//245 244//244
f 258//258 245//245 257//257
f 246//246 259//259 244//244
f 259//259 257//257 244//244
f 247//247 260//260 246//246
f 260//260 259//259 246//246
f 248//248 261//261 247//247
f 261//261 260//260 247//247
f 249//249 262//262 248//248
f 262//262 261//261 248//248
f 250//250 263//263 249//249
f 263//263 262//262 249//249
f 264//264 251//251 265//265
f 264//264 263//263 251//251
f 263//263 250//250 251//251
f 265//265 266//266 267//267
f 265//265 251//251 266//266
f 251//251 252//252 266//266
f 253//253 268//268 252//252
f 268//268 266//266 252//252
f 254//254 269//269 253//253
f 269//269 268//268 253//253
f 255//255 270//270 254//254
f 270//270 269//269 254//254
f 29//29 34//34 270//270
f 255//255 29//29 270//270
f 37//37 271//271 36//36
f 37//37 272//272 271//271
f 37//37 32//32 272//272
f 32//32 256//256 272//272
f 273//273 258//258 257//257
f 274//274 258//258 273//273
f 259//259 275//275 257//257
f 275//275 273//273 257//257
f 260//260 276//276 259//259
f 276//276 275//275 259//259
f 261//261 277//277 260//260
f 277//277 276//276 260//260
f 262//262 278//278 261//261
f 278//278 277//277 261//261
f 279//279 263//263 280//280
f 279//279 278//278 263//263
f 278//278 262//262 263//263
f 264//264 280//280 263//263
f 266//266 281//281 267//267
f 268//268 281//281 266//266
f 282//282 281//281 268//268
f 282//282 283//283 284//284
f 282//282 268//268 283//283
f 268//268 269//269 283//283
f 270//270 285//285 269//269
f 285//285 283//283 269//269
f 34//34 38//38 286//286
f 34//34 286//286 270//270
f 270//270 286//286 285//285
f 38//38 40//40 286//286
f 271//271 287//287 41//41
f 36//36 271//271 41//41
f 288//288 271//271 272//272
f 287//287 271//271 288//288
f 289//289 274//274 273//273
f 290//290 274//274 289//289
f 275//275 291//291 273//273
f 291//291 289//289 273//273
f 276//276 292//292 275//275
f 292//292 291//291 275//275
f 277//277 293//293 276//276
f 293//293 292//292 276//276
f 278//278 294//294 277//277
f 294//294 293//293 277//277
f 295//295 278//278 279//279
f 294//294 278//278 295//295
f 283//283 296//296 284//284
f 296//296 297//297 298//298
f 296//296 283//283 297//297
f 283//283 285//285 297//297
f 286//286 299//299 285//285
f 299//299 297//297 285//285
f 40//40 42//42 300//300
f 40//40 300//300 286//286
f 286//286 300//300 299//299
f 42//42 41//41 287//287
f 42//42 287//287 300//300
f 300//300 287//287 301//301
f 302//302 287//287 288//288
f 301//301 287//287 302//302
f 303//303 290//290 289//289
f 304//304 290//290 303//303
f 291//291 305//305 289//289
f 305//305 303//303 289//289
f 292//292 306//306 291//291
f 306//306 305//305 291//291
f 293//293 307//307 292//292
f 307//307 306//306 292//292
f 294//294 308//308 293//293
f 308//308 307//307 293//293
f 309//309 294//294 295//295
f 308//308 294//294 309//309
f 310//310 311//311 312//312
f 298//298 310//310 312//312
f 298//298 297//297 310//310
f 297//297 313//313 310//310
f 299//299 314//314 297//297
f 314//314 313//313 297//297
f 300//300 315//315 299//299
f 315//315 314//314 299//299
f 301//301 316//316 300//300
f 316//316 315//315 300//300
f 317//317 301//301 302//302
f 316//316 301//301 317//317
f 318//318 304//304 303//303
f 319//319 304//304 318//318
f 305//305 320//320 303//303
f 320//320 318//318 303//303
f 306//306 321//321 305//305
f 321//321 320//320 305//305
f 307//307 322//322 306//306
f 322//322 321//321 306//306
f 308//308 323//323 307//307
f 323//323 322//322 307//307
f 324//324 308//308 309//309
f 324//324 325//325 308//308
f 325//325 323//323 308//308
f 324//324 326//326 325//325
f 327//327 328//328 329//329
f 311//311 327//327 329//329
f 311//311 310//310 327//327
f 310//310 330//330 327//327
f 313//313 331//331 310//310
f 331//331 330//330 310//310
f 314//314 332//332 313//313
f 332//332 331//331 313//313
f 45//45 44//44 332//332
f 45//45 332//332 315//315
f 315//315 332//332 314//314
f 46//46 45//45 315//315
f 46//46 315//315 333//333
f 333//333 315//315 316//316
f 334//334 316//316 317//317
f 333//333 316//316 334//334
f 335//335 319//319 318//318
f 336//336 319//319 335//335
f 320//320 337//337 318//318
f 337//337 335//335 318//318
f 321//321 338//338 320//320
f 338//338 337//337 320//320
f 322//322 339//339 321//321
f 339//339 338//338 321//321
f 323//323 340//340 322//322
f 340//340 339//339 322//322
f 325//325 341//341 323//323
f 341//341 340//340 323//323
f 342//342 325//325 326//326
f 342//342 343//343 325//325
f 343//343 341//341 325//325
f 343//343 344//344 345//345
f 342//342 344//344 343//343
f 328//328 345//345 344//344
f 328//328 327//327 345//345
f 327//327 346//346 345//345
f 330//330 347//347 327//327
f 347//347 346//346 327//327
f 331//331 348//348 330//330
f 348//348 347//347 330//330
f 49//49 48//48 348//348
f 49//49 348//348 332//332
f 332//332 348//348 331//331
f 44//44 49//49 332//332
f 333//333 349//349 51//51
f 46//46 333//333 51//51
f 350//350 333//333 334//334
f 349//349 333//333 350//350
f 351//351 336//336 335//335
f 352//352 336//336 351//351
f 337//337 353//353 335//335
f 353//353 351//351 335//335
f 338//338 354//354 337//337
f 354//354 353//353 337//337
f 339//339 355//355 338//338
f 355//355 354//354 338//338
f 340//340 356//356 339//339
f 356//356 355//355 339//339
f 341//341 357//357 340//340
f 357//357 356//356 340//340
f 343//343 358//358 341//341
f 358//358 357//357 341//341
f 345//345 359//359 343//343
f 359//359 358//358 343//343
f 346//346 360//360 345//345
f 360//360 359//359 345//345
f 347//347 361//361 346//346
f 361//361 360//360 346//346
f 54//54 53//53 361//361
f 54//54 361//361 348//348
f 348//348 361//361 347//347
f 48//48 54//54 348//348
f 51//51 349//349 57//57
f 349//349 59//59 57//57
f 349//349 350//350 59//59
f 350//350 362//362 59//59
f 363//363 352//352 351//351
f 364//364 352//352 363//363
f 353//353 365//365 351//351
f 365//365 363//363 351//351
f 354//354 366//366 353//353
f 366//366 365//365 353//353
f 355//355 367//367 354//354
f 367//367 366//366 354//354
f 356//356 368//368 355//355
f 368//368 367//367 355//355
f 357//357 369//369 356//356
f 369//369 368//368 356//356
f 358//358 370//370 357//357
f 370//370 369//369 357//357
f 359//359 371//371 358//358
f 371//371 370//370 358//358
f 360//360 372//372 359//359
f 372//372 371//371 359//359
f 62//62 61//61 372//372
f 62//62 372//372 361//361
f 361//361 372//372 360//360
f 53//53 62//62 361//361
f 59//59 362//362 67//67
f 362//362 373//373 67//67
f 374//374 364//364 363//363
f 375//375 364//364 374//374
f 70//70 69//69 374//374
f 70//70 374//374 365//365
f 365//365 374//374 363//363
f 71//71 70//70 365//365
f 366//366 71//71 365//365
f 73//73 71//71 366//366
f 73//73 366//366 376//376
f 376//376 366//366 367//367
f 368//368 377//377 367//367
f 377//377 376//376 367//367
f 369//369 378//378 368//368
f 378//378 377//377 368//368
f 370//370 379//379 369//369
f 379//379 378//378 369//369
f 371//371 380//380 370//370
f 380//380 379//379 370//370
f 372//372 381//381 371//371
f 381//381 380//380 371//371
f 61//61 75//75 381//381
f 372//372 61//61 381//381
f 67//67 373//373 80//80
f 373//373 382//382 80//80
f 383//383 375//375 374//374
f 384//384 375//375 383//383
f 69//69 82//82 383//383
f 374//374 69//69 383//383
f 73//73 376//376 84//84
f 86//86 84//84 376//376
f 86//86 376//376 385//385
f 385//385 376//376 377//377
f 378//378 386//386 377//377
f 386//386 385//385 377//377
f 379//379 387//387 378//378
f 387//387 386//386 378//378
f 380//380 388//388 379//379
f 388//388 387//387 379//379
f 381//381 389//389 380//380
f 389//389 388//388 380//380
f 75//75 88//88 389//389
f 381//381 75//75 389//389
f 80//80 382//382 93//93
f 382//382 390//390 93//93
f 391//391 384//384 383//383
f 392//392 384//384 391//391
f 82//82 95//95 391//391
f 383//383 82//82 391//391
f 385//385 393//393 98//98
f 86//86 385//385 98//98
f 386//386 394//394 385//385
f 394//394 393//393 385//385
f 387//387 395//395 386//386
f 395//395 394//394 386//386
f 388//388 396//396 387//387
f 396//396 395//395 387//387
f 389//389 397//397 388//388
f 397//397 396//396 388//388
f 88//88 100//100 397//397
f 389//389 88//88 397//397
f 93//93 390//390 105//105
f 390//390 398//398 105//105
f 399//399 392//392 391//391
f 400//400 392//392 399//399
f 95//95 107//107 399//399
f 391//391 95//95 399//399
f 110//110 401//401 109//109
f 110//110 98//98 393//393
f 110//110 393//393 401//401
f 401//401 393//393 402//402
f 403//403 394//394 404//404
f 403//403 402//402 394//394
f 402//402 393//393 394//394
f 395//395 404//404 394//394
f 405//405 404//404 395//395
f 396//396 405//405 395//395
f 406//406 405//405 396//396
f 397//397 406//406 396//396
f 407//407 406//406 397//397
f 408//408 409//409 407//407
f 111//111 408//408 407//407
f 111//111 407//407 397//397
f 111//111 397//397 100//100
f 111//111 113//113 408//408
f 105//105 398//398 117//117
f 398//398 410//410 117//117
f 411//411 400//400 399//399
f 412//412 400//400 411//411
f 107//107 118//118 413//413
f 107//107 413//413 399//399
f 399//399 413//413 411//411
f 118//118 119//119 414//414
f 413//413 118//118 414//414
f 119//119 415//415 414//414
f 109//109 415//415 119//119
f 109//109 416//416 415//415
f 109//109 401//401 416//416
f 402//402 416//416 401//401
f 417//417 416//416 402//402
f 403//403 417//417 402//402
f 408//408 418//418 409//409
f 419//419 420//420 418//418
f 120//120 419//419 418//418
f 120//120 418//418 408//408
f 120//120 408//408 113//113
f 120//120 121//121 421//421
f 419//419 120//120 421//421
f 121//121 122//122 422//422
f 421//421 121//121 422//422
f 122//122 123//123 423//423
f 422//422 122//122 423//423
f 123//123 424//424 423//423
f 123//123 117//117 424//424
f 117//117 410//410 424//424
f 411//411 425//425 412//412
f 413//413 425//425 411//411
f 426//426 425//425 413//413
f 414//414 426//426 413//413
f 427//427 426//426 414//414
f 415//415 427//427 414//414
f 419//419 428//428 420//420
f 421//421 428//428 419//419
f 429//429 428//428 421//421
f 422//422 429//429 421//421
f 430//430 429//429 422//422
f 423//423 430//430 422//422
f 431//431 430//430 423//423
f 424//424 431//431 423//423
f 432//432 433//433 434//434
f 432//432 126//126 125//125
f 432//432 434//434 126//126
f 434//434 435//435 126//126
f 127//127 126//126 436//436
f 126//126 435//435 436//436
f 129//129 127//127 437//437
f 127//127 436//436 437//437
f 131//131 129//129 438//438
f 129//129 437//437 438//438
f 133//133 131//131 439//439
f 131//131 438//438 439//439
f 135//135 133//133 440//440
f 133//133 439//439 440//440
f 137//137 441//441 442//442
f 137//137 135//135 441//441
f 135//135 440//440 441//441
f 441//441 443//443 442//442
f 444//444 445//445 446//446
f 444//444 447//447 448//448
f 446//446 447//447 444//444
f 433//433 448//448 447//447
f 433//433 432//432 448//448
f 432//432 449//449 448//448
f 125//125 139//139 449//449
f 432//432 125//125 449//449
f 137//137 442//442 145//145
f 442//442 147//147 145//145
f 442//442 443//443 147//147
f 443//443 450//450 147//147
f 451//451 452//452 453//453
f 445//445 451//451 453//453
f 445//445 444//444 451//451
f 444//444 454//454 451//451
f 448//448 455//455 444//444
f 455//455 454//454 444//444
f 150//150 149//149 455//455
f 150//150 455//455 449//449
f 449//449 455//455 448//448
f 139//139 150//150 449//449
f 456//456 457//457 158//158
f 456//456 158//158 450//450
f 450//450 158//158 147//147
f 456//456 458//458 457//457
f 459//459 460//460 461//461
f 452//452 459//459 461//461
f 451//451 459//459 452//452
f 451//451 160//160 459//459
f 451//451 161//161 160//160
f 162//162 161//161 451//451
f 454//454 162//162 451//451
f 164//164 162//162 454//454
f 455//455 164//164 454//454
f 149//149 164//164 455//455
f 158//158 457//457 173//173
f 457//457 175//175 173//173
f 457//457 458//458 175//175
f 458//458 462//462 175//175
f 178//178 460//460 459//459
f 178//178 177//177 460//460
f 177//177 463//463 460//460
f 160//160 178//178 459//459
f 175//175 462//462 189//189
f 462//462 464//464 189//189
f 465//465 466//466 467//467
f 465//465 467//467 463//463
f 465//465 463//463 191//191
f 191//191 463//463 177//177
f 189//189 464//464 202//202
f 464//464 468//468 202//202
f 469//469 466//466 465//465
f 470//470 466//466 469//469
f 191//191 204//204 469//469
f 465//465 191//191 469//469
f 202//202 468//468 215//215
f 468//468 471//471 215//215
f 218//218 470//470 469//469
f 218//218 217//217 470//470
f 217//217 472//472 470//470
f 204//204 218//218 469//469
f 215//215 471//471 230//230
f 471//471 473//473 230//230
f 217//217 232//232 472//472
f 472//472 232//232 474//474
f 230//230 473//473 243//243
f 473//473 475//475 243//243
f 232//232 245//245 474//474
f 474//474 245//245 476//476
f 243//243 475//475 256//256
f 475//475 477//477 256//256
f 245//245 258//258 476//476
f 476//476 258//258 478//478
f 265//265 479//479 264//264
f 265//265 267//267 479//479
f 256//256 477//477 272//272
f 477//477 480//480 272//272
f 258//258 274//274 478//478
f 478//478 274//274 481//481
f 280//280 482//482 279//279
f 280//280 264//264 479//479
f 280//280 479//479 482//482
f 482//482 479//479 483//483
f 267//267 281//281 484//484
f 267//267 484//484 479//479
f 479//479 484//484 483//483
f 281//281 282//282 485//485
f 484//484 281//281 485//485
f 282//282 284//284 485//485
f 272//272 480//480 288//288
f 480//480 486//486 288//288
f 487//487 488//488 489//489
f 487//487 489//489 481//481
f 487//487 481//481 290//290
f 290//290 481//481 274//274
f 482//482 490//490 295//295
f 279//279 482//482 295//295
f 483//483 491//491 482//482
f 491//491 490//490 482//482
f 484//484 492//492 483//483
f 492//492 491//491 483//483
f 485//485 493//493 484//484
f 493//493 492//492 484//484
f 284//284 296//296 494//494
f 284//284 494//494 485//485
f 485//485 494//494 493//493
f 296//296 298//298 494//494
f 288//288 486//486 302//302
f 486//486 495//495 302//302
f 496//496 488//488 487//487
f 497//497 488//488 496//496
f 290//290 304//304 496//496
f 487//487 290//290 496//496
f 490//490 498//498 309//309
f 295//295 490//490 309//309
f 491//491 499//499 490//490
f 499//499 498//498 490//490
f 492//492 500//500 491//491
f 500//500 499//499 491//491
f 493//493 501//501 492//492
f 501//501 500//500 492//492
f 312//312 311//311 501//501
f 312//312 501//501 494//494
f 494//494 501//501 493//493
f 298//298 312//312 494//494
f 302//302 495//495 317//317
f 495//495 502//502 317//317
f 496//496 503//503 497//497
f 503//503 496//496 304//304
f 503//503 304//304 504//504
f 504//504 304//304 319//319
f 309//309 498//498 324//324
f 326//326 324//324 498//498
f 326//326 498//498 505//505
f 505//505 498//498 499//499
f 500//500 506//506 499//499
f 506//506 505//505 499//499
f 329//329 328//328 506//506
f 329//329 506//506 501//501
f 501//501 506//506 500//500
f 311//311 329//329 501//501
f 317//317 502//502 334//334
f 502//502 507//507 334//334
f 319//319 336//336 504//504
f 504//504 336//336 508//508
f 326//326 505//505 342//342
f 344//344 342//342 505//505
f 506//506 344//344 505//505
f 328//328 344//344 506//506
f 334//334 507//507 350//350
f 507//507 509//509 350//350
f 336//336 352//352 508//508
f 508//508 352//352 510//510
f 350//350 509//509 362//362
f 509//509 511//511 362//362
f 352//352 364//364 510//510
f 510//510 364//364 512//512
f 362//362 511//511 373//373
f 511//511 513//513 373//373
f 364//364 375//375 512//512
f 512//512 375//375 514//514
f 373//373 513//513 382//382
f 513//513 515//515 382//382
f 375//375 384//384 514//514
f 514//514 384//384 516//516
f 382//382 515//515 390//390
f 515//515 517//517 390//390
f 384//384 392//392 516//516
f 516//516 392//392 518//518
f 390//390 517//517 398//398
f 517//517 519//519 398//398
f 392//392 400//400 518//518
f 518//518 400//400 520//520
f 404//404 521//521 403//403
f 404//404 405//405 522//522
f 521//521 404//404 522//522
f 405//405 406//406 523//523
f 522//522 405//405 523//523
f 406//406 407//407 524//524
f 523//523 406//406 524//524
f 407//407 409//409 524//524
f 398//398 519//519 410//410
f 519//519 525//525 410//410
f 400//400 412//412 520//520
f 520//520 412//412 526//526
f 416//416 527//527 415//415
f 528//528 527//527 416//416
f 528//528 416//416 529//529
f 529//529 416//416 417//417
f 521//521 417//417 403//403
f 521//521 530//530 417//417
f 530//530 529//529 417//417
f 522//522 530//530 521//521
f 531//531 530//530 522//522
f 523//523 531//531 522//522
f 532//532 531//531 523//523
f 524//524 532//532 523//523
f 533//533 532//532 524//524
f 409//409 533//533 524//524
f 409//409 418//418 533//533
f 418//418 534//534 533//533
f 534//534 418//418 420//420
f 535//535 534//534 420//420
f 410//410 525//525 424//424
f 525//525 536//536 424//424
f 412//412 537//537 526//526
f 425//425 537//537 412//412
f 426//426 538//538 425//425
f 425//425 538//538 537//537
f 427//427 539//539 426//426
f 426//426 539//539 538//538
f 527//527 427//427 415//415
f 527//527 540//540 427//427
f 540//540 539//539 427//427
f 528//528 540//540 527//527
f 420//420 541//541 535//535
f 428//428 541//541 420//420
f 429//429 542//542 428//428
f 428//428 542//542 541//541
f 430//430 543//543 429//429
f 429//429 543//543 542//542
f 431//431 544//544 430//430
f 430//430 544//544 543//543
f 536//536 431//431 424//424
f 544//544 431//431 536//536
f 434//434 545//545 546//546
f 433//433 545//545 434//434
f 435//435 434//434 547//547
f 434//434 546//546 547//547
f 436//436 435//435 548//548
f 435//435 547//547 548//548
f 437//437 436//436 549//549
f 436//436 548//548 549//549
f 438//438 437//437 550//550
f 437//437 549//549 550//550
f 439//439 438//438 551//551
f 438//438 550//550 551//551
f 440//440 439//439 552//552
f 439//439 551//551 552//552
f 553//553 552//552 554//554
f 553//553 441//441 552//552
f 441//441 440//440 552//552
f 441//441 553//553 443//443
f 446//446 555//555 556//556
f 445//445 555//555 446//446
f 447//447 446//446 557//557
f 446//446 556//556 557//557
f 545//545 433//433 447//447
f 557//557 545//545 447//447
f 553//553 554//554 558//558
f 558//558 443//443 553//553
f 558//558 559//559 443//443
f 559//559 450//450 443//443
f 453//453 560//560 561//561
f 452//452 560//560 453//453
f 555//555 445//445 453//453
f 561//561 555//555 453//453
f 450//450 559//559 562//562
f 456//456 450//450 562//562
f 562//562 458//458 456//456
f 563//563 458//458 562//562
f 461//461 564//564 565//565
f 460//460 564//564 461//461
f 560//560 452//452 461//461
f 565//565 560//560 461//461
f 458//458 563//563 462//462
f 563//563 566//566 462//462
f 567//567 568//568 569//569
f 567//567 569//569 564//564
f 567//567 564//564 463//463
f 463//463 564//564 460//460
f 462//462 566//566 464//464
f 566//566 570//570 464//464
f 467//467 568//568 567//567
f 467//467 466//466 568//568
f 466//466 571//571 568//568
f 463//463 467//467 567//567
f 464//464 570//570 468//468
f 570//570 572//572 468//468
f 466//466 470//470 571//571
f 571//571 470//470 573//573
f 468//468 572//572 471//471
f 572//572 574//574 471//471
f 470//470 472//472 573//573
f 573//573 472//472 575//575
f 471//471 574//574 473//473
f 574//574 576//576 473//473
f 472//472 474//474 575//575
f 575//575 474//474 577//577
f 473//473 576//576 475//475
f 576//576 578//578 475//475
f 474//474 476//476 577//577
f 577//577 476//476 579//579
f 475//475 578//578 477//477
f 578//578 580//580 477//477
f 476//476 478//478 579//579
f 579//579 478//478 581//581
f 477//477 580//580 480//480
f 580//580 582//582 480//480
f 478//478 481//481 581//581
f 581//581 481//481 583//583
f 480//480 582//582 486//486
f 582//582 584//584 486//486
f 489//489 488//488 585//585
f 489//489 585//585 586//586
f 489//489 586//586 481//481
f 481//481 586//586 583//583
f 486//486 584//584 495//495
f 584//584 587//587 495//495
f 585//585 497//497 588//588
f 488//488 497//497 585//585
f 589//589 586//586 585//585
f 588//588 589//589 585//585
f 495//495 587//587 502//502
f 587//587 590//590 502//502
f 497//497 503//503 588//588
f 588//588 503//503 504//504
f 588//588 504//504 589//589
f 589//589 504//504 591//591
f 502//502 590//590 507//507
f 590//590 592//592 507//507
f 504//504 508//508 591//591
f 591//591 508//508 593//593
f 507//507 592//592 509//509
f 592//592 594//594 509//509
f 508//508 510//510 593//593
f 593//593 510//510 595//595
f 509//509 594//594 511//511
f 594//594 596//596 511//511
f 510//510 512//512 595//595
f 595//595 512//512 597//597
f 511//511 596//596 513//513
f 596//596 598//598 513//513
f 512//512 514//514 597//597
f 597//597 514//514 599//599
f 513//513 598//598 515//515
f 598//598 600//600 515//515
f 514//514 516//516 599//599
f 599//599 516//516 601//601
f 515//515 600//600 517//517
f 600//600 602//602 517//517
f 516//516 518//518 601//601
f 601//601 518//518 603//603
f 517//517 602//602 519//519
f 602//602 604//604 519//519
f 518//518 520//520 603//603
f 603//603 520//520 605//605
f 519//519 604//604 525//525
f 604//604 606//606 525//525
f 520//520 526//526 605//605
f 605//605 526//526 607//607
f 529//529 608//608 609//609
f 528//528 529//529 609//609
f 530//530 610//610 529//529
f 529//529 610//610 608//608
f 531//531 611//611 530//530
f 530//530 611//611 610//610
f 532//532 612//612 531//531
f 531//531 612//612 611//611
f 533//533 613//613 532//532
f 532//532 613//613 612//612
f 614//614 615//615 613//613
f 614//614 613//613 534//534
f 534//534 613//613 533//533
f 534//534 535//535 614//614
f 616//616 617//617 618//618
f 616//616 606//606 617//617
f 616//616 536//536 606//606
f 536//536 525//525 606//606
f 526//526 619//619 607//607
f 537//537 619//619 526//526
f 538//538 620//620 537//537
f 537//537 620//620 619//619
f 539//539 621//621 538//538
f 538//538 621//621 620//620
f 540//540 622//622 539//539
f 539//539 622//622 621//621
f 609//609 540//540 528//528
f 622//622 540//540 609//609
f 614//614 623//623 615//615
f 535//535 623//623 614//614
f 535//535 541//541 623//623
f 541//541 624//624 623//623
f 542//542 625//625 541//541
f 541//541 625//625 624//624
f 543//543 626//626 542//542
f 542//542 626//626 625//625
f 618//618 544//544 616//616
f 618//618 626//626 544//544
f 626//626 543//543 544//544
f 536//536 616//616 544//544
f 546//546 545//545 627//627
f 628//628 546//546 627//627
f 628//628 629//629 546//546
f 629//629 547//547 546//546
f 548//548 547//547 630//630
f 547//547 629//629 630//630
f 549//549 548//548 631//631
f 548//548 630//630 631//631
f 550//550 549//549 632//632
f 549//549 631//631 632//632
f 633//633 632//632 634//634
f 633//633 551//551 632//632
f 551//551 550//550 632//632
f 551//551 635//635 552//552
f 633//633 635//635 551//551
f 552//552 635//635 554//554
f 556//556 555//555 636//636
f 637//637 556//556 636//636
f 637//637 638//638 556//556
f 638//638 557//557 556//556
f 627//627 545//545 557//557
f 627//627 557//557 639//639
f 639//639 557//557 638//638
f 628//628 627//627 639//639
f 633//633 634//634 640//640
f 635//635 633//633 640//640
f 641//641 635//635 640//640
f 642//642 641//641 643//643
f 558//558 641//641 642//642
f 558//558 635//635 641//641
f 558//558 554//554 635//635
f 558//558 642//642 559//559
f 561//561 644//644 645//645
f 560//560 644//644 561//561
f 636//636 555//555 561//561
f 636//636 561//561 646//646
f 646//646 561//561 645//645
f 637//637 636//636 646//646
f 642//642 643//643 647//647
f 648//648 647//647 649//649
f 562//562 647//647 648//648
f 562//562 642//642 647//647
f 562//562 559//559 642//642
f 562//562 648//648 563//563
f 565//565 650//650 651//651
f 564//564 650//650 565//565
f 644//644 560//560 565//565
f 651//651 644//644 565//565
f 648//648 649//649 652//652
f 652//652 563//563 648//648
f 652//652 653//653 563//563
f 653//653 566//566 563//563
f 569//569 654//654 655//655
f 568//568 654//654 569//569
f 650//650 564//564 569//569
f 655//655 650//650 569//569
f 566//566 653//653 570//570
f 653//653 656//656 570//570
f 568//568 571//571 654//654
f 654//654 571//571 657//657
f 570//570 656//656 572//572
f 656//656 658//658 572//572
f 571//571 573//573 657//657
f 657//657 573//573 659//659
f 572//572 658//658 574//574
f 658//658 660//660 574//574
f 573//573 575//575 659//659
f 659//659 575//575 661//661
f 574//574 660//660 576//576
f 660//660 662//662 576//576
f 575//575 577//577 661//661
f 661//661 577//577 663//663
f 576//576 662//662 578//578
f 662//662 664//664 578//578
f 577//577 579//579 663//663
f 663//663 579//579 665//665
f 578//578 664//664 580//580
f 664//664 666//666 580//580
f 579//579 581//581 665//665
f 665//665 581//581 667//667
f 580//580 666//666 582//582
f 666//666 668//668 582//582
f 581//581 583//583 667//667
f 667//667 583//583 669//669
f 582//582 668//668 584//584
f 668//668 670//670 584//584
f 583//583 586//586 669//669
f 669//669 586//586 671//671
f 672//672 673//673 674//674
f 672//672 670//670 673//673
f 672//672 587//587 670//670
f 587//587 584//584 670//670
f 586//586 589//589 671//671
f 671//671 589//589 675//675
f 676//676 672//672 674//674
f 677//677 676//676 674//674
f 587//587 676//676 590//590
f 672//672 676//676 587//587
f 589//589 591//591 675//675
f 675//675 591//591 678//678
f 679//679 676//676 677//677
f 680//680 679//679 677//677
f 590//590 679//679 592//592
f 676//676 679//679 590//590
f 591//591 593//593 678//678
f 678//678 593//593 681//681
f 679//679 680//680 682//682
f 682//682 592//592 679//679
f 682//682 683//683 592//592
f 683//683 594//594 592//592
f 593//593 595//595 681//681
f 681//681 595//595 684//684
f 594//594 683//683 596//596
f 683//683 685//685 596//596
f 595//595 597//597 684//684
f 684//684 597//597 686//686
f 596//596 685//685 598//598
f 685//685 687//687 598//598
f 597//597 599//599 686//686
f 686//686 599//599 688//688
f 598//598 687//687 600//600
f 687//687 689//689 600//600
f 599//599 601//601 688//688
f 688//688 601//601 690//690
f 600//600 689//689 602//602
f 689//689 691//691 602//602
f 601//601 603//603 690//690
f 690//690 603//603 692//692
f 602//602 691//691 604//604
f 691//691 693//693 604//604
f 603//603 605//605 692//692
f 692//692 605//605 694//694
f 604//604 693//693 606//606
f 693//693 695//695 606//606
f 605//605 607//607 694//694
f 694//694 607//607 696//696
f 608//608 697//697 698//698
f 609//609 608//608 698//698
f 610//610 699//699 608//608
f 608//608 699//699 697//697
f 611//611 700//700 610//610
f 610//610 700//700 699//699
f 612//612 701//701 611//611
f 611//611 701//701 700//700
f 613//613 702//702 612//612
f 612//612 702//702 701//701
f 702//702 613//613 615//615
f 703//703 702//702 615//615
f 617//617 704//704 705//705
f 618//618 617//617 705//705
f 695//695 617//617 606//606
f 704//704 617//617 695//695
f 607//607 706//706 696//696
f 619//619 706//706 607//607
f 620//620 707//707 619//619
f 619//619 707//707 706//706
f 621//621 708//708 620//620
f 620//620 708//708 707//707
f 622//622 709//709 621//621
f 621//621 709//709 708//708
f 698//698 622//622 609//609
f 709//709 622//622 698//698
f 615//615 710//710 703//703
f 623//623 710//710 615//615
f 624//624 711//711 623//623
f 623//623 711//711 710//710
f 625//625 712//712 624//624
f 624//624 712//712 711//711
f 626//626 713//713 625//625
f 625//625 713//713 712//712
f 705//705 626//626 618//618
f 713//713 626//626 705//705
f 629//629 714//714 715//715
f 628//628 714//714 629//629
f 630//630 629//629 716//716
f 629//629 715//715 716//716
f 717//717 716//716 718//718
f 717//717 631//631 716//716
f 631//631 630//630 716//716
f 631//631 719//719 632//632
f 717//717 719//719 631//631
f 632//632 719//719 634//634
f 638//638 720//720 721//721
f 637//637 720//720 638//638
f 639//639 638//638 722//722
f 638//638 721//721 722//722
f 714//714 628//628 639//639
f 722//722 714//714 639//639
f 717//717 718//718 723//723
f 719//719 717//717 723//723
f 724//724 719//719 723//723
f 725//725 724//724 726//726
f 640//640 724//724 725//725
f 640//640 719//719 724//724
f 640//640 634//634 719//719
f 640//640 727//727 641//641
f 725//725 727//727 640//640
f 641//641 727//727 643//643
f 645//645 728//728 729//729
f 644//644 728//728 645//645
f 646//646 645//645 730//730
f 645//645 729//729 730//730
f 720//720 637//637 646//646
f 730//730 720//720 646//646
f 725//725 726//726 731//731
f 727//727 725//725 731//731
f 732//732 727//727 731//731
f 733//733 732//732 734//734
f 647//647 732//732 733//733
f 647//647 727//727 732//732
f 647//647 643//643 727//727
f 647//647 733//733 649//649
f 651//651 735//735 736//736
f 650//650 735//735 651//651
f 728//728 644//644 651//651
f 736//736 728//728 651//651
f 733//733 734//734 737//737
f 738//738 737//737 739//739
f 652//652 737//737 738//738
f 652//652 733//733 737//737
f 652//652 649//649 733//733
f 652//652 738//738 653//653
f 655//655 740//740 741//741
f 654//654 740//740 655//655
f 735//735 650//650 655//655
f 741//741 735//735 655//655
f 742//742 738//738 739//739
f 743//743 742//742 739//739
f 653//653 742//742 656//656
f 738//738 742//742 653//653
f 654//654 657//657 740//740
f 740//740 657//657 744//744
f 742//742 743//743 745//745
f 745//745 656//656 742//742
f 745//745 746//746 656//656
f 746//746 658//658 656//656
f 657//657 659//659 744//744
f 744//744 659//659 747//747
f 658//658 746//746 660//660
f 746//746 748//748 660//660
f 749//749 661//661 750//750
f 749//749 747//747 661//661
f 747//747 659//659 661//661
f 749//749 750//750 751//751
f 660//660 748//748 662//662
f 748//748 752//752 662//662
f 750//750 663//663 753//753
f 661//661 663//663 750//750
f 754//754 751//751 750//750
f 753//753 754//754 750//750
f 662//662 752//752 664//664
f 752//752 755//755 664//664
f 753//753 756//756 757//757
f 753//753 663//663 756//756
f 663//663 665//665 756//756
f 754//754 753//753 757//757
f 664//664 755//755 666//666
f 755//755 758//758 666//666
f 665//665 667//667 756//756
f 756//756 667//667 759//759
f 666//666 758//758 668//668
f 758//758 760//760 668//668
f 667//667 669//669 759//759
f 759//759 669//669 761//761
f 762//762 763//763 764//764
f 762//762 760//760 763//763
f 762//762 670//670 760//760
f 670//670 668//668 760//760
f 669//669 671//671 761//761
f 761//761 671//671 765//765
f 766//766 767//767 768//768
f 764//764 767//767 766//766
f 762//762 764//764 766//766
f 762//762 766//766 674//674
f 762//762 674//674 673//673
f 670//670 762//762 673//673
f 671//671 675//675 765//765
f 765//765 675//675 769//769
f 770//770 766//766 768//768
f 771//771 770//770 768//768
f 674//674 770//770 677//677
f 766//766 770//770 674//674
f 675//675 678//678 769//769
f 769//769 678//678 772//772
f 770//770 771//771 773//773
f 773//773 677//677 770//770
f 773//773 774//774 677//677
f 774//774 680//680 677//677
f 678//678 681//681 772//772
f 772//772 681//681 775//775
f 776//776 682//682 680//680
f 776//776 680//680 777//777
f 777//777 680//680 774//774
f 682//682 776//776 683//683
f 681//681 684//684 775//775
f 775//775 684//684 778//778
f 779//779 776//776 777//777
f 780//780 779//779 777//777
f 683//683 779//779 685//685
f 776//776 779//779 683//683
f 684//684 686//686 778//778
f 778//778 686//686 781//781
f 779//779 780//780 782//782
f 782//782 685//685 779//779
f 782//782 783//783 685//685
f 783//783 687//687 685//685
f 686//686 688//688 781//781
f 781//781 688//688 784//784
f 687//687 783//783 689//689
f 783//783 785//785 689//689
f 688//688 690//690 784//784
f 784//784 690//690 786//786
f 689//689 785//785 691//691
f 785//785 787//787 691//691
f 690//690 692//692 786//786
f 786//786 692//692 788//788
f 691//691 787//787 693//693
f 787//787 789//789 693//693
f 692//692 694//694 788//788
f 788//788 694//694 790//790
f 693//693 789//789 695//695
f 789//789 791//791 695//695
f 792//792 696//696 793//793
f 792//792 790//790 696//696
f 790//790 694//694 696//696
f 792//792 793//793 794//794
f 697//697 795//795 796//796
f 698//698 697//697 796//796
f 699//699 797//797 697//697
f 697//697 797//797 795//795
f 700//700 798//798 699//699
f 699//699 798//798 797//797
f 701//701 799//799 700//700
f 700//700 799//799 798//798
f 702//702 800//800 701//701
f 701//701 800//800 799//799
f 800//800 702//702 703//703
f 801//801 800//800 703//703
f 704//704 802//802 803//803
f 705//705 704//704 803//803
f 791//791 704//704 695//695
f 802//802 704//704 791//791
f 696//696 706//706 793//793
f 793//793 804//804 794//794
f 793//793 706//706 804//804
f 706//706 707//707 804//804
f 708//708 805//805 707//707
f 707//707 805//805 804//804
f 709//709 806//806 708//708
f 708//708 806//806 805//805
f 796//796 709//709 698//698
f 806//806 709//709 796//796
f 703//703 807//807 801//801
f 710//710 807//807 703//703
f 711//711 808//808 710//710
f 710//710 808//808 807//807
f 712//712 809//809 711//711
f 711//711 809//809 808//808
f 713//713 810//810 712//712
f 712//712 810//810 809//809
f 803//803 713//713 705//705
f 810//810 713//713 803//803
f 715//715 714//714 811//811
f 715//715 812//812 716//716
f 811//811 812//812 715//715
f 716//716 812//812 718//718
f 721//721 813//813 814//814
f 720//720 813//813 721//721
f 722//722 721//721 815//815
f 721//721 814//814 815//815
f 811//811 714//714 722//722
f 811//811 722//722 816//816
f 816//816 722//722 815//815
f 812//812 811//811 816//816
f 817//817 812//812 816//816
f 718//718 812//812 817//817
f 718//718 817//817 723//723
f 723//723 817//817 818//818
f 819//819 818//818 820//820
f 819//819 724//724 818//818
f 724//724 723//723 818//818
f 724//724 819//819 726//726
f 729//729 821//821 822//822
f 728//728 821//821 729//729
f 730//730 729//729 823//823
f 729//729 822//822 823//823
f 813//813 720//720 730//730
f 823//823 813//813 730//730
f 819//819 820//820 824//824
f 825//825 824//824 826//826
f 731//731 824//824 825//825
f 731//731 819//819 824//824
f 731//731 726//726 819//819
f 731//731 827//827 732//732
f 825//825 827//827 731//731
f 732//732 827//827 734//734
f 736//736 828//828 829//829
f 735//735 828//828 736//736
f 821//821 728//728 736//736
f 829//829 821//821 736//736
f 825//825 826//826 830//830
f 827//827 825//825 830//830
f 831//831 827//827 830//830
f 832//832 831//831 833//833
f 737//737 831//831 832//832
f 737//737 827//827 831//831
f 737//737 734//734 827//827
f 737//737 832//832 739//739
f 741//741 740//740 834//834
f 741//741 834//834 835//835
f 741//741 835//835 735//735
f 735//735 835//835 828//828
f 832//832 833//833 836//836
f 836//836 739//739 832//832
f 836//836 837//837 739//739
f 837//837 743//743 739//739
f 834//834 744//744 838//838
f 740//740 744//744 834//834
f 839//839 835//835 834//834
f 838//838 839//839 834//834
f 840//840 745//745 743//743
f 840//840 743//743 841//841
f 841//841 743//743 837//837
f 745//745 840//840 746//746
f 838//838 747//747 842//842
f 744//744 747//747 838//838
f 843//843 839//839 838//838
f 842//842 843//843 838//838
f 844//844 840//840 841//841
f 845//845 844//844 841//841
f 746//746 844//844 748//748
f 840//840 844//844 746//746
f 747//747 749//749 842//842
f 842//842 749//749 751//751
f 842//842 751//751 843//843
f 843//843 751//751 846//846
f 844//844 845//845 847//847
f 847//847 748//748 844//844
f 847//847 848//848 748//748
f 848//848 752//752 748//748
f 751//751 754//754 846//846
f 846//846 754//754 849//849
f 752//752 848//848 755//755
f 848//848 850//850 755//755
f 757//757 756//756 851//851
f 757//757 851//851 852//852
f 757//757 852//852 754//754
f 754//754 852//852 849//849
f 755//755 850//850 758//758
f 850//850 853//853 758//758
f 851//851 854//854 855//855
f 851//851 756//756 854//854
f 756//756 759//759 854//854
f 852//852 851//851 855//855
f 856//856 857//857 858//858
f 856//856 853//853 857//857
f 856//856 760//760 853//853
f 760//760 758//758 853//853
f 759//759 761//761 854//854
f 854//854 761//761 859//859
f 860//860 861//861 862//862
f 858//858 861//861 860//860
f 856//856 858//858 860//860
f 856//856 860//860 764//764
f 856//856 764//764 763//763
f 760//760 856//856 763//763
f 761//761 765//765 859//859
f 859//859 765//765 863//863
f 864//864 865//865 866//866
f 864//864 867//867 868//868
f 865//865 864//864 868//868
f 862//862 868//868 867//867
f 860//860 862//862 867//867
f 860//860 867//867 768//768
f 860//860 768//768 767//767
f 764//764 860//860 767//767
f 765//765 769//769 863//863
f 863//863 769//769 869//869
f 870//870 864//864 866//866
f 871//871 870//870 866//866
f 867//867 864//864 872//872
f 872//872 864//864 870//870
f 768//768 872//872 771//771
f 867//867 872//872 768//768
f 769//769 772//772 869//869
f 869//869 772//772 873//873
f 870//870 871//871 874//874
f 872//872 870//870 874//874
f 875//875 872//872 874//874
f 876//876 875//875 877//877
f 773//773 875//875 876//876
f 773//773 872//872 875//875
f 773//773 771//771 872//872
f 773//773 876//876 774//774
f 878//878 775//775 879//879
f 878//878 873//873 775//775
f 873//873 772//772 775//775
f 878//878 879//879 880//880
f 881//881 876//876 877//877
f 882//882 881//881 877//877
f 774//774 881//881 777//777
f 876//876 881//881 774//774
f 879//879 778//778 883//883
f 775//775 778//778 879//879
f 884//884 880//880 879//879
f 883//883 884//884 879//879
f 881//881 882//882 885//885
f 885//885 777//777 881//881
f 885//885 886//886 777//777
f 886//886 780//780 777//777
f 883//883 887//887 888//888
f 883//883 778//778 887//887
f 778//778 781//781 887//887
f 884//884 883//883 888//888
f 780//780 886//886 889//889
f 782//782 780//780 889//889
f 889//889 783//783 782//782
f 890//890 783//783 889//889
f 781//781 784//784 887//887
f 887//887 784//784 891//891
f 783//783 890//890 785//785
f 890//890 892//892 785//785
f 784//784 786//786 891//891
f 891//891 786//786 893//893
f 785//785 892//892 787//787
f 892//892 894//894 787//787
f 786//786 788//788 893//893
f 893//893 788//788 895//895
f 787//787 894//894 789//789
f 894//894 896//896 789//789
f 788//788 790//790 895//895
f 895//895 790//790 897//897
f 789//789 896//896 791//791
f 896//896 898//898 791//791
f 790//790 899//899 897//897
f 792//792 899//899 790//790
f 899//899 792//792 794//794
f 900//900 899//899 794//794
f 795//795 901//901 902//902
f 796//796 795//795 902//902
f 797//797 903//903 795//795
f 795//795 903//903 901//901
f 798//798 904//904 797//797
f 797//797 904//904 903//903
f 799//799 905//905 798//798
f 798//798 905//905 904//904
f 800//800 906//906 799//799
f 799//799 906//906 905//905
f 906//906 800//800 801//801
f 907//907 906//906 801//801
f 802//802 908//908 909//909
f 803//803 802//802 909//909
f 898//898 802//802 791//791
f 908//908 802//802 898//898
f 794//794 910//910 900//900
f 804//804 910//910 794//794
f 805//805 911//911 804//804
f 804//804 911//911 910//910
f 806//806 912//912 805//805
f 805//805 912//912 911//911
f 902//902 806//806 796//796
f 912//912 806//806 902//902
f 801//801 913//913 907//907
f 807//807 913//913 801//801
f 808//808 914//914 807//807
f 807//807 914//914 913//913
f 809//809 915//915 808//808
f 808//808 915//915 914//914
f 810//810 916//916 809//809
f 809//809 916//916 915//915
f 909//909 810//810 803//803
f 916//916 810//810 909//909
f 917//917 918//918 919//919
f 917//917 920//920 921//921
f 919//919 920//920 917//917
f 921//921 922//922 923//923
f 920//920 922//922 921//921
f 922//922 924//924 923//923
f 925//925 926//926 927//927
f 925//925 814//814 813//813
f 925//925 927//927 814//814
f 927//927 928//928 814//814
f 918//918 917//917 815//815
f 918//918 815//815 928//928
f 928//928 815//815 814//814
f 816//816 815//815 917//917
f 921//921 816//816 917//917
f 817//817 816//816 921//921
f 923//923 817//817 921//921
f 923//923 818//818 817//817
f 923//923 929//929 818//818
f 923//923 924//924 929//929
f 929//929 930//930 818//818
f 818//818 930//930 820//820
f 822//822 931//931 932//932
f 821//821 931//931 822//822
f 926//926 925//925 823//823
f 926//926 823//823 932//932
f 932//932 823//823 822//822
f 813//813 823//823 925//925
f 930//930 929//929 933//933
f 820//820 930//930 933//933
f 820//820 933//933 824//824
f 824//824 933//933 934//934
f 934//934 826//826 824//824
f 935//935 826//826 934//934
f 829//829 936//936 937//937
f 828//828 936//936 829//829
f 931//931 821//821 829//829
f 937//937 931//931 829//829
f 826//826 935//935 938//938
f 830//830 826//826 938//938
f 939//939 938//938 940//940
f 939//939 831//831 938//938
f 831//831 830//830 938//938
f 831//831 939//939 833//833
f 828//828 835//835 936//936
f 936//936 835//835 941//941
f 939//939 940//940 942//942
f 943//943 942//942 944//944
f 836//836 942//942 943//943
f 836//836 939//939 942//942
f 836//836 833//833 939//939
f 836//836 943//943 837//837
f 835//835 839//839 941//941
f 941//941 839//839 945//945
f 943//943 944//944 946//946
f 946//946 837//837 943//943
f 946//946 947//947 837//837
f 947//947 841//841 837//837
f 839//839 843//843 945//945
f 945//945 843//843 948//948
f 841//841 947//947 845//845
f 947//947 949//949 845//845
f 843//843 846//846 948//948
f 948//948 846//846 950//950
f 951//951 847//847 845//845
f 951//951 845//845 952//952
f 952//952 845//845 949//949
f 847//847 951//951 848//848
f 846//846 849//849 950//950
f 950//950 849//849 953//953
f 954//954 951//951 952//952
f 955//955 954//954 952//952
f 848//848 954//954 850//850
f 951//951 954//954 848//848
f 849//849 852//852 953//953
f 953//953 852//852 956//956
f 957//957 954//954 955//955
f 958//958 957//957 955//955
f 850//850 957//957 853//853
f 954//954 957//957 850//850
f 855//855 854//854 959//959
f 855//855 959//959 960//960
f 855//855 960//960 852//852
f 852//852 960//960 956//956
f 857//857 957//957 958//958
f 857//857 958//958 858//858
f 858//858 958//958 961//961
f 853//853 957//957 857//857
f 959//959 962//962 963//963
f 959//959 854//854 962//962
f 854//854 859//859 962//962
f 960//960 959//959 963//963
f 964//964 965//965 966//966
f 964//964 862//862 861//861
f 964//964 861//861 965//965
f 965//965 861//861 967//967
f 961//961 861//861 858//858
f 967//967 861//861 961//961
f 859//859 863//863 962//962
f 962//962 863//863 968//968
f 969//969 970//970 971//971
f 969//969 866//866 865//865
f 969//969 865//865 970//970
f 970//970 865//865 972//972
f 966//966 868//868 964//964
f 966//966 972//972 868//868
f 972//972 865//865 868//868
f 862//862 964//964 868//868
f 863//863 869//869 968//968
f 968//968 869//869 973//973
f 974//974 969//969 971//971
f 975//975 974//974 971//971
f 866//866 974//974 871//871
f 969//969 974//974 866//866
f 869//869 873//873 973//973
f 973//973 873//873 976//976
f 974//974 975//975 977//977
f 978//978 977//977 979//979
f 874//874 977//977 978//978
f 874//874 974//974 977//977
f 874//874 871//871 974//974
f 874//874 980//980 875//875
f 978//978 980//980 874//874
f 875//875 980//980 877//877
f 873//873 981//981 976//976
f 878//878 981//981 873//873
f 981//981 878//878 880//880
f 982//982 981//981 880//880
f 978//978 979//979 983//983
f 980//980 978//978 983//983
f 984//984 980//980 983//983
f 984//984 877//877 980//980
f 984//984 985//985 877//877
f 985//985 882//882 877//877
f 880//880 884//884 982//982
f 982//982 884//884 986//986
f 882//882 985//985 987//987
f 885//885 882//882 987//987
f 987//987 886//886 885//885
f 988//988 886//886 987//987
f 888//888 989//989 990//990
f 887//887 989//989 888//888
f 986//986 884//884 888//888
f 990//990 986//986 888//888
f 886//886 988//988 991//991
f 889//889 886//886 991//991
f 991//991 890//890 889//889
f 992//992 890//890 991//991
f 887//887 891//891 989//989
f 989//989 891//891 993//993
f 890//890 992//992 892//892
f 992//992 994//994 892//892
f 891//891 893//893 993//993
f 993//993 893//893 995//995
f 892//892 994//994 894//894
f 994//994 996//996 894//894
f 893//893 895//895 995//995
f 995//995 895//895 997//997
f 894//894 996//996 896//896
f 996//996 998//998 896//896
f 895//895 897//897 997//997
f 997//997 897//897 999//999
f 896//896 998//998 898//898
f 998//998 1000//1000 898//898
f 897//897 1001//1001 999//999
f 899//899 1001//1001 897//897
f 1001//1001 899//899 900//900
f 1002//1002 1001//1001 900//900
f 901//901 1003//1003 1004//1004
f 902//902 901//901 1004//1004
f 903//903 1005//1005 901//901
f 901//901 1005//1005 1003//1003
f 904//904 1006//1006 903//903
f 903//903 1006//1006 1005//1005
f 905//905 1007//1007 904//904
f 904//904 1007//1007 1006//1006
f 1008//1008 1009//1009 1007//1007
f 1008//1008 1007//1007 906//906
f 906//906 1007//1007 905//905
f 906//906 907//907 1008//1008
f 908//908 1010//1010 1011//1011
f 909//909 908//908 1011//1011
f 1000//1000 908//908 898//898
f 1010//1010 908//908 1000//1000
f 900//900 1012//1012 1002//1002
f 910//910 1012//1012 900//900
f 911//911 1013//1013 910//910
f 910//910 1013//1013 1012//1012
f 912//912 1014//1014 911//911
f 911//911 1014//1014 1013//1013
f 1004//1004 912//912 902//902
f 1014//1014 912//912 1004//1004
f 1008//1008 1015//1015 1009//1009
f 907//907 1015//1015 1008//1008
f 907//907 913//913 1015//1015
f 913//913 1016//1016 1015//1015
f 914//914 1017//1017 913//913
f 913//913 1017//1017 1016//1016
f 915//915 1018//1018 914//914
f 914//914 1018//1018 1017//1017
f 916//916 1019//1019 915//915
f 915//915 1019//1019 1018//1018
f 1011//1011 916//916 909//909
f 1019//1019 916//916 1011//1011
f 1020//1020 1021//1021 1022//1022
f 1020//1020 1023//1023 1024//1024
f 1022//1022 1023//1023 1020//1020
f 1024//1024 919//919 918//918
f 1024//1024 1023//1023 919//919
f 1023//1023 1025//1025 919//919
f 920//920 919//919 1026//1026
f 919//919 1025//1025 1026//1026
f 922//922 920//920 1027//1027
f 920//920 1026//1026 1027//1027
f 924//924 1028//1028 1029//1029
f 924//924 922//922 1028//1028
f 922//922 1027//1027 1028//1028
f 1028//1028 1030//1030 1029//1029
f 1031//1031 1032//1032 1033//1033
f 1021//1021 1031//1031 1033//1033
f 1020//1020 1031//1031 1021//1021
f 1020//1020 926//926 1031//1031
f 1020//1020 927//927 926//926
f 928//928 927//927 1020//1020
f 1024//1024 928//928 1020//1020
f 918//918 928//928 1024//1024
f 1029//1029 1034//1034 929//929
f 924//924 1029//1029 929//929
f 1035//1035 1029//1029 1030//1030
f 1035//1035 1036//1036 1029//1029
f 1036//1036 1034//1034 1029//1029
f 1035//1035 1037//1037 1036//1036
f 1038//1038 1039//1039 1040//1040
f 1032//1032 1038//1038 1040//1040
f 1031//1031 1038//1038 1032//1032
f 1031//1031 931//931 1038//1038
f 1031//1031 932//932 931//931
f 926//926 932//932 1031//1031
f 929//929 1034//1034 933//933
f 934//934 933//933 1034//1034
f 1036//1036 934//934 1034//1034
f 935//935 1041//1041 1042//1042
f 934//934 1041//1041 935//935
f 934//934 1037//1037 1041//1041
f 934//934 1036//1036 1037//1037
f 1041//1041 1043//1043 1042//1042
f 937//937 1039//1039 1038//1038
f 937//937 936//936 1039//1039
f 936//936 1044//1044 1039//1039
f 931//931 937//937 1038//1038
f 935//935 1042//1042 938//938
f 940//940 1045//1045 1046//1046
f 938//938 1045//1045 940//940
f 938//938 1043//1043 1045//1045
f 938//938 1042//1042 1043//1043
f 1045//1045 1047//1047 1046//1046
f 936//936 941//941 1044//1044
f 1044//1044 941//941 1048//1048
f 940//940 1046//1046 942//942
f 1046//1046 944//944 942//942
f 1046//1046 1047//1047 944//944
f 1047//1047 1049//1049 944//944
f 941//941 945//945 1048//1048
f 1048//1048 945//945 1050//1050
f 944//944 1049//1049 1051//1051
f 946//946 944//944 1051//1051
f 1051//1051 947//947 946//946
f 1052//1052 947//947 1051//1051
f 945//945 948//948 1050//1050
f 1050//1050 948//948 1053//1053
f 947//947 1052//1052 949//949
f 1052//1052 1054//1054 949//949
f 948//948 950//950 1053//1053
f 1053//1053 950//950 1055//1055
f 949//949 1054//1054 952//952
f 1054//1054 1056//1056 952//952
f 950//950 953//953 1055//1055
f 1055//1055 953//953 1057//1057
f 952//952 1056//1056 955//955
f 1056//1056 1058//1058 955//955
f 953//953 956//956 1057//1057
f 1057//1057 956//956 1059//1059
f 955//955 1058//1058 958//958
f 1058//1058 1060//1060 958//958
f 1061//1061 1062//1062 1063//1063
f 1061//1061 1063//1063 1059//1059
f 1061//1061 1059//1059 960//960
f 960//960 1059//1059 956//956
f 958//958 1060//1060 961//961
f 1060//1060 1064//1064 961//961
f 963//963 1062//1062 1061//1061
f 963//963 962//962 1062//1062
f 962//962 1065//1065 1062//1062
f 960//960 963//963 1061//1061
f 965//965 1066//1066 1067//1067
f 966//966 965//965 1067//1067
f 967//967 1068//1068 965//965
f 965//965 1068//1068 1066//1066
f 1064//1064 967//967 961//961
f 1068//1068 967//967 1064//1064
f 962//962 968//968 1065//1065
f 1065//1065 968//968 1069//1069
f 970//970 1070//1070 1071//1071
f 971//971 970//970 1071//1071
f 972//972 1072//1072 970//970
f 970//970 1072//1072 1070//1070
f 1067//1067 972//972 966//966
f 1072//1072 972//972 1067//1067
f 968//968 973//973 1069//1069
f 1069//1069 973//973 1073//1073
f 971//971 1071//1071 975//975
f 1071//1071 1074//1074 975//975
f 973//973 976//976 1073//1073
f 1073//1073 976//976 1075//1075
f 975//975 1074//1074 1076//1076
f 977//977 975//975 1076//1076
f 1076//1076 979//979 977//977
f 1077//1077 979//979 1076//1076
f 1078//1078 976//976 981//981
f 1078//1078 1079//1079 976//976
f 1079//1079 1075//1075 976//976
f 981//981 982//982 1078//1078
f 979//979 1077//1077 1080//1080
f 983//983 979//979 1080//1080
f 984//984 983//983 1081//1081
f 983//983 1080//1080 1081//1081
f 1081//1081 985//985 984//984
f 1082//1082 985//985 1081//1081
f 1083//1083 1079//1079 1078//1078
f 1084//1084 1079//1079 1083//1083
f 982//982 986//986 1083//1083
f 1078//1078 982//982 1083//1083
f 985//985 1082//1082 1085//1085
f 987//987 985//985 1085//1085
f 1085//1085 988//988 987//987
f 1086//1086 988//988 1085//1085
f 990//990 1084//1084 1083//1083
f 990//990 989//989 1084//1084
f 989//989 1087//1087 1084//1084
f 986//986 990//990 1083//1083
f 988//988 1086//1086 1088//1088
f 991//991 988//988 1088//1088
f 1088//1088 992//992 991//991
f 1089//1089 992//992 1088//1088
f 989//989 993//993 1087//1087
f 1087//1087 993//993 1090//1090
f 992//992 1089//1089 994//994
f 1089//1089 1091//1091 994//994
f 993//993 995//995 1090//1090
f 1090//1090 995//995 1092//1092
f 994//994 1091//1091 996//996
f 1091//1091 1093//1093 996//996
f 995//995 997//997 1092//1092
f 1092//1092 997//997 1094//1094
f 996//996 1093//1093 998//998
f 1093//1093 1095//1095 998//998
f 997//997 999//999 1094//1094
f 1094//1094 999//999 1096//1096
f 998//998 1095//1095 1000//1000
f 1095//1095 1097//1097 1000//1000
f 999//999 1098//1098 1096//1096
f 1001//1001 1098//1098 999//999
f 1098//1098 1001//1001 1002//1002
f 1099//1099 1098//1098 1002//1002
f 1003//1003 1100//1100 1101//1101
f 1004//1004 1003//1003 1101//1101
f 1005//1005 1102//1102 1003//1003
f 1003//1003 1102//1102 1100//1100
f 1006//1006 1103//1103 1005//1005
f 1005//1005 1103//1103 1102//1102
f 1104//1104 1105//1105 1103//1103
f 1104//1104 1103//1103 1007//1007
f 1007//1007 1103//1103 1006//1006
f 1007//1007 1009//1009 1104//1104
f 1010//1010 1106//1106 1107//1107
f 1011//1011 1010//1010 1107//1107
f 1097//1097 1010//1010 1000//1000
f 1106//1106 1010//1010 1097//1097
f 1002//1002 1108//1108 1099//1099
f 1012//1012 1108//1108 1002//1002
f 1013//1013 1109//1109 1012//1012
f 1012//1012 1109//1109 1108//1108
f 1014//1014 1110//1110 1013//1013
f 1013//1013 1110//1110 1109//1109
f 1101//1101 1014//1014 1004//1004
f 1110//1110 1014//1014 1101//1101
f 1104//1104 1111//1111 1105//1105
f 1009//1009 1111//1111 1104//1104
f 1009//1009 1015//1015 1111//1111
f 1015//1015 1112//1112 1111//1111
f 1016//1016 1113//1113 1015//1015
f 1015//1015 1113//1113 1112//1112
f 1017//1017 1114//1114 1016//1016
f 1016//1016 1114//1114 1113//1113
f 1018//1018 1115//1115 1017//1017
f 1017//1017 1115//1115 1114//1114
f 1019//1019 1116//1116 1018//1018
f 1018//1018 1116//1116 1115//1115
f 1107//1107 1019//1019 1011//1011
f 1116//1116 1019//1019 1107//1107
f 1117//1117 1118//1118 1119//1119
f 1117//1117 1120//1120 1121//1121
f 1119//1119 1120//1120 1117//1117
f 1120//1120 1122//1122 1121//1121
f 1123//1123 1124//1124 1125//1125
f 1123//1123 1022//1022 1021//1021
f 1123//1123 1125//1125 1022//1022
f 1125//1125 1126//1126 1022//1022
f 1023//1023 1022//1022 1127//1127
f 1022//1022 1126//1126 1127//1127
f 1118//1118 1117//1117 1025//1025
f 1118//1118 1025//1025 1127//1127
f 1127//1127 1025//1025 1023//1023
f 1026//1026 1025//1025 1117//1117
f 1121//1121 1026//1026 1117//1117
f 1121//1121 1122//1122 1128//1128
f 1121//1121 1128//1128 1026//1026
f 1026//1026 1128//1128 1027//1027
f 1028//1028 1027//1027 1129//1129
f 1027//1027 1128//1128 1129//1129
f 1030//1030 1130//1130 1131//1131
f 1030//1030 1028//1028 1130//1130
f 1028//1028 1129//1129 1130//1130
f 1131//1131 1132//1132 1133//1133
f 1130//1130 1132//1132 1131//1131
f 1133//1133 1134//1134 1135//1135
f 1132//1132 1134//1134 1133//1133
f 1134//1134 1136//1136 1135//1135
f 1137//1137 1138//1138 1139//1139
f 1124//1124 1137//1137 1139//1139
f 1123//1123 1137//1137 1124//1124
f 1123//1123 1032//1032 1137//1137
f 1123//1123 1033//1033 1032//1032
f 1021//1021 1033//1033 1123//1123
f 1030//1030 1131//1131 1035//1035
f 1037//1037 1035//1035 1131//1131
f 1037//1037 1131//1131 1140//1140
f 1140//1140 1131//1131 1133//1133
f 1135//1135 1141//1141 1133//1133
f 1141//1141 1140//1140 1133//1133
f 1142//1142 1135//1135 1136//1136
f 1141//1141 1135//1135 1142//1142
f 1040//1040 1138//1138 1137//1137
f 1040//1040 1039//1039 1138//1138
f 1039//1039 1143//1143 1138//1138
f 1032//1032 1040//1040 1137//1137
f 1037//1037 1140//1140 1041//1041
f 1043//1043 1041//1041 1140//1140
f 1043//1043 1140//1140 1144//1144
f 1144//1144 1140//1140 1141//1141
f 1145//1145 1141//1141 1142//1142
f 1144//1144 1141//1141 1145//1145
f 1039//1039 1044//1044 1143//1143
f 1143//1143 1044//1044 1146//1146
f 1043//1043 1144//1144 1045//1045
f 1144//1144 1047//1047 1045//1045
f 1144//1144 1145//1145 1047//1047
f 1145//1145 1147//1147 1047//1047
f 1044//1044 1048//1048 1146//1146
f 1146//1146 1048//1048 1148//1148
f 1149//1149 1150//1150 1049//1049
f 1149//1149 1049//1049 1147//1147
f 1147//1147 1049//1049 1047//1047
f 1149//1149 1151//1151 1150//1150
f 1048//1048 1050//1050 1148//1148
f 1148//1148 1050//1050 1152//1152
f 1049//1049 1150//1150 1051//1051
f 1150//1150 1052//1052 1051//1051
f 1150//1150 1151//1151 1052//1052
f 1151//1151 1153//1153 1052//1052
f 1050//1050 1053//1053 1152//1152
f 1152//1152 1053//1053 1154//1154
f 1052//1052 1153//1153 1054//1054
f 1153//1153 1155//1155 1054//1054
f 1053//1053 1055//1055 1154//1154
f 1154//1154 1055//1055 1156//1156
f 1054//1054 1155//1155 1056//1056
f 1155//1155 1157//1157 1056//1056
f 1158//1158 1159//1159 1160//1160
f 1158//1158 1160//1160 1156//1156
f 1158//1158 1156//1156 1057//1057
f 1057//1057 1156//1156 1055//1055
f 1056//1056 1157//1157 1058//1058
f 1157//1157 1161//1161 1058//1058
f 1162//1162 1159//1159 1158//1158
f 1163//1163 1159//1159 1162//1162
f 1057//1057 1059//1059 1162//1162
f 1158//1158 1057//1057 1162//1162
f 1058//1058 1161//1161 1060//1060
f 1161//1161 1164//1164 1060//1060
f 1063//1063 1163//1163 1162//1162
f 1063//1063 1062//1062 1163//1163
f 1062//1062 1165//1165 1163//1163
f 1059//1059 1063//1063 1162//1162
f 1060//1060 1164//1164 1064//1064
f 1164//1164 1166//1166 1064//1064
f 1062//1062 1065//1065 1165//1165
f 1165//1165 1065//1065 1167//1167
f 1066//1066 1168//1168 1067//1067
f 1169//1169 1168//1168 1066//1066
f 1169//1169 1066//1066 1170//1170
f 1170//1170 1066//1066 1068//1068
f 1166//1166 1068//1068 1064//1064
f 1170//1170 1068//1068 1166//1166
f 1065//1065 1069//1069 1167//1167
f 1167//1167 1069//1069 1171//1171
f 1070//1070 1172//1172 1071//1071
f 1070//1070 1072//1072 1173//1173
f 1172//1172 1070//1070 1173//1173
f 1072//1072 1067//1067 1168//1168
f 1072//1072 1168//1168 1173//1173
f 1173//1173 1168//1168 1174//1174
f 1175//1175 1168//1168 1169//1169
f 1174//1174 1168//1168 1175//1175
f 1069//1069 1073//1073 1171//1171
f 1171//1171 1073//1073 1176//1176
f 1172//1172 1177//1177 1074//1074
f 1071//1071 1172//1172 1074//1074
f 1173//1173 1178//1178 1172//1172
f 1178//1178 1177//1177 1172//1172
f 1174//1174 1179//1179 1173//1173
f 1179//1179 1178//1178 1173//1173
f 1180//1180 1174//1174 1175//1175
f 1179//1179 1174//1174 1180//1180
f 1073//1073 1075//1075 1176//1176
f 1176//1176 1075//1075 1181//1181
f 1074//1074 1177//1177 1076//1076
f 1077//1077 1076//1076 1177//1177
f 1077//1077 1177//1177 1182//1182
f 1182//1182 1177//1177 1178//1178
f 1179//1179 1183//1183 1178//1178
f 1183//1183 1182//1182 1178//1178
f 1184//1184 1179//1179 1180//1180
f 1183//1183 1179//1179 1184//1184
f 1075//1075 1079//1079 1181//1181
f 1181//1181 1079//1079 1185//1185
f 1077//1077 1182//1182 1080//1080
f 1081//1081 1080//1080 1182//1182
f 1183//1183 1081//1081 1182//1182
f 1082//1082 1186//1186 1187//1187
f 1081//1081 1186//1186 1082//1082
f 1081//1081 1184//1184 1186//1186
f 1081//1081 1183//1183 1184//1184
f 1186//1186 1188//1188 1187//1187
f 1079//1079 1084//1084 1185//1185
f 1185//1185 1084//1084 1189//1189
f 1082//1082 1187//1187 1085//1085
f 1187//1187 1086//1086 1085//1085
f 1187//1187 1188//1188 1086//1086
f 1188//1188 1190//1190 1086//1086
f 1084//1084 1087//1087 1189//1189
f 1189//1189 1087//1087 1191//1191
f 1086//1086 1190//1190 1192//1192
f 1088//1088 1086//1086 1192//1192
f 1192//1192 1089//1089 1088//1088
f 1193//1193 1089//1089 1192//1192
f 1087//1087 1090//1090 1191//1191
f 1191//1191 1090//1090 1194//1194
f 1089//1089 1193//1193 1091//1091
f 1193//1193 1195//1195 1091//1091
f 1090//1090 1092//1092 1194//1194
f 1194//1194 1092//1092 1196//1196
f 1091//1091 1195//1195 1093//1093
f 1195//1195 1197//1197 1093//1093
f 1092//1092 1094//1094 1196//1196
f 1196//1196 1094//1094 1198//1198
f 1093//1093 1197//1197 1095//1095
f 1197//1197 1199//1199 1095//1095
f 1094//1094 1096//1096 1198//1198
f 1198//1198 1096//1096 1200//1200
f 1095//1095 1199//1199 1097//1097
f 1199//1199 1201//1201 1097//1097
f 1202//1202 1096//1096 1098//1098
f 1202//1202 1203//1203 1096//1096
f 1203//1203 1200//1200 1096//1096
f 1098//1098 1099//1099 1202//1202
f 1100//1100 1204//1204 1101//1101
f 1205//1205 1204//1204 1100//1100
f 1205//1205 1100//1100 1206//1206
f 1206//1206 1100//1100 1102//1102
f 1207//1207 1208//1208 1206//1206
f 1207//1207 1206//1206 1103//1103
f 1103//1103 1206//1206 1102//1102
f 1103//1103 1105//1105 1207//1207
f 1106//1106 1209//1209 1107//1107
f 1106//1106 1210//1210 1209//1209
f 1106//1106 1097//1097 1210//1210
f 1097//1097 1201//1201 1210//1210
f 1202//1202 1211//1211 1203//1203
f 1099//1099 1211//1211 1202//1202
f 1099//1099 1108//1108 1211//1211
f 1108//1108 1212//1212 1211//1211
f 1109//1109 1213//1213 1108//1108
f 1108//1108 1213//1213 1212//1212
f 1110//1110 1214//1214 1109//1109
f 1109//1109 1214//1214 1213//1213
f 1204//1204 1110//1110 1101//1101
f 1204//1204 1215//1215 1110//1110
f 1215//1215 1214//1214 1110//1110
f 1205//1205 1215//1215 1204//1204
f 1207//1207 1216//1216 1208//1208
f 1105//1105 1216//1216 1207//1207
f 1105//1105 1111//1111 1216//1216
f 1111//1111 1217//1217 1216//1216
f 1112//1112 1218//1218 1111//1111
f 1111//1111 1218//1218 1217//1217
f 1113//1113 1219//1219 1112//1112
f 1112//1112 1219//1219 1218//1218
f 1114//1114 1220//1220 1113//1113
f 1113//1113 1220//1220 1219//1219
f 1115//1115 1221//1221 1114//1114
f 1114//1114 1221//1221 1220//1220
f 1116//1116 1222//1222 1115//1115
f 1115//1115 1222//1222 1221//1221
f 1209//1209 1116//1116 1107//1107
f 1209//1209 1223//1223 1116//1116
f 1223//1223 1222//1222 1116//1116
f 1210//1210 1223//1223 1209//1209
f 1224//1224 1225//1225 1226//1226
f 1224//1224 1227//1227 1228//1228
f 1226//1226 1227//1227 1224//1224
f 1228//1228 1229//1229 1230//1230
f 1227//1227 1229//1229 1228//1228
f 1230//1230 1119//1119 1118//1118
f 1230//1230 1229//1229 1119//1119
f 1229//1229 1231//1231 1119//1119
f 1120//1120 1119//1119 1232//1232
f 1119//1119 1231//1231 1232//1232
f 1122//1122 1233//1233 1234//1234
f 1122//1122 1120//1120 1233//1233
f 1120//1120 1232//1232 1233//1233
f 1234//1234 1235//1235 1236//1236
f 1233//1233 1235//1235 1234//1234
f 1236//1236 1237//1237 1238//1238
f 1235//1235 1237//1237 1236//1236
f 1238//1238 1239//1239 1240//1240
f 1237//1237 1239//1239 1238//1238
f 1240//1240 1241//1241 1242//1242
f 1239//1239 1241//1241 1240//1240
f 1241//1241 1243//1243 1242//1242
f 1244//1244 1245//1245 1246//1246
f 1225//1225 1244//1244 1246//1246
f 1224//1224 1244//1244 1225//1225
f 1224//1224 1124//1124 1244//1244
f 1224//1224 1125//1125 1124//1124
f 1126//1126 1125//1125 1224//1224
f 1228//1228 1126//1126 1224//1224
f 1127//1127 1126//1126 1228//1228
f 1230//1230 1127//1127 1228//1228
f 1118//1118 1127//1127 1230//1230
f 1122//1122 1234//1234 1128//1128
f 1129//1129 1128//1128 1234//1234
f 1236//1236 1129//1129 1234//1234
f 1130//1130 1129//1129 1236//1236
f 1238//1238 1130//1130 1236//1236
f 1132//1132 1130//1130 1238//1238
f 1240//1240 1132//1132 1238//1238
f 1134//1134 1132//1132 1240//1240
f 1242//1242 1134//1134 1240//1240
f 1136//1136 1247//1247 1248//1248
f 1134//1134 1247//1247 1136//1136
f 1134//1134 1243//1243 1247//1247
f 1134//1134 1242//1242 1243//1243
f 1247//1247 1249//1249 1248//1248
f 1139//1139 1245//1245 1244//1244
f 1139//1139 1138//1138 1245//1245
f 1138//1138 1250//1250 1245//1245
f 1124//1124 1139//1139 1244//1244
f 1248//1248 1251//1251 1142//1142
f 1136//1136 1248//1248 1142//1142
f 1252//1252 1248//1248 1249//1249
f 1251//1251 1248//1248 1252//1252
f 1138//1138 1143//1143 1250//1250
f 1250//1250 1143//1143 1253//1253
f 1251//1251 1254//1254 1145//1145
f 1142//1142 1251//1251 1145//1145
f 1255//1255 1251//1251 1252//1252
f 1254//1254 1251//1251 1255//1255
f 1143//1143 1146//1146 1253//1253
f 1253//1253 1146//1146 1256//1256
f 1254//1254 1257//1257 1147//1147
f 1145//1145 1254//1254 1147//1147
f 1258//1258 1254//1254 1255//1255
f 1257//1257 1254//1254 1258//1258
f 1146//1146 1148//1148 1256//1256
f 1256//1256 1148//1148 1259//1259
f 1147//1147 1257//1257 1149//1149
f 1257//1257 1151//1151 1149//1149
f 1257//1257 1258//1258 1151//1151
f 1258//1258 1260//1260 1151//1151
f 1261//1261 1262//1262 1263//1263
f 1261//1261 1263//1263 1259//1259
f 1261//1261 1259//1259 1152//1152
f 1152//1152 1259//1259 1148//1148
f 1151//1151 1260//1260 1153//1153
f 1260//1260 1264//1264 1153//1153
f 1265//1265 1262//1262 1261//1261
f 1266//1266 1262//1262 1265//1265
f 1152//1152 1154//1154 1265//1265
f 1261//1261 1152//1152 1265//1265
f 1153//1153 1264//1264 1155//1155
f 1264//1264 1267//1267 1155//1155
f 1268//1268 1266//1266 1265//1265
f 1269//1269 1266//1266 1268//1268
f 1154//1154 1156//1156 1268//1268
f 1265//1265 1154//1154 1268//1268
f 1155//1155 1267//1267 1157//1157
f 1267//1267 1270//1270 1157//1157
f 1160//1160 1269//1269 1268//1268
f 1160//1160 1159//1159 1269//1269
f 1159//1159 1271//1271 1269//1269
f 1156//1156 1160//1160 1268//1268
f 1272//1272 1273//1273 1161//1161
f 1272//1272 1161//1161 1270//1270
f 1270//1270 1161//1161 1157//1157
f 1272//1272 1274//1274 1273//1273
f 1159//1159 1163//1163 1271//1271
f 1271//1271 1163//1163 1275//1275
f 1273//1273 1276//1276 1277//1277
f 1273//1273 1277//1277 1161//1161
f 1161//1161 1277//1277 1164//1164
f 1274//1274 1276//1276 1273//1273
f 1163//1163 1165//1165 1275//1275
f 1275//1275 1165//1165 1278//1278
f 1164//1164 1277//1277 1166//1166
f 1277//1277 1279//1279 1166//1166
f 1280//1280 1281//1281 1282//1282
f 1280//1280 1282//1282 1278//1278
f 1280//1280 1278//1278 1167//1167
f 1167//1167 1278//1278 1165//1165
f 1170//1170 1283//1283 1169//1169
f 1170//1170 1284//1284 1283//1283
f 1170//1170 1166//1166 1284//1284
f 1166//1166 1279//1279 1284//1284
f 1280//1280 1285//1285 1281//1281
f 1285//1285 1280//1280 1167//1167
f 1285//1285 1167//1167 1286//1286
f 1286//1286 1167//1167 1171//1171
f 1283//1283 1287//1287 1175//1175
f 1169//1169 1283//1283 1175//1175
f 1288//1288 1283//1283 1284//1284
f 1287//1287 1283//1283 1288//1288
f 1171//1171 1176//1176 1286//1286
f 1286//1286 1176//1176 1289//1289
f 1287//1287 1290//1290 1180//1180
f 1175//1175 1287//1287 1180//1180
f 1291//1291 1287//1287 1288//1288
f 1290//1290 1287//1287 1291//1291
f 1176//1176 1181//1181 1289//1289
f 1289//1289 1181//1181 1292//1292
f 1290//1290 1293//1293 1184//1184
f 1180//1180 1290//1290 1184//1184
f 1294//1294 1290//1290 1291//1291
f 1293//1293 1290//1290 1294//1294
f 1181//1181 1185//1185 1292//1292
f 1292//1292 1185//1185 1295//1295
f 1184//1184 1293//1293 1186//1186
f 1293//1293 1188//1188 1186//1186
f 1293//1293 1294//1294 1188//1188
f 1294//1294 1296//1296 1188//1188
f 1185//1185 1189//1189 1295//1295
f 1295//1295 1189//1189 1297//1297
f 1298//1298 1299//1299 1190//1190
f 1298//1298 1190//1190 1296//1296
f 1296//1296 1190//1190 1188//1188
f 1298//1298 1300//1300 1299//1299
f 1189//1189 1191//1191 1297//1297
f 1297//1297 1191//1191 1301//1301
f 1190//1190 1299//1299 1192//1192
f 1299//1299 1193//1193 1192//1192
f 1299//1299 1300//1300 1193//1193
f 1300//1300 1302//1302 1193//1193
f 1303//1303 1304//1304 1305//1305
f 1303//1303 1305//1305 1301//1301
f 1303//1303 1301//1301 1194//1194
f 1194//1194 1301//1301 1191//1191
f 1193//1193 1302//1302 1195//1195
f 1302//1302 1306//1306 1195//1195
f 1307//1307 1304//1304 1303//1303
f 1308//1308 1304//1304 1307//1307
f 1194//1194 1196//1196 1307//1307
f 1303//1303 1194//1194 1307//1307
f 1195//1195 1306//1306 1197//1197
f 1306//1306 1309//1309 1197//1197
f 1310//1310 1308//1308 1307//1307
f 1311//1311 1308//1308 1310//1310
f 1196//1196 1198//1198 1310//1310
f 1307//1307 1196//1196 1310//1310
f 1197//1197 1309//1309 1199//1199
f 1309//1309 1312//1312 1199//1199
f 1310//1310 1313//1313 1311//1311
f 1313//1313 1310//1310 1198//1198
f 1313//1313 1198//1198 1314//1314
f 1314//1314 1198//1198 1200//1200
f 1199//1199 1312//1312 1201//1201
f 1312//1312 1315//1315 1201//1201
f 1200//1200 1203//1203 1314//1314
f 1314//1314 1203//1203 1316//1316
f 1206//1206 1317//1317 1205//1205
f 1206//1206 1208//1208 1317//1317
f 1201//1201 1315//1315 1210//1210
f 1315//1315 1318//1318 1210//1210
f 1203//1203 1319//1319 1316//1316
f 1211//1211 1319//1319 1203//1203
f 1212//1212 1320//1320 1211//1211
f 1211//1211 1320//1320 1319//1319
f 1213//1213 1321//1321 1212//1212
f 1212//1212 1321//1321 1320//1320
f 1214//1214 1322//1322 1213//1213
f 1213//1213 1322//1322 1321//1321
f 1215//1215 1323//1323 1214//1214
f 1214//1214 1323//1323 1322//1322
f 1317//1317 1215//1215 1205//1205
f 1317//1317 1324//1324 1215//1215
f 1324//1324 1323//1323 1215//1215
f 1208//1208 1324//1324 1317//1317
f 1208//1208 1216//1216 1324//1324
f 1216//1216 1325//1325 1324//1324
f 1217//1217 1326//1326 1216//1216
f 1216//1216 1326//1326 1325//1325
f 1218//1218 1327//1327 1217//1217
f 1217//1217 1327//1327 1326//1326
f 1219//1219 1328//1328 1218//1218
f 1218//1218 1328//1328 1327//1327
f 1220//1220 1329//1329 1219//1219
f 1219//1219 1329//1329 1328//1328
f 1221//1221 1330//1330 1220//1220
f 1220//1220 1330//1330 1329//1329
f 1222//1222 1331//1331 1221//1221
f 1221//1221 1331//1331 1330//1330
f 1223//1223 1332//1332 1222//1222
f 1222//1222 1332//1332 1331//1331
f 1318//1318 1223//1223 1210//1210
f 1332//1332 1223//1223 1318//1318
f 1226//1226 1333//1333 1334//1334
f 1225//1225 1333//1333 1226//1226
f 1227//1227 1226//1226 1335//1335
f 1226//1226 1334//1334 1335//1335
f 1229//1229 1227//1227 1336//1336
f 1227//1227 1335//1335 1336//1336
f 1231//1231 1229//1229 1337//1337
f 1229//1229 1336//1336 1337//1337
f 1232//1232 1231//1231 1338//1338
f 1231//1231 1337//1337 1338//1338
f 1233//1233 1232//1232 1339//1339
f 1232//1232 1338//1338 1339//1339
f 1235//1235 1233//1233 1340//1340
f 1233//1233 1339//1339 1340//1340
f 1237//1237 1235//1235 1341//1341
f 1235//1235 1340//1340 1341//1341
f 1239//1239 1237//1237 1342//1342
f 1237//1237 1341//1341 1342//1342
f 1241//1241 1239//1239 1343//1343
f 1239//1239 1342//1342 1343//1343
f 1243//1243 1344//1344 1345//1345
f 1243//1243 1241//1241 1344//1344
f 1241//1241 1343//1343 1344//1344
f 1344//1344 1346//1346 1345//1345
f 1246//1246 1347//1347 1348//1348
f 1245//1245 1347//1347 1246//1246
f 1333//1333 1225//1225 1246//1246
f 1348//1348 1333//1333 1246//1246
f 1243//1243 1345//1345 1247//1247
f 1345//1345 1249//1249 1247//1247
f 1345//1345 1346//1346 1249//1249
f 1346//1346 1349//1349 1249//1249
f 1245//1245 1250//1250 1347//1347
f 1347//1347 1250//1250 1350//1350
f 1249//1249 1349//1349 1252//1252
f 1349//1349 1351//1351 1252//1252
f 1250//1250 1253//1253 1350//1350
f 1350//1350 1253//1253 1352//1352
f 1252//1252 1351//1351 1255//1255
f 1351//1351 1353//1353 1255//1255
f 1253//1253 1256//1256 1352//1352
f 1352//1352 1256//1256 1354//1354
f 1255//1255 1353//1353 1258//1258
f 1353//1353 1355//1355 1258//1258
f 1356//1356 1357//1357 1358//1358
f 1356//1356 1358//1358 1354//1354
f 1356//1356 1354//1354 1259//1259
f 1259//1259 1354//1354 1256//1256
f 1258//1258 1355//1355 1260//1260
f 1355//1355 1359//1359 1260//1260
f 1263//1263 1357//1357 1356//1356
f 1263//1263 1262//1262 1357//1357
f 1262//1262 1360//1360 1357//1357
f 1259//1259 1263//1263 1356//1356
f 1260//1260 1359//1359 1264//1264
f 1359//1359 1361//1361 1264//1264
f 1262//1262 1266//1266 1360//1360
f 1360//1360 1266//1266 1362//1362
f 1264//1264 1361//1361 1267//1267
f 1361//1361 1363//1363 1267//1267
f 1266//1266 1269//1269 1362//1362
f 1362//1362 1269//1269 1364//1364
f 1365//1365 1366//1366 1270//1270
f 1365//1365 1270//1270 1363//1363
f 1363//1363 1270//1270 1267//1267
f 1365//1365 1367//1367 1366//1366
f 1269//1269 1271//1271 1364//1364
f 1364//1364 1271//1271 1368//1368
f 1270//1270 1366//1366 1272//1272
f 1366//1366 1274//1274 1272//1272
f 1366//1366 1367//1367 1274//1274
f 1367//1367 1369//1369 1274//1274
f 1370//1370 1371//1371 1372//1372
f 1370//1370 1372//1372 1368//1368
f 1370//1370 1368//1368 1275//1275
f 1275//1275 1368//1368 1271//1271
f 1276//1276 1373//1373 1277//1277
f 1276//1276 1374//1374 1373//1373
f 1276//1276 1274//1274 1374//1374
f 1274//1274 1369//1369 1374//1374
f 1375//1375 1371//1371 1370//1370
f 1376//1376 1371//1371 1375//1375
f 1275//1275 1278//1278 1375//1375
f 1370//1370 1275//1275 1375//1375
f 1373//1373 1377//1377 1378//1378
f 1373//1373 1378//1378 1277//1277
f 1277//1277 1378//1378 1279//1279
f 1374//1374 1377//1377 1373//1373
f 1282//1282 1376//1376 1375//1375
f 1282//1282 1281//1281 1376//1376
f 1281//1281 1379//1379 1376//1376
f 1278//1278 1282//1282 1375//1375
f 1279//1279 1378//1378 1284//1284
f 1378//1378 1380//1380 1284//1284
f 1381//1381 1281//1281 1285//1285
f 1381//1381 1382//1382 1281//1281
f 1382//1382 1379//1379 1281//1281
f 1285//1285 1286//1286 1381//1381
f 1284//1284 1380//1380 1288//1288
f 1380//1380 1383//1383 1288//1288
f 1381//1381 1384//1384 1382//1382
f 1384//1384 1381//1381 1286//1286
f 1384//1384 1286//1286 1385//1385
f 1385//1385 1286//1286 1289//1289
f 1288//1288 1383//1383 1291//1291
f 1383//1383 1386//1386 1291//1291
f 1289//1289 1292//1292 1385//1385
f 1385//1385 1292//1292 1387//1387
f 1291//1291 1386//1386 1294//1294
f 1386//1386 1388//1388 1294//1294
f 1292//1292 1295//1295 1387//1387
f 1387//1387 1295//1295 1389//1389
f 1294//1294 1388//1388 1296//1296
f 1388//1388 1390//1390 1296//1296
f 1391//1391 1392//1392 1393//1393
f 1391//1391 1393//1393 1389//1389
f 1391//1391 1389//1389 1297//1297
f 1297//1297 1389//1389 1295//1295
f 1296//1296 1390//1390 1394//1394
f 1298//1298 1296//1296 1394//1394
f 1394//1394 1300//1300 1298//1298
f 1395//1395 1300//1300 1394//1394
f 1396//1396 1392//1392 1391//1391
f 1397//1397 1392//1392 1396//1396
f 1297//1297 1301//1301 1396//1396
f 1391//1391 1297//1297 1396//1396
f 1300//1300 1395//1395 1302//1302
f 1395//1395 1398//1398 1302//1302
f 1305//1305 1397//1397 1396//1396
f 1305//1305 1304//1304 1397//1397
f 1304//1304 1399//1399 1397//1397
f 1301//1301 1305//1305 1396//1396
f 1302//1302 1398//1398 1306//1306
f 1398//1398 1400//1400 1306//1306
f 1304//1304 1308//1308 1399//1399
f 1399//1399 1308//1308 1401//1401
f 1306//1306 1400//1400 1309//1309
f 1400//1400 1402//1402 1309//1309
f 1308//1308 1311//1311 1401//1401
f 1401//1401 1311//1311 1403//1403
f 1309//1309 1402//1402 1312//1312
f 1402//1402 1404//1404 1312//1312
f 1311//1311 1405//1405 1403//1403
f 1313//1313 1405//1405 1311//1311
f 1405//1405 1313//1313 1314//1314
f 1406//1406 1405//1405 1314//1314
f 1312//1312 1404//1404 1315//1315
f 1404//1404 1407//1407 1315//1315
f 1314//1314 1316//1316 1406//1406
f 1406//1406 1316//1316 1408//1408
f 1409//1409 1410//1410 1411//1411
f 1409//1409 1412//1412 1413//1413
f 1410//1410 1409//1409 1413//1413
f 1413//1413 1412//1412 1414//1414
f 1315//1315 1407//1407 1318//1318
f 1407//1407 1415//1415 1318//1318
f 1316//1316 1416//1416 1408//1408
f 1319//1319 1416//1416 1316//1316
f 1320//1320 1417//1417 1319//1319
f 1319//1319 1417//1417 1416//1416
f 1321//1321 1418//1418 1320//1320
f 1320//1320 1418//1418 1417//1417
f 1322//1322 1419//1419 1321//1321
f 1321//1321 1419//1419 1418//1418
f 1411//1411 1323//1323 1409//1409
f 1411//1411 1419//1419 1323//1323
f 1419//1419 1322//1322 1323//1323
f 1324//1324 1409//1409 1323//1323
f 1412//1412 1409//1409 1324//1324
f 1412//1412 1420//1420 1414//1414
f 1412//1412 1324//1324 1420//1420
f 1324//1324 1325//1325 1420//1420
f 1326//1326 1421//1421 1325//1325
f 1325//1325 1421//1421 1420//1420
f 1327//1327 1422//1422 1326//1326
f 1326//1326 1422//1422 1421//1421
f 1328//1328 1423//1423 1327//1327
f 1327//1327 1423//1423 1422//1422
f 1424//1424 1425//1425 1423//1423
f 1424//1424 1423//1423 1329//1329
f 1329//1329 1423//1423 1328//1328
f 1329//1329 1330//1330 1426//1426
f 1424//1424 1329//1329 1426//1426
f 1330//1330 1331//1331 1427//1427
f 1426//1426 1330//1330 1427//1427
f 1428//1428 1427//1427 1331//1331
f 1428//1428 1331//1331 1429//1429
f 1429//1429 1331//1331 1332//1332
f 1415//1415 1332//1332 1318//1318
f 1429//1429 1332//1332 1415//1415
f 1424//1424 1430//1430 1425//1425
f 1426//1426 1430//1430 1424//1424
f 1431//1431 1430//1430 1426//1426
f 1427//1427 1431//1431 1426//1426
f 1432//1432 1431//1431 1427//1427
f 1428//1428 1432//1432 1427//1427
f 1334//1334 1433//1433 1434//1434
f 1333//1333 1433//1433 1334//1334
f 1335//1335 1334//1334 1435//1435
f 1334//1334 1434//1434 1435//1435
f 1436//1436 1435//1435 1437//1437
f 1436//1436 1336//1336 1435//1435
f 1336//1336 1335//1335 1435//1435
f 1336//1336 1438//1438 1337//1337
f 1436//1436 1438//1438 1336//1336
f 1337//1337 1439//1439 1338//1338
f 1438//1438 1439//1439 1337//1337
f 1338//1338 1440//1440 1339//1339
f 1439//1439 1440//1440 1338//1338
f 1441//1441 1339//1339 1440//1440
f 1441//1441 1442//1442 1339//1339
f 1442//1442 1340//1340 1339//1339
f 1341//1341 1340//1340 1443//1443
f 1340//1340 1442//1442 1443//1443
f 1342//1342 1341//1341 1444//1444
f 1341//1341 1443//1443 1444//1444
f 1343//1343 1342//1342 1445//1445
f 1342//1342 1444//1444 1445//1445
f 1344//1344 1343//1343 1446//1446
f 1343//1343 1445//1445 1446//1446
f 1446//1446 1346//1346 1344//1344
f 1447//1447 1346//1346 1446//1446
f 1348//1348 1448//1448 1449//1449
f 1347//1347 1448//1448 1348//1348
f 1433//1433 1333//1333 1348//1348
f 1449//1449 1433//1433 1348//1348
f 1436//1436 1437//1437 1450//1450
f 1450//1450 1451//1451 1452//1452
f 1450//1450 1452//1452 1436//1436
f 1436//1436 1452//1452 1438//1438
f 1439//1439 1438//1438 1453//1453
f 1453//1453 1438//1438 1452//1452
f 1454//1454 1455//1455 1440//1440
f 1454//1454 1440//1440 1453//1453
f 1453//1453 1440//1440 1439//1439
f 1441//1441 1440//1440 1455//1455
f 1346//1346 1447//1447 1349//1349
f 1447//1447 1456//1456 1349//1349
f 1347//1347 1350//1350 1448//1448
f 1448//1448 1350//1350 1457//1457
f 1458//1458 1452//1452 1451//1451
f 1459//1459 1458//1458 1451//1451
f 1453//1453 1452//1452 1460//1460
f 1460//1460 1452//1452 1458//1458
f 1461//1461 1454//1454 1453//1453
f 1460//1460 1461//1461 1453//1453
f 1349//1349 1456//1456 1351//1351
f 1456//1456 1462//1462 1351//1351
f 1350//1350 1352//1352 1457//1457
f 1457//1457 1352//1352 1463//1463
f 1464//1464 1465//1465 1466//1466
f 1459//1459 1465//1465 1464//1464
f 1459//1459 1464//1464 1458//1458
f 1458//1458 1464//1464 1467//1467
f 1460//1460 1458//1458 1468//1468
f 1468//1468 1458//1458 1467//1467
f 1469//1469 1461//1461 1460//1460
f 1468//1468 1469//1469 1460//1460
f 1351//1351 1462//1462 1353//1353
f 1462//1462 1470//1470 1353//1353
f 1352//1352 1354//1354 1463//1463
f 1463//1463 1354//1354 1471//1471
f 1472//1472 1464//1464 1466//1466
f 1473//1473 1472//1472 1466//1466
f 1467//1467 1464//1464 1474//1474
f 1474//1474 1464//1464 1472//1472
f 1468//1468 1467//1467 1475//1475
f 1475//1475 1467//1467 1474//1474
f 1476//1476 1469//1469 1468//1468
f 1475//1475 1476//1476 1468//1468
f 1353//1353 1470//1470 1355//1355
f 1470//1470 1477//1477 1355//1355
f 1358//1358 1357//1357 1478//1478
f 1358//1358 1478//1478 1479//1479
f 1358//1358 1479//1479 1354//1354
f 1354//1354 1479//1479 1471//1471
f 1472//1472 1473//1473 1480//1480
f 1474//1474 1472//1472 1480//1480
f 1481//1481 1474//1474 1480//1480
f 1475//1475 1474//1474 1481//1481
f 1482//1482 1475//1475 1481//1481
f 1476//1476 1475//1475 1482//1482
f 1355//1355 1477//1477 1359//1359
f 1477//1477 1483//1483 1359//1359
f 1478//1478 1484//1484 1485//1485
f 1478//1478 1357//1357 1484//1484
f 1357//1357 1360//1360 1484//1484
f 1479//1479 1478//1478 1485//1485
f 1359//1359 1483//1483 1361//1361
f 1483//1483 1486//1486 1361//1361
f 1360//1360 1362//1362 1484//1484
f 1484//1484 1362//1362 1487//1487
f 1361//1361 1486//1486 1363//1363
f 1486//1486 1488//1488 1363//1363
f 1362//1362 1364//1364 1487//1487
f 1487//1487 1364//1364 1489//1489
f 1363//1363 1488//1488 1490//1490
f 1365//1365 1363//1363 1490//1490
f 1490//1490 1367//1367 1365//1365
f 1491//1491 1367//1367 1490//1490
f 1364//1364 1368//1368 1489//1489
f 1489//1489 1368//1368 1492//1492
f 1367//1367 1491//1491 1369//1369
f 1491//1491 1493//1493 1369//1369
f 1372//1372 1494//1494 1495//1495
f 1371//1371 1494//1494 1372//1372
f 1492//1492 1368//1368 1372//1372
f 1495//1495 1492//1492 1372//1372
f 1496//1496 1497//1497 1498//1498
f 1496//1496 1493//1493 1497//1497
f 1496//1496 1374//1374 1493//1493
f 1374//1374 1369//1369 1493//1493
f 1371//1371 1376//1376 1494//1494
f 1494//1494 1376//1376 1499//1499
f 1377//1377 1496//1496 1498//1498
f 1377//1377 1498//1498 1378//1378
f 1378//1378 1498//1498 1500//1500
f 1374//1374 1496//1496 1377//1377
f 1376//1376 1379//1379 1499//1499
f 1499//1499 1379//1379 1501//1501
f 1378//1378 1500//1500 1380//1380
f 1500//1500 1502//1502 1380//1380
f 1503//1503 1382//1382 1504//1504
f 1503//1503 1501//1501 1382//1382
f 1501//1501 1379//1379 1382//1382
f 1503//1503 1504//1504 1505//1505
f 1506//1506 1507//1507 1508//1508
f 1506//1506 1509//1509 1510//1510
f 1507//1507 1506//1506 1510//1510
f 1510//1510 1509//1509 1511//1511
f 1380//1380 1502//1502 1383//1383
f 1502//1502 1512//1512 1383//1383
f 1382//1382 1384//1384 1504//1504
f 1504//1504 1384//1384 1385//1385
f 1504//1504 1385//1385 1505//1505
f 1505//1505 1385//1385 1513//1513
f 1514//1514 1515//1515 1516//1516
f 1508//1508 1515//1515 1514//1514
f 1508//1508 1514//1514 1506//1506
f 1506//1506 1514//1514 1517//1517
f 1509//1509 1506//1506 1518//1518
f 1518//1518 1506//1506 1517//1517
f 1519//1519 1511//1511 1509//1509
f 1519//1519 1509//1509 1520//1520
f 1520//1520 1509//1509 1518//1518
f 1519//1519 1520//1520 1521//1521
f 1383//1383 1512//1512 1386//1386
f 1512//1512 1522//1522 1386//1386
f 1385//1385 1387//1387 1513//1513
f 1513//1513 1387//1387 1523//1523
f 1524//1524 1514//1514 1516//1516
f 1525//1525 1524//1524 1516//1516
f 1517//1517 1514//1514 1526//1526
f 1526//1526 1514//1514 1524//1524
f 1518//1518 1517//1517 1527//1527
f 1527//1527 1517//1517 1526//1526
f 1520//1520 1518//1518 1528//1528
f 1528//1528 1518//1518 1527//1527
f 1529//1529 1521//1521 1520//1520
f 1528//1528 1529//1529 1520//1520
f 1386//1386 1522//1522 1388//1388
f 1522//1522 1530//1530 1388//1388
f 1387//1387 1389//1389 1523//1523
f 1523//1523 1389//1389 1531//1531
f 1532//1532 1524//1524 1525//1525
f 1533//1533 1532//1532 1525//1525
f 1526//1526 1524//1524 1534//1534
f 1534//1534 1524//1524 1532//1532
f 1527//1527 1526//1526 1535//1535
f 1535//1535 1526//1526 1534//1534
f 1528//1528 1527//1527 1536//1536
f 1536//1536 1527//1527 1535//1535
f 1537//1537 1529//1529 1528//1528
f 1536//1536 1537//1537 1528//1528
f 1388//1388 1530//1530 1390//1390
f 1530//1530 1538//1538 1390//1390
f 1393//1393 1539//1539 1540//1540
f 1392//1392 1539//1539 1393//1393
f 1531//1531 1389//1389 1393//1393
f 1540//1540 1531//1531 1393//1393
f 1532//1532 1533//1533 1541//1541
f 1541//1541 1542//1542 1543//1543
f 1541//1541 1543//1543 1532//1532
f 1532//1532 1543//1543 1534//1534
f 1544//1544 1545//1545 1535//1535
f 1544//1544 1535//1535 1543//1543
f 1543//1543 1535//1535 1534//1534
f 1536//1536 1535//1535 1545//1545
f 1546//1546 1536//1536 1545//1545
f 1537//1537 1536//1536 1546//1546
f 1390//1390 1538//1538 1547//1547
f 1394//1394 1390//1390 1547//1547
f 1547//1547 1395//1395 1394//1394
f 1548//1548 1395//1395 1547//1547
f 1392//1392 1397//1397 1539//1539
f 1539//1539 1397//1397 1549//1549
f 1543//1543 1542//1542 1550//1550
f 1544//1544 1543//1543 1550//1550
f 1395//1395 1548//1548 1398//1398
f 1548//1548 1551//1551 1398//1398
f 1397//1397 1399//1399 1549//1549
f 1549//1549 1399//1399 1552//1552
f 1398//1398 1551//1551 1400//1400
f 1551//1551 1553//1553 1400//1400
f 1399//1399 1401//1401 1552//1552
f 1552//1552 1401//1401 1554//1554
f 1400//1400 1553//1553 1402//1402
f 1553//1553 1555//1555 1402//1402
f 1401//1401 1403//1403 1554//1554
f 1554//1554 1403//1403 1556//1556
f 1402//1402 1555//1555 1404//1404
f 1555//1555 1557//1557 1404//1404
f 1558//1558 1403//1403 1405//1405
f 1558//1558 1559//1559 1403//1403
f 1559//1559 1556//1556 1403//1403
f 1405//1405 1406//1406 1558//1558
f 1404//1404 1557//1557 1407//1407
f 1557//1557 1560//1560 1407//1407
f 1558//1558 1561//1561 1559//1559
f 1561//1561 1558//1558 1406//1406
f 1561//1561 1406//1406 1562//1562
f 1562//1562 1406//1406 1408//1408
f 1563//1563 1564//1564 1565//1565
f 1563//1563 1411//1411 1410//1410
f 1563//1563 1410//1410 1564//1564
f 1564//1564 1410//1410 1566//1566
f 1413//1413 1567//1567 1410//1410
f 1410//1410 1567//1567 1566//1566
f 1414//1414 1568//1568 1569//1569
f 1414//1414 1569//1569 1413//1413
f 1413//1413 1569//1569 1567//1567
f 1569//1569 1568//1568 1570//1570
f 1407//1407 1560//1560 1415//1415
f 1560//1560 1571//1571 1415//1415
f 1408//1408 1572//1572 1562//1562
f 1416//1416 1572//1572 1408//1408
f 1417//1417 1573//1573 1416//1416
f 1416//1416 1573//1573 1572//1572
f 1418//1418 1574//1574 1417//1417
f 1417//1417 1574//1574 1573//1573
f 1565//1565 1419//1419 1563//1563
f 1565//1565 1574//1574 1419//1419
f 1574//1574 1418//1418 1419//1419
f 1411//1411 1563//1563 1419//1419
f 1414//1414 1420//1420 1568//1568
f 1568//1568 1575//1575 1570//1570
f 1568//1568 1420//1420 1575//1575
f 1420//1420 1421//1421 1575//1575
f 1422//1422 1576//1576 1421//1421
f 1421//1421 1576//1576 1575//1575
f 1423//1423 1577//1577 1422//1422
f 1422//1422 1577//1577 1576//1576
f 1577//1577 1423//1423 1425//1425
f 1578//1578 1577//1577 1425//1425
f 1429//1429 1579//1579 1580//1580
f 1428//1428 1429//1429 1580//1580
f 1571//1571 1429//1429 1415//1415
f 1579//1579 1429//1429 1571//1571
f 1425//1425 1581//1581 1578//1578
f 1430//1430 1581//1581 1425//1425
f 1431//1431 1582//1582 1430//1430
f 1430//1430 1582//1582 1581//1581
f 1432//1432 1583//1583 1431//1431
f 1431//1431 1583//1583 1582//1582
f 1580//1580 1432//1432 1428//1428
f 1583//1583 1432//1432 1580//1580
f 1434//1434 1433//1433 1584//1584
f 1434//1434 1585//1585 1435//1435
f 1584//1584 1585//1585 1434//1434
f 1435//1435 1585//1585 1437//1437
f 1442//1442 1441//1441 1586//1586
f 1442//1442 1587//1587 1443//1443
f 1586//1586 1587//1587 1442//1442
f 1588//1588 1443//1443 1587//1587
f 1588//1588 1589//1589 1443//1443
f 1589//1589 1444//1444 1443//1443
f 1445//1445 1444//1444 1590//1590
f 1444//1444 1589//1589 1590//1590
f 1591//1591 1590//1590 1592//1592
f 1591//1591 1446//1446 1590//1590
f 1446//1446 1445//1445 1590//1590
f 1446//1446 1591//1591 1447//1447
f 1449//1449 1448//1448 1593//1593
f 1449//1449 1584//1584 1433//1433
f 1449//1449 1593//1593 1584//1584
f 1593//1593 1594//1594 1584//1584
f 1585//1585 1584//1584 1595//1595
f 1595//1595 1584//1584 1594//1594
f 1437//1437 1596//1596 1450//1450
f 1437//1437 1585//1585 1596//1596
f 1585//1585 1595//1595 1596//1596
f 1450//1450 1596//1596 1451//1451
f 1455//1455 1454//1454 1597//1597
f 1455//1455 1586//1586 1441//1441
f 1455//1455 1597//1597 1586//1586
f 1597//1597 1598//1598 1586//1586
f 1599//1599 1600//1600 1587//1587
f 1599//1599 1587//1587 1598//1598
f 1598//1598 1587//1587 1586//1586
f 1588//1588 1587//1587 1600//1600
f 1591//1591 1592//1592 1601//1601
f 1601//1601 1447//1447 1591//1591
f 1601//1601 1602//1602 1447//1447
f 1602//1602 1456//1456 1447//1447
f 1593//1593 1457//1457 1603//1603
f 1448//1448 1457//1457 1593//1593
f 1594//1594 1593//1593 1604//1604
f 1604//1604 1593//1593 1603//1603
f 1595//1595 1594//1594 1605//1605
f 1605//1605 1594//1594 1604//1604
f 1596//1596 1595//1595 1606//1606
f 1606//1606 1595//1595 1605//1605
f 1451//1451 1606//1606 1459//1459
f 1596//1596 1606//1606 1451//1451
f 1597//1597 1461//1461 1607//1607
f 1454//1454 1461//1461 1597//1597
f 1598//1598 1597//1597 1608//1608
f 1608//1608 1597//1597 1607//1607
f 1609//1609 1599//1599 1598//1598
f 1608//1608 1609//1609 1598//1598
f 1456//1456 1602//1602 1462//1462
f 1602//1602 1610//1610 1462//1462
f 1603//1603 1463//1463 1611//1611
f 1457//1457 1463//1463 1603//1603
f 1604//1604 1603//1603 1612//1612
f 1612//1612 1603//1603 1611//1611
f 1605//1605 1604//1604 1613//1613
f 1613//1613 1604//1604 1612//1612
f 1465//1465 1613//1613 1466//1466
f 1465//1465 1606//1606 1613//1613
f 1606//1606 1605//1605 1613//1613
f 1459//1459 1606//1606 1465//1465
f 1607//1607 1469//1469 1614//1614
f 1461//1461 1469//1469 1607//1607
f 1608//1608 1607//1607 1615//1615
f 1615//1615 1607//1607 1614//1614
f 1616//1616 1609//1609 1608//1608
f 1615//1615 1616//1616 1608//1608
f 1462//1462 1610//1610 1470//1470
f 1610//1610 1617//1617 1470//1470
f 1611//1611 1471//1471 1618//1618
f 1463//1463 1471//1471 1611//1611
f 1612//1612 1611//1611 1619//1619
f 1619//1619 1611//1611 1618//1618
f 1613//1613 1612//1612 1620//1620
f 1620//1620 1612//1612 1619//1619
f 1466//1466 1620//1620 1473//1473
f 1613//1613 1620//1620 1466//1466
f 1614//1614 1476//1476 1621//1621
f 1469//1469 1476//1476 1614//1614
f 1615//1615 1614//1614 1622//1622
f 1622//1622 1614//1614 1621//1621
f 1623//1623 1616//1616 1615//1615
f 1622//1622 1623//1623 1615//1615
f 1470//1470 1617//1617 1477//1477
f 1617//1617 1624//1624 1477//1477
f 1618//1618 1479//1479 1625//1625
f 1471//1471 1479//1479 1618//1618
f 1619//1619 1618//1618 1626//1626
f 1626//1626 1618//1618 1625//1625
f 1620//1620 1619//1619 1627//1627
f 1627//1627 1619//1619 1626//1626
f 1473//1473 1628//1628 1480//1480
f 1473//1473 1620//1620 1628//1628
f 1620//1620 1627//1627 1628//1628
f 1480//1480 1629//1629 1481//1481
f 1628//1628 1629//1629 1480//1480
f 1481//1481 1630//1630 1482//1482
f 1629//1629 1630//1630 1481//1481
f 1482//1482 1621//1621 1476//1476
f 1482//1482 1630//1630 1621//1621
f 1630//1630 1631//1631 1621//1621
f 1632//1632 1633//1633 1622//1622
f 1632//1632 1622//1622 1631//1631
f 1631//1631 1622//1622 1621//1621
f 1623//1623 1622//1622 1633//1633
f 1477//1477 1624//1624 1483//1483
f 1624//1624 1634//1634 1483//1483
f 1485//1485 1484//1484 1635//1635
f 1485//1485 1635//1635 1636//1636
f 1479//1479 1485//1485 1636//1636
f 1479//1479 1636//1636 1637//1637
f 1479//1479 1637//1637 1625//1625
f 1626//1626 1625//1625 1637//1637
f 1638//1638 1626//1626 1637//1637
f 1638//1638 1639//1639 1640//1640
f 1638//1638 1640//1640 1626//1626
f 1626//1626 1640//1640 1627//1627
f 1628//1628 1627//1627 1641//1641
f 1641//1641 1627//1627 1640//1640
f 1629//1629 1628//1628 1642//1642
f 1642//1642 1628//1628 1641//1641
f 1630//1630 1629//1629 1643//1643
f 1643//1643 1629//1629 1642//1642
f 1631//1631 1630//1630 1644//1644
f 1644//1644 1630//1630 1643//1643
f 1645//1645 1632//1632 1631//1631
f 1644//1644 1645//1645 1631//1631
f 1483//1483 1634//1634 1486//1486
f 1634//1634 1646//1646 1486//1486
f 1635//1635 1487//1487 1647//1647
f 1484//1484 1487//1487 1635//1635
f 1648//1648 1636//1636 1635//1635
f 1647//1647 1648//1648 1635//1635
f 1640//1640 1639//1639 1649//1649
f 1641//1641 1640//1640 1649//1649
f 1650//1650 1641//1641 1649//1649
f 1650//1650 1651//1651 1652//1652
f 1650//1650 1652//1652 1641//1641
f 1641//1641 1652//1652 1642//1642
f 1653//1653 1654//1654 1643//1643
f 1653//1653 1643//1643 1652//1652
f 1652//1652 1643//1643 1642//1642
f 1644//1644 1643//1643 1654//1654
f 1655//1655 1644//1644 1654//1654
f 1645//1645 1644//1644 1655//1655
f 1486//1486 1646//1646 1488//1488
f 1646//1646 1656//1656 1488//1488
f 1647//1647 1657//1657 1658//1658
f 1647//1647 1487//1487 1657//1657
f 1487//1487 1489//1489 1657//1657
f 1648//1648 1647//1647 1658//1658
f 1652//1652 1651//1651 1659//1659
f 1653//1653 1652//1652 1659//1659
f 1660//1660 1490//1490 1488//1488
f 1660//1660 1488//1488 1661//1661
f 1661//1661 1488//1488 1656//1656
f 1490//1490 1660//1660 1491//1491
f 1489//1489 1492//1492 1657//1657
f 1657//1657 1492//1492 1662//1662
f 1663//1663 1660//1660 1661//1661
f 1664//1664 1663//1663 1661//1661
f 1491//1491 1663//1663 1493//1493
f 1660//1660 1663//1663 1491//1491
f 1495//1495 1494//1494 1665//1665
f 1495//1495 1665//1665 1666//1666
f 1495//1495 1666//1666 1492//1492
f 1492//1492 1666//1666 1662//1662
f 1667//1667 1668//1668 1669//1669
f 1667//1667 1670//1670 1671//1671
f 1668//1668 1667//1667 1671//1671
f 1671//1671 1670//1670 1672//1672
f 1497//1497 1663//1663 1664//1664
f 1497//1497 1664//1664 1498//1498
f 1498//1498 1664//1664 1673//1673
f 1493//1493 1663//1663 1497//1497
f 1665//1665 1499//1499 1674//1674
f 1494//1494 1499//1499 1665//1665
f 1675//1675 1666//1666 1665//1665
f 1674//1674 1675//1675 1665//1665
f 1676//1676 1677//1677 1678//1678
f 1669//1669 1677//1677 1676//1676
f 1669//1669 1676//1676 1667//1667
f 1667//1667 1676//1676 1679//1679
f 1670//1670 1667//1667 1680//1680
f 1680//1680 1667//1667 1679//1679
f 1681//1681 1672//1672 1670//1670
f 1681//1681 1670//1670 1682//1682
f 1682//1682 1670//1670 1680//1680
f 1682//1682 1683//1683 1684//1684
f 1681//1681 1682//1682 1684//1684
f 1684//1684 1683//1683 1685//1685
f 1498//1498 1673//1673 1500//1500
f 1673//1673 1686//1686 1500//1500
f 1674//1674 1501//1501 1687//1687
f 1499//1499 1501//1501 1674//1674
f 1688//1688 1675//1675 1674//1674
f 1687//1687 1688//1688 1674//1674
f 1689//1689 1676//1676 1678//1678
f 1690//1690 1689//1689 1678//1678
f 1679//1679 1676//1676 1691//1691
f 1691//1691 1676//1676 1689//1689
f 1680//1680 1679//1679 1692//1692
f 1692//1692 1679//1679 1691//1691
f 1682//1682 1680//1680 1693//1693
f 1693//1693 1680//1680 1692//1692
f 1683//1683 1682//1682 1694//1694
f 1694//1694 1682//1682 1693//1693
f 1695//1695 1685//1685 1683//1683
f 1695//1695 1683//1683 1696//1696
f 1696//1696 1683//1683 1694//1694
f 1695//1695 1696//1696 1697//1697
f 1698//1698 1699//1699 1700//1700
f 1698//1698 1686//1686 1699//1699
f 1698//1698 1502//1502 1686//1686
f 1502//1502 1500//1500 1686//1686
f 1501//1501 1503//1503 1687//1687
f 1687//1687 1503//1503 1505//1505
f 1687//1687 1505//1505 1688//1688
f 1688//1688 1505//1505 1701//1701
f 1702//1702 1703//1703 1704//1704
f 1690//1690 1703//1703 1702//1702
f 1690//1690 1702//1702 1689//1689
f 1689//1689 1702//1702 1705//1705
f 1691//1691 1689//1689 1706//1706
f 1706//1706 1689//1689 1705//1705
f 1507//1507 1706//1706 1508//1508
f 1507//1507 1692//1692 1706//1706
f 1692//1692 1691//1691 1706//1706
f 1510//1510 1692//1692 1507//1507
f 1693//1693 1692//1692 1510//1510
f 1511//1511 1693//1693 1510//1510
f 1511//1511 1707//1707 1693//1693
f 1707//1707 1694//1694 1693//1693
f 1696//1696 1694//1694 1708//1708
f 1708//1708 1694//1694 1707//1707
f 1709//1709 1697//1697 1696//1696
f 1709//1709 1696//1696 1710//1710
f 1710//1710 1696//1696 1708//1708
f 1709//1709 1710//1710 1711//1711
f 1712//1712 1698//1698 1700//1700
f 1713//1713 1712//1712 1700//1700
f 1502//1502 1712//1712 1512//1512
f 1698//1698 1712//1712 1502//1502
f 1505//1505 1513//1513 1701//1701
f 1701//1701 1513//1513 1714//1714
f 1715//1715 1702//1702 1704//1704
f 1716//1716 1715//1715 1704//1704
f 1705//1705 1702//1702 1717//1717
f 1717//1717 1702//1702 1715//1715
f 1515//1515 1717//1717 1516//1516
f 1515//1515 1706//1706 1717//1717
f 1706//1706 1705//1705 1717//1717
f 1508//1508 1706//1706 1515//1515
f 1511//1511 1519//1519 1707//1707
f 1521//1521 1707//1707 1519//1519
f 1521//1521 1718//1718 1707//1707
f 1718//1718 1708//1708 1707//1707
f 1710//1710 1708//1708 1719//1719
f 1719//1719 1708//1708 1718//1718
f 1720//1720 1711//1711 1710//1710
f 1720//1720 1710//1710 1721//1721
f 1721//1721 1710//1710 1719//1719
f 1713//1713 1720//1720 1721//1721
f 1713//1713 1721//1721 1712//1712
f 1712//1712 1721//1721 1722//1722
f 1512//1512 1722//1722 1522//1522
f 1712//1712 1722//1722 1512//1512
f 1723//1723 1523//1523 1724//1724
f 1723//1723 1714//1714 1523//1523
f 1714//1714 1513//1513 1523//1523
f 1723//1723 1724//1724 1725//1725
f 1726//1726 1727//1727 1728//1728
f 1716//1716 1727//1727 1726//1726
f 1716//1716 1726//1726 1715//1715
f 1715//1715 1726//1726 1729//1729
f 1717//1717 1715//1715 1730//1730
f 1730//1730 1715//1715 1729//1729
f 1516//1516 1730//1730 1525//1525
f 1717//1717 1730//1730 1516//1516
f 1718//1718 1529//1529 1731//1731
f 1521//1521 1529//1529 1718//1718
f 1719//1719 1718//1718 1732//1732
f 1732//1732 1718//1718 1731//1731
f 1721//1721 1719//1719 1733//1733
f 1733//1733 1719//1719 1732//1732
f 1722//1722 1721//1721 1734//1734
f 1734//1734 1721//1721 1733//1733
f 1522//1522 1734//1734 1530//1530
f 1722//1722 1734//1734 1522//1522
f 1724//1724 1735//1735 1736//1736
f 1724//1724 1523//1523 1735//1735
f 1523//1523 1531//1531 1735//1735
f 1725//1725 1724//1724 1736//1736
f 1737//1737 1726//1726 1728//1728
f 1738//1738 1737//1737 1728//1728
f 1729//1729 1726//1726 1739//1739
f 1739//1739 1726//1726 1737//1737
f 1730//1730 1729//1729 1740//1740
f 1740//1740 1729//1729 1739//1739
f 1525//1525 1740//1740 1533//1533
f 1730//1730 1740//1740 1525//1525
f 1731//1731 1537//1537 1741//1741
f 1529//1529 1537//1537 1731//1731
f 1732//1732 1731//1731 1742//1742
f 1742//1742 1731//1731 1741//1741
f 1743//1743 1744//1744 1733//1733
f 1743//1743 1733//1733 1742//1742
f 1742//1742 1733//1733 1732//1732
f 1744//1744 1745//1745 1746//1746
f 1744//1744 1746//1746 1733//1733
f 1733//1733 1746//1746 1734//1734
f 1530//1530 1746//1746 1538//1538
f 1734//1734 1746//1746 1530//1530
f 1540//1540 1539//1539 1747//1747
f 1540//1540 1747//1747 1748//1748
f 1540//1540 1748//1748 1531//1531
f 1531//1531 1748//1748 1735//1735
f 1737//1737 1738//1738 1749//1749
f 1749//1749 1750//1750 1751//1751
f 1749//1749 1751//1751 1737//1737
f 1737//1737 1751//1751 1739//1739
f 1740//1740 1739//1739 1752//1752
f 1752//1752 1739//1739 1751//1751
f 1533//1533 1753//1753 1541//1541
f 1533//1533 1740//1740 1753//1753
f 1740//1740 1752//1752 1753//1753
f 1541//1541 1753//1753 1542//1542
f 1545//1545 1544//1544 1754//1754
f 1545//1545 1755//1755 1546//1546
f 1754//1754 1755//1755 1545//1545
f 1546//1546 1741//1741 1537//1537
f 1546//1546 1755//1755 1741//1741
f 1755//1755 1756//1756 1741//1741
f 1757//1757 1758//1758 1742//1742
f 1757//1757 1742//1742 1756//1756
f 1756//1756 1742//1742 1741//1741
f 1743//1743 1742//1742 1758//1758
f 1746//1746 1745//1745 1759//1759
f 1760//1760 1759//1759 1761//1761
f 1547//1547 1759//1759 1760//1760
f 1547//1547 1746//1746 1759//1759
f 1547//1547 1538//1538 1746//1746
f 1547//1547 1760//1760 1548//1548
f 1747//1747 1549//1549 1762//1762
f 1539//1539 1549//1549 1747//1747
f 1763//1763 1748//1748 1747//1747
f 1762//1762 1763//1763 1747//1747
f 1764//1764 1751//1751 1750//1750
f 1765//1765 1764//1764 1750//1750
f 1752//1752 1751//1751 1766//1766
f 1766//1766 1751//1751 1764//1764
f 1753//1753 1752//1752 1767//1767
f 1767//1767 1752//1752 1766//1766
f 1542//1542 1768//1768 1550//1550
f 1542//1542 1753//1753 1768//1768
f 1753//1753 1767//1767 1768//1768
f 1550//1550 1754//1754 1544//1544
f 1550//1550 1768//1768 1754//1754
f 1768//1768 1769//1769 1754//1754
f 1755//1755 1754//1754 1770//1770
f 1770//1770 1754//1754 1769//1769
f 1756//1756 1755//1755 1771//1771
f 1771//1771 1755//1755 1770//1770
f 1772//1772 1757//1757 1756//1756
f 1771//1771 1772//1772 1756//1756
f 1773//1773 1760//1760 1761//1761
f 1774//1774 1773//1773 1761//1761
f 1548//1548 1773//1773 1551//1551
f 1760//1760 1773//1773 1548//1548
f 1762//1762 1775//1775 1776//1776
f 1762//1762 1549//1549 1775//1775
f 1549//1549 1552//1552 1775//1775
f 1763//1763 1762//1762 1776//1776
f 1764//1764 1765//1765 1777//1777
f 1777//1777 1778//1778 1779//1779
f 1777//1777 1779//1779 1764//1764
f 1764//1764 1779//1779 1766//1766
f 1767//1767 1766//1766 1780//1780
f 1780//1780 1766//1766 1779//1779
f 1768//1768 1767//1767 1781//1781
f 1781//1781 1767//1767 1780//1780
f 1769//1769 1768//1768 1782//1782
f 1782//1782 1768//1768 1781//1781
f 1783//1783 1784//1784 1770//1770
f 1783//1783 1770//1770 1782//1782
f 1782//1782 1770//1770 1769//1769
f 1771//1771 1770//1770 1784//1784
f 1785//1785 1771//1771 1784//1784
f 1772//1772 1771//1771 1785//1785
f 1773//1773 1774//1774 1786//1786
f 1786//1786 1551//1551 1773//1773
f 1786//1786 1787//1787 1551//1551
f 1787//1787 1553//1553 1551//1551
f 1552//1552 1554//1554 1775//1775
f 1775//1775 1554//1554 1788//1788
f 1779//1779 1778//1778 1789//1789
f 1789//1789 1790//1790 1791//1791
f 1789//1789 1791//1791 1779//1779
f 1779//1779 1791//1791 1780//1780
f 1781//1781 1780//1780 1792//1792
f 1792//1792 1780//1780 1791//1791
f 1793//1793 1794//1794 1782//1782
f 1793//1793 1782//1782 1792//1792
f 1792//1792 1782//1782 1781//1781
f 1783//1783 1782//1782 1794//1794
f 1553//1553 1787//1787 1555//1555
f 1787//1787 1795//1795 1555//1555
f 1554//1554 1556//1556 1788//1788
f 1788//1788 1556//1556 1796//1796
f 1797//1797 1798//1798 1799//1799
f 1790//1790 1798//1798 1797//1797
f 1790//1790 1797//1797 1791//1791
f 1791//1791 1797//1797 1800//1800
f 1792//1792 1791//1791 1801//1801
f 1801//1801 1791//1791 1800//1800
f 1802//1802 1793//1793 1792//1792
f 1801//1801 1802//1802 1792//1792
f 1555//1555 1795//1795 1557//1557
f 1795//1795 1803//1803 1557//1557
f 1804//1804 1559//1559 1805//1805
f 1804//1804 1796//1796 1559//1559
f 1796//1796 1556//1556 1559//1559
f 1804//1804 1805//1805 1806//1806
f 1807//1807 1808//1808 1809//1809
f 1799//1799 1808//1808 1807//1807
f 1799//1799 1807//1807 1797//1797
f 1797//1797 1807//1807 1810//1810
f 1800//1800 1797//1797 1811//1811
f 1811//1811 1797//1797 1810//1810
f 1801//1801 1800//1800 1812//1812
f 1812//1812 1800//1800 1811//1811
f 1813//1813 1802//1802 1801//1801
f 1813//1813 1801//1801 1814//1814
f 1814//1814 1801//1801 1812//1812
f 1813//1813 1814//1814 1815//1815
f 1557//1557 1803//1803 1560//1560
f 1803//1803 1816//1816 1560//1560
f 1559//1559 1561//1561 1805//1805
f 1562//1562 1817//1817 1818//1818
f 1561//1561 1562//1562 1818//1818
f 1561//1561 1818//1818 1806//1806
f 1561//1561 1806//1806 1805//1805
f 1818//1818 1817//1817 1819//1819
f 1820//1820 1821//1821 1822//1822
f 1809//1809 1821//1821 1820//1820
f 1807//1807 1809//1809 1820//1820
f 1807//1807 1820//1820 1565//1565
f 1807//1807 1565//1565 1564//1564
f 1566//1566 1807//1807 1564//1564
f 1810//1810 1807//1807 1566//1566
f 1567//1567 1810//1810 1566//1566
f 1811//1811 1810//1810 1567//1567
f 1569//1569 1811//1811 1567//1567
f 1812//1812 1811//1811 1569//1569
f 1570//1570 1812//1812 1569//1569
f 1570//1570 1823//1823 1812//1812
f 1823//1823 1814//1814 1812//1812
f 1824//1824 1815//1815 1814//1814
f 1824//1824 1814//1814 1825//1825
f 1825//1825 1814//1814 1823//1823
f 1824//1824 1825//1825 1826//1826
f 1827//1827 1828//1828 1829//1829
f 1827//1827 1816//1816 1828//1828
f 1827//1827 1571//1571 1816//1816
f 1571//1571 1560//1560 1816//1816
f 1562//1562 1572//1572 1817//1817
f 1817//1817 1830//1830 1819//1819
f 1817//1817 1572//1572 1830//1830
f 1572//1572 1573//1573 1830//1830
f 1822//1822 1574//1574 1820//1820
f 1822//1822 1830//1830 1574//1574
f 1830//1830 1573//1573 1574//1574
f 1565//1565 1820//1820 1574//1574
f 1570//1570 1575//1575 1823//1823
f 1576//1576 1823//1823 1575//1575
f 1825//1825 1823//1823 1576//1576
f 1825//1825 1831//1831 1826//1826
f 1825//1825 1576//1576 1831//1831
f 1576//1576 1577//1577 1831//1831
f 1578//1578 1832//1832 1833//1833
f 1578//1578 1833//1833 1577//1577
f 1577//1577 1833//1833 1831//1831
f 1832//1832 1834//1834 1835//1835
f 1833//1833 1832//1832 1835//1835
f 1834//1834 1836//1836 1837//1837
f 1835//1835 1834//1834 1837//1837
f 1829//1829 1837//1837 1836//1836
f 1827//1827 1829//1829 1836//1836
f 1827//1827 1836//1836 1580//1580
f 1827//1827 1580//1580 1579//1579
f 1571//1571 1827//1827 1579//1579
f 1578//1578 1581//1581 1832//1832
f 1582//1582 1832//1832 1581//1581
f 1834//1834 1832//1832 1582//1582
f 1583//1583 1834//1834 1582//1582
f 1836//1836 1834//1834 1583//1583
f 1580//1580 1836//1836 1583//1583
f 1589//1589 1588//1588 1838//1838
f 1589//1589 1839//1839 1590//1590
f 1838//1838 1839//1839 1589//1589
f 1590//1590 1839//1839 1592//1592
f 1600//1600 1599//1599 1840//1840
f 1600//1600 1838//1838 1588//1588
f 1600//1600 1840//1840 1838//1838
f 1840//1840 1841//1841 1838//1838
f 1839//1839 1838//1838 1842//1842
f 1842//1842 1838//1838 1841//1841
f 1592//1592 1843//1843 1601//1601
f 1592//1592 1839//1839 1843//1843
f 1839//1839 1842//1842 1843//1843
f 1601//1601 1843//1843 1602//1602
f 1840//1840 1609//1609 1844//1844
f 1599//1599 1609//1609 1840//1840
f 1841//1841 1840//1840 1845//1845
f 1845//1845 1840//1840 1844//1844
f 1842//1842 1841//1841 1846//1846
f 1846//1846 1841//1841 1845//1845
f 1843//1843 1842//1842 1847//1847
f 1847//1847 1842//1842 1846//1846
f 1602//1602 1847//1847 1610//1610
f 1843//1843 1847//1847 1602//1602
f 1844//1844 1616//1616 1848//1848
f 1609//1609 1616//1616 1844//1844
f 1845//1845 1844//1844 1849//1849
f 1849//1849 1844//1844 1848//1848
f 1846//1846 1845//1845 1850//1850
f 1850//1850 1845//1845 1849//1849
f 1847//1847 1846//1846 1851//1851
f 1851//1851 1846//1846 1850//1850
f 1610//1610 1851//1851 1617//1617
f 1847//1847 1851//1851 1610//1610
f 1848//1848 1623//1623 1852//1852
f 1616//1616 1623//1623 1848//1848
f 1849//1849 1848//1848 1853//1853
f 1853//1853 1848//1848 1852//1852
f 1850//1850 1849//1849 1854//1854
f 1854//1854 1849//1849 1853//1853
f 1851//1851 1850//1850 1855//1855
f 1855//1855 1850//1850 1854//1854
f 1617//1617 1855//1855 1624//1624
f 1851//1851 1855//1855 1617//1617
f 1633//1633 1632//1632 1856//1856
f 1633//1633 1852//1852 1623//1623
f 1633//1633 1856//1856 1852//1852
f 1856//1856 1857//1857 1852//1852
f 1853//1853 1852//1852 1858//1858
f 1858//1858 1852//1852 1857//1857
f 1854//1854 1853//1853 1859//1859
f 1859//1859 1853//1853 1858//1858
f 1855//1855 1854//1854 1860//1860
f 1860//1860 1854//1854 1859//1859
f 1624//1624 1860//1860 1634//1634
f 1855//1855 1860//1860 1624//1624
f 1637//1637 1636//1636 1861//1861
f 1637//1637 1862//1862 1638//1638
f 1861//1861 1862//1862 1637//1637
f 1638//1638 1862//1862 1639//1639
f 1856//1856 1645//1645 1863//1863
f 1632//1632 1645//1645 1856//1856
f 1857//1857 1856//1856 1864//1864
f 1864//1864 1856//1856 1863//1863
f 1858//1858 1857//1857 1865//1865
f 1865//1865 1857//1857 1864//1864
f 1859//1859 1858//1858 1866//1866
f 1866//1866 1858//1858 1865//1865
f 1860//1860 1859//1859 1867//1867
f 1867//1867 1859//1859 1866//1866
f 1634//1634 1867//1867 1646//1646
f 1860//1860 1867//1867 1634//1634
f 1861//1861 1648//1648 1868//1868
f 1636//1636 1648//1648 1861//1861
f 1862//1862 1861//1861 1869//1869
f 1869//1869 1861//1861 1868//1868
f 1639//1639 1870//1870 1649//1649
f 1639//1639 1862//1862 1870//1870
f 1862//1862 1869//1869 1870//1870
f 1649//1649 1871//1871 1650//1650
f 1870//1870 1871//1871 1649//1649
f 1650//1650 1871//1871 1651//1651
f 1654//1654 1653//1653 1872//1872
f 1654//1654 1873//1873 1655//1655
f 1872//1872 1873//1873 1654//1654
f 1655//1655 1863//1863 1645//1645
f 1655//1655 1873//1873 1863//1863
f 1873//1873 1874//1874 1863//1863
f 1864//1864 1863//1863 1875//1875
f 1875//1875 1863//1863 1874//1874
f 1876//1876 1877//1877 1865//1865
f 1876//1876 1865//1865 1875//1875
f 1875//1875 1865//1865 1864//1864
f 1877//1877 1878//1878 1879//1879
f 1877//1877 1879//1879 1865//1865
f 1865//1865 1879//1879 1866//1866
f 1867//1867 1866//1866 1880//1880
f 1880//1880 1866//1866 1879//1879
f 1646//1646 1880//1880 1656//1656
f 1867//1867 1880//1880 1646//1646
f 1658//1658 1657//1657 1881//1881
f 1658//1658 1868//1868 1648//1648
f 1658//1658 1881//1881 1868//1868
f 1881//1881 1882//1882 1868//1868
f 1869//1869 1868//1868 1883//1883
f 1883//1883 1868//1868 1882//1882
f 1870//1870 1869//1869 1884//1884
f 1884//1884 1869//1869 1883//1883
f 1871//1871 1870//1870 1885//1885
f 1885//1885 1870//1870 1884//1884
f 1651//1651 1886//1886 1659//1659
f 1651//1651 1871//1871 1886//1886
f 1871//1871 1885//1885 1886//1886
f 1659//1659 1872//1872 1653//1653
f 1659//1659 1886//1886 1872//1872
f 1886//1886 1887//1887 1872//1872
f 1873//1873 1872//1872 1888//1888
f 1888//1888 1872//1872 1887//1887
f 1874//1874 1873//1873 1889//1889
f 1889//1889 1873//1873 1888//1888
f 1875//1875 1874//1874 1890//1890
f 1890//1890 1874//1874 1889//1889
f 1891//1891 1876//1876 1875//1875
f 1890//1890 1891//1891 1875//1875
f 1879//1879 1878//1878 1892//1892
f 1892//1892 1893//1893 1894//1894
f 1892//1892 1894//1894 1879//1879
f 1879//1879 1894//1894 1880//1880
f 1656//1656 1894//1894 1661//1661
f 1880//1880 1894//1894 1656//1656
f 1881//1881 1662//1662 1895//1895
f 1657//1657 1662//1662 1881//1881
f 1882//1882 1881//1881 1896//1896
f 1896//1896 1881//1881 1895//1895
f 1883//1883 1882//1882 1897//1897
f 1897//1897 1882//1882 1896//1896
f 1884//1884 1883//1883 1898//1898
f 1898//1898 1883//1883 1897//1897
f 1885//1885 1884//1884 1899//1899
f 1899//1899 1884//1884 1898//1898
f 1886//1886 1885//1885 1900//1900
f 1900//1900 1885//1885 1899//1899
f 1887//1887 1886//1886 1901//1901
f 1901//1901 1886//1886 1900//1900
f 1888//1888 1887//1887 1902//1902
f 1902//1902 1887//1887 1901//1901
f 1889//1889 1888//1888 1903//1903
f 1903//1903 1888//1888 1902//1902
f 1890//1890 1889//1889 1904//1904
f 1904//1904 1889//1889 1903//1903
f 1905//1905 1891//1891 1890//1890
f 1905//1905 1890//1890 1906//1906
f 1906//1906 1890//1890 1904//1904
f 1906//1906 1907//1907 1908//1908
f 1905//1905 1906//1906 1908//1908
f 1893//1893 1908//1908 1907//1907
f 1893//1893 1907//1907 1894//1894
f 1894//1894 1907//1907 1909//1909
f 1661//1661 1909//1909 1664//1664
f 1894//1894 1909//1909 1661//1661
f 1895//1895 1666//1666 1910//1910
f 1662//1662 1666//1666 1895//1895
f 1896//1896 1895//1895 1911//1911
f 1911//1911 1895//1895 1910//1910
f 1897//1897 1896//1896 1912//1912
f 1912//1912 1896//1896 1911//1911
f 1898//1898 1897//1897 1913//1913
f 1913//1913 1897//1897 1912//1912
f 1899//1899 1898//1898 1914//1914
f 1914//1914 1898//1898 1913//1913
f 1668//1668 1914//1914 1669//1669
f 1668//1668 1900//1900 1914//1914
f 1900//1900 1899//1899 1914//1914
f 1671//1671 1900//1900 1668//1668
f 1901//1901 1900//1900 1671//1671
f 1672//1672 1901//1901 1671//1671
f 1672//1672 1915//1915 1901//1901
f 1915//1915 1902//1902 1901//1901
f 1903//1903 1902//1902 1916//1916
f 1916//1916 1902//1902 1915//1915
f 1904//1904 1903//1903 1917//1917
f 1917//1917 1903//1903 1916//1916
f 1906//1906 1904//1904 1918//1918
f 1918//1918 1904//1904 1917//1917
f 1907//1907 1906//1906 1919//1919
f 1919//1919 1906//1906 1918//1918
f 1909//1909 1907//1907 1920//1920
f 1920//1920 1907//1907 1919//1919
f 1664//1664 1920//1920 1673//1673
f 1909//1909 1920//1920 1664//1664
f 1910//1910 1675//1675 1921//1921
f 1666//1666 1675//1675 1910//1910
f 1911//1911 1910//1910 1922//1922
f 1922//1922 1910//1910 1921//1921
f 1912//1912 1911//1911 1923//1923
f 1923//1923 1911//1911 1922//1922
f 1913//1913 1912//1912 1924//1924
f 1924//1924 1912//1912 1923//1923
f 1677//1677 1924//1924 1678//1678
f 1677//1677 1914//1914 1924//1924
f 1914//1914 1913//1913 1924//1924
f 1669//1669 1914//1914 1677//1677
f 1672//1672 1681//1681 1915//1915
f 1684//1684 1915//1915 1681//1681
f 1916//1916 1915//1915 1684//1684
f 1685//1685 1916//1916 1684//1684
f 1685//1685 1925//1925 1916//1916
f 1925//1925 1917//1917 1916//1916
f 1918//1918 1917//1917 1926//1926
f 1926//1926 1917//1917 1925//1925
f 1919//1919 1918//1918 1927//1927
f 1927//1927 1918//1918 1926//1926
f 1920//1920 1919//1919 1928//1928
f 1928//1928 1919//1919 1927//1927
f 1673//1673 1928//1928 1686//1686
f 1920//1920 1928//1928 1673//1673
f 1921//1921 1688//1688 1929//1929
f 1675//1675 1688//1688 1921//1921
f 1922//1922 1921//1921 1930//1930
f 1930//1930 1921//1921 1929//1929
f 1923//1923 1922//1922 1931//1931
f 1931//1931 1922//1922 1930//1930
f 1924//1924 1923//1923 1932//1932
f 1932//1932 1923//1923 1931//1931
f 1678//1678 1932//1932 1690//1690
f 1924//1924 1932//1932 1678//1678
f 1685//1685 1695//1695 1925//1925
f 1697//1697 1925//1925 1695//1695
f 1697//1697 1933//1933 1925//1925
f 1933//1933 1926//1926 1925//1925
f 1927//1927 1926//1926 1934//1934
f 1934//1934 1926//1926 1933//1933
f 1699//1699 1934//1934 1700//1700
f 1699//1699 1928//1928 1934//1934
f 1928//1928 1927//1927 1934//1934
f 1686//1686 1928//1928 1699//1699
f 1929//1929 1701//1701 1935//1935
f 1688//1688 1701//1701 1929//1929
f 1930//1930 1929//1929 1936//1936
f 1936//1936 1929//1929 1935//1935
f 1931//1931 1930//1930 1937//1937
f 1937//1937 1930//1930 1936//1936
f 1703//1703 1937//1937 1704//1704
f 1703//1703 1932//1932 1937//1937
f 1932//1932 1931//1931 1937//1937
f 1690//1690 1932//1932 1703//1703
f 1697//1697 1709//1709 1933//1933
f 1711//1711 1933//1933 1709//1709
f 1711//1711 1938//1938 1933//1933
f 1938//1938 1934//1934 1933//1933
f 1700//1700 1938//1938 1713//1713
f 1934//1934 1938//1938 1700//1700
f 1935//1935 1714//1714 1939//1939
f 1701//1701 1714//1714 1935//1935
f 1936//1936 1935//1935 1940//1940
f 1940//1940 1935//1935 1939//1939
f 1937//1937 1936//1936 1941//1941
f 1941//1941 1936//1936 1940//1940
f 1704//1704 1941//1941 1716//1716
f 1937//1937 1941//1941 1704//1704
f 1711//1711 1720//1720 1938//1938
f 1713//1713 1938//1938 1720//1720
f 1714//1714 1723//1723 1939//1939
f 1725//1725 1939//1939 1723//1723
f 1725//1725 1942//1942 1939//1939
f 1942//1942 1940//1940 1939//1939
f 1727//1727 1942//1942 1728//1728
f 1727//1727 1941//1941 1942//1942
f 1941//1941 1940//1940 1942//1942
f 1716//1716 1941//1941 1727//1727
f 1736//1736 1735//1735 1943//1943
f 1736//1736 1942//1942 1725//1725
f 1736//1736 1943//1943 1942//1942
f 1943//1943 1944//1944 1942//1942
f 1728//1728 1944//1944 1738//1738
f 1942//1942 1944//1944 1728//1728
f 1744//1744 1743//1743 1945//1945
f 1744//1744 1945//1945 1745//1745
f 1943//1943 1748//1748 1946//1946
f 1735//1735 1748//1748 1943//1943
f 1944//1944 1943//1943 1947//1947
f 1947//1947 1943//1943 1946//1946
f 1738//1738 1948//1948 1749//1749
f 1738//1738 1944//1944 1948//1948
f 1944//1944 1947//1947 1948//1948
f 1749//1749 1948//1948 1750//1750
f 1758//1758 1757//1757 1949//1949
f 1758//1758 1945//1945 1743//1743
f 1758//1758 1949//1949 1945//1945
f 1949//1949 1950//1950 1945//1945
f 1745//1745 1951//1951 1759//1759
f 1745//1745 1945//1945 1951//1951
f 1945//1945 1950//1950 1951//1951
f 1759//1759 1951//1951 1761//1761
f 1946//1946 1763//1763 1952//1952
f 1748//1748 1763//1763 1946//1946
f 1947//1947 1946//1946 1953//1953
f 1953//1953 1946//1946 1952//1952
f 1948//1948 1947//1947 1954//1954
f 1954//1954 1947//1947 1953//1953
f 1750//1750 1954//1954 1765//1765
f 1948//1948 1954//1954 1750//1750
f 1949//1949 1772//1772 1955//1955
f 1757//1757 1772//1772 1949//1949
f 1950//1950 1949//1949 1956//1956
f 1956//1956 1949//1949 1955//1955
f 1951//1951 1950//1950 1957//1957
f 1957//1957 1950//1950 1956//1956
f 1761//1761 1957//1957 1774//1774
f 1951//1951 1957//1957 1761//1761
f 1776//1776 1775//1775 1958//1958
f 1776//1776 1952//1952 1763//1763
f 1776//1776 1958//1958 1952//1952
f 1958//1958 1959//1959 1952//1952
f 1953//1953 1952//1952 1960//1960
f 1960//1960 1952//1952 1959//1959
f 1954//1954 1953//1953 1961//1961
f 1961//1961 1953//1953 1960//1960
f 1765//1765 1962//1962 1777//1777
f 1765//1765 1954//1954 1962//1962
f 1954//1954 1961//1961 1962//1962
f 1777//1777 1962//1962 1778//1778
f 1784//1784 1783//1783 1963//1963
f 1784//1784 1964//1964 1785//1785
f 1963//1963 1964//1964 1784//1784
f 1785//1785 1955//1955 1772//1772
f 1785//1785 1964//1964 1955//1955
f 1964//1964 1965//1965 1955//1955
f 1956//1956 1955//1955 1966//1966
f 1966//1966 1955//1955 1965//1965
f 1957//1957 1956//1956 1967//1967
f 1967//1967 1956//1956 1966//1966
f 1774//1774 1968//1968 1786//1786
f 1774//1774 1957//1957 1968//1968
f 1957//1957 1967//1967 1968//1968
f 1786//1786 1968//1968 1787//1787
f 1958//1958 1788//1788 1969//1969
f 1775//1775 1788//1788 1958//1958
f 1959//1959 1958//1958 1970//1970
f 1970//1970 1958//1958 1969//1969
f 1960//1960 1959//1959 1971//1971
f 1971//1971 1959//1959 1970//1970
f 1961//1961 1960//1960 1972//1972
f 1972//1972 1960//1960 1971//1971
f 1962//1962 1961//1961 1973//1973
f 1973//1973 1961//1961 1972//1972
f 1778//1778 1974//1974 1789//1789
f 1778//1778 1962//1962 1974//1974
f 1962//1962 1973//1973 1974//1974
f 1789//1789 1974//1974 1790//1790
f 1794//1794 1793//1793 1975//1975
f 1794//1794 1963//1963 1783//1783
f 1794//1794 1975//1975 1963//1963
f 1975//1975 1976//1976 1963//1963
f 1964//1964 1963//1963 1977//1977
f 1977//1977 1963//1963 1976//1976
f 1965//1965 1964//1964 1978//1978
f 1978//1978 1964//1964 1977//1977
f 1966//1966 1965//1965 1979//1979
f 1979//1979 1965//1965 1978//1978
f 1967//1967 1966//1966 1980//1980
f 1980//1980 1966//1966 1979//1979
f 1968//1968 1967//1967 1981//1981
f 1981//1981 1967//1967 1980//1980
f 1787//1787 1981//1981 1795//1795
f 1968//1968 1981//1981 1787//1787
f 1969//1969 1796//1796 1982//1982
f 1788//1788 1796//1796 1969//1969
f 1970//1970 1969//1969 1983//1983
f 1983//1983 1969//1969 1982//1982
f 1971//1971 1970//1970 1984//1984
f 1984//1984 1970//1970 1983//1983
f 1972//1972 1971//1971 1985//1985
f 1985//1985 1971//1971 1984//1984
f 1973//1973 1972//1972 1986//1986
f 1986//1986 1972//1972 1985//1985
f 1798//1798 1986//1986 1799//1799
f 1798//1798 1974//1974 1986//1986
f 1974//1974 1973//1973 1986//1986
f 1790//1790 1974//1974 1798//1798
f 1975//1975 1802//1802 1987//1987
f 1793//1793 1802//1802 1975//1975
f 1976//1976 1975//1975 1988//1988
f 1988//1988 1975//1975 1987//1987
f 1977//1977 1976//1976 1989//1989
f 1989//1989 1976//1976 1988//1988
f 1978//1978 1977//1977 1990//1990
f 1990//1990 1977//1977 1989//1989
f 1979//1979 1978//1978 1991//1991
f 1991//1991 1978//1978 1990//1990
f 1980//1980 1979//1979 1992//1992
f 1992//1992 1979//1979 1991//1991
f 1981//1981 1980//1980 1993//1993
f 1993//1993 1980//1980 1992//1992
f 1795//1795 1993//1993 1803//1803
f 1981//1981 1993//1993 1795//1795
f 1796//1796 1804//1804 1982//1982
f 1806//1806 1982//1982 1804//1804
f 1806//1806 1994//1994 1982//1982
f 1994//1994 1983//1983 1982//1982
f 1984//1984 1983//1983 1995//1995
f 1995//1995 1983//1983 1994//1994
f 1985//1985 1984//1984 1996//1996
f 1996//1996 1984//1984 1995//1995
f 1808//1808 1996//1996 1809//1809
f 1808//1808 1986//1986 1996//1996
f 1986//1986 1985//1985 1996//1996
f 1799//1799 1986//1986 1808//1808
f 1802//1802 1813//1813 1987//1987
f 1815//1815 1987//1987 1813//1813
f 1815//1815 1997//1997 1987//1987
f 1997//1997 1988//1988 1987//1987
f 1989//1989 1988//1988 1998//1998
f 1998//1998 1988//1988 1997//1997
f 1990//1990 1989//1989 1999//1999
f 1999//1999 1989//1989 1998//1998
f 1991//1991 1990//1990 2000//2000
f 2000//2000 1990//1990 1999//1999
f 1992//1992 1991//1991 2001//2001
f 2001//2001 1991//1991 2000//2000
f 1993//1993 1992//1992 2002//2002
f 2002//2002 1992//1992 2001//2001
f 1803//1803 2002//2002 1816//1816
f 1993//1993 2002//2002 1803//1803
f 1806//1806 1818//1818 1994//1994
f 1819//1819 1994//1994 1818//1818
f 1819//1819 2003//2003 1994//1994
f 2003//2003 1995//1995 1994//1994
f 1821//1821 2003//2003 1822//1822
f 1821//1821 1996//1996 2003//2003
f 1996//1996 1995//1995 2003//2003
f 1809//1809 1996//1996 1821//1821
f 1815//1815 1824//1824 1997//1997
f 1826//1826 1997//1997 1824//1824
f 1826//1826 2004//2004 1997//1997
f 2004//2004 1998//1998 1997//1997
f 1999//1999 1998//1998 2005//2005
f 2005//2005 1998//1998 2004//2004
f 2000//2000 1999//1999 2006//2006
f 2006//2006 1999//1999 2005//2005
f 2001//2001 2000//2000 2007//2007
f 2007//2007 2000//2000 2006//2006
f 1828//1828 2007//2007 1829//1829
f 1828//1828 2002//2002 2007//2007
f 2002//2002 2001//2001 2007//2007
f 1816//1816 2002//2002 1828//1828
f 1819//1819 1830//1830 2003//2003
f 1822//1822 2003//2003 1830//1830
f 1826//1826 1831//1831 2004//2004
f 1833//1833 2004//2004 1831//1831
f 2005//2005 2004//2004 1833//1833
f 1835//1835 2005//2005 1833//1833
f 2006//2006 2005//2005 1835//1835
f 1837//1837 2006//2006 1835//1835
f 2007//2007 2006//2006 1837//1837
f 1829//1829 2007//2007 1837//1837
f 1877//1877 1876//1876 2008//2008
f 1877//1877 2008//2008 1878//1878
f 2008//2008 1891//1891 2009//2009
f 1876//1876 1891//1891 2008//2008
f 1878//1878 2010//2010 1892//1892
f 1878//1878 2008//2008 2010//2010
f 2008//2008 2009//2009 2010//2010
f 1892//1892 2010//2010 1893//1893
f 1891//1891 1905//1905 2009//2009
f 1908//1908 2009//2009 1905//1905
f 2010//2010 2009//2009 1908//1908
f 1893//1893 2010//2010 1908//1908
